{
    "fits": [
        {
            "parameters": {
                "t_0": 2458715.481879152,
                "u_0": 0.029253113064634916,
                "t_E": 118.21545915658051,
                "s": 1.046765512297066,
                "alpha": -57.02894037839297,
                "rho": 1.1022118088011409e-08,
                "q": 2.5493624633395966e-05
            },
            "sigmas": {
                "t_0": 0.015347577631473541,
                "u_0": 0.0023704367070083703,
                "t_E": 9.31901476898495,
                "log_rho": 2.807078251987151,
                "log_s": 0.0325120709701055,
                "log_q": 0.1670615712540915,
                "alpha": 0.5501884465970441
            }
        },
        {
            "parameters": {
                "t_0": 2458715.4820560073,
                "u_0": 0.030677385840808757,
                "t_E": 113.59098269168267,
                "s": 1.0424823901285398,
                "alpha": -57.29099094133024,
                "rho": 1.0740054919744907e-10,
                "q": 2.471860088432586e-05
            },
            "sigmas": {
                "t_0": 0.014369957381859422,
                "u_0": 0.002244265266639414,
                "t_E": 8.763826650672343,
                "log_rho": 2.783091198160321,
                "log_s": 0.013427075770988482,
                "log_q": 0.16751585503028021,
                "alpha": 0.5945575690611875
            }
        }
    ],
    "errfacs": {
        "n20260624.I.KMTC04.pys": 0.8962461040310518,
        "n20260624.I.KMTS04.pys": 1.0249766072485247,
        "n20260624.I.KMTA04.pys": 0.9691381970638587
    },
    "mag_methods": [
        2458700.761256461,
        "point_source",
        2458704.02522646,
        "hexadecapole",
        2458706.2618727703,
        "VBBL",
        2458722.8805349977,
        "hexadecapole",
        2458733.3934379215,
        "point_source",
        2458736.6574079203
    ]
}
