sweep,best_lp,median_lp,best_minus_median,accept,pop_spread,elapsed_s
1,123322.6715,86584.9971,36737.6744,0.4815,1.01257,8.4
2,123322.6715,94116.9963,29205.6752,0.4444,1.05385,16.6
3,123322.6715,97619.4886,25703.1829,0.3519,1.1125,24.3
4,123322.6715,99411.5001,23911.1714,0.2963,1.14645,32.5
5,123530.0758,104683.7083,18846.3675,0.3519,1.19024,40.4
6,123530.0758,107834.9622,15695.1136,0.3333,1.24098,48.4
7,123530.0758,110362.9449,13167.1308,0.2593,1.27334,55.9
8,123530.0758,111876.7755,11653.3002,0.2778,1.2915,64.0
9,123530.0758,114567.1548,8962.9210,0.1667,1.30747,71.7
10,123530.0758,114805.7033,8724.3725,0.1852,1.32325,79.4
11,124038.1305,115058.0191,8980.1114,0.1296,1.33645,87.0
12,124038.1305,115058.0191,8980.1114,0.1852,1.37012,94.5
13,124038.1305,115584.1084,8454.0222,0.1667,1.39728,102.0
14,124038.1305,116113.4205,7924.7100,0.2593,1.41654,109.6
15,124038.1305,116292.1667,7745.9639,0.1111,1.42939,117.1
16,124038.1305,116593.1297,7445.0008,0.1111,1.45359,124.5
17,124038.1305,117150.3563,6887.7742,0.1481,1.49065,132.0
18,124038.1305,117528.2806,6509.8499,0.0926,1.51347,139.8
19,124038.1305,117682.9055,6355.2250,0.1296,1.53375,147.5
20,124038.1305,118061.9935,5976.1371,0.1111,1.54944,155.2
21,124038.1305,118373.3788,5664.7517,0.1481,1.55657,163.0
22,124038.1305,118588.8683,5449.2622,0.1111,1.56854,170.6
23,124038.1305,118853.1088,5185.0218,0.0741,1.57576,178.6
24,124038.1305,119280.8811,4757.2494,0.1667,1.592,186.2
25,124038.1305,119341.1245,4697.0060,0.1111,1.61267,193.8
26,124038.1305,119527.5403,4510.5902,0.1296,1.61117,201.4
27,124038.1305,119571.0123,4467.1182,0.0741,1.61312,209.1
28,124038.1305,119571.0123,4467.1182,0.0185,1.61472,216.9
29,124038.1305,119620.0909,4418.0396,0.0926,1.61455,224.8
30,124038.1305,119643.0535,4395.0770,0.0926,1.62276,232.5
31,124038.1305,119771.3731,4266.7574,0.0556,1.63586,240.2
32,124038.1305,119771.3731,4266.7574,0.0185,1.63941,247.9
33,124038.1305,119771.3731,4266.7574,0.0741,1.66547,255.6
34,124038.1305,119771.3731,4266.7574,0.0741,1.65522,263.7
35,124038.1305,119771.3731,4266.7574,0.0741,1.65271,271.2
36,124038.1305,119908.4861,4129.6444,0.0370,1.66356,278.7
37,124038.1305,119908.4861,4129.6444,0.0556,1.66713,286.2
38,124038.1305,119908.4861,4129.6444,0.1296,1.67759,294.1
39,124038.1305,120068.0386,3970.0919,0.1111,1.68751,301.7
40,124038.1305,120068.0386,3970.0919,0.0926,1.69059,309.2
41,124038.1305,120068.0386,3970.0919,0.0926,1.69212,316.6
42,124038.1305,120344.5572,3693.5734,0.1296,1.70385,324.2
43,124038.1305,120470.3111,3567.8194,0.0741,1.71491,331.5
44,124038.1305,120966.7433,3071.3872,0.1111,1.71217,338.8
45,124406.9187,121021.0773,3385.8414,0.0741,1.72143,346.6
46,124406.9187,121021.0773,3385.8414,0.0185,1.72883,354.2
47,124406.9187,121154.9618,3251.9569,0.1111,1.73162,361.4
48,124406.9187,121275.3493,3131.5693,0.1111,1.75404,368.6
49,124406.9187,121275.3493,3131.5693,0.0185,1.75564,376.0
50,124406.9187,121308.9728,3097.9459,0.0556,1.77265,383.4
51,124406.9187,121308.9728,3097.9459,0.0926,1.79584,390.3
52,124406.9187,121405.3087,3001.6100,0.0556,1.79284,397.3
53,124406.9187,121544.8558,2862.0629,0.1296,1.79057,404.6
54,124406.9187,121544.8558,2862.0629,0.0185,1.79264,411.8
55,124406.9187,121544.8558,2862.0629,0.0185,1.79685,419.2
56,124406.9187,121651.0386,2755.8801,0.1481,1.80518,426.4
57,124965.2239,121758.7469,3206.4770,0.0556,1.82754,434.0
58,124965.2239,121758.7469,3206.4770,0.0556,1.82903,441.5
59,124965.2239,121758.7469,3206.4770,0.0926,1.83875,449.1
60,124965.2239,121758.7469,3206.4770,0.0741,1.85827,456.0
61,124965.2239,121824.8530,3140.3709,0.1111,1.87597,463.7
62,124965.2239,121824.8530,3140.3709,0.0926,1.89244,471.1
63,124965.2239,121824.8530,3140.3709,0.0741,1.90118,478.2
64,124965.2239,121824.8530,3140.3709,0.0000,1.90118,485.4
65,124965.2239,121824.8530,3140.3709,0.0370,1.9095,492.7
66,124965.2239,121824.8530,3140.3709,0.0000,1.9095,499.7
67,124965.2239,121895.8408,3069.3831,0.0185,1.9151,506.6
68,124965.2239,121996.8072,2968.4167,0.0741,1.93192,513.9
69,124965.2239,121996.8072,2968.4167,0.0185,1.93395,521.0
70,124965.2239,121996.8072,2968.4167,0.0926,1.96372,528.1
71,124965.2239,121996.8072,2968.4167,0.0370,1.96173,535.1
72,124965.2239,121996.8072,2968.4167,0.0370,1.95796,542.3
73,124965.2239,121996.8072,2968.4167,0.0556,1.96936,549.3
74,124965.2239,121996.8072,2968.4167,0.0556,1.9794,556.3
75,124965.2239,122032.0281,2933.1958,0.0556,1.97824,563.7
76,124965.2239,122032.0281,2933.1958,0.0370,1.97419,571.0
77,124965.2239,122120.4411,2844.7828,0.0370,1.96527,578.3
78,124965.2239,122165.5548,2799.6691,0.0741,1.96182,585.5
79,124965.2239,122165.5548,2799.6691,0.0000,1.96182,592.4
80,124965.2239,122165.5548,2799.6691,0.0926,1.9838,599.4
81,124965.2239,122165.5548,2799.6691,0.0741,1.99542,606.6
82,124965.2239,122165.5548,2799.6691,0.0370,1.99877,613.5
83,124965.2239,122165.5548,2799.6691,0.0185,1.99847,620.8
84,124965.2239,122165.5548,2799.6691,0.0370,2.01373,627.8
85,124965.2239,122165.5548,2799.6691,0.0370,2.0156,634.8
86,124965.2239,122188.3919,2776.8320,0.0556,2.02327,642.1
87,124965.2239,122188.3919,2776.8320,0.0370,2.03537,649.1
88,124965.2239,122188.3919,2776.8320,0.0185,2.04316,656.1
89,124965.2239,122188.3919,2776.8320,0.0370,2.04194,663.0
90,124965.2239,122519.6675,2445.5564,0.0556,2.06262,669.8
91,124965.2239,122519.6675,2445.5564,0.0556,2.0814,677.0
92,124965.2239,122519.6675,2445.5564,0.0556,2.08182,684.0
93,124965.2239,122519.6675,2445.5564,0.0185,2.08754,691.3
94,124965.2239,122519.6675,2445.5564,0.0000,2.08754,698.5
95,124965.2239,122519.6675,2445.5564,0.0556,2.11002,705.5
96,124965.2239,122519.6675,2445.5564,0.0000,2.11002,712.3
97,124965.2239,122519.6675,2445.5564,0.0370,2.11469,719.0
98,124965.2239,122519.6675,2445.5564,0.0185,2.10482,725.9
99,124965.2239,122519.6675,2445.5564,0.0185,2.10374,732.7
100,124965.2239,122519.6675,2445.5564,0.0185,2.1048,739.5
101,124965.2239,122519.6675,2445.5564,0.0370,2.12865,746.5
102,124965.2239,122519.6675,2445.5564,0.0185,2.13157,753.1
103,124965.2239,122519.6675,2445.5564,0.0556,2.14403,760.2
104,124965.2239,122519.6675,2445.5564,0.0000,2.14403,767.2
105,124965.2239,122519.6675,2445.5564,0.0000,2.14403,773.9
106,124965.2239,122519.6675,2445.5564,0.0185,2.1474,780.7
107,124965.2239,122519.6675,2445.5564,0.0370,2.14908,787.1
108,124965.2239,122519.6675,2445.5564,0.0185,2.15912,794.1
109,124965.2239,122519.6675,2445.5564,0.0370,2.16695,801.0
110,124965.2239,122519.6675,2445.5564,0.0370,2.16575,808.1
111,124965.2239,122519.6675,2445.5564,0.0185,2.16818,814.9
112,124965.2239,122604.7183,2360.5055,0.0741,2.18976,822.2
113,125938.9829,122604.7183,3334.2646,0.0185,2.20012,829.3
114,125938.9829,122604.7183,3334.2646,0.0370,2.20407,836.3
115,125938.9829,122604.7183,3334.2646,0.0185,2.21278,843.4
116,125938.9829,122651.0957,3287.8872,0.0741,2.21587,850.4
117,125938.9829,122651.0957,3287.8872,0.0556,2.22764,857.7
118,125938.9829,122651.0957,3287.8872,0.0000,2.22764,864.6
119,125938.9829,122651.0957,3287.8872,0.0000,2.22764,871.4
120,125938.9829,122651.0957,3287.8872,0.0741,2.23513,878.5
121,125938.9829,122664.0652,3274.9177,0.1296,2.27182,885.6
122,125938.9829,122682.2696,3256.7134,0.0370,2.26749,892.5
123,125938.9829,122682.2696,3256.7134,0.0000,2.26749,899.2
124,125943.8547,122682.2696,3261.5851,0.0185,2.26969,906.2
125,125943.8547,122699.9924,3243.8623,0.0926,2.29214,913.3
126,125943.8547,122699.9924,3243.8623,0.0185,2.2871,920.4
127,125943.8547,122699.9924,3243.8623,0.0741,2.28959,927.4
128,125943.8547,122699.9924,3243.8623,0.0185,2.28643,934.2
129,125943.8547,122699.9924,3243.8623,0.0556,2.3197,941.2
130,125943.8547,122699.9924,3243.8623,0.0185,2.32264,948.2
131,125943.8547,122740.1071,3203.7476,0.0185,2.31702,955.2
132,125943.8547,122740.1071,3203.7476,0.0000,2.31702,962.3
133,125943.8547,122740.1071,3203.7476,0.0185,2.29997,969.3
134,125943.8547,122740.1071,3203.7476,0.0370,2.30602,976.2
135,125943.8547,122740.1071,3203.7476,0.0370,2.32633,983.6
136,125943.8547,122740.1071,3203.7476,0.0185,2.35237,990.7
137,125943.8547,122802.7671,3141.0876,0.0741,2.37095,997.7
138,125943.8547,122802.7671,3141.0876,0.0741,2.38427,1004.7
139,125943.8547,122802.7671,3141.0876,0.0000,2.38427,1011.8
140,125943.8547,122802.7671,3141.0876,0.0000,2.38427,1018.6
141,125943.8547,122835.5674,3108.2873,0.0185,2.39294,1025.4
142,125943.8547,122835.5674,3108.2873,0.0556,2.39354,1031.9
143,125943.8547,122887.7231,3056.1315,0.0185,2.39376,1038.7
144,125943.8547,122887.7231,3056.1315,0.0000,2.39376,1045.4
145,125943.8547,122887.7231,3056.1315,0.0185,2.41834,1052.2
146,125943.8547,122887.7231,3056.1315,0.0000,2.41834,1059.1
147,125943.8547,122887.7231,3056.1315,0.0741,2.43758,1065.7
148,125943.8547,122887.7231,3056.1315,0.0185,2.43515,1072.7
149,125943.8547,122887.7231,3056.1315,0.0370,2.44161,1079.8
150,125943.8547,122887.7231,3056.1315,0.0370,2.44749,1086.7
151,125943.8547,122887.7231,3056.1315,0.0370,2.438,1093.2
152,125943.8547,122887.7231,3056.1315,0.0000,2.438,1099.9
153,125943.8547,122887.7231,3056.1315,0.0000,2.438,1106.4
154,125943.8547,122887.7231,3056.1315,0.0185,2.45435,1112.9
155,125943.8547,122887.7231,3056.1315,0.0185,2.46248,1119.9
156,125943.8547,122887.7231,3056.1315,0.0370,2.45806,1126.6
157,125943.8547,122887.7231,3056.1315,0.0741,2.47729,1133.3
158,125943.8547,122887.7231,3056.1315,0.0185,2.47455,1140.2
159,125943.8547,122887.7231,3056.1315,0.0556,2.47518,1146.9
160,125943.8547,122914.3820,3029.4727,0.0370,2.47705,1153.6
161,125943.8547,122914.3820,3029.4727,0.0741,2.49153,1160.2
162,125943.8547,122996.8960,2946.9587,0.0370,2.49133,1167.3
163,125943.8547,122996.8960,2946.9587,0.0185,2.49071,1174.2
164,125943.8547,123109.0050,2834.8497,0.0185,2.50131,1180.8
165,125943.8547,123109.0050,2834.8497,0.0000,2.50131,1187.4
166,125943.8547,123109.0050,2834.8497,0.0000,2.50131,1194.1
167,125943.8547,123109.0050,2834.8497,0.0185,2.50901,1200.7
168,125943.8547,123109.0050,2834.8497,0.0185,2.50332,1207.6
169,125943.8547,123109.0050,2834.8497,0.0000,2.50332,1214.5
170,125943.8547,123109.0050,2834.8497,0.0185,2.50505,1221.1
171,125943.8547,123109.0050,2834.8497,0.0185,2.50002,1227.9
172,125943.8547,123244.4843,2699.3704,0.0370,2.49871,1235.0
173,125943.8547,123370.7578,2573.0968,0.0370,2.50445,1241.6
174,125943.8547,123370.7578,2573.0968,0.0185,2.50654,1248.2
175,125943.8547,123370.7578,2573.0968,0.0185,2.49999,1254.9
176,125943.8547,123370.7578,2573.0968,0.0556,2.5254,1261.3
177,125943.8547,123370.7578,2573.0968,0.0185,2.50373,1268.4
178,125943.8547,123418.8729,2524.9818,0.0370,2.50379,1275.6
179,125943.8547,123418.8729,2524.9818,0.0741,2.51286,1282.4
180,125943.8547,123538.3604,2405.4942,0.0185,2.51195,1289.0
181,125943.8547,123538.3604,2405.4942,0.0000,2.51195,1295.6
182,125943.8547,123538.3604,2405.4942,0.0370,2.51543,1302.6
183,125943.8547,123538.3604,2405.4942,0.0370,2.51462,1309.4
184,126153.4566,123538.3604,2615.0962,0.0370,2.51224,1316.0
185,126153.4566,123578.4287,2575.0279,0.0370,2.49914,1322.9
186,126153.4566,123578.4287,2575.0279,0.0185,2.498,1329.7
187,126153.4566,123578.4287,2575.0279,0.0370,2.486,1336.5
188,126153.4566,123578.4287,2575.0279,0.0000,2.486,1342.9
189,126153.4566,123578.4287,2575.0279,0.0000,2.486,1349.5
190,126153.4566,123578.4287,2575.0279,0.0185,2.48887,1356.8
191,126153.4566,123578.4287,2575.0279,0.0000,2.48887,1363.7
192,126153.4566,123682.7655,2470.6911,0.0185,2.49022,1370.8
193,126153.4566,123682.7655,2470.6911,0.0185,2.49532,1378.0
194,126153.4566,123722.7741,2430.6826,0.0185,2.50016,1385.3
195,126153.4566,123722.7741,2430.6826,0.0926,2.50308,1391.8
196,126153.4566,123722.7741,2430.6826,0.0370,2.49868,1398.4
197,126153.4566,123722.7741,2430.6826,0.0370,2.50986,1405.0
198,126153.4566,123817.0884,2336.3682,0.0556,2.50276,1411.6
199,126153.4566,123817.0884,2336.3682,0.0556,2.49064,1418.2
200,126153.4566,123817.0884,2336.3682,0.0926,2.51738,1424.7
201,126153.4566,123817.0884,2336.3682,0.0000,2.51738,1431.2
202,126153.4566,123817.0884,2336.3682,0.0000,2.51738,1437.9
203,126153.4566,123817.0884,2336.3682,0.0556,2.52379,1444.4
204,126153.4566,123817.0884,2336.3682,0.0000,2.52379,1451.3
205,126153.4566,123858.8488,2294.6078,0.0370,2.5254,1457.8
206,126153.4566,123858.8488,2294.6078,0.0185,2.53727,1464.4
207,126153.4566,123858.8488,2294.6078,0.0000,2.53727,1471.0
208,126153.4566,123858.8488,2294.6078,0.0000,2.53727,1477.7
209,126153.4566,123858.8488,2294.6078,0.0741,2.55671,1484.4
210,126153.4566,123858.8488,2294.6078,0.0370,2.55668,1491.1
211,126153.4566,123858.8488,2294.6078,0.0000,2.55668,1497.9
212,126153.4566,123858.8488,2294.6078,0.0556,2.55631,1504.4
213,126153.4566,123910.6422,2242.8144,0.0185,2.56653,1511.1
214,126153.4566,123910.6422,2242.8144,0.0370,2.56384,1517.5
215,126153.4566,123910.6422,2242.8144,0.0370,2.56711,1524.2
216,126153.4566,123910.6422,2242.8144,0.0370,2.58694,1530.8
217,126153.4566,123944.8656,2208.5910,0.0370,2.59926,1537.4
218,126153.4566,123944.8656,2208.5910,0.0185,2.59664,1543.9
219,126153.4566,123944.8656,2208.5910,0.0370,2.57226,1550.2
220,126153.4566,123944.8656,2208.5910,0.0000,2.57226,1556.7
221,126153.4566,123944.8656,2208.5910,0.0185,2.58818,1563.3
222,126153.4566,123944.8656,2208.5910,0.0185,2.58561,1570.1
223,126153.4566,123944.8656,2208.5910,0.0000,2.58561,1576.8
224,126153.4566,123944.8656,2208.5910,0.0741,2.60316,1583.0
225,126153.4566,123944.8656,2208.5910,0.0185,2.63086,1589.2
226,126153.4566,123969.5840,2183.8726,0.0556,2.64071,1595.3
227,126153.4566,123969.5840,2183.8726,0.0370,2.65012,1601.6
228,126153.4566,123969.5840,2183.8726,0.0185,2.64611,1608.1
229,126558.8404,123969.5840,2589.2564,0.0370,2.65875,1614.6
230,126558.8404,123969.5840,2589.2564,0.0741,2.67694,1620.8
231,126558.8404,124086.4617,2472.3787,0.0556,2.67044,1627.5
232,126558.8404,124086.4617,2472.3787,0.0556,2.68819,1634.1
233,126558.8404,124276.7972,2282.0432,0.0926,2.68597,1640.6
234,126558.8404,124276.7972,2282.0432,0.0000,2.68597,1647.1
235,126558.8404,124276.7972,2282.0432,0.0370,2.69096,1653.9
236,126558.8404,124276.7972,2282.0432,0.0000,2.69096,1660.5
237,126558.8404,124276.7972,2282.0432,0.0185,2.71283,1667.0
238,126558.8404,124276.7972,2282.0432,0.0556,2.69008,1673.3
239,126579.7427,124276.7972,2302.9455,0.0185,2.69708,1679.6
240,126579.7427,124276.7972,2302.9455,0.0370,2.70475,1686.3
241,126579.7427,124276.7972,2302.9455,0.0926,2.71572,1692.8
242,126579.7427,124480.9465,2098.7962,0.0741,2.77011,1699.0
243,126579.7427,124480.9465,2098.7962,0.0370,2.7691,1705.2
244,126579.7427,124480.9465,2098.7962,0.0370,2.76521,1711.3
245,126690.0996,124565.7586,2124.3410,0.0926,2.77019,1717.6
246,126690.0996,124571.2400,2118.8597,0.0370,2.77145,1723.9
247,126690.0996,124571.2400,2118.8597,0.0370,2.77549,1730.5
248,126690.0996,124571.2400,2118.8597,0.0741,2.75955,1737.1
249,126690.0996,124588.0335,2102.0661,0.0370,2.77992,1743.2
250,126690.0996,124588.0335,2102.0661,0.0185,2.78046,1749.5
251,126690.0996,124588.0335,2102.0661,0.0000,2.78046,1755.8
252,126690.0996,124616.2222,2073.8774,0.0741,2.7838,1761.9
253,126690.0996,124616.2222,2073.8774,0.0185,2.78636,1768.2
254,126690.0996,124616.2222,2073.8774,0.0370,2.79495,1774.3
255,126690.0996,124616.2222,2073.8774,0.0370,2.82136,1780.4
256,126690.0996,124616.2222,2073.8774,0.0185,2.8098,1786.9
257,126690.0996,124616.2222,2073.8774,0.0000,2.8098,1793.1
258,126690.0996,124616.2222,2073.8774,0.0185,2.81094,1799.3
259,126690.0996,124616.2222,2073.8774,0.0000,2.81094,1805.6
260,126690.0996,124616.2222,2073.8774,0.0556,2.81408,1811.7
261,126690.0996,124616.2222,2073.8774,0.0000,2.81408,1818.2
262,126690.0996,124616.6924,2073.4072,0.0370,2.81181,1824.5
263,126690.0996,124616.6924,2073.4072,0.0370,2.81465,1830.8
264,126690.0996,124616.6924,2073.4072,0.0185,2.8091,1837.5
265,126870.3360,124616.6924,2253.6436,0.0926,2.82661,1843.5
266,126870.3360,124616.6924,2253.6436,0.0185,2.8378,1850.2
267,126870.3360,124616.6924,2253.6436,0.0185,2.82323,1856.4
268,126870.3360,124616.6924,2253.6436,0.0556,2.83715,1863.3
269,126870.3360,124616.6924,2253.6436,0.0370,2.84243,1869.8
270,126870.3360,124616.6924,2253.6436,0.0556,2.90829,1876.2
271,126870.3360,124616.6924,2253.6436,0.0370,2.92091,1882.3
272,126870.3360,124625.1350,2245.2010,0.0556,2.91483,1888.4
273,126881.2246,124656.6577,2224.5668,0.0556,2.95494,1894.3
274,127165.0400,124706.1818,2458.8582,0.0556,2.95265,1901.2
275,127165.0400,124837.8394,2327.2006,0.0926,3.00997,1907.6
276,127165.0400,124837.8394,2327.2006,0.0370,3.02033,1913.7
277,127165.0400,124844.5691,2320.4709,0.0556,3.01428,1920.1
278,127165.0400,124923.6807,2241.3593,0.0556,3.01572,1926.4
279,127165.0400,124923.6807,2241.3593,0.0000,3.01572,1932.8
280,127165.0400,124949.4775,2215.5625,0.0741,3.01996,1939.0
281,127165.0400,125041.1437,2123.8963,0.0741,3.01744,1945.1
282,127165.0400,125041.1437,2123.8963,0.0185,3.00732,1951.4
283,127165.0400,125064.9597,2100.0803,0.0370,3.0243,1958.2
284,127498.6609,125064.9597,2433.7012,0.0370,3.03058,1964.3
285,127498.6609,125064.9597,2433.7012,0.0000,3.03058,1970.7
286,127498.6609,125064.9597,2433.7012,0.0185,3.03908,1976.8
287,127498.6609,125064.9597,2433.7012,0.0185,3.04856,1983.0
288,127498.6609,125064.9597,2433.7012,0.0000,3.04856,1988.9
289,127498.6609,125064.9597,2433.7012,0.0000,3.04856,1995.3
290,127498.6609,125064.9597,2433.7012,0.0370,3.05337,2001.9
291,127498.6609,125064.9597,2433.7012,0.0741,3.06886,2008.3
292,127498.6609,125064.9597,2433.7012,0.0185,3.0774,2014.6
293,127498.6609,125064.9597,2433.7012,0.0370,3.08161,2020.6
294,127498.6609,125133.9562,2364.7047,0.0556,3.161,2027.0
295,127498.6609,125244.8166,2253.8443,0.0741,3.15975,2033.0
296,127498.6609,125244.8166,2253.8443,0.0556,3.18454,2038.8
297,127498.6609,125249.1244,2249.5364,0.0370,3.19676,2045.0
298,127498.6609,125249.1244,2249.5364,0.0370,3.17659,2051.3
299,127498.6609,125249.1244,2249.5364,0.0000,3.17659,2057.5
300,127498.6609,125249.1244,2249.5364,0.0185,3.18683,2063.4
301,127498.6609,125249.1244,2249.5364,0.0370,3.18282,2069.7
302,127498.6609,125249.1244,2249.5364,0.0000,3.18282,2075.7
303,127498.6609,125249.1244,2249.5364,0.0370,3.19019,2081.4
304,127498.6609,125249.1244,2249.5364,0.0556,3.19107,2087.7
305,127498.6609,125249.1244,2249.5364,0.0185,3.18801,2093.7
306,127498.6609,125249.1244,2249.5364,0.0370,3.17582,2099.8
307,127498.6609,125289.5705,2209.0904,0.0185,3.18204,2105.6
308,127498.6609,125289.5705,2209.0904,0.0000,3.18204,2111.2
309,127498.6609,125289.5705,2209.0904,0.0556,3.20233,2117.4
310,127498.6609,125289.5705,2209.0904,0.0000,3.20233,2123.5
311,127498.6609,125289.5705,2209.0904,0.0370,3.20235,2129.5
312,127629.6926,125289.5705,2340.1221,0.0926,3.26656,2135.7
313,127629.6926,125289.5705,2340.1221,0.0185,3.2591,2141.8
314,127629.6926,125289.5705,2340.1221,0.0370,3.29357,2147.6
315,127629.6926,125289.5705,2340.1221,0.0185,3.28736,2153.5
316,127629.6926,125500.2017,2129.4909,0.0556,3.28736,2159.7
317,127629.6926,125500.2017,2129.4909,0.0370,3.32635,2165.7
318,127629.6926,125500.2017,2129.4909,0.0185,3.32817,2171.5
319,127629.6926,125500.2017,2129.4909,0.0000,3.32817,2177.1
320,127629.6926,125500.2017,2129.4909,0.0556,3.32541,2183.0
321,127629.6926,125500.2017,2129.4909,0.0000,3.32541,2188.8
322,127629.6926,125500.2017,2129.4909,0.0185,3.35453,2194.8
323,127629.6926,125500.2017,2129.4909,0.0185,3.35502,2200.6
324,127629.6926,125500.2017,2129.4909,0.0556,3.39472,2206.4
325,127629.6926,125626.2977,2003.3948,0.0741,3.4555,2212.4
326,127629.6926,125626.2977,2003.3948,0.0556,3.4761,2218.1
327,127629.6926,125626.2977,2003.3948,0.0000,3.4761,2224.0
328,127629.6926,125662.7043,1966.9882,0.0741,3.49004,2229.7
329,127629.6926,125662.7043,1966.9882,0.0370,3.49571,2235.7
330,127629.6926,125662.7043,1966.9882,0.0556,3.54709,2241.3
331,127629.6926,125662.7043,1966.9882,0.0370,3.55718,2246.9
332,127629.6926,125662.7043,1966.9882,0.0185,3.55139,2252.7
333,127629.6926,125662.7043,1966.9882,0.0000,3.55139,2259.3
334,127629.6926,125662.7043,1966.9882,0.0556,3.53836,2265.2
335,127643.4260,125671.5769,1971.8491,0.0370,3.55004,2270.8
336,127643.4260,125671.5769,1971.8491,0.0370,3.54841,2277.1
337,127643.4260,125671.5769,1971.8491,0.0370,3.56783,2282.7
338,127643.4260,125702.8938,1940.5322,0.0185,3.57045,2288.5
339,127643.4260,125702.8938,1940.5322,0.0000,3.57045,2294.3
340,127643.4260,125702.8938,1940.5322,0.0926,3.61178,2300.2
341,127643.4260,125702.8938,1940.5322,0.0370,3.61804,2306.0
342,127643.4260,125702.8938,1940.5322,0.0185,3.6227,2311.9
343,127643.4260,125702.8938,1940.5322,0.0556,3.64308,2317.8
344,127643.4260,125702.8938,1940.5322,0.0185,3.64454,2323.9
345,127643.4260,125702.8938,1940.5322,0.0556,3.66115,2329.8
346,127643.4260,125702.8938,1940.5322,0.0185,3.66896,2335.9
347,127643.4260,125731.5271,1911.8989,0.0370,3.69097,2341.5
348,127643.4260,125818.6216,1824.8043,0.0741,3.70071,2347.7
349,127643.4260,125818.6216,1824.8043,0.0556,3.73999,2353.5
350,127643.4260,125818.6216,1824.8043,0.0185,3.75089,2359.5
351,127643.4260,125818.6216,1824.8043,0.0185,3.76195,2365.7
352,127643.4260,125849.0142,1794.4118,0.0556,3.81381,2371.6
353,127643.4260,125976.4166,1667.0094,0.0370,3.80372,2377.7
354,127643.4260,125976.4166,1667.0094,0.0185,3.82214,2383.7
355,127643.4260,125976.4166,1667.0094,0.0185,3.82251,2390.3
356,127643.4260,126023.7613,1619.6647,0.0556,3.821,2396.0
357,127643.4260,126023.7613,1619.6647,0.0000,3.821,2401.7
358,127666.6332,126023.7613,1642.8719,0.0185,3.8058,2407.8
359,127666.6332,126023.7613,1642.8719,0.0000,3.8058,2414.1
360,127666.6332,126033.9614,1632.6717,0.0370,3.81512,2420.1
361,127666.6332,126033.9614,1632.6717,0.0370,3.81889,2425.7
362,127666.6332,126033.9614,1632.6717,0.0185,3.81121,2431.7
363,127666.6332,126044.5628,1622.0703,0.0556,3.79519,2437.6
364,127666.6332,126044.5628,1622.0703,0.0185,3.80577,2443.9
365,127666.6332,126044.5628,1622.0703,0.0185,3.8044,2450.1
366,127666.6332,126044.5628,1622.0703,0.0185,3.80684,2456.0
367,127666.6332,126044.5628,1622.0703,0.0926,3.81941,2461.9
368,127666.6332,126075.6251,1591.0081,0.0741,3.87113,2468.2
369,127666.6332,126075.6251,1591.0081,0.0556,3.87729,2474.1
370,127666.6332,126075.6251,1591.0081,0.0000,3.87729,2480.3
371,127666.6332,126137.7339,1528.8993,0.0370,3.89479,2486.4
372,127666.6332,126191.2905,1475.3427,0.0370,3.96046,2492.8
373,127666.6332,126191.2905,1475.3427,0.0370,3.96144,2498.6
374,127666.6332,126191.2905,1475.3427,0.0185,3.95794,2504.4
375,127666.6332,126191.2905,1475.3427,0.0370,3.96624,2510.1
376,127666.6332,126191.2905,1475.3427,0.0000,3.96624,2516.5
377,127666.6332,126208.9876,1457.6456,0.0370,3.97316,2522.5
378,127666.6332,126208.9876,1457.6456,0.0000,3.97316,2528.6
379,127666.6332,126208.9876,1457.6456,0.0370,4.01694,2535.0
380,127666.6332,126208.9876,1457.6456,0.0185,4.06409,2541.1
381,127666.6332,126208.9876,1457.6456,0.0185,4.08557,2547.2
382,127666.6332,126208.9876,1457.6456,0.0000,4.08557,2552.8
383,127666.6332,126208.9876,1457.6456,0.0185,4.09226,2559.5
384,127666.6332,126208.9876,1457.6456,0.0185,4.09624,2565.6
385,127666.6332,126208.9876,1457.6456,0.0000,4.09624,2572.0
386,127666.6332,126208.9876,1457.6456,0.0370,4.12134,2578.2
387,127666.6332,126208.9876,1457.6456,0.0000,4.12134,2584.1
388,127666.6332,126217.8882,1448.7450,0.0556,4.15071,2589.9
389,127666.6332,126217.8882,1448.7450,0.0185,4.17821,2595.9
390,127666.6332,126217.8882,1448.7450,0.0000,4.17821,2601.6
391,127666.6332,126217.8882,1448.7450,0.0185,4.1829,2607.5
392,127666.6332,126217.8882,1448.7450,0.0185,4.18582,2613.4
393,127666.6332,126217.8882,1448.7450,0.0000,4.18582,2620.0
394,127666.6332,126217.8882,1448.7450,0.0000,4.18582,2626.4
395,127666.6332,126217.8882,1448.7450,0.0370,4.17972,2632.7
396,127666.6332,126217.8882,1448.7450,0.0185,4.16819,2638.4
397,127666.6332,126217.8882,1448.7450,0.0000,4.16819,2644.4
398,127666.6332,126224.7096,1441.9236,0.0185,4.17043,2651.0
399,127666.6332,126228.4273,1438.2059,0.0370,4.18713,2657.1
400,127666.6332,126228.4273,1438.2059,0.0000,4.18713,2662.8
401,127666.6332,126228.4273,1438.2059,0.0370,4.17102,2668.8
402,127666.6332,126228.4273,1438.2059,0.0000,4.17102,2674.5
403,127666.6332,126228.4273,1438.2059,0.0000,4.17102,2680.3
404,127666.6332,126228.4273,1438.2059,0.0185,4.16853,2686.0
405,127666.6332,126228.4273,1438.2059,0.0185,4.14978,2691.8
406,127666.6332,126228.4273,1438.2059,0.0370,4.15734,2697.6
407,127666.6332,126228.4273,1438.2059,0.0000,4.15734,2703.5
408,127666.6332,126228.4273,1438.2059,0.0000,4.15734,2710.0
409,127666.6332,126233.9904,1432.6427,0.0185,4.1691,2716.1
410,127666.6332,126250.1954,1416.4378,0.0556,4.23245,2721.8
411,127666.6332,126250.1954,1416.4378,0.0185,4.22704,2728.0
412,127666.6332,126250.1954,1416.4378,0.0000,4.22704,2734.0
413,127666.6332,126250.1954,1416.4378,0.0370,4.23956,2740.3
414,127666.6332,126250.1954,1416.4378,0.0370,4.27334,2746.1
415,127666.6332,126250.1954,1416.4378,0.0185,4.26526,2752.5
416,127666.6332,126250.1954,1416.4378,0.0741,4.24666,2758.7
417,127666.6332,126250.1954,1416.4378,0.0000,4.24666,2764.8
418,127666.6332,126250.1954,1416.4378,0.0000,4.24666,2770.8
419,127666.6332,126250.1954,1416.4378,0.0185,4.26646,2776.6
420,127666.6332,126250.1954,1416.4378,0.0185,4.30539,2782.6
421,127666.6332,126250.1954,1416.4378,0.0185,4.30519,2788.9
422,127666.6332,126250.1954,1416.4378,0.0556,4.31774,2795.2
423,127666.6332,126250.1954,1416.4378,0.0370,4.30763,2801.1
424,127666.6332,126250.1954,1416.4378,0.0185,4.31107,2806.8
425,127666.6332,126250.1954,1416.4378,0.0000,4.31107,2813.0
426,127666.6332,126250.1954,1416.4378,0.0185,4.33235,2819.6
427,127666.6332,126403.3461,1263.2871,0.0556,4.31135,2826.0
428,127666.6332,126403.3461,1263.2871,0.0370,4.27091,2832.0
429,127666.6332,126421.7476,1244.8856,0.0370,4.2712,2838.1
430,127666.6332,126421.7476,1244.8856,0.0185,4.2436,2844.4
431,127666.6332,126421.7476,1244.8856,0.0370,4.23154,2849.9
432,127666.6332,126421.7476,1244.8856,0.0185,4.21614,2855.9
433,127666.6332,126421.7476,1244.8856,0.0370,4.20714,2861.7
434,127666.6332,126421.7476,1244.8856,0.0000,4.20714,2867.6
435,127666.6332,126421.7476,1244.8856,0.0185,4.21475,2873.5
436,127666.6332,126421.7476,1244.8856,0.0556,4.2288,2879.0
437,127666.6332,126421.7476,1244.8856,0.0000,4.2288,2884.8
438,127666.6332,126421.7476,1244.8856,0.0000,4.2288,2890.8
439,127666.6332,126421.7476,1244.8856,0.0370,4.22809,2897.1
440,127666.6332,126421.7476,1244.8856,0.0185,4.23323,2903.5
441,127666.6332,126421.7476,1244.8856,0.0000,4.23323,2909.5
442,127666.6332,126421.7476,1244.8856,0.0185,4.2268,2915.5
443,127666.6332,126421.7476,1244.8856,0.0185,4.23127,2921.1
444,127666.6332,126421.7476,1244.8856,0.0185,4.23885,2928.0
445,127666.6332,126434.5817,1232.0515,0.0185,4.2287,2934.3
446,127666.6332,126434.5817,1232.0515,0.0185,4.24024,2940.2
447,127666.6332,126434.5817,1232.0515,0.0000,4.24024,2946.3
448,127666.6332,126468.6837,1197.9495,0.0185,4.24523,2952.6
449,127666.6332,126468.6837,1197.9495,0.0370,4.22209,2958.9
450,127666.6332,126468.6837,1197.9495,0.0185,4.23689,2965.1
451,127666.6332,126468.6837,1197.9495,0.0000,4.23689,2971.5
452,127666.6332,126494.8857,1171.7475,0.0370,4.23631,2977.5
453,127666.6332,126494.8857,1171.7475,0.0000,4.23631,2984.1
454,127666.6332,126494.8857,1171.7475,0.0370,4.24082,2989.9
455,127666.6332,126494.8857,1171.7475,0.0370,4.26065,2996.0
456,127666.6332,126494.8857,1171.7475,0.0556,4.2788,3001.9
457,127666.6332,126494.8857,1171.7475,0.0185,4.28965,3008.0
458,127666.6332,126494.8857,1171.7475,0.0000,4.28965,3014.3
459,127666.6332,126607.1256,1059.5075,0.0370,4.27296,3020.0
460,127666.6332,126607.1256,1059.5075,0.0000,4.27296,3025.9
461,127686.4730,126607.1256,1079.3474,0.0370,4.22067,3032.0
462,127686.4730,126607.1256,1079.3474,0.0185,4.22078,3038.2
463,127686.4730,126607.1256,1079.3474,0.0185,4.22629,3044.1
464,127686.4730,126607.1256,1079.3474,0.0185,4.20013,3050.0
465,127686.4730,126667.3312,1019.1418,0.0185,4.19552,3056.0
466,127686.4730,126716.6232,969.8498,0.0370,4.21891,3062.0
467,127686.4730,126741.9566,944.5164,0.0370,4.23863,3068.6
468,127686.4730,126741.9566,944.5164,0.0185,4.23736,3075.0
469,127686.4730,126741.9566,944.5164,0.0185,4.24156,3081.5
470,127686.4730,126741.9566,944.5164,0.0185,4.25355,3087.8
471,127686.4730,126776.6484,909.8246,0.0370,4.2505,3093.9
472,127686.4730,126776.6484,909.8246,0.0000,4.2505,3100.2
473,127686.4730,126776.6484,909.8246,0.0000,4.2505,3106.4
474,127846.4833,126776.6484,1069.8349,0.0185,4.25689,3112.6
475,127846.4833,126776.6484,1069.8349,0.0000,4.25689,3118.8
476,127846.4833,126776.6484,1069.8349,0.0185,4.27932,3125.2
477,127846.4833,126776.6484,1069.8349,0.0185,4.28349,3131.5
478,127846.4833,126776.6484,1069.8349,0.0000,4.28349,3137.7
479,127846.4833,126776.6484,1069.8349,0.0370,4.29438,3144.1
480,127846.4833,126776.6484,1069.8349,0.0185,4.28757,3150.0
481,127846.4833,126776.6484,1069.8349,0.0185,4.30249,3156.0
482,127846.4833,126776.6484,1069.8349,0.0000,4.30249,3161.9
483,127846.4833,126776.6484,1069.8349,0.0185,4.31758,3167.9
484,127846.4833,126776.6484,1069.8349,0.0185,4.31383,3174.2
485,127846.4833,126776.6484,1069.8349,0.0185,4.34953,3180.9
486,127846.4833,126776.6484,1069.8349,0.0185,4.35971,3186.9
487,127846.4833,126776.6484,1069.8349,0.0185,4.37068,3193.4
488,127846.4833,126799.0958,1047.3874,0.0370,4.31382,3199.4
489,127846.4833,126799.0958,1047.3874,0.0000,4.31382,3205.8
490,127846.4833,126799.0958,1047.3874,0.0370,4.32758,3212.2
491,127846.4833,126799.0958,1047.3874,0.0000,4.32758,3218.3
492,127846.4833,126799.0958,1047.3874,0.0185,4.33368,3224.9
493,127846.4833,126799.0958,1047.3874,0.0000,4.33368,3230.9
494,127846.4833,126799.0958,1047.3874,0.0370,4.32856,3237.1
495,127846.4833,126799.0958,1047.3874,0.0185,4.33407,3243.5
496,127846.4833,126799.0958,1047.3874,0.0185,4.33172,3250.0
497,127846.4833,126799.0958,1047.3874,0.0000,4.33172,3256.4
498,127846.4833,126799.0958,1047.3874,0.0000,4.33172,3263.0
499,127864.5416,126799.0958,1065.4458,0.0185,4.33144,3269.2
500,127864.5416,126799.0958,1065.4458,0.0370,4.3304,3275.7
501,127864.5416,126799.0958,1065.4458,0.0000,4.3304,3281.7
502,127864.5416,126799.0958,1065.4458,0.0556,4.34884,3288.2
503,127864.5416,126799.0958,1065.4458,0.0000,4.34884,3294.5
504,127864.5416,126799.0958,1065.4458,0.0000,4.34884,3300.8
505,127864.5416,126799.0958,1065.4458,0.0000,4.34884,3306.8
506,127864.5416,126799.0958,1065.4458,0.0000,4.34884,3312.6
507,127864.5416,126799.0958,1065.4458,0.0000,4.34884,3318.9
508,127864.5416,126799.0958,1065.4458,0.0185,4.36035,3325.0
509,127864.5416,126799.0958,1065.4458,0.0185,4.37718,3331.2
510,127864.5416,126799.0958,1065.4458,0.0185,4.37694,3337.6
511,127864.5416,126799.0958,1065.4458,0.0000,4.37694,3343.4
512,127864.5416,126799.0958,1065.4458,0.0185,4.38129,3349.9
513,127864.5416,126799.0958,1065.4458,0.0185,4.37605,3356.1
514,127864.5416,126799.0958,1065.4458,0.0000,4.37605,3361.9
515,127864.5416,126799.0958,1065.4458,0.0000,4.37605,3368.3
516,127864.5416,126799.0958,1065.4458,0.0000,4.37605,3374.7
517,127864.5416,126799.0958,1065.4458,0.0000,4.37605,3381.1
518,127864.5416,126799.0958,1065.4458,0.0185,4.38111,3387.1
519,127864.5416,126799.0958,1065.4458,0.0370,4.38774,3393.7
520,127864.5416,126844.9198,1019.6218,0.0370,4.41019,3399.8
521,127864.5416,126844.9198,1019.6218,0.0000,4.41019,3405.9
522,127864.5416,126844.9198,1019.6218,0.0185,4.42113,3412.2
523,127864.5416,126844.9198,1019.6218,0.0000,4.42113,3418.1
524,127864.5416,126844.9198,1019.6218,0.0185,4.43719,3424.7
525,127864.5416,126881.0532,983.4884,0.0556,4.47281,3430.5
526,127864.5416,126881.0532,983.4884,0.0000,4.47281,3436.5
527,127864.5416,126881.0532,983.4884,0.0370,4.45439,3442.8
528,127864.5416,126881.0532,983.4884,0.0000,4.45439,3448.8
529,127864.5416,126881.0532,983.4884,0.0000,4.45439,3454.7
530,127864.5416,126919.4432,945.0985,0.0185,4.46109,3460.5
531,127864.5416,126919.4432,945.0985,0.0000,4.46109,3466.9
532,127864.5416,126919.4432,945.0985,0.0370,4.49225,3473.1
533,127864.5416,126919.4432,945.0985,0.0000,4.49225,3479.1
534,127864.5416,126919.4432,945.0985,0.0000,4.49225,3485.2
535,127864.5416,126970.3943,894.1473,0.0185,4.4918,3491.1
536,127864.5416,127002.3638,862.1779,0.0370,4.50166,3497.2
537,127864.5416,127002.3638,862.1779,0.0185,4.5234,3503.2
538,127932.1252,127002.3638,929.7615,0.0185,4.51531,3509.5
539,127932.1252,127002.3638,929.7615,0.0370,4.48866,3515.7
540,127932.1252,127002.3638,929.7615,0.0370,4.46901,3521.9
541,127932.1252,127002.3638,929.7615,0.0370,4.48163,3528.3
542,127932.1252,127010.6369,921.4884,0.0370,4.49132,3534.8
543,127932.1252,127010.6369,921.4884,0.0185,4.52314,3541.1
544,127932.1252,127010.6369,921.4884,0.0000,4.52314,3546.8
545,127932.1252,127010.6369,921.4884,0.0000,4.52314,3553.3
546,127932.1252,127043.0747,889.0506,0.0185,4.52879,3559.1
547,127932.1252,127085.8924,846.2328,0.0185,4.52469,3565.2
548,127932.1252,127085.8924,846.2328,0.0000,4.52469,3571.4
549,127932.1252,127085.8924,846.2328,0.0000,4.52469,3577.2
550,127932.1252,127085.8924,846.2328,0.0370,4.51352,3583.8
551,127932.1252,127085.8924,846.2328,0.0000,4.51352,3589.5
552,127932.1252,127085.8924,846.2328,0.0000,4.51352,3595.5
553,127932.1252,127085.8924,846.2328,0.0185,4.51006,3601.3
554,127932.1252,127085.8924,846.2328,0.0185,4.50769,3607.1
555,127932.1252,127085.8924,846.2328,0.0000,4.50769,3613.6
556,127932.1252,127085.8924,846.2328,0.0185,4.54959,3619.7
557,127932.1252,127085.8924,846.2328,0.0000,4.54959,3625.8
558,127932.1252,127085.8924,846.2328,0.0000,4.54959,3631.9
559,127932.1252,127085.8924,846.2328,0.0000,4.54959,3638.4
560,127932.1252,127085.8924,846.2328,0.0000,4.54959,3644.5
561,127932.1252,127085.8924,846.2328,0.0000,4.54959,3650.4
562,127932.1252,127085.8924,846.2328,0.0370,4.5585,3656.5
563,127932.1252,127085.8924,846.2328,0.0185,4.57911,3662.3
564,127932.1252,127097.5635,834.5617,0.0185,4.57686,3668.8
565,127932.1252,127097.5635,834.5617,0.0000,4.57686,3674.5
566,127932.1252,127097.5635,834.5617,0.0185,4.57684,3680.9
567,127932.1252,127097.5635,834.5617,0.0185,4.56042,3687.0
568,127932.1252,127097.5635,834.5617,0.0000,4.56042,3693.8
569,127932.1252,127097.5635,834.5617,0.0185,4.55448,3699.7
570,127932.1252,127097.5635,834.5617,0.0370,4.55055,3705.8
571,127932.1252,127097.5635,834.5617,0.0000,4.55055,3712.3
572,127932.1252,127097.5635,834.5617,0.0556,4.58677,3718.5
573,127932.1252,127097.5635,834.5617,0.0185,4.59612,3724.7
574,127932.1252,127097.5635,834.5617,0.0185,4.59737,3730.7
575,127932.1252,127097.5635,834.5617,0.0000,4.59737,3736.6
576,127932.1252,127114.8908,817.2344,0.0185,4.58164,3743.1
577,127932.1252,127114.8908,817.2344,0.0185,4.59914,3748.9
578,127932.1252,127114.8908,817.2344,0.0000,4.59914,3755.3
579,127932.1252,127114.8908,817.2344,0.0185,4.5961,3761.2
580,127932.1252,127114.8908,817.2344,0.0000,4.5961,3767.2
581,127932.1252,127114.8908,817.2344,0.0185,4.60183,3773.2
582,127932.1252,127114.8908,817.2344,0.0000,4.60183,3779.4
583,127932.1252,127114.8908,817.2344,0.0000,4.60183,3785.4
584,127933.2492,127114.8908,818.3584,0.0185,4.59873,3791.5
585,127933.2492,127114.8908,818.3584,0.0000,4.59873,3797.1
586,127933.2492,127114.8908,818.3584,0.0000,4.59873,3803.2
587,127933.2492,127114.8908,818.3584,0.0000,4.59873,3809.1
588,127933.2492,127114.8908,818.3584,0.0556,4.60602,3815.2
589,127933.2492,127114.8908,818.3584,0.0000,4.60602,3821.6
590,127933.2492,127114.8908,818.3584,0.0185,4.59838,3827.9
591,127933.2492,127114.8908,818.3584,0.0000,4.59838,3834.5
592,127933.2492,127114.8908,818.3584,0.0370,4.62748,3840.7
593,127933.2492,127114.8908,818.3584,0.0185,4.62995,3846.9
594,127933.2492,127114.8908,818.3584,0.0370,4.62717,3852.8
595,127933.2492,127114.8908,818.3584,0.0000,4.62717,3859.0
596,127933.2492,127124.8262,808.4230,0.0370,4.62707,3865.3
597,128157.1523,127124.8262,1032.3261,0.0185,4.63699,3871.9
598,128157.1523,127124.8262,1032.3261,0.0185,4.63336,3878.6
599,128157.1523,127124.8262,1032.3261,0.0185,4.70193,3884.9
600,128157.1523,127124.8262,1032.3261,0.0000,4.70193,3891.7
601,128157.1523,127124.8262,1032.3261,0.0000,4.70193,3898.4
602,128157.1523,127124.8262,1032.3261,0.0000,4.70193,3904.5
603,128157.1523,127124.8262,1032.3261,0.0185,4.71905,3910.4
604,128157.1523,127183.9257,973.2266,0.0185,4.72344,3916.4
605,128157.1523,127183.9257,973.2266,0.0185,4.65528,3922.7
606,128157.1523,127183.9257,973.2266,0.0185,4.67521,3929.4
607,128157.1523,127232.0744,925.0779,0.0556,4.65168,3935.5
608,128157.1523,127232.0744,925.0779,0.0185,4.73115,3941.7
609,128157.1523,127232.0744,925.0779,0.0000,4.73115,3947.6
610,128157.1523,127232.0744,925.0779,0.0000,4.73115,3953.9
611,128157.1523,127232.0744,925.0779,0.0185,4.74612,3960.1
612,128157.1523,127232.0744,925.0779,0.0370,4.78832,3966.1
613,128157.1523,127232.0744,925.0779,0.0370,4.79125,3971.6
614,128157.1523,127232.0744,925.0779,0.0185,4.79024,3977.8
615,128157.1523,127245.8114,911.3409,0.0185,4.80066,3983.8
616,128157.1523,127245.8114,911.3409,0.0185,4.80242,3989.8
617,128157.1523,127253.8477,903.3046,0.0185,4.80603,3995.8
618,128157.1523,127253.8477,903.3046,0.0185,4.86013,4002.2
619,128157.1523,127253.8477,903.3046,0.0185,4.85149,4008.4
620,128157.1523,127253.8477,903.3046,0.0000,4.85149,4014.1
621,128157.1523,127253.8477,903.3046,0.0185,4.87853,4020.3
622,128157.1523,127253.8477,903.3046,0.0000,4.87853,4026.3
623,128157.1523,127253.8477,903.3046,0.0000,4.87853,4031.9
624,128157.1523,127253.8477,903.3046,0.0000,4.87853,4037.9
625,128157.1523,127253.8477,903.3046,0.0000,4.87853,4043.5
626,128157.1523,127253.8477,903.3046,0.0000,4.87853,4049.8
627,128157.1523,127253.8477,903.3046,0.0000,4.87853,4055.8
628,128157.1523,127253.8477,903.3046,0.0000,4.87853,4061.8
629,128157.1523,127253.8477,903.3046,0.0000,4.87853,4068.1
630,128157.1523,127253.8477,903.3046,0.0000,4.87853,4074.3
631,128157.1523,127253.8477,903.3046,0.0000,4.87853,4080.4
632,128157.1523,127299.4463,857.7060,0.0185,4.90754,4086.6
633,128157.1523,127299.4463,857.7060,0.0185,4.9582,4092.7
634,128157.1523,127299.4463,857.7060,0.0000,4.9582,4098.8
635,128157.1523,127299.4463,857.7060,0.0000,4.9582,4105.2
636,128157.1523,127299.4463,857.7060,0.0000,4.9582,4111.3
637,128157.1523,127299.4463,857.7060,0.0000,4.9582,4117.6
638,128157.1523,127299.4463,857.7060,0.0000,4.9582,4123.7
639,128157.1523,127299.4463,857.7060,0.0185,4.95375,4130.0
640,128157.1523,127299.4463,857.7060,0.0000,4.95375,4135.7
641,128157.1523,127299.4463,857.7060,0.0000,4.95375,4141.9
642,128157.1523,127299.4463,857.7060,0.0000,4.95375,4148.2
643,128157.1523,127299.4463,857.7060,0.0000,4.95375,4153.9
644,128157.1523,127299.4463,857.7060,0.0185,4.98493,4159.9
645,128157.1523,127299.4463,857.7060,0.0000,4.98493,4166.3
646,128157.1523,127299.4463,857.7060,0.0000,4.98493,4172.5
647,128157.1523,127299.4463,857.7060,0.0000,4.98493,4178.4
648,128157.1523,127299.4463,857.7060,0.0370,4.99705,4184.5
649,128157.1523,127299.4463,857.7060,0.0000,4.99705,4190.7
650,128157.1523,127299.4463,857.7060,0.0000,4.99705,4196.9
651,128157.1523,127299.4463,857.7060,0.0000,4.99705,4203.3
652,128157.1523,127299.4463,857.7060,0.0000,4.99705,4209.5
653,128157.1523,127299.4463,857.7060,0.0370,4.9707,4215.1
654,128157.1523,127299.4463,857.7060,0.0000,4.9707,4221.0
655,128157.1523,127299.4463,857.7060,0.0000,4.9707,4227.8
656,128157.1523,127299.4463,857.7060,0.0185,4.96181,4233.7
657,128157.1523,127299.4463,857.7060,0.0185,4.96773,4240.0
658,128157.1523,127299.4463,857.7060,0.0185,4.9605,4245.9
659,128157.1523,127299.4463,857.7060,0.0185,4.93478,4252.2
660,128157.1523,127299.4463,857.7060,0.0185,4.93936,4258.2
661,128157.1523,127299.4463,857.7060,0.0000,4.93936,4264.3
662,128157.1523,127299.4463,857.7060,0.0000,4.93936,4270.5
663,128157.1523,127299.4463,857.7060,0.0185,4.93517,4276.8
664,128157.1523,127299.4463,857.7060,0.0370,4.92497,4283.4
665,128157.1523,127299.4463,857.7060,0.0370,4.92784,4289.2
666,128157.1523,127299.4463,857.7060,0.0185,4.93768,4295.4
667,128157.1523,127299.4463,857.7060,0.0000,4.93768,4301.4
668,128157.1523,127299.4463,857.7060,0.0000,4.93768,4307.8
669,128157.1523,127299.4463,857.7060,0.0000,4.93768,4314.1
670,128157.1523,127299.4463,857.7060,0.0185,4.9673,4320.3
671,128157.1523,127299.4463,857.7060,0.0185,4.97622,4326.5
672,128157.1523,127299.4463,857.7060,0.0185,4.98014,4332.0
673,128157.1523,127299.4463,857.7060,0.0000,4.98014,4338.2
674,128157.1523,127299.4463,857.7060,0.0185,4.99921,4344.4
675,128157.1523,127299.4463,857.7060,0.0185,4.9975,4350.5
676,128157.1523,127299.4463,857.7060,0.0000,4.9975,4356.5
677,128157.1523,127299.4463,857.7060,0.0370,5.00701,4362.5
678,128157.1523,127299.4463,857.7060,0.0000,5.00701,4368.7
679,128157.1523,127299.4463,857.7060,0.0370,5.01972,4375.1
680,128157.1523,127299.4463,857.7060,0.0185,5.01031,4381.3
681,128157.1523,127299.4463,857.7060,0.0185,5.0225,4387.6
682,128157.1523,127299.4463,857.7060,0.0185,5.01348,4394.4
683,128157.1523,127299.4463,857.7060,0.0370,4.97545,4400.6
684,128157.1523,127299.4463,857.7060,0.0185,4.98826,4407.2
685,128157.1523,127299.4463,857.7060,0.0185,4.9765,4413.5
686,128157.1523,127299.4463,857.7060,0.0000,4.9765,4420.1
687,128157.1523,127299.4463,857.7060,0.0000,4.9765,4426.0
688,128157.1523,127299.4463,857.7060,0.0000,4.9765,4432.3
689,128157.1523,127299.4463,857.7060,0.0370,4.97757,4438.7
690,128157.1523,127299.4463,857.7060,0.0185,4.962,4445.2
691,128157.1523,127299.4463,857.7060,0.0185,4.98254,4450.8
692,128157.1523,127299.4463,857.7060,0.0185,4.9919,4457.2
693,128157.1523,127299.4463,857.7060,0.0000,4.9919,4463.4
694,128157.1523,127299.4463,857.7060,0.0000,4.9919,4469.3
695,128157.1523,127299.4463,857.7060,0.0000,4.9919,4475.8
696,128157.1523,127299.4463,857.7060,0.0370,5.05349,4482.0
697,128157.1523,127299.4463,857.7060,0.0000,5.05349,4488.2
698,128157.1523,127299.4463,857.7060,0.0000,5.05349,4495.1
699,128157.1523,127299.4463,857.7060,0.0000,5.05349,4501.1
700,128157.1523,127299.4463,857.7060,0.0185,5.06174,4507.5
701,128157.1523,127299.4463,857.7060,0.0000,5.06174,4513.9
702,128157.1523,127299.4463,857.7060,0.0000,5.06174,4519.9
703,128157.1523,127299.4463,857.7060,0.0000,5.06174,4526.2
704,128157.1523,127299.4463,857.7060,0.0185,5.05656,4532.7
705,128157.1523,127299.4463,857.7060,0.0000,5.05656,4538.7
706,128157.1523,127299.4463,857.7060,0.0185,5.08318,4545.0
707,128157.1523,127299.4463,857.7060,0.0000,5.08318,4551.2
708,128157.1523,127299.4463,857.7060,0.0185,5.08271,4557.3
709,128157.1523,127299.4463,857.7060,0.0000,5.08271,4563.8
710,128157.1523,127299.4463,857.7060,0.0000,5.08271,4570.1
711,128157.1523,127299.4463,857.7060,0.0000,5.08271,4575.9
712,128157.1523,127299.4463,857.7060,0.0000,5.08271,4581.7
713,128157.1523,127346.1468,811.0055,0.0185,5.12098,4588.4
714,128157.1523,127346.1468,811.0055,0.0185,5.11178,4594.7
715,128157.1523,127346.1468,811.0055,0.0185,5.11394,4600.9
716,128157.1523,127346.1468,811.0055,0.0000,5.11394,4607.4
717,128157.1523,127346.1468,811.0055,0.0000,5.11394,4613.5
718,128157.1523,127346.1468,811.0055,0.0185,5.13458,4620.0
719,128157.1523,127346.1468,811.0055,0.0185,5.12474,4626.5
720,128157.1523,127350.7607,806.3916,0.0370,5.15187,4632.1
721,128157.1523,127350.7607,806.3916,0.0000,5.15187,4638.4
722,128157.1523,127350.7607,806.3916,0.0185,5.14328,4645.2
723,128157.1523,127350.7607,806.3916,0.0000,5.14328,4651.3
724,128157.1523,127350.7607,806.3916,0.0000,5.14328,4656.8
725,128157.1523,127350.7607,806.3916,0.0185,5.13758,4663.4
726,128157.1523,127350.7607,806.3916,0.0185,5.12844,4669.4
727,128157.1523,127350.7607,806.3916,0.0000,5.12844,4676.0
728,128157.1523,127350.7607,806.3916,0.0185,5.1461,4682.9
729,128157.1523,127350.7607,806.3916,0.0000,5.1461,4688.7
730,128157.1523,127350.7607,806.3916,0.0000,5.1461,4694.5
731,128157.1523,127350.7607,806.3916,0.0000,5.1461,4701.1
732,128157.1523,127350.7607,806.3916,0.0000,5.1461,4707.1
733,128193.6289,127350.7607,842.8682,0.0185,5.14647,4713.3
734,128193.6289,127350.7607,842.8682,0.0185,5.14525,4719.9
735,128193.6289,127350.7607,842.8682,0.0000,5.14525,4725.8
736,128193.6289,127350.7607,842.8682,0.0185,5.14694,4732.2
737,128193.6289,127350.7607,842.8682,0.0000,5.14694,4738.0
738,128193.6289,127350.7607,842.8682,0.0185,5.17952,4743.6
739,128193.6289,127350.7607,842.8682,0.0000,5.17952,4750.2
740,128193.6289,127350.7607,842.8682,0.0000,5.17952,4756.5
741,128193.6289,127350.7607,842.8682,0.0000,5.17952,4761.9
742,128193.6289,127350.7607,842.8682,0.0000,5.17952,4768.2
743,128193.6289,127350.7607,842.8682,0.0185,5.15745,4774.3
744,128193.6289,127350.7607,842.8682,0.0185,5.11112,4779.8
745,128193.6289,127350.7607,842.8682,0.0185,5.13804,4785.9
746,128193.6289,127350.7607,842.8682,0.0185,5.14953,4792.2
747,128193.6289,127350.7607,842.8682,0.0370,5.18859,4798.2
748,128193.6289,127350.7607,842.8682,0.0185,5.21153,4804.1
749,128193.6289,127350.7607,842.8682,0.0000,5.21153,4810.3
750,128193.6289,127350.7607,842.8682,0.0000,5.21153,4816.8
751,128193.6289,127350.7607,842.8682,0.0000,5.21153,4822.9
752,128193.6289,127350.7607,842.8682,0.0185,5.255,4828.7
753,128193.6289,127350.7607,842.8682,0.0000,5.255,4834.6
754,128193.6289,127350.7607,842.8682,0.0000,5.255,4840.1
755,128193.6289,127350.7607,842.8682,0.0000,5.255,4846.1
756,128193.6289,127350.7607,842.8682,0.0000,5.255,4852.6
757,128193.6289,127350.7607,842.8682,0.0185,5.30801,4858.8
758,128193.6289,127350.7607,842.8682,0.0185,5.31092,4865.1
759,128193.6289,127350.7607,842.8682,0.0000,5.31092,4870.7
760,128193.6289,127350.7607,842.8682,0.0000,5.31092,4876.4
761,128193.6289,127350.7607,842.8682,0.0370,5.27757,4882.6
762,128193.6289,127350.7607,842.8682,0.0000,5.27757,4888.8
763,128193.6289,127350.7607,842.8682,0.0000,5.27757,4895.1
764,128193.6289,127350.7607,842.8682,0.0000,5.27757,4901.0
765,128193.6289,127350.7607,842.8682,0.0000,5.27757,4906.9
766,128193.6289,127350.7607,842.8682,0.0185,5.31586,4913.1
767,128193.6289,127350.7607,842.8682,0.0000,5.31586,4919.3
768,128193.6289,127350.7607,842.8682,0.0000,5.31586,4925.0
769,128193.6289,127350.7607,842.8682,0.0000,5.31586,4931.4
770,128193.6289,127350.7607,842.8682,0.0000,5.31586,4937.0
771,128193.6289,127350.7607,842.8682,0.0000,5.31586,4943.4
772,128193.6289,127350.7607,842.8682,0.0000,5.31586,4949.4
773,128332.7341,127350.7607,981.9734,0.0185,5.33664,4955.6
774,128332.7341,127350.7607,981.9734,0.0370,5.39488,4962.0
775,128332.7341,127350.7607,981.9734,0.0000,5.39488,4967.8
776,128332.7341,127350.7607,981.9734,0.0000,5.39488,4974.5
777,128332.7341,127350.7607,981.9734,0.0185,5.39655,4981.3
778,128332.7341,127350.7607,981.9734,0.0000,5.39655,4987.6
779,128332.7341,127350.7607,981.9734,0.0000,5.39655,4993.6
780,128332.7341,127424.4364,908.2977,0.0185,5.39438,4999.7
781,128332.7341,127424.4364,908.2977,0.0000,5.39438,5006.5
782,128332.7341,127424.4364,908.2977,0.0370,5.36172,5012.9
783,128332.7341,127494.7799,837.9542,0.0185,5.35941,5018.6
784,128332.7341,127494.7799,837.9542,0.0000,5.35941,5025.4
785,128332.7341,127494.7799,837.9542,0.0000,5.35941,5031.8
786,128332.7341,127494.7799,837.9542,0.0370,5.39502,5038.2
787,128332.7341,127494.7799,837.9542,0.0000,5.39502,5043.9
788,128332.7341,127500.9201,831.8140,0.0556,5.30018,5049.9
789,128332.7341,127500.9201,831.8140,0.0000,5.30018,5056.3
790,128332.7341,127500.9201,831.8140,0.0000,5.30018,5062.3
791,128332.7341,127500.9201,831.8140,0.0000,5.30018,5068.1
792,128332.7341,127500.9201,831.8140,0.0185,5.30653,5074.0
793,128332.7341,127500.9201,831.8140,0.0000,5.30653,5080.3
794,128332.7341,127500.9201,831.8140,0.0000,5.30653,5086.7
795,128332.7341,127500.9201,831.8140,0.0185,5.29957,5092.7
796,128332.7341,127500.9201,831.8140,0.0000,5.29957,5099.3
797,128332.7341,127500.9201,831.8140,0.0000,5.29957,5106.1
798,128332.7341,127500.9201,831.8140,0.0000,5.29957,5112.0
799,128332.7341,127500.9201,831.8140,0.0370,5.2484,5118.9
800,128332.7341,127500.9201,831.8140,0.0000,5.2484,5125.0
801,128332.7341,127500.9201,831.8140,0.0000,5.2484,5131.4
802,128332.7341,127500.9201,831.8140,0.0185,5.25405,5137.8
803,128332.7341,127500.9201,831.8140,0.0000,5.25405,5144.0
804,128332.7341,127500.9201,831.8140,0.0000,5.25405,5150.4
805,128332.7341,127500.9201,831.8140,0.0185,5.28402,5156.5
806,128332.7341,127500.9201,831.8140,0.0000,5.28402,5162.8
807,128332.7341,127500.9201,831.8140,0.0000,5.28402,5168.9
808,128332.7341,127500.9201,831.8140,0.0000,5.28402,5174.8
809,128332.7341,127500.9201,831.8140,0.0000,5.28402,5181.1
810,128332.7341,127500.9201,831.8140,0.0185,5.32697,5187.7
811,128332.7341,127500.9201,831.8140,0.0185,5.33846,5194.0
812,128332.7341,127500.9201,831.8140,0.0000,5.33846,5200.2
813,128332.7341,127500.9201,831.8140,0.0556,5.37731,5206.2
814,128332.7341,127500.9201,831.8140,0.0185,5.40809,5213.0
815,128332.7341,127500.9201,831.8140,0.0185,5.42147,5219.2
816,128332.7341,127500.9201,831.8140,0.0185,5.43676,5225.6
817,128332.7341,127500.9201,831.8140,0.0185,5.44695,5231.7
818,128332.7341,127500.9201,831.8140,0.0000,5.44695,5237.8
819,128332.7341,127500.9201,831.8140,0.0185,5.43524,5244.2
820,128332.7341,127500.9201,831.8140,0.0000,5.43524,5250.1
821,128332.7341,127500.9201,831.8140,0.0185,5.40276,5256.4
822,128332.7341,127500.9201,831.8140,0.0741,5.45164,5262.3
823,128332.7341,127500.9201,831.8140,0.0000,5.45164,5268.2
824,128332.7341,127500.9201,831.8140,0.0185,5.49052,5273.9
825,128332.7341,127500.9201,831.8140,0.0000,5.49052,5279.8
826,128332.7341,127500.9201,831.8140,0.0000,5.49052,5285.9
827,128332.7341,127500.9201,831.8140,0.0370,5.47988,5292.2
828,128332.7341,127500.9201,831.8140,0.0370,5.48467,5298.7
829,128332.7341,127500.9201,831.8140,0.0370,5.4949,5305.0
830,128332.7341,127500.9201,831.8140,0.0000,5.4949,5311.2
831,128332.7341,127500.9201,831.8140,0.0556,5.50624,5317.0
832,128332.7341,127500.9201,831.8140,0.0000,5.50624,5323.3
833,128332.7341,127500.9201,831.8140,0.0000,5.50624,5329.9
834,128332.7341,127500.9201,831.8140,0.0185,5.46843,5335.4
835,128332.7341,127500.9201,831.8140,0.0000,5.46843,5341.3
836,128332.7341,127500.9201,831.8140,0.0185,5.4656,5347.4
837,128332.7341,127500.9201,831.8140,0.0000,5.4656,5354.0
838,128332.7341,127500.9201,831.8140,0.0000,5.4656,5360.3
839,128332.7341,127500.9201,831.8140,0.0185,5.50466,5366.7
840,128332.7341,127500.9201,831.8140,0.0185,5.43714,5373.2
841,128332.7341,127500.9201,831.8140,0.0000,5.43714,5379.5
842,128332.7341,127500.9201,831.8140,0.0185,5.45026,5385.9
843,128332.7341,127500.9201,831.8140,0.0185,5.46132,5392.1
844,128332.7341,127500.9201,831.8140,0.0000,5.46132,5397.8
845,128332.7341,127500.9201,831.8140,0.0000,5.46132,5404.7
846,128332.7341,127500.9201,831.8140,0.0000,5.46132,5411.0
847,128332.7341,127500.9201,831.8140,0.0000,5.46132,5417.2
848,128332.7341,127500.9201,831.8140,0.0185,5.46075,5423.5
849,128332.7341,127500.9201,831.8140,0.0185,5.44602,5430.0
850,128332.7341,127500.9201,831.8140,0.0185,5.46858,5436.3
851,128332.7341,127500.9201,831.8140,0.0000,5.46858,5443.0
852,128332.7341,127500.9201,831.8140,0.0185,5.46016,5449.0
853,128332.7341,127500.9201,831.8140,0.0000,5.46016,5455.4
854,128332.7341,127500.9201,831.8140,0.0000,5.46016,5462.0
855,128332.7341,127500.9201,831.8140,0.0000,5.46016,5468.5
856,128332.7341,127500.9201,831.8140,0.0000,5.46016,5474.8
857,128332.7341,127500.9201,831.8140,0.0000,5.46016,5481.0
858,128332.7341,127500.9201,831.8140,0.0000,5.46016,5487.5
859,128332.7341,127500.9201,831.8140,0.0000,5.46016,5493.8
860,128332.7341,127500.9201,831.8140,0.0185,5.44323,5500.0
861,128332.7341,127500.9201,831.8140,0.0000,5.44323,5506.0
862,128332.7341,127500.9201,831.8140,0.0185,5.44944,5512.1
863,128332.7341,127500.9201,831.8140,0.0000,5.44944,5517.9
864,128332.7341,127500.9201,831.8140,0.0000,5.44944,5523.7
865,128332.7341,127500.9201,831.8140,0.0000,5.44944,5529.9
866,128332.7341,127500.9201,831.8140,0.0000,5.44944,5535.8
867,128332.7341,127500.9201,831.8140,0.0000,5.44944,5542.3
868,128332.7341,127500.9201,831.8140,0.0185,5.4451,5548.6
869,128332.7341,127500.9201,831.8140,0.0370,5.46865,5555.8
870,128332.7341,127500.9201,831.8140,0.0000,5.46865,5562.2
871,128332.7341,127500.9201,831.8140,0.0370,5.43318,5568.8
872,128332.7341,127500.9201,831.8140,0.0000,5.43318,5574.8
873,128332.7341,127500.9201,831.8140,0.0000,5.43318,5581.3
874,128332.7341,127500.9201,831.8140,0.0000,5.43318,5587.8
875,128332.7341,127500.9201,831.8140,0.0370,5.44407,5594.5
876,128332.7341,127500.9201,831.8140,0.0185,5.4532,5601.5
877,128332.7341,127500.9201,831.8140,0.0185,5.55352,5607.7
878,128332.7341,127500.9201,831.8140,0.0185,5.56163,5613.9
879,128332.7341,127500.9201,831.8140,0.0185,5.54544,5620.3
880,128332.7341,127500.9201,831.8140,0.0000,5.54544,5626.3
881,128332.7341,127500.9201,831.8140,0.0185,5.55181,5632.6
882,128332.7341,127500.9201,831.8140,0.0185,5.56178,5638.7
883,128332.7341,127500.9201,831.8140,0.0000,5.56178,5644.8
884,128332.7341,127500.9201,831.8140,0.0000,5.56178,5650.9
885,128332.7341,127525.4159,807.3182,0.0185,5.57091,5657.0
886,128332.7341,127525.4159,807.3182,0.0000,5.57091,5662.5
887,128332.7341,127525.4159,807.3182,0.0000,5.57091,5668.8
888,128332.7341,127525.4159,807.3182,0.0370,5.59026,5675.9
889,128332.7341,127525.4159,807.3182,0.0000,5.59026,5681.5
890,128332.7341,127525.4159,807.3182,0.0370,5.58201,5688.8
891,128332.7341,127525.4159,807.3182,0.0000,5.58201,5695.1
892,128332.7341,127525.4159,807.3182,0.0185,5.57134,5700.9
893,128332.7341,127525.4159,807.3182,0.0000,5.57134,5706.9
894,128332.7341,127525.4159,807.3182,0.0185,5.54936,5713.3
895,128332.7341,127525.4159,807.3182,0.0000,5.54936,5720.1
896,128332.7341,127525.4159,807.3182,0.0000,5.54936,5726.0
897,128332.7341,127525.4159,807.3182,0.0000,5.54936,5732.3
898,128332.7341,127525.4159,807.3182,0.0185,5.54972,5738.5
899,128332.7341,127525.4159,807.3182,0.0000,5.54972,5744.7
900,128332.7341,127525.4159,807.3182,0.0000,5.54972,5750.7
901,128332.7341,127525.4159,807.3182,0.0000,5.54972,5756.9
902,128332.7341,127525.4159,807.3182,0.0370,5.5327,5763.7
903,128332.7341,127542.6635,790.0706,0.0185,5.56942,5769.5
904,128332.7341,127542.6635,790.0706,0.0370,5.63678,5775.4
905,128332.7341,127542.6635,790.0706,0.0185,5.63397,5781.6
906,128332.7341,127600.3961,732.3380,0.0185,5.63394,5787.8
907,128332.7341,127600.3961,732.3380,0.0185,5.64441,5793.5
908,128332.7341,127600.3961,732.3380,0.0000,5.64441,5799.4
909,128332.7341,127600.3961,732.3380,0.0000,5.64441,5805.9
910,128332.7341,127600.3961,732.3380,0.0000,5.64441,5812.0
911,128332.7341,127600.3961,732.3380,0.0000,5.64441,5818.6
912,128332.7341,127600.3961,732.3380,0.0000,5.64441,5824.4
913,128332.7341,127605.6591,727.0750,0.0185,5.65652,5831.4
914,128332.7341,127605.6591,727.0750,0.0000,5.65652,5837.6
915,128332.7341,127605.6591,727.0750,0.0000,5.65652,5843.5
916,128332.7341,127605.6591,727.0750,0.0000,5.65652,5849.7
917,128332.7341,127605.6591,727.0750,0.0000,5.65652,5855.8
918,128332.7341,127605.6591,727.0750,0.0185,5.65721,5861.8
919,128332.7341,127605.6591,727.0750,0.0000,5.65721,5868.1
920,128332.7341,127605.6591,727.0750,0.0000,5.65721,5873.6
921,128332.7341,127605.6591,727.0750,0.0000,5.65721,5880.2
922,128332.7341,127605.6591,727.0750,0.0000,5.65721,5887.1
923,128332.7341,127605.6591,727.0750,0.0000,5.65721,5893.0
924,128332.7341,127605.6591,727.0750,0.0370,5.63647,5899.2
925,128332.7341,127605.6591,727.0750,0.0000,5.63647,5905.9
926,128332.7341,127605.6591,727.0750,0.0185,5.66299,5912.1
927,128332.7341,127605.6591,727.0750,0.0000,5.66299,5918.2
928,128332.7341,127605.6591,727.0750,0.0000,5.66299,5924.5
929,128332.7341,127605.6591,727.0750,0.0000,5.66299,5931.1
930,128332.7341,127605.6591,727.0750,0.0000,5.66299,5936.8
931,128332.7341,127605.6591,727.0750,0.0000,5.66299,5943.2
932,128332.7341,127605.6591,727.0750,0.0000,5.66299,5949.2
933,128332.7341,127605.6591,727.0750,0.0000,5.66299,5955.5
934,128332.7341,127605.6591,727.0750,0.0000,5.66299,5961.3
935,128332.7341,127605.6591,727.0750,0.0185,5.67609,5967.5
936,128332.7341,127605.6591,727.0750,0.0000,5.67609,5973.8
937,128332.7341,127605.6591,727.0750,0.0000,5.67609,5980.1
938,128332.7341,127605.6591,727.0750,0.0185,5.68282,5986.0
939,128332.7341,127605.6591,727.0750,0.0370,5.63545,5992.0
940,128332.7341,127605.6591,727.0750,0.0185,5.63839,5998.7
941,128332.7341,127605.6591,727.0750,0.0370,5.66729,6005.0
942,128332.7341,127605.6591,727.0750,0.0185,5.67084,6011.1
943,128332.7341,127605.6591,727.0750,0.0185,5.69091,6017.8
944,128332.7341,127605.6591,727.0750,0.0185,5.74435,6023.8
945,128332.7341,127605.6591,727.0750,0.0000,5.74435,6029.9
946,128332.7341,127605.6591,727.0750,0.0185,5.73964,6036.5
947,128332.7341,127605.6591,727.0750,0.0185,5.73304,6042.8
948,128332.7341,127605.6591,727.0750,0.0185,5.73508,6048.8
949,128332.7341,127631.5178,701.2163,0.0185,5.71779,6054.9
950,128332.7341,127631.5178,701.2163,0.0000,5.71779,6061.7
951,128332.7341,127631.5178,701.2163,0.0000,5.71779,6068.0
952,128332.7341,127631.5178,701.2163,0.0185,5.71204,6074.1
953,128332.7341,127631.5178,701.2163,0.0185,5.6951,6080.6
954,128332.7341,127631.5178,701.2163,0.0185,5.70888,6086.7
955,128332.7341,127631.5178,701.2163,0.0000,5.70888,6093.1
956,128332.7341,127631.5178,701.2163,0.0000,5.70888,6099.0
957,128332.7341,127631.5178,701.2163,0.0000,5.70888,6105.5
958,128332.7341,127631.5178,701.2163,0.0000,5.70888,6111.8
959,128332.7341,127651.2147,681.5194,0.0185,5.71706,6117.9
960,128332.7341,127651.2147,681.5194,0.0000,5.71706,6123.9
961,128332.7341,127651.2147,681.5194,0.0185,5.73048,6130.3
962,128332.7341,127651.2147,681.5194,0.0000,5.73048,6136.6
963,128332.7341,127651.2147,681.5194,0.0185,5.69458,6142.7
964,128332.7341,127683.5481,649.1860,0.0370,5.66607,6148.9
965,128332.7341,127683.5481,649.1860,0.0000,5.66607,6155.2
966,128332.7341,127683.5481,649.1860,0.0000,5.66607,6161.3
967,128332.7341,127683.5481,649.1860,0.0000,5.66607,6168.0
968,128332.7341,127704.6743,628.0598,0.0185,5.67305,6174.1
969,128332.7341,127704.6743,628.0598,0.0000,5.67305,6180.4
970,128332.7341,127704.6743,628.0598,0.0000,5.67305,6186.3
971,128332.7341,127704.6743,628.0598,0.0000,5.67305,6192.4
972,128332.7341,127704.6743,628.0598,0.0185,5.6298,6199.0
973,128332.7341,127704.6743,628.0598,0.0185,5.58389,6205.6
974,128332.7341,127704.6743,628.0598,0.0000,5.58389,6211.8
975,128332.7341,127704.6743,628.0598,0.0000,5.58389,6218.1
976,128332.7341,127704.6743,628.0598,0.0000,5.58389,6223.9
977,128332.7341,127704.6743,628.0598,0.0000,5.58389,6229.6
978,128332.7341,127704.6743,628.0598,0.0000,5.58389,6235.6
979,128332.7341,127704.6743,628.0598,0.0000,5.58389,6242.0
980,128332.7341,127704.6743,628.0598,0.0000,5.58389,6248.3
981,128332.7341,127704.6743,628.0598,0.0000,5.58389,6254.4
982,128332.7341,127704.6743,628.0598,0.0000,5.58389,6261.1
983,128332.7341,127704.6743,628.0598,0.0000,5.58389,6267.3
984,128332.7341,127704.6743,628.0598,0.0000,5.58389,6273.7
985,128332.7341,127704.6743,628.0598,0.0000,5.58389,6279.8
986,128332.7341,127704.6743,628.0598,0.0000,5.58389,6285.9
987,128332.7341,127704.6743,628.0598,0.0000,5.58389,6291.8
988,128332.7341,127704.6743,628.0598,0.0000,5.58389,6297.7
989,128332.7341,127704.6743,628.0598,0.0000,5.58389,6303.9
990,128332.7341,127704.6743,628.0598,0.0000,5.58389,6310.1
991,128332.7341,127704.6743,628.0598,0.0185,5.57774,6316.9
992,128332.7341,127704.6743,628.0598,0.0000,5.57774,6323.0
993,128332.7341,127704.6743,628.0598,0.0185,5.56783,6328.9
994,128332.7341,127704.6743,628.0598,0.0000,5.56783,6335.3
995,128332.7341,127704.6743,628.0598,0.0000,5.56783,6341.3
996,128332.7341,127704.6743,628.0598,0.0000,5.56783,6347.3
997,128332.7341,127704.6743,628.0598,0.0000,5.56783,6353.8
998,128332.7341,127704.6743,628.0598,0.0000,5.56783,6360.2
999,128332.7341,127704.6743,628.0598,0.0000,5.56783,6366.4
1000,128332.7341,127704.6743,628.0598,0.0185,5.54191,6372.3
1001,128332.7341,127704.6743,628.0598,0.0000,5.54191,6378.3
1002,128332.7341,127704.6743,628.0598,0.0000,5.54191,6384.3
1003,128332.7341,127704.6743,628.0598,0.0185,5.53058,6390.4
1004,128332.7341,127704.6743,628.0598,0.0000,5.53058,6396.6
1005,128332.7341,127704.6743,628.0598,0.0185,5.54164,6403.3
1006,128332.7341,127704.6743,628.0598,0.0000,5.54164,6409.6
1007,128332.7341,127704.6743,628.0598,0.0000,5.54164,6415.5
1008,128332.7341,127704.6743,628.0598,0.0185,5.5265,6422.4
1009,128332.7341,127704.6743,628.0598,0.0000,5.5265,6428.7
1010,128332.7341,127704.6743,628.0598,0.0000,5.5265,6435.1
1011,128332.7341,127704.6743,628.0598,0.0000,5.5265,6441.5
1012,128332.7341,127704.6743,628.0598,0.0000,5.5265,6447.9
1013,128332.7341,127704.6743,628.0598,0.0000,5.5265,6454.1
1014,128332.7341,127704.6743,628.0598,0.0000,5.5265,6460.7
1015,128332.7341,127704.6743,628.0598,0.0000,5.5265,6466.8
1016,128332.7341,127704.6743,628.0598,0.0000,5.5265,6473.0
1017,128332.7341,127704.6743,628.0598,0.0185,5.57692,6479.0
1018,128332.7341,127704.6743,628.0598,0.0000,5.57692,6485.4
1019,128332.7341,127704.6743,628.0598,0.0185,5.64754,6491.8
1020,128332.7341,127704.6743,628.0598,0.0000,5.64754,6497.7
1021,128332.7341,127704.6743,628.0598,0.0000,5.64754,6504.0
1022,128332.7341,127704.6743,628.0598,0.0000,5.64754,6510.9
1023,128332.7341,127704.6743,628.0598,0.0000,5.64754,6517.7
1024,128332.7341,127704.6743,628.0598,0.0000,5.64754,6523.9
1025,128332.7341,127704.6743,628.0598,0.0000,5.64754,6529.7
1026,128332.7341,127704.6743,628.0598,0.0000,5.64754,6536.3
1027,128332.7341,127704.6743,628.0598,0.0000,5.64754,6543.0
1028,128332.7341,127704.6743,628.0598,0.0185,5.67683,6549.4
1029,128332.7341,127704.6743,628.0598,0.0000,5.67683,6555.2
1030,128332.7341,127704.6743,628.0598,0.0185,5.73105,6562.0
1031,128332.7341,127704.6743,628.0598,0.0000,5.73105,6568.7
1032,128332.7341,127704.6743,628.0598,0.0185,5.73466,6574.9
1033,128332.7341,127704.6743,628.0598,0.0185,5.74674,6580.8
1034,128332.7341,127704.6743,628.0598,0.0000,5.74674,6586.9
1035,128332.7341,127704.6743,628.0598,0.0000,5.74674,6592.9
1036,128339.3313,127704.6743,634.6570,0.0185,5.73902,6599.3
1037,128339.3313,127704.6743,634.6570,0.0000,5.73902,6606.8
1038,128339.3313,127704.6743,634.6570,0.0000,5.73902,6612.7
1039,128339.3313,127704.6743,634.6570,0.0370,5.72799,6618.8
1040,128339.3313,127704.6743,634.6570,0.0185,5.72506,6625.4
1041,128339.3313,127704.6743,634.6570,0.0000,5.72506,6630.8
1042,128339.3313,127704.6743,634.6570,0.0000,5.72506,6636.4
1043,128339.3313,127704.6743,634.6570,0.0000,5.72506,6642.3
1044,128339.3313,127704.6743,634.6570,0.0185,5.73761,6648.3
1045,128339.3313,127704.6743,634.6570,0.0000,5.73761,6654.4
1046,128339.3313,127704.6743,634.6570,0.0185,5.73608,6661.0
1047,128339.3313,127704.6743,634.6570,0.0185,5.74294,6667.1
1048,128339.3313,127704.6743,634.6570,0.0000,5.74294,6673.3
1049,128339.3313,127704.6743,634.6570,0.0000,5.74294,6679.5
1050,128339.3313,127704.6743,634.6570,0.0000,5.74294,6685.2
1051,128339.3313,127704.6743,634.6570,0.0000,5.74294,6691.4
1052,128339.3313,127704.6743,634.6570,0.0000,5.74294,6697.8
1053,128339.3313,127704.6743,634.6570,0.0185,5.68186,6704.3
1054,128339.3313,127704.6743,634.6570,0.0000,5.68186,6710.1
1055,128339.3313,127704.6743,634.6570,0.0000,5.68186,6716.4
1056,128339.3313,127704.6743,634.6570,0.0185,5.70324,6722.8
1057,128339.3313,127704.6743,634.6570,0.0000,5.70324,6728.8
1058,128339.3313,127704.6743,634.6570,0.0000,5.70324,6734.9
1059,128339.3313,127704.6743,634.6570,0.0370,5.65701,6740.4
1060,128339.3313,127704.6743,634.6570,0.0185,5.57605,6747.3
1061,128339.3313,127704.6743,634.6570,0.0185,5.57368,6753.2
1062,128339.3313,127704.6743,634.6570,0.0000,5.57368,6759.4
1063,128339.3313,127704.6743,634.6570,0.0185,5.58774,6766.2
1064,128339.3313,127704.6743,634.6570,0.0185,5.60627,6772.3
1065,128339.3313,127704.6743,634.6570,0.0000,5.60627,6778.4
1066,128339.3313,127704.6743,634.6570,0.0370,5.57776,6785.0
1067,128339.3313,127704.6743,634.6570,0.0000,5.57776,6791.0
1068,128339.3313,127704.6743,634.6570,0.0000,5.57776,6797.0
1069,128339.3313,127704.6743,634.6570,0.0000,5.57776,6802.9
1070,128339.3313,127704.6743,634.6570,0.0185,5.58756,6809.0
1071,128339.3313,127704.6743,634.6570,0.0000,5.58756,6814.4
1072,128339.3313,127704.6743,634.6570,0.0185,5.61198,6820.1
1073,128339.3313,127704.6743,634.6570,0.0000,5.61198,6826.4
1074,128339.3313,127704.6743,634.6570,0.0370,5.66381,6832.6
1075,128339.3313,127704.6743,634.6570,0.0185,5.67129,6838.7
1076,128339.3313,127704.6743,634.6570,0.0000,5.67129,6844.7
1077,128339.3313,127704.6743,634.6570,0.0185,5.66041,6850.8
1078,128339.3313,127704.6743,634.6570,0.0185,5.6651,6857.0
1079,128339.3313,127704.6743,634.6570,0.0000,5.6651,6863.5
1080,128339.3313,127704.6743,634.6570,0.0000,5.6651,6869.4
1081,128339.3313,127704.6743,634.6570,0.0000,5.6651,6875.4
1082,128339.3313,127704.6743,634.6570,0.0000,5.6651,6881.5
1083,128339.3313,127704.6743,634.6570,0.0000,5.6651,6887.7
1084,128339.3313,127704.6743,634.6570,0.0000,5.6651,6894.1
1085,128339.3313,127704.6743,634.6570,0.0185,5.73986,6900.4
1086,128339.3313,127704.6743,634.6570,0.0185,5.75813,6906.2
1087,128339.3313,127704.6743,634.6570,0.0185,5.82998,6912.3
1088,128339.3313,127704.6743,634.6570,0.0000,5.82998,6918.4
1089,128339.3313,127704.6743,634.6570,0.0185,5.84578,6925.1
1090,128339.3313,127704.6743,634.6570,0.0185,5.78453,6931.7
1091,128339.3313,127704.6743,634.6570,0.0000,5.78453,6937.8
1092,128339.3313,127704.6743,634.6570,0.0185,5.79338,6944.6
1093,128339.3313,127704.6743,634.6570,0.0000,5.79338,6950.7
1094,128339.3313,127704.6743,634.6570,0.0000,5.79338,6956.9
1095,128339.3313,127704.6743,634.6570,0.0185,5.82134,6963.0
1096,128339.3313,127704.6743,634.6570,0.0000,5.82134,6969.4
1097,128339.3313,127713.4229,625.9084,0.0370,5.85911,6976.0
1098,128339.3313,127713.4229,625.9084,0.0556,5.93083,6981.9
1099,128339.3313,127713.4229,625.9084,0.0000,5.93083,6987.4
1100,128339.3313,127713.4229,625.9084,0.0185,5.93081,6994.1
1101,128339.3313,127713.4229,625.9084,0.0185,5.95595,7000.6
1102,128339.3313,127713.4229,625.9084,0.0000,5.95595,7006.9
1103,128339.3313,127713.4229,625.9084,0.0185,5.96334,7013.0
1104,128339.3313,127713.4229,625.9084,0.0000,5.96334,7018.9
1105,128339.3313,127713.4229,625.9084,0.0000,5.96334,7024.8
1106,128339.3313,127713.4229,625.9084,0.0185,5.97127,7030.8
1107,128339.3313,127713.4229,625.9084,0.0000,5.97127,7037.0
1108,128339.3313,127713.4229,625.9084,0.0000,5.97127,7043.0
1109,128339.3313,127713.4229,625.9084,0.0000,5.97127,7049.0
1110,128339.3313,127714.5415,624.7898,0.0185,5.92117,7054.6
1111,128339.3313,127714.5415,624.7898,0.0000,5.92117,7060.6
1112,128339.3313,127714.5415,624.7898,0.0185,5.92706,7067.2
1113,128339.3313,127714.5415,624.7898,0.0000,5.92706,7073.8
1114,128339.3313,127714.5415,624.7898,0.0000,5.92706,7080.0
1115,128339.3313,127714.5415,624.7898,0.0370,5.95211,7086.0
1116,128339.3313,127714.5415,624.7898,0.0000,5.95211,7092.4
1117,128339.3313,127714.5415,624.7898,0.0000,5.95211,7098.7
1118,128339.3313,127714.5415,624.7898,0.0000,5.95211,7104.7
1119,128339.3313,127714.5415,624.7898,0.0000,5.95211,7110.7
1120,128339.3313,127714.5415,624.7898,0.0000,5.95211,7116.5
1121,128339.3313,127714.5415,624.7898,0.0000,5.95211,7122.5
1122,128339.3313,127714.5415,624.7898,0.0000,5.95211,7128.7
1123,128339.3313,127714.5415,624.7898,0.0000,5.95211,7134.8
1124,128339.3313,127714.5415,624.7898,0.0185,5.94248,7140.7
1125,128339.3313,127714.5415,624.7898,0.0000,5.94248,7146.5
1126,128339.3313,127714.5415,624.7898,0.0000,5.94248,7153.1
1127,128339.3313,127714.5415,624.7898,0.0000,5.94248,7159.2
1128,128339.3313,127714.5415,624.7898,0.0000,5.94248,7165.3
1129,128339.3313,127714.5415,624.7898,0.0000,5.94248,7171.3
1130,128339.3313,127714.5415,624.7898,0.0000,5.94248,7177.4
1131,128339.3313,127714.5415,624.7898,0.0000,5.94248,7184.1
1132,128339.3313,127714.5415,624.7898,0.0185,5.93378,7189.7
1133,128339.3313,127714.5415,624.7898,0.0000,5.93378,7196.3
1134,128339.3313,127714.5415,624.7898,0.0185,5.93744,7202.3
1135,128339.3313,127714.5415,624.7898,0.0000,5.93744,7208.6
1136,128339.3313,127714.5415,624.7898,0.0000,5.93744,7214.7
1137,128339.3313,127714.5415,624.7898,0.0000,5.93744,7220.5
1138,128339.3313,127714.5415,624.7898,0.0000,5.93744,7226.4
1139,128339.3313,127714.5415,624.7898,0.0185,5.91104,7232.5
1140,128339.3313,127714.5415,624.7898,0.0000,5.91104,7238.1
1141,128339.3313,127714.5415,624.7898,0.0000,5.91104,7244.6
1142,128339.3313,127714.5415,624.7898,0.0185,5.96469,7250.8
1143,128339.3313,127714.5415,624.7898,0.0000,5.96469,7256.9
1144,128339.3313,127714.5415,624.7898,0.0000,5.96469,7263.0
1145,128339.3313,127714.5415,624.7898,0.0185,5.96336,7268.9
1146,128339.3313,127714.5415,624.7898,0.0556,6.03035,7275.0
1147,128339.3313,127714.5415,624.7898,0.0000,6.03035,7281.2
1148,128454.5322,127738.0257,716.5065,0.0370,6.03515,7287.5
1149,128454.5322,127738.0257,716.5065,0.0000,6.03515,7294.3
1150,128454.5322,127738.0257,716.5065,0.0000,6.03515,7300.9
1151,128454.5322,127738.0257,716.5065,0.0000,6.03515,7307.3
1152,128454.5322,127738.0257,716.5065,0.0000,6.03515,7313.8
1153,128454.5322,127738.0257,716.5065,0.0000,6.03515,7320.1
1154,128454.5322,127738.0257,716.5065,0.0000,6.03515,7325.9
1155,128454.5322,127738.0257,716.5065,0.0000,6.03515,7331.5
1156,128454.5322,127738.0257,716.5065,0.0000,6.03515,7337.4
1157,128454.5322,127738.0257,716.5065,0.0000,6.03515,7343.5
1158,128454.5322,127738.0257,716.5065,0.0000,6.03515,7349.7
1159,128454.5322,127738.0257,716.5065,0.0000,6.03515,7356.3
1160,128454.5322,127738.0257,716.5065,0.0000,6.03515,7362.6
1161,128454.5322,127738.0257,716.5065,0.0185,6.06157,7368.1
1162,128454.5322,127738.0257,716.5065,0.0000,6.06157,7374.1
1163,128454.5322,127738.0257,716.5065,0.0000,6.06157,7379.9
1164,128454.5322,127738.0257,716.5065,0.0000,6.06157,7386.3
1165,128454.5322,127738.0257,716.5065,0.0000,6.06157,7392.4
1166,128454.5322,127738.0257,716.5065,0.0000,6.06157,7398.0
1167,128454.5322,127738.0257,716.5065,0.0000,6.06157,7403.8
1168,128454.5322,127738.0257,716.5065,0.0000,6.06157,7409.3
1169,128454.5322,127738.0257,716.5065,0.0000,6.06157,7415.1
1170,128454.5322,127738.0257,716.5065,0.0000,6.06157,7421.2
1171,128454.5322,127738.0257,716.5065,0.0000,6.06157,7427.3
1172,128454.5322,127738.0257,716.5065,0.0000,6.06157,7433.5
1173,128454.5322,127738.0257,716.5065,0.0000,6.06157,7439.7
1174,128454.5322,127738.0257,716.5065,0.0000,6.06157,7446.0
1175,128454.5322,127738.0257,716.5065,0.0000,6.06157,7453.1
1176,128454.5322,127738.0257,716.5065,0.0185,6.05514,7459.3
1177,128454.5322,127738.0257,716.5065,0.0000,6.05514,7465.2
1178,128454.5322,127738.0257,716.5065,0.0000,6.05514,7471.7
1179,128454.5322,127738.0257,716.5065,0.0000,6.05514,7478.1
1180,128454.5322,127738.0257,716.5065,0.0000,6.05514,7484.3
1181,128454.5322,127738.0257,716.5065,0.0000,6.05514,7490.0
1182,128454.5322,127766.6418,687.8904,0.0185,6.0523,7495.4
1183,128454.5322,127766.6418,687.8904,0.0000,6.0523,7501.7
1184,128454.5322,127766.6418,687.8904,0.0000,6.0523,7508.2
1185,128454.5322,127766.6418,687.8904,0.0000,6.0523,7513.9
1186,128454.5322,127766.6418,687.8904,0.0000,6.0523,7520.4
1187,128454.5322,127766.6418,687.8904,0.0000,6.0523,7526.5
1188,128454.5322,127766.6418,687.8904,0.0000,6.0523,7532.5
1189,128454.5322,127766.6418,687.8904,0.0000,6.0523,7539.0
1190,128454.5322,127766.6418,687.8904,0.0000,6.0523,7545.1
1191,128454.5322,127766.6418,687.8904,0.0000,6.0523,7551.5
1192,128454.5322,127766.6418,687.8904,0.0000,6.0523,7557.9
1193,128454.5322,127766.6418,687.8904,0.0000,6.0523,7564.6
1194,128454.5322,127766.6418,687.8904,0.0185,6.04548,7570.5
1195,128454.5322,127766.6418,687.8904,0.0000,6.04548,7576.1
1196,128454.5322,127766.6418,687.8904,0.0000,6.04548,7582.1
1197,128454.5322,127766.6418,687.8904,0.0185,6.04516,7587.5
1198,128454.5322,127766.6418,687.8904,0.0000,6.04516,7594.0
1199,128454.5322,127766.6418,687.8904,0.0185,6.14253,7601.1
1200,128454.5322,127766.6418,687.8904,0.0185,6.16138,7607.3
1201,128454.5322,127766.6418,687.8904,0.0000,6.16138,7613.6
1202,128454.5322,127766.6418,687.8904,0.0000,6.16138,7620.1
1203,128454.5322,127766.8858,687.6464,0.0370,6.21055,7626.4
1204,128454.5322,127766.8858,687.6464,0.0000,6.21055,7632.9
1205,128454.5322,127766.8858,687.6464,0.0000,6.21055,7639.4
1206,128454.5322,127766.8858,687.6464,0.0000,6.21055,7646.1
1207,128454.5322,127766.8858,687.6464,0.0000,6.21055,7652.2
1208,128454.5322,127766.8858,687.6464,0.0000,6.21055,7657.9
1209,128454.5322,127766.8858,687.6464,0.0185,6.21694,7663.9
1210,128454.5322,127766.8858,687.6464,0.0000,6.21694,7670.4
1211,128454.5322,127766.8858,687.6464,0.0000,6.21694,7676.4
1212,128454.5322,127766.8858,687.6464,0.0000,6.21694,7682.0
1213,128454.5322,127766.8858,687.6464,0.0000,6.21694,7688.4
1214,128454.5322,127766.8858,687.6464,0.0000,6.21694,7694.8
1215,128454.5322,127766.8858,687.6464,0.0000,6.21694,7700.6
1216,128454.5322,127766.8858,687.6464,0.0000,6.21694,7706.6
1217,128454.5322,127766.8858,687.6464,0.0000,6.21694,7712.4
1218,128454.5322,127766.8858,687.6464,0.0000,6.21694,7718.5
1219,128454.5322,127766.8858,687.6464,0.0185,6.22591,7724.4
1220,128454.5322,127766.8858,687.6464,0.0185,6.23845,7731.0
1221,128454.5322,127766.8858,687.6464,0.0000,6.23845,7737.1
1222,128454.5322,127766.8858,687.6464,0.0000,6.23845,7743.6
1223,128454.5322,127766.8858,687.6464,0.0000,6.23845,7749.4
1224,128454.5322,127766.8858,687.6464,0.0000,6.23845,7755.3
1225,128454.5322,127766.8858,687.6464,0.0000,6.23845,7761.6
1226,128454.5322,127766.8858,687.6464,0.0000,6.23845,7768.5
1227,128454.5322,127766.8858,687.6464,0.0000,6.23845,7774.8
1228,128454.5322,127766.8858,687.6464,0.0000,6.23845,7780.9
1229,128454.5322,127766.8858,687.6464,0.0000,6.23845,7787.4
1230,128454.5322,127766.8858,687.6464,0.0000,6.23845,7793.5
1231,128454.5322,127766.8858,687.6464,0.0370,6.37562,7799.8
1232,128454.5322,127766.8858,687.6464,0.0185,6.36812,7805.6
1233,128454.5322,127766.8858,687.6464,0.0000,6.36812,7812.3
1234,128454.5322,127766.8858,687.6464,0.0000,6.36812,7818.8
1235,128454.5322,127766.8858,687.6464,0.0000,6.36812,7824.7
1236,128454.5322,127766.8858,687.6464,0.0000,6.36812,7830.6
1237,128454.5322,127766.8858,687.6464,0.0000,6.36812,7836.9
1238,128454.5322,127766.8858,687.6464,0.0000,6.36812,7843.4
1239,128454.5322,127766.8858,687.6464,0.0185,6.37644,7849.9
1240,128454.5322,127766.8858,687.6464,0.0185,6.39087,7856.4
1241,128454.5322,127766.8858,687.6464,0.0000,6.39087,7862.8
1242,128454.5322,127766.8858,687.6464,0.0000,6.39087,7869.2
1243,128454.5322,127766.8858,687.6464,0.0000,6.39087,7875.6
1244,128454.5322,127766.8858,687.6464,0.0000,6.39087,7881.3
1245,128454.5322,127766.8858,687.6464,0.0000,6.39087,7887.6
1246,128454.5322,127766.8858,687.6464,0.0185,6.41067,7893.3
1247,128454.5322,127766.8858,687.6464,0.0000,6.41067,7899.3
1248,128454.5322,127766.8858,687.6464,0.0556,6.36048,7905.0
1249,128454.5322,127766.8858,687.6464,0.0000,6.36048,7911.4
1250,128454.5322,127766.8858,687.6464,0.0185,6.39721,7917.2
1251,128454.5322,127766.8858,687.6464,0.0000,6.39721,7923.0
1252,128454.5322,127766.8858,687.6464,0.0000,6.39721,7929.1
1253,128454.5322,127766.8858,687.6464,0.0000,6.39721,7934.8
1254,128454.5322,127766.8858,687.6464,0.0000,6.39721,7940.8
1255,128454.5322,127766.8858,687.6464,0.0370,6.45392,7946.8
1256,128454.5322,127766.8858,687.6464,0.0000,6.45392,7952.0
1257,128454.5322,127766.8858,687.6464,0.0185,6.45223,7958.0
1258,128454.5322,127766.8858,687.6464,0.0000,6.45223,7963.5
1259,128454.5322,127766.8858,687.6464,0.0000,6.45223,7969.5
1260,128454.5322,127766.8858,687.6464,0.0185,6.46042,7975.0
1261,128454.5322,127766.8858,687.6464,0.0000,6.46042,7980.1
1262,128454.5322,127766.8858,687.6464,0.0000,6.46042,7986.3
1263,128454.5322,127766.8858,687.6464,0.0185,6.48788,7992.0
1264,128454.5322,127766.8858,687.6464,0.0185,6.49368,7998.7
1265,128454.5322,127766.8858,687.6464,0.0000,6.49368,8004.1
1266,128454.5322,127766.8858,687.6464,0.0000,6.49368,8010.4
1267,128454.5322,127766.8858,687.6464,0.0185,6.49312,8016.4
1268,128493.0290,127766.8858,726.1431,0.0185,6.50101,8022.7
1269,128493.0290,127766.8858,726.1431,0.0000,6.50101,8028.6
1270,128493.0290,127766.8858,726.1431,0.0000,6.50101,8033.8
1271,128493.0290,127766.8858,726.1431,0.0000,6.50101,8040.2
1272,128493.0290,127766.8858,726.1431,0.0185,6.49137,8046.2
1273,128493.0290,127784.1197,708.9093,0.0370,6.47459,8051.8
1274,128493.0290,127784.1197,708.9093,0.0000,6.47459,8057.5
1275,128493.0290,127784.1197,708.9093,0.0000,6.47459,8063.1
1276,128493.0290,127784.1197,708.9093,0.0000,6.47459,8069.0
1277,128493.0290,127784.1197,708.9093,0.0370,6.53642,8075.1
1278,128493.0290,127784.1197,708.9093,0.0185,6.59176,8081.1
1279,128493.0290,127784.1197,708.9093,0.0000,6.59176,8087.5
1280,128493.0290,127784.1197,708.9093,0.0000,6.59176,8093.4
1281,128493.0290,127784.1197,708.9093,0.0000,6.59176,8099.6
1282,128493.0290,127784.1197,708.9093,0.0185,6.58514,8105.2
1283,128493.0290,127784.1197,708.9093,0.0000,6.58514,8111.3
1284,128493.0290,127784.1197,708.9093,0.0000,6.58514,8117.2
1285,128493.0290,127784.1197,708.9093,0.0000,6.58514,8123.3
1286,128493.0290,127784.1197,708.9093,0.0000,6.58514,8129.1
1287,128493.0290,127784.1197,708.9093,0.0185,6.61291,8135.4
1288,128493.0290,127784.1197,708.9093,0.0000,6.61291,8141.4
1289,128493.0290,127784.1197,708.9093,0.0000,6.61291,8146.6
1290,128493.0290,127784.1197,708.9093,0.0000,6.61291,8152.4
1291,128493.0290,127784.1197,708.9093,0.0185,6.65873,8158.8
1292,128493.0290,127784.1197,708.9093,0.0370,6.70525,8164.8
1293,128493.0290,127784.1197,708.9093,0.0556,6.72058,8170.7
1294,128493.0290,127784.1197,708.9093,0.0000,6.72058,8176.3
1295,128493.0290,127784.1197,708.9093,0.0000,6.72058,8182.9
1296,128493.0290,127784.1197,708.9093,0.0000,6.72058,8188.9
1297,128493.0290,127784.1197,708.9093,0.0000,6.72058,8194.6
1298,128493.0290,127784.1197,708.9093,0.0185,6.81179,8200.2
1299,128493.0290,127784.1197,708.9093,0.0000,6.81179,8206.0
1300,128493.0290,127784.1197,708.9093,0.0000,6.81179,8211.9
1301,128493.0290,127784.1197,708.9093,0.0185,6.8117,8217.7
1302,128493.0290,127784.1197,708.9093,0.0000,6.8117,8223.4
1303,128493.0290,127784.1197,708.9093,0.0000,6.8117,8229.2
1304,128493.0290,127799.7782,693.2508,0.0185,6.75755,8235.6
1305,128493.0290,127799.7782,693.2508,0.0000,6.75755,8241.9
1306,128493.0290,127799.7782,693.2508,0.0185,6.76301,8247.9
1307,128493.0290,127799.7782,693.2508,0.0000,6.76301,8253.8
1308,128493.0290,127799.7782,693.2508,0.0000,6.76301,8260.1
1309,128493.0290,127799.7782,693.2508,0.0000,6.76301,8266.5
1310,128493.0290,127799.7782,693.2508,0.0185,6.76278,8272.5
1311,128493.0290,127799.7782,693.2508,0.0000,6.76278,8278.4
1312,128493.0290,127799.7782,693.2508,0.0000,6.76278,8284.4
1313,128493.0290,127799.7782,693.2508,0.0185,6.76613,8290.0
1314,128493.0290,127799.7782,693.2508,0.0370,6.77468,8295.5
1315,128493.0290,127799.7782,693.2508,0.0000,6.77468,8302.0
1316,128493.0290,127799.7782,693.2508,0.0000,6.77468,8307.6
1317,128493.0290,127799.7782,693.2508,0.0185,6.76271,8313.5
1318,128493.0290,127799.7782,693.2508,0.0000,6.76271,8320.0
1319,128493.0290,127799.7782,693.2508,0.0185,6.76377,8326.7
1320,128493.0290,127799.7782,693.2508,0.0000,6.76377,8333.2
1321,128493.0290,127799.7782,693.2508,0.0000,6.76377,8339.0
1322,128493.0290,127799.7782,693.2508,0.0000,6.76377,8345.6
1323,128493.0290,127799.7782,693.2508,0.0000,6.76377,8351.5
1324,128493.0290,127799.7782,693.2508,0.0185,6.75571,8357.9
1325,128493.0290,127799.7782,693.2508,0.0000,6.75571,8363.8
1326,128493.0290,127799.7782,693.2508,0.0000,6.75571,8369.6
1327,128493.0290,127799.7782,693.2508,0.0000,6.75571,8375.8
1328,128493.0290,127799.7782,693.2508,0.0000,6.75571,8381.8
1329,128493.0290,127799.7782,693.2508,0.0185,6.79184,8388.2
1330,128493.0290,127799.7782,693.2508,0.0000,6.79184,8393.8
1331,128493.0290,127799.7782,693.2508,0.0000,6.79184,8400.1
1332,128493.0290,127799.7782,693.2508,0.0000,6.79184,8406.3
1333,128493.0290,127799.7782,693.2508,0.0000,6.79184,8412.8
1334,128493.0290,127799.7782,693.2508,0.0000,6.79184,8418.6
1335,128493.0290,127823.8726,669.1564,0.0185,6.793,8425.3
1336,128493.0290,127823.8726,669.1564,0.0000,6.793,8431.2
1337,128493.0290,127823.8726,669.1564,0.0000,6.793,8437.5
1338,128493.0290,127823.8726,669.1564,0.0000,6.793,8443.6
1339,128493.0290,127823.8726,669.1564,0.0000,6.793,8449.9
1340,128493.0290,127823.8726,669.1564,0.0000,6.793,8455.1
1341,128493.0290,127823.8726,669.1564,0.0000,6.793,8461.2
1342,128493.0290,127823.8726,669.1564,0.0185,6.80756,8467.2
1343,128493.0290,127823.8726,669.1564,0.0185,6.81542,8474.3
1344,128493.0290,127823.8726,669.1564,0.0000,6.81542,8480.5
1345,128493.0290,127823.8726,669.1564,0.0000,6.81542,8486.9
1346,128493.0290,127823.8726,669.1564,0.0000,6.81542,8492.9
1347,128493.0290,127823.8726,669.1564,0.0000,6.81542,8498.8
1348,128493.0290,127823.8726,669.1564,0.0000,6.81542,8504.5
1349,128493.0290,127823.8726,669.1564,0.0000,6.81542,8510.5
1350,128493.0290,127823.8726,669.1564,0.0185,6.81217,8516.4
1351,128493.0290,127823.8726,669.1564,0.0000,6.81217,8522.5
1352,128493.0290,127823.8726,669.1564,0.0000,6.81217,8528.8
1353,128493.0290,127823.8726,669.1564,0.0370,6.80108,8535.5
1354,128493.0290,127823.8726,669.1564,0.0185,6.81486,8541.1
1355,128493.0290,127823.8726,669.1564,0.0370,6.83553,8546.8
1356,128493.0290,127823.8726,669.1564,0.0000,6.83553,8553.2
1357,128493.0290,127823.8726,669.1564,0.0185,6.80646,8559.8
1358,128493.0290,127823.8726,669.1564,0.0000,6.80646,8566.0
1359,128493.0290,127823.8726,669.1564,0.0000,6.80646,8572.4
1360,128493.0290,127823.8726,669.1564,0.0000,6.80646,8578.4
1361,128493.0290,127823.8726,669.1564,0.0000,6.80646,8585.0
1362,128493.0290,127823.8726,669.1564,0.0000,6.80646,8591.2
1363,128493.0290,127823.8726,669.1564,0.0185,6.8,8597.0
1364,128493.0290,127823.8726,669.1564,0.0000,6.8,8603.4
1365,128493.0290,127823.8726,669.1564,0.0000,6.8,8609.5
1366,128493.0290,127823.8726,669.1564,0.0185,6.80279,8615.5
1367,128493.0290,127823.8726,669.1564,0.0185,6.83529,8621.0
1368,128493.0290,127823.8726,669.1564,0.0000,6.83529,8627.2
1369,128493.0290,127823.8726,669.1564,0.0000,6.83529,8632.1
1370,128493.0290,127823.8726,669.1564,0.0185,6.84305,8638.5
1371,128493.0290,127823.8726,669.1564,0.0000,6.84305,8644.4
1372,128493.0290,127823.8726,669.1564,0.0000,6.84305,8650.2
1373,128493.0290,127823.8726,669.1564,0.0000,6.84305,8656.9
1374,128493.0290,127823.8726,669.1564,0.0000,6.84305,8662.6
1375,128493.0290,127823.8726,669.1564,0.0000,6.84305,8669.4
1376,128493.0290,127823.8726,669.1564,0.0000,6.84305,8675.2
1377,128493.0290,127823.8726,669.1564,0.0185,6.81141,8681.3
1378,128493.0290,127823.8726,669.1564,0.0000,6.81141,8687.4
1379,128493.0290,127823.8726,669.1564,0.0000,6.81141,8693.6
1380,128493.0290,127823.8726,669.1564,0.0185,6.80978,8699.9
1381,128493.0290,127823.8726,669.1564,0.0370,6.82052,8706.3
1382,128493.0290,127823.8726,669.1564,0.0000,6.82052,8712.1
1383,128493.0290,127823.8726,669.1564,0.0185,6.81826,8717.5
1384,128493.0290,127823.8726,669.1564,0.0000,6.81826,8723.8
1385,128493.0290,127823.8726,669.1564,0.0000,6.81826,8730.3
1386,128493.0290,127823.8726,669.1564,0.0000,6.81826,8736.2
1387,128493.0290,127823.8726,669.1564,0.0370,6.81973,8742.6
1388,128493.0290,127823.8726,669.1564,0.0000,6.81973,8748.9
1389,128493.0290,127823.8726,669.1564,0.0000,6.81973,8755.3
1390,128493.0290,127823.8726,669.1564,0.0000,6.81973,8761.6
1391,128493.0290,127823.8726,669.1564,0.0000,6.81973,8767.6
1392,128493.0290,127823.8726,669.1564,0.0185,6.824,8772.9
1393,128493.0290,127823.8726,669.1564,0.0185,6.84234,8779.6
1394,128493.0290,127823.8726,669.1564,0.0000,6.84234,8785.6
1395,128493.0290,127823.8726,669.1564,0.0000,6.84234,8791.8
1396,128493.0290,127823.8726,669.1564,0.0000,6.84234,8798.0
1397,128493.0290,127853.7440,639.2849,0.0185,6.82562,8803.7
1398,128493.0290,127853.7440,639.2849,0.0000,6.82562,8809.9
1399,128493.0290,127853.7440,639.2849,0.0185,6.8585,8816.1
1400,128493.0290,127853.7440,639.2849,0.0000,6.8585,8821.5
1401,128493.0290,127853.7440,639.2849,0.0370,6.86118,8827.6
1402,128493.0290,127853.7440,639.2849,0.0000,6.86118,8834.0
1403,128493.0290,127853.7440,639.2849,0.0000,6.86118,8840.0
1404,128493.0290,127853.7440,639.2849,0.0000,6.86118,8846.5
1405,128493.0290,127853.7440,639.2849,0.0000,6.86118,8853.4
1406,128493.0290,127853.7440,639.2849,0.0000,6.86118,8860.2
1407,128493.0290,127853.7440,639.2849,0.0000,6.86118,8867.2
1408,128493.0290,127853.7440,639.2849,0.0000,6.86118,8873.7
1409,128493.0290,127853.7440,639.2849,0.0000,6.86118,8879.4
1410,128493.0290,127853.7440,639.2849,0.0000,6.86118,8885.0
1411,128493.0290,127853.7440,639.2849,0.0000,6.86118,8891.9
1412,128493.0290,127853.7440,639.2849,0.0000,6.86118,8897.6
1413,128493.0290,127853.7440,639.2849,0.0000,6.86118,8903.3
1414,128493.0290,127853.7440,639.2849,0.0185,6.86722,8909.1
1415,128493.0290,127853.7440,639.2849,0.0185,6.86236,8915.6
1416,128493.0290,127853.7440,639.2849,0.0000,6.86236,8921.6
1417,128493.0290,127853.7440,639.2849,0.0000,6.86236,8927.6
1418,128493.0290,127853.7440,639.2849,0.0000,6.86236,8934.1
1419,128682.6781,127853.7440,828.9341,0.0185,6.85558,8940.3
1420,128682.6781,127853.7440,828.9341,0.0000,6.85558,8946.1
1421,128682.6781,127853.7440,828.9341,0.0000,6.85558,8952.2
1422,128682.6781,127853.7440,828.9341,0.0000,6.85558,8958.3
1423,128682.6781,127853.7440,828.9341,0.0185,6.86231,8964.6
1424,128682.6781,127853.7440,828.9341,0.0000,6.86231,8971.5
1425,128682.6781,127853.7440,828.9341,0.0000,6.86231,8978.0
1426,128682.6781,127853.7440,828.9341,0.0000,6.86231,8984.2
1427,128682.6781,127853.7440,828.9341,0.0000,6.86231,8990.0
1428,128682.6781,127853.7440,828.9341,0.0000,6.86231,8996.3
1429,128682.6781,127853.7440,828.9341,0.0000,6.86231,9002.3
1430,128682.6781,127853.7440,828.9341,0.0000,6.86231,9009.0
1431,128682.6781,127853.7440,828.9341,0.0000,6.86231,9014.6
1432,128682.6781,127871.9881,810.6900,0.0185,6.90157,9020.8
1433,128682.6781,127871.9881,810.6900,0.0000,6.90157,9026.9
1434,128682.6781,127875.6840,806.9942,0.0370,6.98142,9033.6
1435,128682.6781,127875.6840,806.9942,0.0000,6.98142,9039.5
1436,128682.6781,127875.6840,806.9942,0.0185,6.97687,9045.6
1437,128682.6781,127875.6840,806.9942,0.0000,6.97687,9051.8
1438,128682.6781,127875.6840,806.9942,0.0185,6.97615,9058.2
1439,128682.6781,127875.6840,806.9942,0.0000,6.97615,9064.2
1440,128682.6781,127875.6840,806.9942,0.0000,6.97615,9070.2
1441,128682.6781,127875.6840,806.9942,0.0000,6.97615,9075.6
1442,128682.6781,127875.6840,806.9942,0.0000,6.97615,9082.4
1443,128682.6781,127875.6840,806.9942,0.0000,6.97615,9088.2
1444,128682.6781,127875.6840,806.9942,0.0556,6.95848,9094.0
1445,128682.6781,127875.6840,806.9942,0.0000,6.95848,9100.1
1446,128682.6781,127875.6840,806.9942,0.0000,6.95848,9106.4
1447,128682.6781,127875.6840,806.9942,0.0000,6.95848,9113.0
1448,128682.6781,127875.6840,806.9942,0.0185,6.94726,9119.1
1449,128682.6781,127880.6375,802.0406,0.0185,6.94641,9125.3
1450,128682.6781,127880.6375,802.0406,0.0000,6.94641,9131.5
1451,128682.6781,127880.6375,802.0406,0.0000,6.94641,9137.5
1452,128682.6781,127880.6375,802.0406,0.0000,6.94641,9144.4
1453,128682.6781,127880.6375,802.0406,0.0000,6.94641,9150.0
1454,128682.6781,127880.6375,802.0406,0.0185,6.93205,9155.9
1455,128682.6781,127880.6375,802.0406,0.0000,6.93205,9161.7
1456,128682.6781,127880.6375,802.0406,0.0000,6.93205,9168.4
1457,128682.6781,127880.6375,802.0406,0.0185,6.94111,9174.1
1458,128682.6781,127880.6375,802.0406,0.0185,6.94388,9180.9
1459,128682.6781,127880.6375,802.0406,0.0000,6.94388,9187.7
1460,128682.6781,127880.6375,802.0406,0.0185,6.94691,9194.0
1461,128682.6781,127880.6375,802.0406,0.0000,6.94691,9199.6
1462,128682.6781,127880.6375,802.0406,0.0000,6.94691,9206.1
1463,128682.6781,127888.2231,794.4550,0.0185,6.91669,9212.4
1464,128682.6781,127888.2231,794.4550,0.0000,6.91669,9218.5
1465,128682.6781,127888.2231,794.4550,0.0000,6.91669,9224.6
1466,128682.6781,127888.2231,794.4550,0.0000,6.91669,9231.4
1467,128682.6781,127888.2231,794.4550,0.0000,6.91669,9237.6
1468,128682.6781,127888.2231,794.4550,0.0185,6.92044,9243.8
1469,128682.6781,127888.2231,794.4550,0.0185,6.92311,9249.6
1470,128682.6781,127888.2231,794.4550,0.0000,6.92311,9256.2
1471,128682.6781,127888.2231,794.4550,0.0000,6.92311,9261.7
1472,128682.6781,127888.2231,794.4550,0.0000,6.92311,9267.7
1473,128682.6781,127888.2231,794.4550,0.0000,6.92311,9273.8
1474,128682.6781,127888.2231,794.4550,0.0185,6.82109,9279.6
1475,128682.6781,127888.2231,794.4550,0.0000,6.82109,9285.4
1476,128682.6781,127888.2231,794.4550,0.0185,6.77599,9292.0
1477,128682.6781,127888.2231,794.4550,0.0000,6.77599,9297.7
1478,128682.6781,127888.2231,794.4550,0.0000,6.77599,9303.4
1479,128682.6781,127888.2231,794.4550,0.0000,6.77599,9309.0
1480,128682.6781,127888.2231,794.4550,0.0000,6.77599,9315.3
1481,128682.6781,127911.3736,771.3045,0.0185,6.76572,9321.7
1482,128682.6781,127911.3736,771.3045,0.0000,6.76572,9328.1
1483,128682.6781,127911.3736,771.3045,0.0000,6.76572,9333.9
1484,128682.6781,127911.3736,771.3045,0.0000,6.76572,9340.5
1485,128682.6781,127911.3736,771.3045,0.0000,6.76572,9346.2
1486,128682.6781,127911.3736,771.3045,0.0000,6.76572,9352.5
1487,128682.6781,127911.3736,771.3045,0.0000,6.76572,9359.3
1488,128682.6781,127911.3736,771.3045,0.0000,6.76572,9365.0
1489,128682.6781,127911.3736,771.3045,0.0000,6.76572,9371.9
1490,128682.6781,127911.3736,771.3045,0.0185,6.79794,9377.9
1491,128682.6781,127911.3736,771.3045,0.0000,6.79794,9384.1
1492,128682.6781,127911.3736,771.3045,0.0185,6.78497,9390.9
1493,128682.6781,127911.3736,771.3045,0.0000,6.78497,9396.9
1494,128682.6781,127911.3736,771.3045,0.0000,6.78497,9403.0
1495,128682.6781,127911.3736,771.3045,0.0000,6.78497,9408.8
1496,128682.6781,127911.3736,771.3045,0.0000,6.78497,9414.6
1497,128682.6781,127911.3736,771.3045,0.0000,6.78497,9421.1
1498,128682.6781,127911.3736,771.3045,0.0000,6.78497,9426.5
1499,128682.6781,127928.2283,754.4498,0.0370,6.72638,9432.2
1500,128682.6781,127928.2283,754.4498,0.0000,6.72638,9438.4
1501,128682.6781,127928.2283,754.4498,0.0000,6.72638,9444.7
1502,128682.6781,127928.2283,754.4498,0.0000,6.72638,9451.3
1503,128682.6781,127928.2283,754.4498,0.0185,6.61874,9457.8
1504,128682.6781,127928.2283,754.4498,0.0000,6.61874,9463.4
1505,128682.6781,127928.2283,754.4498,0.0000,6.61874,9469.4
1506,128682.6781,127928.2283,754.4498,0.0000,6.61874,9475.3
1507,128682.6781,127928.2283,754.4498,0.0000,6.61874,9480.8
1508,128682.6781,127928.2283,754.4498,0.0185,6.60639,9487.0
1509,128682.6781,127928.2283,754.4498,0.0185,6.62306,9493.5
1510,128682.6781,127928.2283,754.4498,0.0185,6.62353,9500.0
1511,128682.6781,127928.2283,754.4498,0.0000,6.62353,9505.9
1512,128682.6781,127928.2283,754.4498,0.0000,6.62353,9512.5
1513,128682.6781,127928.2283,754.4498,0.0185,6.6235,9518.3
1514,128682.6781,127928.2283,754.4498,0.0000,6.6235,9524.7
1515,128682.6781,127928.2283,754.4498,0.0370,6.66693,9531.0
1516,128682.6781,127928.2283,754.4498,0.0185,6.69171,9537.4
1517,128682.6781,127928.2283,754.4498,0.0000,6.69171,9543.7
1518,128682.6781,127928.2283,754.4498,0.0000,6.69171,9550.7
1519,128682.6781,127928.2283,754.4498,0.0000,6.69171,9557.3
1520,128682.6781,127928.2283,754.4498,0.0000,6.69171,9563.8
1521,128682.6781,127928.2283,754.4498,0.0000,6.69171,9569.8
1522,128682.6781,127928.2283,754.4498,0.0000,6.69171,9575.8
1523,128682.6781,127928.2283,754.4498,0.0185,6.69559,9581.8
1524,128682.6781,127928.2283,754.4498,0.0185,6.70705,9588.2
1525,128682.6781,127928.2283,754.4498,0.0000,6.70705,9594.4
1526,128682.6781,127928.2283,754.4498,0.0000,6.70705,9601.5
1527,128682.6781,127928.2283,754.4498,0.0000,6.70705,9607.4
1528,128682.6781,127928.2283,754.4498,0.0000,6.70705,9613.7
1529,128682.6781,127928.2283,754.4498,0.0000,6.70705,9619.4
1530,128682.6781,127928.2283,754.4498,0.0000,6.70705,9626.1
1531,128682.6781,127928.2283,754.4498,0.0185,6.70545,9631.9
1532,128682.6781,127928.2283,754.4498,0.0000,6.70545,9638.0
1533,128682.6781,127932.9910,749.6871,0.0185,6.72949,9644.1
1534,128682.6781,127932.9910,749.6871,0.0000,6.72949,9650.3
1535,128682.6781,127932.9910,749.6871,0.0000,6.72949,9656.3
1536,128682.6781,127932.9910,749.6871,0.0000,6.72949,9662.9
1537,128682.6781,127932.9910,749.6871,0.0000,6.72949,9669.2
1538,128682.6781,127932.9910,749.6871,0.0185,6.7498,9675.6
1539,128682.6781,127932.9910,749.6871,0.0000,6.7498,9681.6
1540,128682.6781,127932.9910,749.6871,0.0000,6.7498,9688.3
1541,128682.6781,127932.9910,749.6871,0.0000,6.7498,9694.6
1542,128682.6781,127932.9910,749.6871,0.0000,6.7498,9701.2
1543,128682.6781,127932.9910,749.6871,0.0185,6.74619,9707.9
1544,128682.6781,127932.9910,749.6871,0.0000,6.74619,9713.5
1545,128682.6781,127932.9910,749.6871,0.0000,6.74619,9719.5
1546,128682.6781,127932.9910,749.6871,0.0000,6.74619,9726.2
1547,128682.6781,127932.9910,749.6871,0.0000,6.74619,9732.1
1548,128682.6781,127932.9910,749.6871,0.0000,6.74619,9738.7
1549,128682.6781,127932.9910,749.6871,0.0000,6.74619,9745.6
1550,128682.6781,127932.9910,749.6871,0.0000,6.74619,9752.4
1551,128682.6781,127932.9910,749.6871,0.0000,6.74619,9758.9
1552,128682.6781,127932.9910,749.6871,0.0000,6.74619,9765.2
1553,128682.6781,127932.9910,749.6871,0.0000,6.74619,9771.4
1554,128682.6781,127932.9910,749.6871,0.0370,6.7515,9778.1
1555,128682.6781,127932.9910,749.6871,0.0000,6.7515,9784.2
1556,128682.6781,127932.9910,749.6871,0.0000,6.7515,9790.3
1557,128682.6781,127932.9910,749.6871,0.0000,6.7515,9796.6
1558,128682.6781,127932.9910,749.6871,0.0000,6.7515,9802.7
1559,128682.6781,127932.9910,749.6871,0.0000,6.7515,9809.3
1560,128682.6781,127932.9910,749.6871,0.0000,6.7515,9815.4
1561,128682.6781,127932.9910,749.6871,0.0000,6.7515,9822.1
1562,128682.6781,127932.9910,749.6871,0.0000,6.7515,9828.4
1563,128682.6781,127932.9910,749.6871,0.0000,6.7515,9834.8
1564,128682.6781,127932.9910,749.6871,0.0000,6.7515,9841.0
1565,128682.6781,127944.6983,737.9799,0.0185,6.7789,9846.8
1566,128682.6781,127944.6983,737.9799,0.0000,6.7789,9853.1
1567,128682.6781,127944.6983,737.9799,0.0185,6.75873,9859.2
1568,128682.6781,127944.6983,737.9799,0.0000,6.75873,9866.1
1569,128682.6781,127944.6983,737.9799,0.0000,6.75873,9871.4
1570,128682.6781,127944.6983,737.9799,0.0000,6.75873,9877.7
1571,128682.6781,127944.6983,737.9799,0.0000,6.75873,9883.7
1572,128682.6781,127944.6983,737.9799,0.0185,6.80077,9890.2
1573,128682.6781,127944.6983,737.9799,0.0000,6.80077,9896.2
1574,128682.6781,127944.6983,737.9799,0.0000,6.80077,9902.5
1575,128682.6781,127944.6983,737.9799,0.0000,6.80077,9908.1
1576,128682.6781,127944.6983,737.9799,0.0000,6.80077,9914.3
1577,128682.6781,127944.6983,737.9799,0.0000,6.80077,9920.6
1578,128682.6781,127944.6983,737.9799,0.0000,6.80077,9926.4
1579,128682.6781,127944.6983,737.9799,0.0185,6.82563,9932.9
1580,128682.6781,127944.6983,737.9799,0.0000,6.82563,9939.0
1581,128682.6781,127944.6983,737.9799,0.0000,6.82563,9945.0
1582,128682.6781,127944.6983,737.9799,0.0000,6.82563,9951.3
1583,128682.6781,127944.6983,737.9799,0.0000,6.82563,9957.5
1584,128682.6781,127944.6983,737.9799,0.0185,6.84524,9963.5
1585,128682.6781,127944.6983,737.9799,0.0000,6.84524,9969.5
1586,128682.6781,127944.6983,737.9799,0.0370,6.85115,9975.7
1587,128682.6781,127944.6983,737.9799,0.0000,6.85115,9981.9
1588,128682.6781,127944.6983,737.9799,0.0185,6.84919,9988.2
1589,128943.6578,127944.6983,998.9596,0.0370,6.79594,9995.0
1590,128943.6578,127944.6983,998.9596,0.0185,6.79435,10001.2
1591,128943.6578,127944.6983,998.9596,0.0000,6.79435,10007.8
1592,128943.6578,127944.6983,998.9596,0.0000,6.79435,10014.2
1593,128943.6578,127944.6983,998.9596,0.0000,6.79435,10020.2
1594,128943.6578,127944.6983,998.9596,0.0000,6.79435,10025.6
1595,128943.6578,127944.6983,998.9596,0.0000,6.79435,10032.4
1596,128943.6578,127944.6983,998.9596,0.0000,6.79435,10038.7
1597,128943.6578,127944.6983,998.9596,0.0185,6.80215,10044.9
1598,128943.6578,127944.6983,998.9596,0.0000,6.80215,10051.7
1599,128943.6578,127944.6983,998.9596,0.0000,6.80215,10057.9
1600,128943.6578,127944.6983,998.9596,0.0000,6.80215,10063.9
1601,128943.6578,127944.6983,998.9596,0.0000,6.80215,10070.0
1602,128943.6578,127944.6983,998.9596,0.0000,6.80215,10076.3
1603,128943.6578,127944.6983,998.9596,0.0000,6.80215,10083.1
1604,128943.6578,127944.6983,998.9596,0.0000,6.80215,10088.8
1605,128943.6578,127944.6983,998.9596,0.0000,6.80215,10095.4
1606,128943.6578,127944.6983,998.9596,0.0000,6.80215,10101.4
1607,128943.6578,127944.6983,998.9596,0.0000,6.80215,10107.4
1608,128943.6578,127944.6983,998.9596,0.0185,6.79175,10113.6
1609,128943.6578,127944.6983,998.9596,0.0000,6.79175,10119.8
1610,128943.6578,127944.6983,998.9596,0.0000,6.79175,10126.0
1611,128943.6578,127944.6983,998.9596,0.0000,6.79175,10132.0
1612,128943.6578,127944.6983,998.9596,0.0000,6.79175,10138.0
1613,128943.6578,127944.6983,998.9596,0.0000,6.79175,10144.7
1614,128943.6578,127944.6983,998.9596,0.0000,6.79175,10151.0
1615,128943.6578,127944.6983,998.9596,0.0000,6.79175,10157.5
1616,128943.6578,127944.6983,998.9596,0.0000,6.79175,10164.0
1617,128943.6578,127944.6983,998.9596,0.0185,6.79436,10170.1
1618,128943.6578,127944.6983,998.9596,0.0000,6.79436,10176.0
1619,128943.6578,127944.6983,998.9596,0.0000,6.79436,10181.5
1620,128943.6578,127944.6983,998.9596,0.0000,6.79436,10187.0
1621,128943.6578,127944.6983,998.9596,0.0000,6.79436,10193.7
1622,128943.6578,127944.6983,998.9596,0.0000,6.79436,10200.1
1623,128943.6578,127944.6983,998.9596,0.0185,6.79088,10206.2
1624,128943.6578,127944.6983,998.9596,0.0185,6.8024,10212.2
1625,128943.6578,127944.6983,998.9596,0.0185,6.80735,10218.3
1626,128943.6578,127944.6983,998.9596,0.0000,6.80735,10224.7
1627,128943.6578,127944.6983,998.9596,0.0000,6.80735,10231.3
1628,128943.6578,127944.6983,998.9596,0.0000,6.80735,10237.7
1629,128943.6578,127944.6983,998.9596,0.0000,6.80735,10244.1
1630,128943.6578,127944.6983,998.9596,0.0000,6.80735,10249.7
1631,128943.6578,127944.6983,998.9596,0.0000,6.80735,10255.7
1632,128943.6578,127944.6983,998.9596,0.0000,6.80735,10262.2
1633,128943.6578,127944.6983,998.9596,0.0185,6.79763,10268.4
1634,128943.6578,127944.6983,998.9596,0.0000,6.79763,10275.4
1635,128943.6578,127944.6983,998.9596,0.0000,6.79763,10282.1
1636,128943.6578,127944.6983,998.9596,0.0000,6.79763,10288.4
1637,128943.6578,127944.6983,998.9596,0.0000,6.79763,10295.1
1638,128943.6578,127944.6983,998.9596,0.0000,6.79763,10301.3
1639,128943.6578,127944.6983,998.9596,0.0000,6.79763,10307.3
1640,128943.6578,127944.6983,998.9596,0.0000,6.79763,10313.8
1641,128943.6578,127944.6983,998.9596,0.0000,6.79763,10320.8
1642,128943.6578,127944.6983,998.9596,0.0000,6.79763,10327.1
1643,128943.6578,127944.6983,998.9596,0.0185,6.80544,10333.3
1644,128943.6578,127944.6983,998.9596,0.0000,6.80544,10339.9
1645,128943.6578,127944.6983,998.9596,0.0000,6.80544,10345.9
1646,128943.6578,127944.6983,998.9596,0.0185,6.81897,10352.2
1647,128943.6578,127944.6983,998.9596,0.0000,6.81897,10358.7
1648,128943.6578,127944.6983,998.9596,0.0000,6.81897,10364.5
1649,128943.6578,127944.6983,998.9596,0.0000,6.81897,10370.7
1650,128943.6578,127944.6983,998.9596,0.0000,6.81897,10376.2
1651,128943.6578,127944.6983,998.9596,0.0000,6.81897,10381.8
1652,128943.6578,127944.6983,998.9596,0.0000,6.81897,10388.1
1653,128943.6578,127944.6983,998.9596,0.0000,6.81897,10394.8
1654,128943.6578,127944.6983,998.9596,0.0000,6.81897,10400.4
1655,128943.6578,127944.6983,998.9596,0.0000,6.81897,10407.1
1656,128943.6578,127944.6983,998.9596,0.0185,6.8131,10413.3
1657,128943.6578,127944.6983,998.9596,0.0185,6.81297,10419.9
1658,128943.6578,127955.0261,988.6317,0.0370,6.75503,10425.9
1659,128943.6578,127955.0261,988.6317,0.0000,6.75503,10431.8
1660,128943.6578,127969.6988,973.9590,0.0185,6.75622,10438.1
1661,128943.6578,127969.6988,973.9590,0.0000,6.75622,10443.8
1662,128943.6578,127969.6988,973.9590,0.0185,6.74583,10450.4
1663,128943.6578,127969.6988,973.9590,0.0000,6.74583,10456.4
1664,128943.6578,127969.6988,973.9590,0.0000,6.74583,10462.4
1665,128943.6578,127969.6988,973.9590,0.0000,6.74583,10468.5
1666,128943.6578,127969.6988,973.9590,0.0185,6.75187,10475.2
1667,128943.6578,127969.6988,973.9590,0.0000,6.75187,10481.5
1668,128943.6578,127969.6988,973.9590,0.0000,6.75187,10488.5
1669,128943.6578,127969.6988,973.9590,0.0000,6.75187,10494.9
1670,128943.6578,127969.6988,973.9590,0.0185,6.74078,10501.5
1671,128943.6578,127969.6988,973.9590,0.0185,6.74454,10508.2
1672,128943.6578,127969.6988,973.9590,0.0000,6.74454,10514.9
1673,128943.6578,127969.6988,973.9590,0.0000,6.74454,10521.3
1674,128943.6578,127969.6988,973.9590,0.0000,6.74454,10527.5
1675,128943.6578,127969.6988,973.9590,0.0000,6.74454,10533.9
1676,128943.6578,127969.6988,973.9590,0.0000,6.74454,10540.0
1677,128943.6578,127969.6988,973.9590,0.0000,6.74454,10546.2
1678,128943.6578,127969.6988,973.9590,0.0000,6.74454,10553.0
1679,128943.6578,127969.6988,973.9590,0.0000,6.74454,10559.0
1680,128943.6578,127969.6988,973.9590,0.0000,6.74454,10564.9
1681,128943.6578,127969.6988,973.9590,0.0185,6.73782,10570.6
1682,128943.6578,127969.6988,973.9590,0.0000,6.73782,10577.3
1683,128943.6578,127969.6988,973.9590,0.0000,6.73782,10583.6
1684,128943.6578,127969.6988,973.9590,0.0000,6.73782,10589.3
1685,128943.6578,127969.6988,973.9590,0.0000,6.73782,10595.9
1686,128943.6578,127969.6988,973.9590,0.0000,6.73782,10602.5
1687,128943.6578,127969.6988,973.9590,0.0000,6.73782,10608.6
1688,128943.6578,127969.6988,973.9590,0.0185,6.74882,10615.1
1689,128943.6578,127969.6988,973.9590,0.0000,6.74882,10621.3
1690,128943.6578,127969.6988,973.9590,0.0000,6.74882,10627.6
1691,128943.6578,127969.6988,973.9590,0.0000,6.74882,10633.7
1692,128943.6578,127969.6988,973.9590,0.0185,6.76723,10639.8
1693,128943.6578,127969.6988,973.9590,0.0000,6.76723,10646.2
1694,128943.6578,127969.6988,973.9590,0.0000,6.76723,10652.6
1695,128943.6578,127969.6988,973.9590,0.0000,6.76723,10658.6
1696,128943.6578,127969.6988,973.9590,0.0000,6.76723,10664.7
1697,128943.6578,127969.6988,973.9590,0.0000,6.76723,10670.7
1698,128943.6578,127998.5240,945.1338,0.0185,6.7823,10677.3
1699,128943.6578,127998.5240,945.1338,0.0000,6.7823,10683.5
1700,128943.6578,127998.5240,945.1338,0.0000,6.7823,10690.7
1701,128943.6578,127998.5240,945.1338,0.0185,6.75388,10697.0
1702,128943.6578,127998.5240,945.1338,0.0000,6.75388,10702.5
1703,128943.6578,127998.5240,945.1338,0.0000,6.75388,10708.2
1704,128943.6578,127998.5240,945.1338,0.0000,6.75388,10714.0
1705,128943.6578,127998.5240,945.1338,0.0000,6.75388,10720.7
1706,128943.6578,127998.5240,945.1338,0.0000,6.75388,10726.9
1707,128943.6578,127998.5240,945.1338,0.0185,6.76266,10732.9
1708,128943.6578,127998.5240,945.1338,0.0000,6.76266,10739.4
1709,128943.6578,127998.5240,945.1338,0.0000,6.76266,10745.6
1710,128943.6578,127998.5240,945.1338,0.0000,6.76266,10751.2
1711,128943.6578,127998.5240,945.1338,0.0000,6.76266,10758.2
1712,128943.6578,127998.5240,945.1338,0.0000,6.76266,10764.5
1713,128943.6578,127998.5240,945.1338,0.0000,6.76266,10770.7
1714,128943.6578,127998.5240,945.1338,0.0000,6.76266,10777.2
1715,128943.6578,127998.5240,945.1338,0.0000,6.76266,10783.6
1716,128943.6578,127998.5240,945.1338,0.0000,6.76266,10789.8
1717,128943.6578,127998.5240,945.1338,0.0000,6.76266,10796.5
1718,128943.6578,127998.5240,945.1338,0.0185,6.75082,10803.3
1719,128943.6578,127998.5240,945.1338,0.0185,6.73423,10810.2
1720,128943.6578,127998.5240,945.1338,0.0185,6.75476,10815.9
1721,128943.6578,127998.5240,945.1338,0.0000,6.75476,10822.6
1722,128943.6578,127998.5240,945.1338,0.0000,6.75476,10829.7
1723,128943.6578,127998.5240,945.1338,0.0000,6.75476,10836.2
1724,128943.6578,127998.5240,945.1338,0.0000,6.75476,10842.0
1725,128943.6578,127998.5240,945.1338,0.0000,6.75476,10848.8
1726,128943.6578,127998.5240,945.1338,0.0000,6.75476,10855.4
1727,128943.6578,127998.5240,945.1338,0.0000,6.75476,10862.4
1728,128943.6578,127998.5240,945.1338,0.0185,6.75847,10868.6
1729,128943.6578,127998.5240,945.1338,0.0000,6.75847,10874.8
1730,128943.6578,127998.5240,945.1338,0.0000,6.75847,10881.8
1731,128943.6578,127998.5240,945.1338,0.0000,6.75847,10887.9
1732,128943.6578,127998.5240,945.1338,0.0000,6.75847,10894.1
1733,128943.6578,127998.5240,945.1338,0.0185,6.81034,10900.3
1734,128943.6578,127998.5240,945.1338,0.0000,6.81034,10906.8
1735,128943.6578,127998.5240,945.1338,0.0000,6.81034,10912.9
1736,128943.6578,127998.5240,945.1338,0.0000,6.81034,10919.1
1737,128943.6578,127998.5240,945.1338,0.0000,6.81034,10925.6
1738,128943.6578,127998.5240,945.1338,0.0000,6.81034,10931.4
1739,128943.6578,127998.5240,945.1338,0.0000,6.81034,10937.7
1740,128943.6578,127998.5240,945.1338,0.0185,6.8057,10944.3
1741,128943.6578,127998.5240,945.1338,0.0000,6.8057,10950.6
1742,128943.6578,127998.5240,945.1338,0.0185,6.83483,10957.3
1743,128943.6578,127998.5240,945.1338,0.0000,6.83483,10963.8
1744,128943.6578,127998.5240,945.1338,0.0000,6.83483,10969.7
1745,128943.6578,127998.5240,945.1338,0.0000,6.83483,10976.0
1746,128943.6578,127998.5240,945.1338,0.0000,6.83483,10982.1
1747,128943.6578,127998.5240,945.1338,0.0000,6.83483,10987.8
1748,128943.6578,127998.5240,945.1338,0.0000,6.83483,10993.8
1749,128943.6578,127998.5240,945.1338,0.0000,6.83483,10999.9
1750,128943.6578,127998.5240,945.1338,0.0000,6.83483,11006.2
1751,128943.6578,127998.5240,945.1338,0.0000,6.83483,11012.9
1752,128943.6578,127998.5240,945.1338,0.0185,6.85072,11019.3
1753,128943.6578,127998.5240,945.1338,0.0000,6.85072,11025.4
1754,128943.6578,127998.5240,945.1338,0.0000,6.85072,11031.3
1755,128943.6578,127998.5240,945.1338,0.0000,6.85072,11037.7
1756,128943.6578,127998.5240,945.1338,0.0000,6.85072,11043.8
1757,128943.6578,127998.5240,945.1338,0.0000,6.85072,11051.3
1758,128943.6578,127998.5240,945.1338,0.0000,6.85072,11056.9
1759,128943.6578,127998.5240,945.1338,0.0185,6.9256,11062.6
1760,128943.6578,127998.5240,945.1338,0.0000,6.9256,11068.6
1761,128943.6578,127998.5240,945.1338,0.0185,6.92791,11074.1
1762,128943.6578,127998.5240,945.1338,0.0000,6.92791,11080.5
1763,128943.6578,127998.5240,945.1338,0.0000,6.92791,11086.8
1764,128943.6578,127998.5240,945.1338,0.0185,6.96609,11092.3
1765,128943.6578,127998.5240,945.1338,0.0000,6.96609,11098.8
1766,128943.6578,127998.5240,945.1338,0.0000,6.96609,11105.1
1767,128943.6578,127998.5240,945.1338,0.0000,6.96609,11112.2
1768,128943.6578,127998.5240,945.1338,0.0000,6.96609,11118.5
1769,128943.6578,127998.5240,945.1338,0.0000,6.96609,11124.9
1770,128943.6578,127998.5240,945.1338,0.0000,6.96609,11131.3
1771,128943.6578,127998.5240,945.1338,0.0000,6.96609,11137.6
1772,128943.6578,127998.5240,945.1338,0.0000,6.96609,11143.4
1773,128943.6578,127998.5240,945.1338,0.0000,6.96609,11149.4
1774,128943.6578,127998.5240,945.1338,0.0000,6.96609,11156.1
1775,128943.6578,127998.5240,945.1338,0.0000,6.96609,11162.3
1776,128943.6578,127998.5240,945.1338,0.0000,6.96609,11168.4
1777,128943.6578,127998.5240,945.1338,0.0185,6.96752,11175.3
1778,128943.6578,127998.5240,945.1338,0.0000,6.96752,11182.3
1779,128943.6578,127998.5240,945.1338,0.0185,6.95708,11188.8
1780,128943.6578,127999.9050,943.7529,0.0185,6.9681,11194.6
1781,128943.6578,127999.9050,943.7529,0.0000,6.9681,11201.0
1782,128943.6578,127999.9050,943.7529,0.0185,6.96963,11207.4
1783,128943.6578,127999.9050,943.7529,0.0000,6.96963,11214.2
1784,128943.6578,127999.9050,943.7529,0.0000,6.96963,11220.3
1785,128943.6578,127999.9050,943.7529,0.0000,6.96963,11226.8
1786,128943.6578,127999.9050,943.7529,0.0000,6.96963,11233.7
1787,128943.6578,127999.9050,943.7529,0.0000,6.96963,11240.1
1788,128943.6578,127999.9050,943.7529,0.0000,6.96963,11246.3
1789,128943.6578,127999.9050,943.7529,0.0000,6.96963,11253.3
1790,128943.6578,127999.9050,943.7529,0.0000,6.96963,11258.9
1791,128943.6578,127999.9050,943.7529,0.0000,6.96963,11265.8
1792,128943.6578,127999.9050,943.7529,0.0000,6.96963,11272.1
1793,128943.6578,127999.9050,943.7529,0.0000,6.96963,11278.6
1794,128943.6578,127999.9050,943.7529,0.0000,6.96963,11284.4
1795,128943.6578,128001.3012,942.3566,0.0370,6.98409,11290.8
1796,128943.6578,128001.3012,942.3566,0.0000,6.98409,11296.7
1797,128943.6578,128001.3012,942.3566,0.0000,6.98409,11302.9
1798,128943.6578,128001.3012,942.3566,0.0000,6.98409,11309.5
1799,128943.6578,128001.3012,942.3566,0.0000,6.98409,11315.9
1800,128943.6578,128001.3012,942.3566,0.0000,6.98409,11322.2
1801,128943.6578,128001.3012,942.3566,0.0000,6.98409,11329.0
1802,128943.6578,128001.3012,942.3566,0.0000,6.98409,11334.7
1803,128943.6578,128001.3012,942.3566,0.0000,6.98409,11340.7
1804,128943.6578,128001.3012,942.3566,0.0000,6.98409,11347.0
1805,128943.6578,128001.3012,942.3566,0.0185,7.00577,11353.3
1806,128943.6578,128001.3012,942.3566,0.0000,7.00577,11359.5
1807,128943.6578,128001.3012,942.3566,0.0000,7.00577,11365.3
1808,128943.6578,128001.3012,942.3566,0.0000,7.00577,11372.6
1809,128943.6578,128001.3012,942.3566,0.0000,7.00577,11378.5
1810,128943.6578,128001.3012,942.3566,0.0000,7.00577,11384.5
1811,128943.6578,128001.3012,942.3566,0.0000,7.00577,11391.0
1812,128943.6578,128001.3012,942.3566,0.0000,7.00577,11397.3
1813,128943.6578,128001.3012,942.3566,0.0000,7.00577,11403.3
1814,128943.6578,128001.3012,942.3566,0.0000,7.00577,11409.7
1815,128943.6578,128001.3012,942.3566,0.0000,7.00577,11415.7
1816,128943.6578,128001.3012,942.3566,0.0000,7.00577,11422.0
1817,128943.6578,128001.3012,942.3566,0.0000,7.00577,11429.1
1818,128943.6578,128001.3012,942.3566,0.0000,7.00577,11436.6
1819,128943.6578,128001.3012,942.3566,0.0000,7.00577,11442.5
1820,128943.6578,128001.3012,942.3566,0.0185,7.0075,11449.4
1821,128943.6578,128001.3012,942.3566,0.0000,7.0075,11455.9
1822,128943.6578,128001.3012,942.3566,0.0000,7.0075,11463.1
1823,128943.6578,128001.3012,942.3566,0.0000,7.0075,11469.5
1824,128943.6578,128001.3012,942.3566,0.0000,7.0075,11475.0
1825,128943.6578,128001.3012,942.3566,0.0000,7.0075,11481.6
1826,128943.6578,128001.3012,942.3566,0.0000,7.0075,11487.9
1827,128943.6578,128001.3012,942.3566,0.0000,7.0075,11494.9
1828,128943.6578,128001.3012,942.3566,0.0000,7.0075,11501.5
1829,128943.6578,128001.3012,942.3566,0.0000,7.0075,11507.7
1830,128943.6578,128001.3012,942.3566,0.0000,7.0075,11514.7
1831,128943.6578,128001.3012,942.3566,0.0000,7.0075,11521.2
1832,128943.6578,128001.3012,942.3566,0.0000,7.0075,11527.1
1833,128943.6578,128001.3012,942.3566,0.0000,7.0075,11534.0
1834,128943.6578,128001.3012,942.3566,0.0000,7.0075,11540.3
1835,128943.6578,128001.3012,942.3566,0.0000,7.0075,11546.7
1836,128943.6578,128001.3012,942.3566,0.0000,7.0075,11553.0
1837,128943.6578,128001.3012,942.3566,0.0000,7.0075,11560.0
1838,128943.6578,128001.3012,942.3566,0.0000,7.0075,11566.4
1839,128943.6578,128001.3012,942.3566,0.0185,7.05004,11572.7
1840,128943.6578,128001.3012,942.3566,0.0000,7.05004,11578.8
1841,128943.6578,128001.3012,942.3566,0.0000,7.05004,11584.6
1842,128943.6578,128001.3012,942.3566,0.0000,7.05004,11591.9
1843,128943.6578,128001.3012,942.3566,0.0000,7.05004,11598.1
1844,128943.6578,128001.3012,942.3566,0.0000,7.05004,11604.2
1845,128943.6578,128001.3012,942.3566,0.0000,7.05004,11610.9
1846,128943.6578,128001.3012,942.3566,0.0000,7.05004,11617.2
1847,128943.6578,128001.3012,942.3566,0.0000,7.05004,11623.2
1848,128943.6578,128001.3012,942.3566,0.0000,7.05004,11630.1
1849,128943.6578,128001.3012,942.3566,0.0000,7.05004,11636.1
1850,128943.6578,128001.3012,942.3566,0.0185,7.05341,11642.5
1851,128943.6578,128001.3012,942.3566,0.0000,7.05341,11649.1
1852,128943.6578,128001.3012,942.3566,0.0000,7.05341,11654.9
1853,128943.6578,128001.3012,942.3566,0.0185,7.08048,11661.6
1854,128943.6578,128001.3012,942.3566,0.0000,7.08048,11667.4
1855,128943.6578,128001.3012,942.3566,0.0000,7.08048,11673.6
1856,128943.6578,128001.3012,942.3566,0.0000,7.08048,11680.0
1857,128943.6578,128001.3012,942.3566,0.0000,7.08048,11686.7
1858,128943.6578,128001.3012,942.3566,0.0000,7.08048,11693.8
1859,128943.6578,128001.3012,942.3566,0.0000,7.08048,11699.8
1860,128943.6578,128001.3012,942.3566,0.0000,7.08048,11705.6
1861,128943.6578,128001.3012,942.3566,0.0000,7.08048,11712.5
1862,128943.6578,128001.3012,942.3566,0.0000,7.08048,11719.0
1863,128943.6578,128001.3012,942.3566,0.0000,7.08048,11725.5
1864,128943.6578,128001.3012,942.3566,0.0185,7.07662,11731.8
1865,128943.6578,128001.3012,942.3566,0.0000,7.07662,11738.1
1866,128943.6578,128001.3012,942.3566,0.0000,7.07662,11744.5
1867,128943.6578,128001.3012,942.3566,0.0185,7.07569,11750.4
1868,128943.6578,128001.3012,942.3566,0.0000,7.07569,11757.0
1869,128943.6578,128001.3012,942.3566,0.0000,7.07569,11762.9
1870,128943.6578,128001.3012,942.3566,0.0000,7.07569,11769.5
1871,128943.6578,128001.3012,942.3566,0.0000,7.07569,11775.5
1872,128943.6578,128001.3012,942.3566,0.0000,7.07569,11782.6
1873,128943.6578,128001.3012,942.3566,0.0000,7.07569,11788.6
1874,128943.6578,128001.3012,942.3566,0.0000,7.07569,11794.7
1875,128943.6578,128001.3012,942.3566,0.0000,7.07569,11801.2
1876,128943.6578,128001.3012,942.3566,0.0000,7.07569,11807.9
1877,128943.6578,128001.3012,942.3566,0.0185,7.07425,11813.9
1878,128943.6578,128001.3012,942.3566,0.0000,7.07425,11820.2
1879,128943.6578,128001.3012,942.3566,0.0000,7.07425,11826.9
1880,128943.6578,128001.3012,942.3566,0.0000,7.07425,11833.4
1881,128943.6578,128001.3012,942.3566,0.0000,7.07425,11840.0
1882,128943.6578,128001.3012,942.3566,0.0000,7.07425,11846.4
1883,128943.6578,128001.3012,942.3566,0.0185,7.09627,11853.1
1884,128943.6578,128001.3012,942.3566,0.0000,7.09627,11859.1
1885,128943.6578,128001.3012,942.3566,0.0000,7.09627,11865.3
1886,128943.6578,128001.3012,942.3566,0.0000,7.09627,11871.9
1887,128943.6578,128001.3012,942.3566,0.0000,7.09627,11879.0
1888,128943.6578,128001.3012,942.3566,0.0000,7.09627,11884.6
1889,128943.6578,128001.3012,942.3566,0.0000,7.09627,11890.7
1890,128943.6578,128001.3012,942.3566,0.0000,7.09627,11896.7
1891,128943.6578,128001.3012,942.3566,0.0185,7.08405,11903.3
1892,128943.6578,128001.3012,942.3566,0.0000,7.08405,11910.1
1893,128943.6578,128001.3012,942.3566,0.0000,7.08405,11916.7
1894,128943.6578,128001.3012,942.3566,0.0000,7.08405,11922.5
1895,128943.6578,128001.3012,942.3566,0.0000,7.08405,11928.9
1896,128943.6578,128001.3012,942.3566,0.0000,7.08405,11935.9
1897,128943.6578,128001.3012,942.3566,0.0000,7.08405,11942.1
1898,128943.6578,128001.3012,942.3566,0.0185,7.08434,11948.6
1899,128943.6578,128001.3012,942.3566,0.0185,7.08687,11954.7
1900,128943.6578,128001.3012,942.3566,0.0000,7.08687,11961.2
1901,128943.6578,128001.3012,942.3566,0.0000,7.08687,11967.4
1902,128943.6578,128001.3012,942.3566,0.0000,7.08687,11974.3
1903,128943.6578,128001.3012,942.3566,0.0000,7.08687,11980.3
1904,128943.6578,128001.3012,942.3566,0.0185,7.0635,11986.8
1905,128943.6578,128001.3012,942.3566,0.0000,7.0635,11992.8
1906,128943.6578,128001.3012,942.3566,0.0000,7.0635,11998.3
1907,128943.6578,128001.3012,942.3566,0.0185,7.06614,12004.3
1908,128943.6578,128001.3012,942.3566,0.0000,7.06614,12011.3
1909,128943.6578,128001.3012,942.3566,0.0000,7.06614,12017.3
1910,128943.6578,128001.3012,942.3566,0.0185,7.0612,12023.3
1911,128943.6578,128001.3012,942.3566,0.0000,7.0612,12030.0
1912,128943.6578,128001.3012,942.3566,0.0000,7.0612,12036.2
1913,128943.6578,128001.3012,942.3566,0.0000,7.0612,12042.4
1914,128943.6578,128001.3012,942.3566,0.0000,7.0612,12048.6
1915,128943.6578,128001.3012,942.3566,0.0185,7.08224,12054.6
1916,128943.6578,128001.3012,942.3566,0.0000,7.08224,12061.3
1917,128943.6578,128001.3012,942.3566,0.0000,7.08224,12067.7
1918,128943.6578,128001.3012,942.3566,0.0000,7.08224,12074.4
1919,128943.6578,128001.3012,942.3566,0.0000,7.08224,12080.5
1920,128943.6578,128001.3012,942.3566,0.0000,7.08224,12087.2
1921,128943.6578,128001.3012,942.3566,0.0000,7.08224,12094.2
1922,128943.6578,128001.3012,942.3566,0.0000,7.08224,12100.4
1923,128943.6578,128001.3012,942.3566,0.0000,7.08224,12107.3
1924,128943.6578,128001.3012,942.3566,0.0000,7.08224,12113.5
1925,128943.6578,128001.3012,942.3566,0.0185,7.14042,12119.7
1926,128943.6578,128001.3012,942.3566,0.0185,7.1513,12126.3
1927,128943.6578,128001.3012,942.3566,0.0000,7.1513,12133.0
1928,128943.6578,128001.3012,942.3566,0.0000,7.1513,12138.5
1929,128943.6578,128001.3012,942.3566,0.0000,7.1513,12145.2
1930,128943.6578,128001.3012,942.3566,0.0000,7.1513,12151.0
1931,128943.6578,128001.3012,942.3566,0.0000,7.1513,12157.4
1932,128943.6578,128001.3012,942.3566,0.0000,7.1513,12164.0
1933,128943.6578,128001.3012,942.3566,0.0000,7.1513,12170.3
1934,128943.6578,128001.3012,942.3566,0.0000,7.1513,12177.4
1935,128943.6578,128001.3012,942.3566,0.0000,7.1513,12184.5
1936,128943.6578,128001.3012,942.3566,0.0000,7.1513,12190.9
1937,128943.6578,128001.3012,942.3566,0.0000,7.1513,12197.3
1938,128943.6578,128001.3012,942.3566,0.0000,7.1513,12203.8
1939,128943.6578,128001.3012,942.3566,0.0000,7.1513,12209.6
1940,128943.6578,128001.3012,942.3566,0.0000,7.1513,12215.5
1941,128943.6578,128001.3012,942.3566,0.0000,7.1513,12221.8
1942,128943.6578,128001.3012,942.3566,0.0000,7.1513,12227.8
1943,128943.6578,128001.3012,942.3566,0.0000,7.1513,12233.8
1944,128943.6578,128001.3012,942.3566,0.0000,7.1513,12240.2
1945,128943.6578,128001.3012,942.3566,0.0000,7.1513,12247.0
1946,128943.6578,128001.3012,942.3566,0.0000,7.1513,12253.3
1947,128943.6578,128001.3012,942.3566,0.0185,7.19104,12259.2
1948,128943.6578,128001.3012,942.3566,0.0000,7.19104,12265.6
1949,128943.6578,128001.3012,942.3566,0.0000,7.19104,12271.4
1950,128943.6578,128001.3012,942.3566,0.0000,7.19104,12278.0
1951,128943.6578,128001.3012,942.3566,0.0000,7.19104,12284.2
1952,128943.6578,128001.3012,942.3566,0.0000,7.19104,12290.6
1953,128943.6578,128001.3012,942.3566,0.0000,7.19104,12296.8
1954,128943.6578,128001.3012,942.3566,0.0000,7.19104,12303.2
1955,128943.6578,128001.3012,942.3566,0.0000,7.19104,12309.2
1956,128943.6578,128001.3012,942.3566,0.0000,7.19104,12315.4
1957,128943.6578,128001.3012,942.3566,0.0000,7.19104,12322.3
1958,128943.6578,128001.3012,942.3566,0.0000,7.19104,12329.3
1959,128943.6578,128001.3012,942.3566,0.0000,7.19104,12335.3
1960,128943.6578,128001.3012,942.3566,0.0000,7.19104,12340.7
1961,128943.6578,128001.3012,942.3566,0.0000,7.19104,12346.6
1962,128943.6578,128001.3012,942.3566,0.0000,7.19104,12352.5
1963,128943.6578,128001.3012,942.3566,0.0000,7.19104,12358.9
1964,128943.6578,128001.3012,942.3566,0.0185,7.1465,12365.1
1965,128943.6578,128001.3012,942.3566,0.0000,7.1465,12371.6
1966,128943.6578,128001.3012,942.3566,0.0000,7.1465,12377.2
1967,128943.6578,128001.3012,942.3566,0.0000,7.1465,12384.1
1968,128943.6578,128001.3012,942.3566,0.0185,7.12504,12389.8
1969,128943.6578,128001.3012,942.3566,0.0000,7.12504,12396.3
1970,128943.6578,128001.3012,942.3566,0.0000,7.12504,12402.8
1971,128943.6578,128001.3012,942.3566,0.0185,7.13547,12409.2
1972,128943.6578,128001.3012,942.3566,0.0000,7.13547,12415.5
1973,128943.6578,128001.3012,942.3566,0.0185,7.13498,12422.1
1974,128943.6578,128001.3012,942.3566,0.0000,7.13498,12428.7
1975,128943.6578,128001.3012,942.3566,0.0000,7.13498,12435.5
1976,128943.6578,128001.3012,942.3566,0.0185,7.16442,12442.2
1977,128943.6578,128001.3012,942.3566,0.0000,7.16442,12448.1
1978,128943.6578,128001.3012,942.3566,0.0000,7.16442,12454.3
1979,128943.6578,128001.3012,942.3566,0.0000,7.16442,12460.5
1980,128943.6578,128001.3012,942.3566,0.0000,7.16442,12466.8
1981,128943.6578,128001.3012,942.3566,0.0000,7.16442,12473.0
1982,128943.6578,128001.3012,942.3566,0.0000,7.16442,12479.7
1983,128943.6578,128001.3012,942.3566,0.0000,7.16442,12486.3
1984,128943.6578,128001.3012,942.3566,0.0000,7.16442,12492.7
1985,128943.6578,128001.3012,942.3566,0.0000,7.16442,12498.9
1986,128943.6578,128001.3012,942.3566,0.0000,7.16442,12505.5
1987,128943.6578,128001.3012,942.3566,0.0000,7.16442,12512.1
1988,128943.6578,128001.3012,942.3566,0.0000,7.16442,12518.3
1989,128943.6578,128001.3012,942.3566,0.0185,7.23373,12524.1
1990,128943.6578,128001.3012,942.3566,0.0185,7.22321,12530.3
1991,128943.6578,128001.3012,942.3566,0.0000,7.22321,12536.6
1992,128943.6578,128001.3012,942.3566,0.0000,7.22321,12543.3
1993,128943.6578,128001.3012,942.3566,0.0000,7.22321,12549.1
1994,128943.6578,128001.3012,942.3566,0.0000,7.22321,12555.0
1995,128943.6578,128001.3012,942.3566,0.0000,7.22321,12561.9
1996,128943.6578,128001.3012,942.3566,0.0000,7.22321,12568.3
1997,128943.6578,128001.3012,942.3566,0.0000,7.22321,12574.5
1998,128943.6578,128001.3012,942.3566,0.0185,7.24401,12580.8
1999,128943.6578,128001.3012,942.3566,0.0000,7.24401,12586.6
2000,128943.6578,128001.3012,942.3566,0.0000,7.24401,12592.8
2001,128943.6578,128001.3012,942.3566,0.0000,7.24401,12599.6
2002,128943.6578,128001.3012,942.3566,0.0000,7.24401,12606.3
2003,128943.6578,128001.3012,942.3566,0.0000,7.24401,12613.0
2004,128943.6578,128001.3012,942.3566,0.0000,7.24401,12619.2
2005,128943.6578,128001.3012,942.3566,0.0185,7.23649,12625.8
2006,128943.6578,128001.3012,942.3566,0.0000,7.23649,12632.5
2007,128943.6578,128001.3012,942.3566,0.0000,7.23649,12639.4
2008,128943.6578,128001.3012,942.3566,0.0000,7.23649,12646.0
2009,128943.6578,128001.3012,942.3566,0.0000,7.23649,12652.2
2010,128943.6578,128001.3012,942.3566,0.0000,7.23649,12658.6
2011,128943.6578,128001.3012,942.3566,0.0000,7.23649,12665.2
2012,128943.6578,128001.3012,942.3566,0.0000,7.23649,12671.4
2013,128943.6578,128001.3012,942.3566,0.0000,7.23649,12677.4
2014,128943.6578,128001.3012,942.3566,0.0000,7.23649,12683.7
2015,128943.6578,128001.3012,942.3566,0.0000,7.23649,12689.4
2016,128943.6578,128001.3012,942.3566,0.0000,7.23649,12695.9
2017,128943.6578,128001.3012,942.3566,0.0000,7.23649,12701.4
2018,128943.6578,128001.3012,942.3566,0.0000,7.23649,12707.8
2019,128943.6578,128001.3012,942.3566,0.0000,7.23649,12713.7
2020,128943.6578,128001.3012,942.3566,0.0000,7.23649,12719.8
2021,128943.6578,128001.3012,942.3566,0.0000,7.23649,12725.8
2022,128943.6578,128001.3012,942.3566,0.0000,7.23649,12732.0
2023,128943.6578,128001.3012,942.3566,0.0000,7.23649,12738.6
2024,128943.6578,128001.3012,942.3566,0.0000,7.23649,12744.3
2025,128943.6578,128001.3012,942.3566,0.0000,7.23649,12750.3
2026,128943.6578,128001.3012,942.3566,0.0000,7.23649,12756.5
2027,128943.6578,128001.3012,942.3566,0.0000,7.23649,12763.1
2028,128943.6578,128001.3012,942.3566,0.0000,7.23649,12769.5
2029,128943.6578,128001.3012,942.3566,0.0000,7.23649,12776.4
2030,128943.6578,128001.3012,942.3566,0.0000,7.23649,12782.6
2031,128943.6578,128001.3012,942.3566,0.0000,7.23649,12788.6
2032,128943.6578,128001.3012,942.3566,0.0000,7.23649,12794.7
2033,128943.6578,128001.3012,942.3566,0.0185,7.20097,12801.1
2034,128943.6578,128001.3012,942.3566,0.0000,7.20097,12807.2
2035,128943.6578,128001.3012,942.3566,0.0000,7.20097,12813.5
2036,128943.6578,128001.3012,942.3566,0.0185,7.19891,12819.5
2037,128943.6578,128001.3012,942.3566,0.0000,7.19891,12825.8
2038,128943.6578,128001.3012,942.3566,0.0000,7.19891,12832.1
2039,128943.6578,128001.3012,942.3566,0.0000,7.19891,12838.4
2040,128943.6578,128001.3012,942.3566,0.0000,7.19891,12844.8
2041,128943.6578,128001.3012,942.3566,0.0000,7.19891,12850.8
2042,128943.6578,128001.3012,942.3566,0.0185,7.20459,12857.0
2043,128943.6578,128001.3012,942.3566,0.0185,7.20061,12863.4
2044,128943.6578,128001.3012,942.3566,0.0000,7.20061,12869.5
2045,128943.6578,128001.3012,942.3566,0.0000,7.20061,12876.0
2046,128943.6578,128001.3012,942.3566,0.0000,7.20061,12883.1
2047,128943.6578,128001.3012,942.3566,0.0000,7.20061,12889.3
2048,128943.6578,128025.7970,917.8608,0.0185,7.20063,12896.7
2049,128943.6578,128025.7970,917.8608,0.0000,7.20063,12902.7
2050,128943.6578,128025.7970,917.8608,0.0000,7.20063,12909.8
2051,128943.6578,128025.7970,917.8608,0.0000,7.20063,12916.1
2052,128943.6578,128025.7970,917.8608,0.0000,7.20063,12922.8
2053,128943.6578,128025.7970,917.8608,0.0000,7.20063,12929.2
2054,128943.6578,128025.7970,917.8608,0.0185,7.23867,12935.8
2055,128943.6578,128025.7970,917.8608,0.0000,7.23867,12942.5
2056,128943.6578,128025.7970,917.8608,0.0000,7.23867,12948.3
2057,128943.6578,128025.7970,917.8608,0.0000,7.23867,12954.6
2058,128943.6578,128025.7970,917.8608,0.0185,7.3131,12961.4
2059,128943.6578,128025.7970,917.8608,0.0000,7.3131,12968.2
2060,128943.6578,128025.7970,917.8608,0.0000,7.3131,12974.4
2061,128943.6578,128025.7970,917.8608,0.0000,7.3131,12980.6
2062,128943.6578,128025.7970,917.8608,0.0000,7.3131,12987.4
2063,128943.6578,128025.7970,917.8608,0.0185,7.37561,12993.9
2064,128943.6578,128025.7970,917.8608,0.0000,7.37561,13000.1
2065,128943.6578,128025.7970,917.8608,0.0000,7.37561,13006.4
2066,128943.6578,128025.7970,917.8608,0.0000,7.37561,13013.0
2067,128943.6578,128025.7970,917.8608,0.0000,7.37561,13018.8
2068,128943.6578,128025.7970,917.8608,0.0000,7.37561,13025.5
2069,128943.6578,128025.7970,917.8608,0.0000,7.37561,13031.9
2070,128943.6578,128025.7970,917.8608,0.0000,7.37561,13038.9
2071,128943.6578,128025.7970,917.8608,0.0000,7.37561,13045.0
2072,128943.6578,128025.7970,917.8608,0.0000,7.37561,13051.6
2073,128943.6578,128025.7970,917.8608,0.0000,7.37561,13058.4
2074,128943.6578,128043.3664,900.2914,0.0185,7.37619,13064.2
2075,128943.6578,128043.3664,900.2914,0.0000,7.37619,13070.6
2076,128943.6578,128043.3664,900.2914,0.0000,7.37619,13077.1
2077,128943.6578,128043.3664,900.2914,0.0000,7.37619,13083.5
2078,128943.6578,128043.3664,900.2914,0.0000,7.37619,13090.1
2079,128943.6578,128043.3664,900.2914,0.0000,7.37619,13096.2
2080,128943.6578,128043.3664,900.2914,0.0000,7.37619,13103.5
2081,128943.6578,128043.3664,900.2914,0.0000,7.37619,13109.1
2082,128943.6578,128043.3664,900.2914,0.0000,7.37619,13115.7
2083,128943.6578,128043.3664,900.2914,0.0000,7.37619,13122.2
2084,128943.6578,128043.3664,900.2914,0.0000,7.37619,13128.8
2085,128943.6578,128043.3664,900.2914,0.0000,7.37619,13135.5
2086,128943.6578,128043.3664,900.2914,0.0000,7.37619,13141.5
2087,128943.6578,128043.3664,900.2914,0.0000,7.37619,13148.3
2088,128943.6578,128043.3664,900.2914,0.0000,7.37619,13155.3
2089,128943.6578,128043.3664,900.2914,0.0000,7.37619,13161.5
2090,128943.6578,128043.3664,900.2914,0.0000,7.37619,13168.5
2091,128943.6578,128043.3664,900.2914,0.0000,7.37619,13175.1
2092,128943.6578,128043.3664,900.2914,0.0000,7.37619,13182.1
2093,128943.6578,128043.3664,900.2914,0.0000,7.37619,13188.0
2094,128943.6578,128043.3664,900.2914,0.0000,7.37619,13194.3
2095,128943.6578,128043.3664,900.2914,0.0000,7.37619,13201.1
2096,128943.6578,128043.3664,900.2914,0.0000,7.37619,13207.3
2097,128943.6578,128043.3664,900.2914,0.0000,7.37619,13214.0
2098,128943.6578,128043.3664,900.2914,0.0185,7.40159,13220.4
2099,128943.6578,128043.3664,900.2914,0.0000,7.40159,13227.1
2100,128943.6578,128043.3664,900.2914,0.0000,7.40159,13233.2
2101,128943.6578,128043.3664,900.2914,0.0000,7.40159,13239.2
2102,128943.6578,128043.3664,900.2914,0.0000,7.40159,13245.6
2103,128943.6578,128043.3664,900.2914,0.0000,7.40159,13251.3
2104,128943.6578,128043.3664,900.2914,0.0000,7.40159,13257.6
2105,128943.6578,128043.3664,900.2914,0.0000,7.40159,13264.3
2106,128943.6578,128043.3664,900.2914,0.0000,7.40159,13270.7
2107,128943.6578,128051.0942,892.5636,0.0185,7.39804,13277.7
2108,128943.6578,128051.0942,892.5636,0.0000,7.39804,13284.0
2109,128943.6578,128051.0942,892.5636,0.0000,7.39804,13290.6
2110,128943.6578,128051.0942,892.5636,0.0000,7.39804,13296.4
2111,128943.6578,128051.0942,892.5636,0.0000,7.39804,13302.7
2112,128943.6578,128051.0942,892.5636,0.0000,7.39804,13309.4
2113,128943.6578,128051.0942,892.5636,0.0000,7.39804,13315.9
2114,128943.6578,128051.0942,892.5636,0.0185,7.4473,13322.5
2115,128943.6578,128051.0942,892.5636,0.0000,7.4473,13329.0
2116,128943.6578,128051.0942,892.5636,0.0000,7.4473,13335.1
2117,128943.6578,128051.0942,892.5636,0.0000,7.4473,13341.8
2118,128943.6578,128051.0942,892.5636,0.0000,7.4473,13348.5
2119,128943.6578,128051.0942,892.5636,0.0000,7.4473,13354.6
2120,128943.6578,128051.0942,892.5636,0.0185,7.44639,13361.2
2121,128943.6578,128051.0942,892.5636,0.0000,7.44639,13367.9
2122,128943.6578,128051.0942,892.5636,0.0000,7.44639,13373.9
2123,128943.6578,128051.0942,892.5636,0.0000,7.44639,13380.5
2124,128943.6578,128051.0942,892.5636,0.0000,7.44639,13386.7
2125,128943.6578,128051.0942,892.5636,0.0000,7.44639,13392.8
2126,128943.6578,128060.8802,882.7776,0.0185,7.45789,13399.2
2127,128943.6578,128060.8802,882.7776,0.0000,7.45789,13405.4
2128,128943.6578,128060.8802,882.7776,0.0000,7.45789,13411.2
2129,128943.6578,128073.6213,870.0365,0.0185,7.46569,13416.9
2130,128943.6578,128073.6213,870.0365,0.0000,7.46569,13423.0
2131,128943.6578,128073.6213,870.0365,0.0000,7.46569,13429.7
2132,128943.6578,128073.6213,870.0365,0.0000,7.46569,13436.0
2133,128943.6578,128073.6213,870.0365,0.0000,7.46569,13442.5
2134,128943.6578,128073.6213,870.0365,0.0000,7.46569,13448.6
2135,128943.6578,128073.6213,870.0365,0.0000,7.46569,13455.7
2136,128943.6578,128073.6213,870.0365,0.0000,7.46569,13461.9
2137,128943.6578,128073.6213,870.0365,0.0000,7.46569,13467.9
2138,128943.6578,128073.6213,870.0365,0.0000,7.46569,13474.1
2139,128943.6578,128073.6213,870.0365,0.0000,7.46569,13480.2
2140,128943.6578,128073.6213,870.0365,0.0000,7.46569,13486.9
2141,128943.6578,128073.6213,870.0365,0.0000,7.46569,13493.0
2142,128943.6578,128073.6213,870.0365,0.0000,7.46569,13499.3
2143,128943.6578,128073.6213,870.0365,0.0000,7.46569,13506.3
2144,128943.6578,128073.6213,870.0365,0.0000,7.46569,13511.8
2145,128943.6578,128073.6213,870.0365,0.0000,7.46569,13518.7
2146,128943.6578,128073.6213,870.0365,0.0000,7.46569,13525.1
2147,128943.6578,128073.6213,870.0365,0.0000,7.46569,13531.4
2148,128943.6578,128073.6213,870.0365,0.0000,7.46569,13537.5
2149,128943.6578,128073.6213,870.0365,0.0000,7.46569,13545.0
2150,128943.6578,128073.6213,870.0365,0.0000,7.46569,13551.9
2151,128943.6578,128073.6213,870.0365,0.0000,7.46569,13558.3
2152,128943.6578,128073.6213,870.0365,0.0000,7.46569,13564.5
2153,128943.6578,128073.6213,870.0365,0.0000,7.46569,13570.9
2154,128943.6578,128073.6213,870.0365,0.0000,7.46569,13576.8
2155,128943.6578,128073.6213,870.0365,0.0000,7.46569,13582.6
2156,128943.6578,128073.6213,870.0365,0.0000,7.46569,13589.7
2157,128943.6578,128073.6213,870.0365,0.0370,7.46095,13595.8
2158,128943.6578,128073.6213,870.0365,0.0000,7.46095,13602.8
2159,128943.6578,128073.6213,870.0365,0.0185,7.45958,13609.4
2160,128943.6578,128073.6213,870.0365,0.0000,7.45958,13616.0
2161,128943.6578,128073.6213,870.0365,0.0000,7.45958,13621.8
2162,128943.6578,128073.6213,870.0365,0.0000,7.45958,13628.2
2163,128943.6578,128073.6213,870.0365,0.0000,7.45958,13634.8
2164,128943.6578,128073.6213,870.0365,0.0000,7.45958,13641.1
2165,128943.6578,128073.6213,870.0365,0.0000,7.45958,13647.4
2166,128943.6578,128073.6213,870.0365,0.0185,7.46882,13654.9
2167,128943.6578,128073.6213,870.0365,0.0000,7.46882,13661.6
2168,128943.6578,128073.6213,870.0365,0.0000,7.46882,13667.7
2169,128943.6578,128073.6213,870.0365,0.0185,7.47981,13673.7
2170,128943.6578,128073.6213,870.0365,0.0000,7.47981,13679.9
2171,128943.6578,128073.6213,870.0365,0.0185,7.46962,13686.3
2172,128943.6578,128073.6213,870.0365,0.0185,7.45255,13692.9
2173,128943.6578,128073.6213,870.0365,0.0000,7.45255,13699.8
2174,128943.6578,128073.6213,870.0365,0.0000,7.45255,13705.5
2175,128943.6578,128073.6213,870.0365,0.0000,7.45255,13711.5
2176,128943.6578,128073.6213,870.0365,0.0000,7.45255,13718.0
2177,128943.6578,128073.6213,870.0365,0.0000,7.45255,13724.2
2178,128943.6578,128073.6213,870.0365,0.0185,7.45763,13729.8
2179,128943.6578,128073.6213,870.0365,0.0000,7.45763,13736.5
2180,128943.6578,128073.6213,870.0365,0.0000,7.45763,13742.5
2181,128943.6578,128073.6213,870.0365,0.0000,7.45763,13749.3
2182,128943.6578,128073.6213,870.0365,0.0370,7.46336,13755.5
2183,128943.6578,128073.6213,870.0365,0.0000,7.46336,13762.2
2184,128943.6578,128073.6213,870.0365,0.0000,7.46336,13768.9
2185,128943.6578,128073.6213,870.0365,0.0185,7.4669,13775.4
2186,128943.6578,128073.6213,870.0365,0.0000,7.4669,13781.9
2187,128943.6578,128073.6213,870.0365,0.0000,7.4669,13788.8
2188,128943.6578,128073.6213,870.0365,0.0185,7.46762,13795.8
2189,128943.6578,128073.6213,870.0365,0.0000,7.46762,13801.7
2190,128943.6578,128073.6213,870.0365,0.0000,7.46762,13808.0
2191,128954.6371,128073.6213,881.0158,0.0185,7.46539,13814.2
2192,128954.6371,128073.6213,881.0158,0.0000,7.46539,13821.3
2193,128954.6371,128073.6213,881.0158,0.0185,7.45896,13828.0
2194,128954.6371,128073.6213,881.0158,0.0000,7.45896,13834.5
2195,128954.6371,128073.6213,881.0158,0.0000,7.45896,13841.5
2196,128954.6371,128073.6213,881.0158,0.0185,7.45312,13847.9
2197,128954.6371,128083.7073,870.9297,0.0185,7.47168,13854.9
2198,128954.6371,128083.7073,870.9297,0.0000,7.47168,13861.8
2199,128954.6371,128083.7073,870.9297,0.0185,7.49207,13868.6
2200,128954.6371,128083.7073,870.9297,0.0185,7.47456,13874.8
2201,128954.6371,128083.7073,870.9297,0.0000,7.47456,13881.1
2202,128954.6371,128083.7073,870.9297,0.0000,7.47456,13886.9
2203,128954.6371,128083.7073,870.9297,0.0000,7.47456,13892.8
2204,128954.6371,128083.7073,870.9297,0.0000,7.47456,13899.2
2205,128954.6371,128083.7073,870.9297,0.0000,7.47456,13905.6
2206,128954.6371,128083.7073,870.9297,0.0185,7.55379,13912.8
2207,128954.6371,128083.7073,870.9297,0.0185,7.53775,13918.8
2208,128954.6371,128083.7073,870.9297,0.0185,7.52821,13926.0
2209,128954.6371,128083.7073,870.9297,0.0000,7.52821,13932.9
2210,128954.6371,128083.7073,870.9297,0.0000,7.52821,13938.9
2211,128954.6371,128083.7073,870.9297,0.0000,7.52821,13945.5
2212,128954.6371,128083.7073,870.9297,0.0000,7.52821,13952.1
2213,128954.6371,128083.7073,870.9297,0.0000,7.52821,13958.4
2214,128954.6371,128083.7073,870.9297,0.0185,7.51058,13964.6
2215,128954.6371,128083.7073,870.9297,0.0000,7.51058,13971.4
2216,128954.6371,128083.7073,870.9297,0.0000,7.51058,13977.1
2217,128954.6371,128083.7073,870.9297,0.0000,7.51058,13983.5
2218,128954.6371,128083.7073,870.9297,0.0000,7.51058,13990.0
2219,128954.6371,128083.7073,870.9297,0.0000,7.51058,13995.9
2220,128954.6371,128083.7073,870.9297,0.0000,7.51058,14002.9
2221,128954.6371,128083.7073,870.9297,0.0000,7.51058,14009.0
2222,128954.6371,128083.7073,870.9297,0.0000,7.51058,14014.9
2223,128954.6371,128083.7073,870.9297,0.0000,7.51058,14021.1
2224,128954.6371,128083.7073,870.9297,0.0000,7.51058,14028.2
2225,128954.6371,128083.7073,870.9297,0.0000,7.51058,14035.2
2226,128954.6371,128083.7073,870.9297,0.0185,7.4846,14041.7
2227,128954.6371,128083.7073,870.9297,0.0000,7.4846,14048.0
2228,128954.6371,128083.7073,870.9297,0.0000,7.4846,14054.5
2229,128954.6371,128083.7073,870.9297,0.0000,7.4846,14061.1
2230,128954.6371,128083.7073,870.9297,0.0000,7.4846,14067.6
2231,128954.6371,128083.7073,870.9297,0.0000,7.4846,14074.1
2232,128954.6371,128083.7073,870.9297,0.0000,7.4846,14080.5
2233,128954.6371,128083.7073,870.9297,0.0000,7.4846,14086.7
2234,128954.6371,128083.7073,870.9297,0.0000,7.4846,14093.3
2235,128954.6371,128083.7073,870.9297,0.0000,7.4846,14100.3
2236,128954.6371,128083.7073,870.9297,0.0000,7.4846,14106.8
2237,128954.6371,128083.7073,870.9297,0.0000,7.4846,14113.1
2238,128954.6371,128083.7073,870.9297,0.0000,7.4846,14120.1
2239,128954.6371,128083.7073,870.9297,0.0000,7.4846,14126.4
2240,128954.6371,128083.7073,870.9297,0.0000,7.4846,14132.5
2241,128954.6371,128083.7073,870.9297,0.0000,7.4846,14138.5
2242,128954.6371,128083.7073,870.9297,0.0000,7.4846,14145.2
2243,128954.6371,128083.7073,870.9297,0.0000,7.4846,14151.2
2244,128954.6371,128083.7073,870.9297,0.0000,7.4846,14157.0
2245,128954.6371,128083.7073,870.9297,0.0000,7.4846,14163.1
2246,128954.6371,128083.7073,870.9297,0.0000,7.4846,14169.2
2247,128954.6371,128083.7073,870.9297,0.0000,7.4846,14175.5
2248,128954.6371,128083.7073,870.9297,0.0000,7.4846,14182.2
2249,128954.6371,128083.7073,870.9297,0.0000,7.4846,14188.7
2250,128954.6371,128083.7073,870.9297,0.0000,7.4846,14195.1
2251,128954.6371,128083.7073,870.9297,0.0000,7.4846,14201.3
2252,128954.6371,128083.7073,870.9297,0.0000,7.4846,14207.8
2253,128954.6371,128083.7073,870.9297,0.0000,7.4846,14213.8
2254,128954.6371,128083.7073,870.9297,0.0000,7.4846,14221.0
2255,128954.6371,128083.7073,870.9297,0.0000,7.4846,14227.8
2256,128954.6371,128083.7073,870.9297,0.0000,7.4846,14233.9
2257,128954.6371,128083.7073,870.9297,0.0000,7.4846,14240.6
2258,128954.6371,128083.7073,870.9297,0.0000,7.4846,14247.0
2259,128954.6371,128083.7073,870.9297,0.0185,7.49829,14253.5
2260,128954.6371,128100.4443,854.1928,0.0185,7.51301,14259.5
2261,128954.6371,128100.4443,854.1928,0.0185,7.50736,14266.3
2262,128954.6371,128100.4443,854.1928,0.0000,7.50736,14272.5
2263,128954.6371,128100.4443,854.1928,0.0000,7.50736,14279.4
2264,128954.6371,128100.4443,854.1928,0.0000,7.50736,14285.6
2265,128954.6371,128100.4443,854.1928,0.0185,7.46626,14292.8
2266,128954.6371,128100.4443,854.1928,0.0000,7.46626,14299.1
2267,128954.6371,128100.4443,854.1928,0.0185,7.4724,14305.4
2268,128954.6371,128100.4443,854.1928,0.0185,7.46892,14312.6
2269,128954.6371,128100.4443,854.1928,0.0000,7.46892,14319.4
2270,128954.6371,128100.4443,854.1928,0.0000,7.46892,14325.7
2271,128954.6371,128100.4443,854.1928,0.0000,7.46892,14332.3
2272,128954.6371,128100.4443,854.1928,0.0000,7.46892,14339.5
2273,128954.6371,128100.4443,854.1928,0.0000,7.46892,14345.8
2274,128954.6371,128100.4443,854.1928,0.0000,7.46892,14352.3
2275,128954.6371,128100.4443,854.1928,0.0000,7.46892,14359.3
2276,128954.6371,128100.4443,854.1928,0.0000,7.46892,14366.1
2277,128954.6371,128100.4443,854.1928,0.0000,7.46892,14371.8
2278,128954.6371,128100.4443,854.1928,0.0000,7.46892,14378.1
2279,128954.6371,128100.4443,854.1928,0.0000,7.46892,14384.5
2280,128954.6371,128100.4443,854.1928,0.0000,7.46892,14391.3
2281,128954.6371,128100.4443,854.1928,0.0185,7.46338,14397.4
2282,128954.6371,128100.4443,854.1928,0.0000,7.46338,14403.8
2283,128954.6371,128100.4443,854.1928,0.0000,7.46338,14410.3
2284,128954.6371,128100.4443,854.1928,0.0000,7.46338,14416.5
2285,128954.6371,128100.4443,854.1928,0.0000,7.46338,14422.8
2286,128954.6371,128100.4443,854.1928,0.0000,7.46338,14429.2
2287,128954.6371,128100.4443,854.1928,0.0000,7.46338,14436.0
2288,128954.6371,128100.4443,854.1928,0.0000,7.46338,14441.5
2289,128954.6371,128100.4443,854.1928,0.0000,7.46338,14447.9
2290,128954.6371,128100.4443,854.1928,0.0000,7.46338,14454.6
2291,128954.6371,128100.4443,854.1928,0.0000,7.46338,14460.9
2292,128954.6371,128100.4443,854.1928,0.0000,7.46338,14468.5
2293,128954.6371,128100.4443,854.1928,0.0000,7.46338,14475.3
2294,128954.6371,128100.4443,854.1928,0.0000,7.46338,14481.8
2295,128954.6371,128100.4443,854.1928,0.0000,7.46338,14489.5
2296,128954.6371,128100.4443,854.1928,0.0000,7.46338,14496.1
2297,128954.6371,128100.4443,854.1928,0.0000,7.46338,14503.0
2298,128954.6371,128100.4443,854.1928,0.0370,7.5619,14509.0
2299,128954.6371,128100.4443,854.1928,0.0000,7.5619,14515.6
2300,128954.6371,128100.4443,854.1928,0.0000,7.5619,14522.2
2301,128954.6371,128100.4443,854.1928,0.0000,7.5619,14529.1
2302,128954.6371,128100.4443,854.1928,0.0185,7.56748,14535.7
2303,128954.6371,128100.4443,854.1928,0.0000,7.56748,14542.7
2304,128954.6371,128100.4443,854.1928,0.0000,7.56748,14549.8
2305,128954.6371,128100.4443,854.1928,0.0000,7.56748,14556.8
2306,128954.6371,128100.4443,854.1928,0.0185,7.56543,14563.2
2307,128954.6371,128100.4443,854.1928,0.0185,7.56084,14569.9
2308,128954.6371,128100.4443,854.1928,0.0000,7.56084,14576.0
2309,128954.6371,128100.4443,854.1928,0.0000,7.56084,14582.5
2310,128954.6371,128100.4443,854.1928,0.0000,7.56084,14588.3
2311,128954.6371,128100.4443,854.1928,0.0185,7.53198,14595.1
2312,128954.6371,128100.4443,854.1928,0.0000,7.53198,14602.2
2313,128954.6371,128120.9393,833.6978,0.0556,7.60077,14608.7
2314,128954.6371,128120.9393,833.6978,0.0000,7.60077,14615.3
2315,128954.6371,128120.9393,833.6978,0.0000,7.60077,14621.7
2316,128954.6371,128120.9393,833.6978,0.0000,7.60077,14629.1
2317,128954.6371,128120.9393,833.6978,0.0000,7.60077,14635.5
2318,128954.6371,128120.9393,833.6978,0.0000,7.60077,14642.3
2319,128954.6371,128120.9393,833.6978,0.0000,7.60077,14648.7
2320,128954.6371,128120.9393,833.6978,0.0000,7.60077,14655.2
2321,128954.6371,128120.9393,833.6978,0.0000,7.60077,14661.1
2322,128954.6371,128120.9393,833.6978,0.0000,7.60077,14667.7
2323,128954.6371,128120.9393,833.6978,0.0000,7.60077,14674.7
2324,128954.6371,128120.9393,833.6978,0.0000,7.60077,14680.6
2325,128954.6371,128120.9393,833.6978,0.0000,7.60077,14687.5
2326,128954.6371,128120.9393,833.6978,0.0000,7.60077,14693.8
2327,128954.6371,128120.9393,833.6978,0.0000,7.60077,14700.5
2328,128954.6371,128120.9393,833.6978,0.0000,7.60077,14707.2
2329,128954.6371,128139.6789,814.9582,0.0370,7.52224,14713.7
2330,128954.6371,128139.6789,814.9582,0.0000,7.52224,14720.2
2331,128954.6371,128139.6789,814.9582,0.0000,7.52224,14726.6
2332,128954.6371,128139.6789,814.9582,0.0000,7.52224,14733.3
2333,128954.6371,128139.6789,814.9582,0.0000,7.52224,14740.0
2334,128954.6371,128139.6789,814.9582,0.0000,7.52224,14747.1
2335,128954.6371,128139.6789,814.9582,0.0000,7.52224,14754.6
2336,128954.6371,128139.6789,814.9582,0.0000,7.52224,14761.4
2337,128954.6371,128139.6789,814.9582,0.0000,7.52224,14767.6
2338,128954.6371,128139.6789,814.9582,0.0000,7.52224,14774.3
2339,128954.6371,128139.6789,814.9582,0.0000,7.52224,14780.6
2340,128954.6371,128139.6789,814.9582,0.0000,7.52224,14787.7
2341,128954.6371,128139.6789,814.9582,0.0000,7.52224,14795.0
2342,128954.6371,128139.6789,814.9582,0.0370,7.54797,14802.3
2343,128954.6371,128139.6789,814.9582,0.0000,7.54797,14808.4
2344,128954.6371,128139.6789,814.9582,0.0185,7.43551,14815.5
2345,128954.6371,128139.6789,814.9582,0.0000,7.43551,14822.2
2346,128954.6371,128139.6789,814.9582,0.0185,7.32174,14829.3
2347,128954.6371,128139.6789,814.9582,0.0000,7.32174,14836.3
2348,128954.6371,128139.6789,814.9582,0.0000,7.32174,14843.1
2349,128954.6371,128139.6789,814.9582,0.0000,7.32174,14849.9
2350,128954.6371,128139.6789,814.9582,0.0000,7.32174,14856.6
2351,128954.6371,128139.6789,814.9582,0.0000,7.32174,14862.9
2352,128954.6371,128148.6131,806.0240,0.0185,7.32847,14869.4
2353,128954.6371,128148.6131,806.0240,0.0000,7.32847,14875.6
2354,128954.6371,128148.6131,806.0240,0.0000,7.32847,14882.8
2355,128954.6371,128148.6131,806.0240,0.0000,7.32847,14889.4
2356,128954.6371,128148.6131,806.0240,0.0000,7.32847,14895.7
2357,128954.6371,128148.6131,806.0240,0.0000,7.32847,14902.8
2358,128954.6371,128148.6131,806.0240,0.0000,7.32847,14910.0
2359,128954.6371,128148.6131,806.0240,0.0000,7.32847,14916.3
2360,128954.6371,128148.6131,806.0240,0.0000,7.32847,14922.8
2361,128954.6371,128148.6131,806.0240,0.0000,7.32847,14929.2
2362,128954.6371,128148.6131,806.0240,0.0000,7.32847,14936.2
2363,128954.6371,128148.6131,806.0240,0.0000,7.32847,14942.4
2364,128954.6371,128148.6131,806.0240,0.0000,7.32847,14948.8
2365,128954.6371,128148.6131,806.0240,0.0000,7.32847,14955.4
2366,128954.6371,128148.6131,806.0240,0.0000,7.32847,14962.5
2367,128954.6371,128148.6131,806.0240,0.0000,7.32847,14969.7
2368,128954.6371,128148.6131,806.0240,0.0000,7.32847,14976.0
2369,128954.6371,128148.6131,806.0240,0.0000,7.32847,14982.7
2370,128954.6371,128148.6131,806.0240,0.0000,7.32847,14989.7
2371,128954.6371,128148.6131,806.0240,0.0185,7.33204,14996.0
2372,128954.6371,128148.6131,806.0240,0.0185,7.42694,15002.6
2373,128954.6371,128148.6131,806.0240,0.0000,7.42694,15009.6
2374,128954.6371,128148.6131,806.0240,0.0000,7.42694,15016.4
2375,128954.6371,128148.6131,806.0240,0.0000,7.42694,15022.9
2376,128954.6371,128148.6131,806.0240,0.0000,7.42694,15029.6
2377,128954.6371,128148.6131,806.0240,0.0000,7.42694,15036.1
2378,128954.6371,128148.6131,806.0240,0.0000,7.42694,15042.2
2379,128954.6371,128148.6131,806.0240,0.0185,7.38765,15049.1
2380,128954.6371,128148.6131,806.0240,0.0000,7.38765,15055.7
2381,128954.6371,128148.6131,806.0240,0.0000,7.38765,15062.4
2382,128954.6371,128148.6131,806.0240,0.0000,7.38765,15068.7
2383,128954.6371,128148.6131,806.0240,0.0000,7.38765,15075.8
2384,128954.6371,128148.6131,806.0240,0.0000,7.38765,15082.2
2385,128954.6371,128148.6131,806.0240,0.0000,7.38765,15088.7
2386,128954.6371,128148.6131,806.0240,0.0000,7.38765,15094.6
2387,128954.6371,128148.6131,806.0240,0.0000,7.38765,15100.6
2388,128954.6371,128148.6131,806.0240,0.0000,7.38765,15107.2
2389,128954.6371,128148.6131,806.0240,0.0000,7.38765,15113.9
2390,128954.6371,128148.6131,806.0240,0.0000,7.38765,15120.4
2391,128954.6371,128148.6131,806.0240,0.0000,7.38765,15126.8
2392,128954.6371,128148.6131,806.0240,0.0000,7.38765,15133.0
2393,128954.6371,128148.6131,806.0240,0.0000,7.38765,15140.2
2394,128954.6371,128148.6131,806.0240,0.0000,7.38765,15146.5
2395,128954.6371,128148.6131,806.0240,0.0185,7.38185,15152.7
2396,128954.6371,128148.6131,806.0240,0.0000,7.38185,15159.5
2397,128954.6371,128148.6131,806.0240,0.0000,7.38185,15166.2
2398,128954.6371,128148.6131,806.0240,0.0000,7.38185,15172.6
2399,128954.6371,128148.6131,806.0240,0.0000,7.38185,15179.2
2400,128954.6371,128148.6131,806.0240,0.0000,7.38185,15185.3
2401,128954.6371,128148.6131,806.0240,0.0000,7.38185,15191.8
2402,128954.6371,128148.6131,806.0240,0.0185,7.36361,15198.3
2403,128954.6371,128148.6131,806.0240,0.0000,7.36361,15205.1
2404,128954.6371,128148.6131,806.0240,0.0000,7.36361,15212.2
2405,128954.6371,128149.5515,805.0856,0.0185,7.39948,15218.9
2406,128954.6371,128149.5515,805.0856,0.0000,7.39948,15225.3
2407,128954.6371,128149.5515,805.0856,0.0000,7.39948,15232.4
2408,128954.6371,128149.5515,805.0856,0.0000,7.39948,15239.1
2409,128954.6371,128149.5515,805.0856,0.0000,7.39948,15245.3
2410,128954.6371,128149.5515,805.0856,0.0000,7.39948,15252.3
2411,128954.6371,128189.9924,764.6447,0.0185,7.40301,15258.5
2412,128954.6371,128189.9924,764.6447,0.0000,7.40301,15265.0
2413,128954.6371,128189.9924,764.6447,0.0000,7.40301,15271.9
2414,128954.6371,128189.9924,764.6447,0.0185,7.42603,15279.4
2415,128954.6371,128189.9924,764.6447,0.0000,7.42603,15285.9
2416,128954.6371,128189.9924,764.6447,0.0000,7.42603,15291.5
2417,128954.6371,128189.9924,764.6447,0.0000,7.42603,15297.4
2418,128954.6371,128189.9924,764.6447,0.0000,7.42603,15304.8
2419,128954.6371,128189.9924,764.6447,0.0000,7.42603,15310.9
2420,128954.6371,128189.9924,764.6447,0.0000,7.42603,15317.6
2421,128954.6371,128189.9924,764.6447,0.0000,7.42603,15324.1
2422,128954.6371,128189.9924,764.6447,0.0000,7.42603,15331.0
2423,128954.6371,128189.9924,764.6447,0.0000,7.42603,15338.4
2424,128954.6371,128197.7187,756.9184,0.0185,7.43185,15344.6
2425,128954.6371,128197.7187,756.9184,0.0000,7.43185,15350.6
2426,128954.6371,128197.7187,756.9184,0.0000,7.43185,15356.5
2427,128954.6371,128197.7187,756.9184,0.0000,7.43185,15363.0
2428,128954.6371,128197.7187,756.9184,0.0000,7.43185,15369.6
2429,128954.6371,128197.7187,756.9184,0.0000,7.43185,15376.6
2430,128954.6371,128197.7187,756.9184,0.0000,7.43185,15383.4
2431,128954.6371,128197.7187,756.9184,0.0000,7.43185,15389.2
2432,128954.6371,128197.7187,756.9184,0.0000,7.43185,15395.6
2433,128954.6371,128197.7187,756.9184,0.0185,7.42067,15401.8
2434,128954.6371,128197.7187,756.9184,0.0185,7.33274,15408.3
2435,128954.6371,128197.7187,756.9184,0.0000,7.33274,15415.2
2436,128954.6371,128197.7187,756.9184,0.0000,7.33274,15422.0
2437,128954.6371,128197.7187,756.9184,0.0000,7.33274,15428.7
2438,128954.6371,128197.7187,756.9184,0.0000,7.33274,15434.6
2439,128954.6371,128197.7187,756.9184,0.0000,7.33274,15441.4
2440,128954.6371,128197.7187,756.9184,0.0000,7.33274,15448.0
2441,128954.6371,128197.7187,756.9184,0.0000,7.33274,15454.7
2442,128954.6371,128197.7187,756.9184,0.0000,7.33274,15461.1
2443,128954.6371,128197.7187,756.9184,0.0000,7.33274,15467.7
2444,128954.6371,128197.7187,756.9184,0.0000,7.33274,15474.0
2445,128954.6371,128197.7187,756.9184,0.0000,7.33274,15480.1
2446,128954.6371,128197.7187,756.9184,0.0000,7.33274,15486.8
2447,128954.6371,128197.7187,756.9184,0.0000,7.33274,15493.6
2448,128954.6371,128197.7187,756.9184,0.0185,7.35397,15499.8
2449,128954.6371,128197.7187,756.9184,0.0000,7.35397,15506.8
2450,128954.6371,128197.7187,756.9184,0.0000,7.35397,15513.3
2451,128954.6371,128197.7187,756.9184,0.0370,7.34819,15519.5
2452,128954.6371,128197.7187,756.9184,0.0185,7.28013,15526.4
2453,128954.6371,128197.7187,756.9184,0.0000,7.28013,15533.6
2454,128954.6371,128197.7187,756.9184,0.0000,7.28013,15540.4
2455,128954.6371,128197.7187,756.9184,0.0000,7.28013,15546.9
2456,128954.6371,128197.7187,756.9184,0.0185,7.33236,15553.7
2457,128954.6371,128197.7187,756.9184,0.0000,7.33236,15560.4
2458,128954.6371,128197.7187,756.9184,0.0000,7.33236,15566.6
2459,128954.6371,128197.7187,756.9184,0.0000,7.33236,15573.4
2460,128954.6371,128218.9361,735.7009,0.0185,7.3157,15580.0
2461,128954.6371,128218.9361,735.7009,0.0000,7.3157,15586.5
2462,128954.6371,128218.9361,735.7009,0.0000,7.3157,15593.2
2463,128954.6371,128218.9361,735.7009,0.0000,7.3157,15600.1
2464,128954.6371,128218.9361,735.7009,0.0000,7.3157,15606.8
2465,128954.6371,128218.9361,735.7009,0.0000,7.3157,15613.0
2466,128954.6371,128218.9361,735.7009,0.0000,7.3157,15620.0
2467,128954.6371,128218.9361,735.7009,0.0000,7.3157,15626.6
2468,128954.6371,128218.9361,735.7009,0.0000,7.3157,15633.0
2469,128954.6371,128218.9361,735.7009,0.0000,7.3157,15639.7
2470,128954.6371,128218.9361,735.7009,0.0000,7.3157,15646.2
2471,128954.6371,128218.9361,735.7009,0.0000,7.3157,15652.4
2472,128954.6371,128218.9361,735.7009,0.0000,7.3157,15659.5
2473,128954.6371,128218.9361,735.7009,0.0000,7.3157,15666.2
2474,128954.6371,128218.9361,735.7009,0.0000,7.3157,15673.1
2475,128954.6371,128218.9361,735.7009,0.0000,7.3157,15679.4
2476,128954.6371,128218.9361,735.7009,0.0370,7.32539,15686.2
2477,128954.6371,128218.9361,735.7009,0.0000,7.32539,15691.8
2478,128954.6371,128218.9361,735.7009,0.0000,7.32539,15698.2
2479,128954.6371,128218.9361,735.7009,0.0000,7.32539,15705.2
2480,128954.6371,128218.9361,735.7009,0.0000,7.32539,15711.6
2481,128954.6371,128218.9361,735.7009,0.0000,7.32539,15718.0
2482,128954.6371,128218.9361,735.7009,0.0000,7.32539,15723.5
2483,128954.6371,128218.9361,735.7009,0.0000,7.32539,15730.0
2484,128954.6371,128218.9361,735.7009,0.0000,7.32539,15736.8
2485,128954.6371,128218.9361,735.7009,0.0000,7.32539,15742.5
2486,128954.6371,128218.9361,735.7009,0.0000,7.32539,15749.3
2487,128954.6371,128218.9361,735.7009,0.0000,7.32539,15755.8
2488,128954.6371,128218.9361,735.7009,0.0000,7.32539,15761.6
2489,128954.6371,128218.9361,735.7009,0.0000,7.32539,15768.1
2490,128954.6371,128218.9361,735.7009,0.0000,7.32539,15774.6
2491,128954.6371,128218.9361,735.7009,0.0185,7.31321,15780.8
2492,128954.6371,128218.9361,735.7009,0.0000,7.31321,15787.2
2493,128954.6371,128218.9361,735.7009,0.0000,7.31321,15793.6
2494,128954.6371,128218.9361,735.7009,0.0000,7.31321,15800.5
2495,128954.6371,128218.9361,735.7009,0.0000,7.31321,15807.0
2496,128954.6371,128218.9361,735.7009,0.0000,7.31321,15814.0
2497,128954.6371,128218.9361,735.7009,0.0000,7.31321,15820.5
2498,128954.6371,128218.9361,735.7009,0.0185,7.29304,15826.8
2499,128954.6371,128218.9361,735.7009,0.0000,7.29304,15833.6
2500,128954.6371,128218.9361,735.7009,0.0185,7.31311,15839.9
2501,128954.6371,128218.9361,735.7009,0.0000,7.31311,15846.1
2502,128954.6371,128218.9361,735.7009,0.0000,7.31311,15852.2
2503,128954.6371,128218.9361,735.7009,0.0000,7.31311,15859.3
2504,128954.6371,128218.9361,735.7009,0.0000,7.31311,15865.5
2505,128954.6371,128218.9361,735.7009,0.0000,7.31311,15871.4
2506,128954.6371,128218.9361,735.7009,0.0185,7.40857,15878.3
2507,128954.6371,128218.9361,735.7009,0.0000,7.40857,15885.2
2508,128954.6371,128218.9361,735.7009,0.0370,7.43589,15892.0
2509,128954.6371,128218.9361,735.7009,0.0000,7.43589,15898.5
2510,128954.6371,128218.9361,735.7009,0.0000,7.43589,15906.0
2511,128954.6371,128218.9361,735.7009,0.0000,7.43589,15912.7
2512,128954.6371,128218.9361,735.7009,0.0000,7.43589,15919.5
2513,128954.6371,128218.9361,735.7009,0.0000,7.43589,15925.8
2514,129142.7083,128218.9361,923.7721,0.0185,7.45365,15932.5
2515,129142.7083,128218.9361,923.7721,0.0000,7.45365,15938.8
2516,129142.7083,128218.9361,923.7721,0.0000,7.45365,15945.1
2517,129142.7083,128218.9361,923.7721,0.0000,7.45365,15951.8
2518,129142.7083,128218.9361,923.7721,0.0000,7.45365,15958.6
2519,129142.7083,128218.9361,923.7721,0.0000,7.45365,15965.7
2520,129142.7083,128218.9361,923.7721,0.0000,7.45365,15972.3
2521,129142.7083,128218.9361,923.7721,0.0000,7.45365,15978.4
2522,129142.7083,128218.9361,923.7721,0.0000,7.45365,15985.7
2523,129142.7083,128218.9361,923.7721,0.0000,7.45365,15992.4
2524,129142.7083,128218.9361,923.7721,0.0000,7.45365,15998.7
2525,129142.7083,128218.9361,923.7721,0.0000,7.45365,16005.2
2526,129142.7083,128218.9361,923.7721,0.0000,7.45365,16012.2
2527,129142.7083,128218.9361,923.7721,0.0000,7.45365,16019.1
2528,129142.7083,128218.9361,923.7721,0.0000,7.45365,16025.7
2529,129142.7083,128218.9361,923.7721,0.0185,7.42743,16033.1
2530,129142.7083,128218.9361,923.7721,0.0000,7.42743,16039.8
2531,129328.9647,128218.9361,1110.0286,0.0185,7.44819,16045.8
2532,129328.9647,128218.9361,1110.0286,0.0000,7.44819,16052.4
2533,129328.9647,128218.9361,1110.0286,0.0000,7.44819,16058.9
2534,129328.9647,128218.9361,1110.0286,0.0000,7.44819,16065.2
2535,129328.9647,128218.9361,1110.0286,0.0000,7.44819,16071.9
2536,129328.9647,128247.1029,1081.8619,0.0185,7.46153,16078.4
2537,129328.9647,128247.1029,1081.8619,0.0185,7.46712,16085.1
2538,129328.9647,128247.1029,1081.8619,0.0000,7.46712,16091.6
2539,129328.9647,128247.1029,1081.8619,0.0000,7.46712,16097.8
2540,129328.9647,128247.1029,1081.8619,0.0000,7.46712,16103.9
2541,129328.9647,128247.1029,1081.8619,0.0000,7.46712,16109.6
2542,129328.9647,128247.1029,1081.8619,0.0000,7.46712,16115.5
2543,129328.9647,128259.4025,1069.5622,0.0185,7.4727,16122.0
2544,129328.9647,128259.4025,1069.5622,0.0000,7.4727,16128.7
2545,129328.9647,128259.4025,1069.5622,0.0000,7.4727,16135.3
2546,129328.9647,128259.4025,1069.5622,0.0000,7.4727,16141.9
2547,129328.9647,128259.4025,1069.5622,0.0000,7.4727,16148.5
2548,129328.9647,128259.4025,1069.5622,0.0000,7.4727,16155.7
2549,129328.9647,128259.4025,1069.5622,0.0000,7.4727,16163.0
2550,129328.9647,128259.4025,1069.5622,0.0000,7.4727,16170.0
2551,129328.9647,128259.4025,1069.5622,0.0000,7.4727,16176.4
2552,129328.9647,128259.4025,1069.5622,0.0000,7.4727,16183.0
2553,129328.9647,128259.4025,1069.5622,0.0000,7.4727,16189.1
2554,129328.9647,128259.4025,1069.5622,0.0000,7.4727,16195.7
2555,129328.9647,128259.4025,1069.5622,0.0000,7.4727,16201.6
2556,129328.9647,128259.4025,1069.5622,0.0000,7.4727,16208.3
2557,129328.9647,128259.4025,1069.5622,0.0000,7.4727,16215.4
2558,129328.9647,128259.4025,1069.5622,0.0000,7.4727,16222.2
2559,129328.9647,128259.4025,1069.5622,0.0000,7.4727,16229.2
2560,129328.9647,128259.4025,1069.5622,0.0000,7.4727,16235.9
2561,129328.9647,128259.4025,1069.5622,0.0000,7.4727,16242.5
2562,129328.9647,128259.4025,1069.5622,0.0000,7.4727,16248.8
2563,129328.9647,128259.4025,1069.5622,0.0000,7.4727,16255.7
2564,129328.9647,128259.4025,1069.5622,0.0370,7.49819,16262.7
2565,129328.9647,128259.4025,1069.5622,0.0000,7.49819,16268.9
2566,129328.9647,128259.4025,1069.5622,0.0000,7.49819,16275.1
2567,129328.9647,128272.4076,1056.5571,0.0185,7.51367,16281.3
2568,129328.9647,128272.4076,1056.5571,0.0000,7.51367,16287.9
2569,129328.9647,128272.4076,1056.5571,0.0000,7.51367,16294.4
2570,129328.9647,128272.4076,1056.5571,0.0000,7.51367,16301.6
2571,129328.9647,128272.4076,1056.5571,0.0000,7.51367,16308.0
2572,129328.9647,128272.4076,1056.5571,0.0000,7.51367,16314.5
2573,129328.9647,128272.4076,1056.5571,0.0000,7.51367,16321.0
2574,129328.9647,128272.4076,1056.5571,0.0185,7.41867,16327.1
2575,129328.9647,128272.4076,1056.5571,0.0000,7.41867,16333.4
2576,129328.9647,128272.4076,1056.5571,0.0000,7.41867,16339.3
2577,129328.9647,128272.4076,1056.5571,0.0000,7.41867,16345.3
2578,129328.9647,128272.4076,1056.5571,0.0000,7.41867,16351.7
2579,129328.9647,128272.4076,1056.5571,0.0000,7.41867,16358.1
2580,129328.9647,128272.4076,1056.5571,0.0000,7.41867,16364.3
2581,129328.9647,128272.4076,1056.5571,0.0000,7.41867,16371.3
2582,129328.9647,128272.4076,1056.5571,0.0000,7.41867,16377.7
2583,129328.9647,128272.4076,1056.5571,0.0000,7.41867,16384.5
2584,129328.9647,128272.4076,1056.5571,0.0000,7.41867,16391.2
2585,129328.9647,128272.4076,1056.5571,0.0185,7.43928,16397.4
2586,129328.9647,128272.4076,1056.5571,0.0185,7.47678,16403.4
2587,129328.9647,128272.4076,1056.5571,0.0000,7.47678,16409.5
2588,129328.9647,128272.4076,1056.5571,0.0185,7.48048,16416.2
2589,129328.9647,128272.4076,1056.5571,0.0000,7.48048,16422.4
2590,129328.9647,128272.4076,1056.5571,0.0000,7.48048,16428.4
2591,129328.9647,128272.4076,1056.5571,0.0000,7.48048,16434.9
2592,129328.9647,128272.4076,1056.5571,0.0000,7.48048,16442.1
2593,129328.9647,128272.4076,1056.5571,0.0000,7.48048,16448.6
2594,129328.9647,128272.4076,1056.5571,0.0000,7.48048,16455.6
2595,129328.9647,128272.4076,1056.5571,0.0000,7.48048,16461.8
2596,129328.9647,128272.4076,1056.5571,0.0000,7.48048,16468.6
2597,129328.9647,128272.4076,1056.5571,0.0000,7.48048,16474.7
2598,129328.9647,128272.4076,1056.5571,0.0000,7.48048,16480.6
2599,129328.9647,128272.4076,1056.5571,0.0000,7.48048,16487.6
2600,129328.9647,128272.4076,1056.5571,0.0000,7.48048,16494.1
2601,129328.9647,128272.4076,1056.5571,0.0000,7.48048,16500.5
2602,129328.9647,128272.4076,1056.5571,0.0000,7.48048,16507.0
2603,129328.9647,128272.4076,1056.5571,0.0185,7.47937,16513.6
2604,129328.9647,128272.4076,1056.5571,0.0000,7.47937,16520.4
2605,129328.9647,128272.4076,1056.5571,0.0185,7.47467,16526.7
2606,129328.9647,128272.4076,1056.5571,0.0000,7.47467,16533.2
2607,129328.9647,128272.4076,1056.5571,0.0000,7.47467,16539.9
2608,129328.9647,128272.4076,1056.5571,0.0000,7.47467,16546.4
2609,129328.9647,128272.4076,1056.5571,0.0000,7.47467,16553.4
2610,129328.9647,128272.4076,1056.5571,0.0000,7.47467,16559.5
2611,129328.9647,128272.4076,1056.5571,0.0000,7.47467,16566.1
2612,129328.9647,128272.4076,1056.5571,0.0000,7.47467,16572.7
2613,129328.9647,128272.4076,1056.5571,0.0185,7.48446,16579.6
2614,129328.9647,128272.4076,1056.5571,0.0000,7.48446,16586.4
2615,129328.9647,128272.4076,1056.5571,0.0185,7.50548,16593.4
2616,129328.9647,128272.4076,1056.5571,0.0000,7.50548,16600.5
2617,129328.9647,128272.4076,1056.5571,0.0000,7.50548,16607.2
2618,129328.9647,128272.4076,1056.5571,0.0000,7.50548,16613.2
2619,129328.9647,128272.4076,1056.5571,0.0000,7.50548,16618.7
2620,129328.9647,128272.4076,1056.5571,0.0370,7.52976,16625.4
2621,129328.9647,128272.4076,1056.5571,0.0000,7.52976,16632.4
2622,129328.9647,128272.4076,1056.5571,0.0000,7.52976,16638.9
2623,129328.9647,128272.4076,1056.5571,0.0000,7.52976,16645.2
2624,129328.9647,128272.4076,1056.5571,0.0000,7.52976,16651.2
2625,129328.9647,128272.4076,1056.5571,0.0000,7.52976,16658.7
2626,129328.9647,128272.4076,1056.5571,0.0000,7.52976,16666.0
2627,129328.9647,128272.4076,1056.5571,0.0000,7.52976,16672.9
2628,129328.9647,128272.4076,1056.5571,0.0000,7.52976,16680.2
2629,129328.9647,128272.4076,1056.5571,0.0000,7.52976,16686.7
2630,129328.9647,128272.4076,1056.5571,0.0000,7.52976,16692.9
2631,129328.9647,128272.4076,1056.5571,0.0000,7.52976,16698.9
2632,129328.9647,128272.4076,1056.5571,0.0000,7.52976,16706.6
2633,129328.9647,128272.4076,1056.5571,0.0000,7.52976,16713.5
2634,129328.9647,128272.4076,1056.5571,0.0000,7.52976,16720.8
2635,129328.9647,128273.3982,1055.5665,0.0185,7.55542,16727.4
2636,129328.9647,128276.1959,1052.7688,0.0185,7.54851,16735.1
2637,129328.9647,128276.1959,1052.7688,0.0185,7.55838,16741.6
2638,129328.9647,128276.1959,1052.7688,0.0000,7.55838,16748.4
2639,129328.9647,128276.1959,1052.7688,0.0000,7.55838,16755.1
2640,129328.9647,128276.1959,1052.7688,0.0000,7.55838,16761.5
2641,129328.9647,128276.1959,1052.7688,0.0000,7.55838,16768.6
2642,129328.9647,128276.1959,1052.7688,0.0000,7.55838,16774.2
2643,129328.9647,128276.1959,1052.7688,0.0000,7.55838,16780.1
2644,129328.9647,128276.1959,1052.7688,0.0000,7.55838,16786.4
2645,129328.9647,128276.1959,1052.7688,0.0000,7.55838,16793.7
2646,129328.9647,128276.1959,1052.7688,0.0000,7.55838,16800.0
2647,129328.9647,128276.1959,1052.7688,0.0000,7.55838,16806.5
2648,129328.9647,128276.1959,1052.7688,0.0000,7.55838,16813.6
2649,129328.9647,128276.1959,1052.7688,0.0000,7.55838,16820.1
2650,129328.9647,128276.1959,1052.7688,0.0185,7.54734,16826.4
2651,129328.9647,128276.1959,1052.7688,0.0000,7.54734,16833.2
2652,129328.9647,128276.1959,1052.7688,0.0000,7.54734,16840.5
2653,129328.9647,128276.1959,1052.7688,0.0000,7.54734,16846.8
2654,129328.9647,128276.1959,1052.7688,0.0000,7.54734,16853.1
2655,129328.9647,128276.1959,1052.7688,0.0000,7.54734,16859.4
2656,129328.9647,128276.1959,1052.7688,0.0000,7.54734,16866.1
2657,129328.9647,128276.1959,1052.7688,0.0000,7.54734,16873.0
2658,129328.9647,128276.1959,1052.7688,0.0000,7.54734,16880.4
2659,129328.9647,128276.1959,1052.7688,0.0185,7.54814,16887.3
2660,129328.9647,128276.1959,1052.7688,0.0000,7.54814,16893.5
2661,129328.9647,128276.1959,1052.7688,0.0000,7.54814,16900.3
2662,129328.9647,128276.1959,1052.7688,0.0000,7.54814,16906.8
2663,129328.9647,128276.1959,1052.7688,0.0000,7.54814,16913.3
2664,129328.9647,128276.1959,1052.7688,0.0000,7.54814,16920.1
2665,129328.9647,128276.1959,1052.7688,0.0000,7.54814,16925.7
2666,129328.9647,128276.1959,1052.7688,0.0000,7.54814,16932.9
2667,129328.9647,128276.1959,1052.7688,0.0000,7.54814,16939.3
2668,129328.9647,128276.1959,1052.7688,0.0000,7.54814,16945.9
2669,129328.9647,128276.1959,1052.7688,0.0000,7.54814,16951.8
2670,129328.9647,128276.1959,1052.7688,0.0000,7.54814,16958.8
2671,129328.9647,128276.1959,1052.7688,0.0000,7.54814,16965.3
2672,129328.9647,128276.1959,1052.7688,0.0000,7.54814,16972.2
2673,129328.9647,128276.1959,1052.7688,0.0000,7.54814,16979.2
2674,129328.9647,128276.1959,1052.7688,0.0000,7.54814,16985.3
2675,129328.9647,128276.1959,1052.7688,0.0000,7.54814,16991.9
2676,129328.9647,128276.1959,1052.7688,0.0000,7.54814,16998.7
2677,129328.9647,128276.1959,1052.7688,0.0000,7.54814,17005.6
2678,129328.9647,128276.1959,1052.7688,0.0000,7.54814,17012.3
2679,129328.9647,128276.1959,1052.7688,0.0000,7.54814,17019.3
2680,129328.9647,128276.1959,1052.7688,0.0185,7.56839,17026.5
2681,129328.9647,128276.1959,1052.7688,0.0000,7.56839,17033.4
2682,129328.9647,128276.1959,1052.7688,0.0000,7.56839,17040.6
2683,129328.9647,128276.1959,1052.7688,0.0000,7.56839,17047.5
2684,129328.9647,128276.1959,1052.7688,0.0185,7.56626,17053.9
2685,129328.9647,128276.1959,1052.7688,0.0185,7.56804,17061.0
2686,129328.9647,128276.1959,1052.7688,0.0185,7.57787,17068.0
2687,129328.9647,128276.1959,1052.7688,0.0000,7.57787,17074.1
2688,129328.9647,128276.1959,1052.7688,0.0000,7.57787,17081.6
2689,129328.9647,128276.1959,1052.7688,0.0000,7.57787,17088.8
2690,129328.9647,128276.1959,1052.7688,0.0000,7.57787,17095.8
2691,129328.9647,128276.1959,1052.7688,0.0000,7.57787,17102.0
2692,129328.9647,128276.1959,1052.7688,0.0000,7.57787,17108.3
2693,129328.9647,128276.1959,1052.7688,0.0000,7.57787,17114.6
2694,129328.9647,128276.1959,1052.7688,0.0000,7.57787,17121.9
2695,129328.9647,128276.1959,1052.7688,0.0000,7.57787,17128.6
2696,129328.9647,128276.1959,1052.7688,0.0000,7.57787,17134.2
2697,129328.9647,128276.1959,1052.7688,0.0000,7.57787,17141.1
2698,129328.9647,128276.1959,1052.7688,0.0000,7.57787,17147.6
2699,129328.9647,128276.1959,1052.7688,0.0000,7.57787,17153.6
2700,129328.9647,128276.1959,1052.7688,0.0000,7.57787,17160.2
2701,129328.9647,128276.1959,1052.7688,0.0000,7.57787,17166.7
2702,129328.9647,128276.1959,1052.7688,0.0000,7.57787,17173.4
2703,129328.9647,128276.1959,1052.7688,0.0000,7.57787,17180.4
2704,129328.9647,128276.1959,1052.7688,0.0000,7.57787,17186.9
2705,129328.9647,128276.1959,1052.7688,0.0000,7.57787,17193.3
2706,129328.9647,128276.1959,1052.7688,0.0000,7.57787,17201.0
2707,129328.9647,128276.1959,1052.7688,0.0000,7.57787,17207.8
2708,129328.9647,128276.1959,1052.7688,0.0000,7.57787,17214.4
2709,129328.9647,128276.1959,1052.7688,0.0000,7.57787,17221.6
2710,129328.9647,128276.1959,1052.7688,0.0000,7.57787,17228.3
2711,129328.9647,128276.1959,1052.7688,0.0000,7.57787,17235.1
2712,129328.9647,128276.1959,1052.7688,0.0000,7.57787,17242.3
2713,129328.9647,128276.1959,1052.7688,0.0000,7.57787,17248.4
2714,129328.9647,128276.1959,1052.7688,0.0000,7.57787,17254.6
2715,129328.9647,128276.1959,1052.7688,0.0000,7.57787,17261.9
2716,129328.9647,128276.1959,1052.7688,0.0000,7.57787,17268.6
2717,129328.9647,128276.1959,1052.7688,0.0185,7.57174,17275.2
2718,129328.9647,128276.1959,1052.7688,0.0185,7.56943,17281.8
2719,129328.9647,128276.1959,1052.7688,0.0000,7.56943,17288.4
2720,129328.9647,128276.1959,1052.7688,0.0185,7.57565,17294.9
2721,129328.9647,128276.1959,1052.7688,0.0185,7.58457,17301.4
2722,129328.9647,128276.1959,1052.7688,0.0000,7.58457,17308.2
2723,129328.9647,128276.1959,1052.7688,0.0185,7.59398,17315.0
2724,129328.9647,128276.1959,1052.7688,0.0000,7.59398,17321.8
2725,129328.9647,128276.1959,1052.7688,0.0000,7.59398,17328.1
2726,129328.9647,128276.1959,1052.7688,0.0000,7.59398,17335.0
2727,129328.9647,128276.1959,1052.7688,0.0000,7.59398,17341.0
2728,129328.9647,128276.1959,1052.7688,0.0000,7.59398,17347.4
2729,129328.9647,128276.1959,1052.7688,0.0000,7.59398,17353.4
2730,129328.9647,128276.1959,1052.7688,0.0000,7.59398,17360.4
2731,129328.9647,128276.1959,1052.7688,0.0000,7.59398,17367.7
2732,129328.9647,128276.1959,1052.7688,0.0000,7.59398,17374.9
2733,129328.9647,128276.1959,1052.7688,0.0000,7.59398,17382.2
2734,129328.9647,128276.1959,1052.7688,0.0000,7.59398,17389.0
2735,129328.9647,128276.1959,1052.7688,0.0000,7.59398,17396.0
2736,129328.9647,128276.1959,1052.7688,0.0000,7.59398,17402.6
2737,129328.9647,128276.1959,1052.7688,0.0000,7.59398,17409.2
2738,129328.9647,128276.1959,1052.7688,0.0000,7.59398,17415.1
2739,129328.9647,128276.1959,1052.7688,0.0000,7.59398,17422.3
2740,129328.9647,128276.1959,1052.7688,0.0000,7.59398,17429.4
2741,129328.9647,128276.1959,1052.7688,0.0000,7.59398,17435.9
2742,129328.9647,128276.1959,1052.7688,0.0000,7.59398,17441.9
2743,129328.9647,128276.1959,1052.7688,0.0000,7.59398,17448.1
2744,129328.9647,128276.1959,1052.7688,0.0000,7.59398,17454.5
2745,129328.9647,128276.1959,1052.7688,0.0000,7.59398,17461.0
2746,129328.9647,128276.1959,1052.7688,0.0000,7.59398,17468.1
2747,129328.9647,128276.1959,1052.7688,0.0000,7.59398,17474.6
2748,129328.9647,128276.1959,1052.7688,0.0000,7.59398,17481.5
2749,129328.9647,128276.1959,1052.7688,0.0185,7.59981,17488.2
2750,129328.9647,128276.1959,1052.7688,0.0000,7.59981,17494.9
2751,129328.9647,128276.1959,1052.7688,0.0000,7.59981,17501.8
2752,129328.9647,128276.1959,1052.7688,0.0000,7.59981,17508.5
2753,129328.9647,128276.1959,1052.7688,0.0000,7.59981,17514.8
2754,129328.9647,128276.1959,1052.7688,0.0000,7.59981,17521.0
2755,129328.9647,128276.1959,1052.7688,0.0000,7.59981,17528.5
2756,129328.9647,128276.1959,1052.7688,0.0185,7.59937,17535.3
2757,129328.9647,128276.1959,1052.7688,0.0000,7.59937,17542.0
2758,129328.9647,128276.1959,1052.7688,0.0000,7.59937,17549.3
2759,129328.9647,128276.1959,1052.7688,0.0185,7.58617,17556.1
2760,129328.9647,128276.1959,1052.7688,0.0000,7.58617,17562.5
2761,129328.9647,128276.1959,1052.7688,0.0185,7.59357,17569.4
2762,129328.9647,128276.1959,1052.7688,0.0000,7.59357,17575.3
2763,129328.9647,128311.9762,1016.9886,0.0185,7.62873,17581.6
2764,129328.9647,128311.9762,1016.9886,0.0000,7.62873,17588.5
2765,129328.9647,128311.9762,1016.9886,0.0185,7.59685,17595.0
2766,129328.9647,128311.9762,1016.9886,0.0000,7.59685,17602.3
2767,129328.9647,128311.9762,1016.9886,0.0000,7.59685,17609.2
2768,129328.9647,128311.9762,1016.9886,0.0000,7.59685,17616.1
2769,129328.9647,128311.9762,1016.9886,0.0000,7.59685,17622.7
2770,129328.9647,128311.9762,1016.9886,0.0000,7.59685,17629.1
2771,129328.9647,128311.9762,1016.9886,0.0000,7.59685,17636.6
2772,129328.9647,128311.9762,1016.9886,0.0185,7.57898,17643.7
2773,129328.9647,128311.9762,1016.9886,0.0000,7.57898,17650.1
2774,129328.9647,128311.9762,1016.9886,0.0000,7.57898,17656.6
2775,129328.9647,128311.9762,1016.9886,0.0000,7.57898,17663.8
2776,129328.9647,128311.9762,1016.9886,0.0000,7.57898,17670.6
2777,129328.9647,128311.9762,1016.9886,0.0000,7.57898,17677.0
2778,129328.9647,128311.9762,1016.9886,0.0000,7.57898,17684.1
2779,129328.9647,128311.9762,1016.9886,0.0000,7.57898,17690.4
2780,129328.9647,128311.9762,1016.9886,0.0000,7.57898,17697.7
2781,129328.9647,128311.9762,1016.9886,0.0000,7.57898,17704.8
2782,129328.9647,128311.9762,1016.9886,0.0000,7.57898,17711.1
2783,129328.9647,128311.9762,1016.9886,0.0000,7.57898,17717.9
2784,129328.9647,128311.9762,1016.9886,0.0185,7.58963,17724.6
2785,129328.9647,128311.9762,1016.9886,0.0000,7.58963,17732.9
2786,129328.9647,128311.9762,1016.9886,0.0000,7.58963,17738.8
2787,129328.9647,128311.9762,1016.9886,0.0000,7.58963,17745.6
2788,129328.9647,128311.9762,1016.9886,0.0185,7.60873,17751.8
2789,129328.9647,128311.9762,1016.9886,0.0000,7.60873,17758.5
2790,129328.9647,128311.9762,1016.9886,0.0000,7.60873,17764.6
2791,129328.9647,128311.9762,1016.9886,0.0000,7.60873,17770.4
2792,129328.9647,128311.9762,1016.9886,0.0000,7.60873,17776.9
2793,129328.9647,128311.9762,1016.9886,0.0000,7.60873,17783.7
2794,129328.9647,128311.9762,1016.9886,0.0000,7.60873,17790.9
2795,129328.9647,128311.9762,1016.9886,0.0000,7.60873,17797.2
2796,129328.9647,128311.9762,1016.9886,0.0000,7.60873,17803.6
2797,129328.9647,128311.9762,1016.9886,0.0000,7.60873,17809.8
2798,129328.9647,128311.9762,1016.9886,0.0000,7.60873,17815.8
2799,129328.9647,128311.9762,1016.9886,0.0000,7.60873,17822.8
2800,129328.9647,128311.9762,1016.9886,0.0000,7.60873,17830.1
2801,129328.9647,128311.9762,1016.9886,0.0000,7.60873,17836.8
2802,129328.9647,128311.9762,1016.9886,0.0000,7.60873,17844.1
2803,129328.9647,128311.9762,1016.9886,0.0000,7.60873,17851.2
2804,129328.9647,128311.9762,1016.9886,0.0000,7.60873,17857.5
2805,129328.9647,128311.9762,1016.9886,0.0000,7.60873,17864.1
2806,129328.9647,128311.9762,1016.9886,0.0000,7.60873,17871.5
2807,129328.9647,128311.9762,1016.9886,0.0000,7.60873,17878.0
2808,129328.9647,128311.9762,1016.9886,0.0000,7.60873,17884.7
2809,129328.9647,128311.9762,1016.9886,0.0000,7.60873,17890.7
2810,129328.9647,128311.9762,1016.9886,0.0000,7.60873,17897.8
2811,129328.9647,128311.9762,1016.9886,0.0000,7.60873,17904.4
2812,129328.9647,128311.9762,1016.9886,0.0000,7.60873,17910.9
2813,129328.9647,128311.9762,1016.9886,0.0000,7.60873,17917.8
2814,129328.9647,128311.9762,1016.9886,0.0000,7.60873,17924.7
2815,129328.9647,128311.9762,1016.9886,0.0000,7.60873,17931.7
2816,129328.9647,128311.9762,1016.9886,0.0000,7.60873,17937.8
2817,129328.9647,128311.9762,1016.9886,0.0000,7.60873,17945.0
2818,129328.9647,128311.9762,1016.9886,0.0000,7.60873,17951.2
2819,129328.9647,128311.9762,1016.9886,0.0000,7.60873,17958.4
2820,129328.9647,128311.9762,1016.9886,0.0185,7.61324,17965.1
2821,129328.9647,128311.9762,1016.9886,0.0000,7.61324,17971.3
2822,129328.9647,128311.9762,1016.9886,0.0000,7.61324,17978.6
2823,129328.9647,128311.9762,1016.9886,0.0000,7.61324,17984.7
2824,129328.9647,128311.9762,1016.9886,0.0000,7.61324,17991.8
2825,129328.9647,128311.9762,1016.9886,0.0000,7.61324,17997.7
2826,129328.9647,128311.9762,1016.9886,0.0000,7.61324,18004.2
2827,129328.9647,128311.9762,1016.9886,0.0000,7.61324,18011.2
2828,129328.9647,128311.9762,1016.9886,0.0000,7.61324,18018.4
2829,129328.9647,128311.9762,1016.9886,0.0000,7.61324,18024.9
2830,129328.9647,128311.9762,1016.9886,0.0000,7.61324,18031.7
2831,129328.9647,128311.9762,1016.9886,0.0000,7.61324,18038.1
2832,129328.9647,128311.9762,1016.9886,0.0000,7.61324,18044.7
2833,129328.9647,128311.9762,1016.9886,0.0000,7.61324,18050.8
2834,129328.9647,128311.9762,1016.9886,0.0000,7.61324,18057.7
2835,129328.9647,128311.9762,1016.9886,0.0000,7.61324,18064.3
2836,129328.9647,128311.9762,1016.9886,0.0000,7.61324,18070.3
2837,129328.9647,128311.9762,1016.9886,0.0185,7.65283,18078.0
2838,129328.9647,128311.9762,1016.9886,0.0000,7.65283,18084.2
2839,129328.9647,128311.9762,1016.9886,0.0000,7.65283,18090.9
2840,129328.9647,128311.9762,1016.9886,0.0000,7.65283,18097.6
2841,129328.9647,128311.9762,1016.9886,0.0000,7.65283,18104.5
2842,129328.9647,128311.9762,1016.9886,0.0000,7.65283,18111.2
2843,129328.9647,128311.9762,1016.9886,0.0000,7.65283,18117.6
2844,129328.9647,128311.9762,1016.9886,0.0000,7.65283,18124.6
2845,129328.9647,128311.9762,1016.9886,0.0000,7.65283,18131.3
2846,129328.9647,128311.9762,1016.9886,0.0000,7.65283,18138.8
2847,129328.9647,128311.9762,1016.9886,0.0000,7.65283,18145.2
2848,129328.9647,128311.9762,1016.9886,0.0000,7.65283,18151.2
2849,129328.9647,128311.9762,1016.9886,0.0000,7.65283,18158.2
2850,129328.9647,128311.9762,1016.9886,0.0000,7.65283,18165.2
2851,129328.9647,128311.9762,1016.9886,0.0185,7.68636,18171.7
2852,129328.9647,128311.9762,1016.9886,0.0000,7.68636,18179.1
2853,129328.9647,128311.9762,1016.9886,0.0000,7.68636,18185.7
2854,129328.9647,128311.9762,1016.9886,0.0000,7.68636,18192.8
2855,129328.9647,128311.9762,1016.9886,0.0000,7.68636,18199.2
2856,129328.9647,128311.9762,1016.9886,0.0000,7.68636,18206.4
2857,129328.9647,128311.9762,1016.9886,0.0000,7.68636,18212.5
2858,129328.9647,128311.9762,1016.9886,0.0000,7.68636,18218.7
2859,129328.9647,128311.9762,1016.9886,0.0000,7.68636,18225.1
2860,129328.9647,128316.1195,1012.8452,0.0185,7.68471,18230.7
2861,129328.9647,128316.1195,1012.8452,0.0000,7.68471,18237.4
2862,129328.9647,128316.1195,1012.8452,0.0000,7.68471,18243.5
2863,129328.9647,128316.1195,1012.8452,0.0000,7.68471,18249.8
2864,129328.9647,128316.1195,1012.8452,0.0000,7.68471,18255.9
2865,129328.9647,128316.1195,1012.8452,0.0000,7.68471,18262.8
2866,129328.9647,128316.1195,1012.8452,0.0000,7.68471,18269.5
2867,129328.9647,128316.1195,1012.8452,0.0000,7.68471,18275.7
2868,129328.9647,128316.1195,1012.8452,0.0000,7.68471,18282.0
2869,129328.9647,128316.1195,1012.8452,0.0000,7.68471,18287.8
2870,129328.9647,128316.1195,1012.8452,0.0185,7.73951,18294.5
2871,129328.9647,128316.1195,1012.8452,0.0000,7.73951,18301.4
2872,129328.9647,128316.1195,1012.8452,0.0000,7.73951,18308.2
2873,129328.9647,128316.1195,1012.8452,0.0000,7.73951,18315.2
2874,129328.9647,128316.1195,1012.8452,0.0000,7.73951,18321.8
2875,129328.9647,128316.1195,1012.8452,0.0000,7.73951,18328.7
2876,129328.9647,128316.1195,1012.8452,0.0185,7.85662,18335.7
2877,129328.9647,128316.1195,1012.8452,0.0000,7.85662,18341.5
2878,129328.9647,128316.1195,1012.8452,0.0000,7.85662,18348.6
2879,129328.9647,128316.1195,1012.8452,0.0000,7.85662,18355.6
2880,129328.9647,128316.1195,1012.8452,0.0000,7.85662,18362.0
2881,129328.9647,128316.1195,1012.8452,0.0000,7.85662,18368.8
2882,129328.9647,128316.1195,1012.8452,0.0000,7.85662,18375.5
2883,129328.9647,128316.1195,1012.8452,0.0000,7.85662,18381.9
2884,129328.9647,128316.1195,1012.8452,0.0000,7.85662,18388.9
2885,129328.9647,128316.1195,1012.8452,0.0000,7.85662,18395.6
2886,129328.9647,128316.1195,1012.8452,0.0000,7.85662,18402.6
2887,129328.9647,128316.1195,1012.8452,0.0185,7.85203,18409.9
2888,129328.9647,128316.1195,1012.8452,0.0000,7.85203,18416.5
2889,129328.9647,128316.1195,1012.8452,0.0000,7.85203,18423.3
2890,129328.9647,128316.1195,1012.8452,0.0185,7.88654,18430.2
2891,129328.9647,128316.1195,1012.8452,0.0185,7.91374,18437.3
2892,129328.9647,128316.1195,1012.8452,0.0000,7.91374,18443.9
2893,129328.9647,128316.1195,1012.8452,0.0000,7.91374,18451.1
2894,129328.9647,128316.1195,1012.8452,0.0000,7.91374,18458.2
2895,129328.9647,128316.1195,1012.8452,0.0000,7.91374,18465.2
2896,129328.9647,128316.1195,1012.8452,0.0000,7.91374,18472.1
2897,129328.9647,128316.1195,1012.8452,0.0000,7.91374,18478.7
2898,129328.9647,128316.1195,1012.8452,0.0000,7.91374,18485.5
2899,129328.9647,128316.1195,1012.8452,0.0000,7.91374,18492.8
2900,129328.9647,128316.1195,1012.8452,0.0000,7.91374,18499.3
2901,129328.9647,128316.1195,1012.8452,0.0000,7.91374,18505.9
2902,129328.9647,128316.1195,1012.8452,0.0000,7.91374,18512.8
2903,129328.9647,128316.1195,1012.8452,0.0000,7.91374,18518.7
2904,129328.9647,128316.1195,1012.8452,0.0000,7.91374,18525.1
2905,129328.9647,128316.1195,1012.8452,0.0000,7.91374,18532.0
2906,129328.9647,128316.1195,1012.8452,0.0000,7.91374,18539.0
2907,129328.9647,128316.1195,1012.8452,0.0000,7.91374,18545.5
2908,129328.9647,128316.1195,1012.8452,0.0000,7.91374,18552.3
2909,129328.9647,128316.1195,1012.8452,0.0000,7.91374,18559.4
2910,129328.9647,128316.1195,1012.8452,0.0000,7.91374,18565.9
2911,129328.9647,128316.1195,1012.8452,0.0185,7.91042,18572.5
2912,129328.9647,128316.1195,1012.8452,0.0000,7.91042,18579.3
2913,129328.9647,128316.1195,1012.8452,0.0000,7.91042,18587.0
2914,129328.9647,128316.1195,1012.8452,0.0000,7.91042,18593.9
2915,129328.9647,128316.1195,1012.8452,0.0000,7.91042,18600.0
2916,129328.9647,128316.1195,1012.8452,0.0000,7.91042,18606.8
2917,129328.9647,128316.1195,1012.8452,0.0000,7.91042,18613.2
2918,129328.9647,128316.1195,1012.8452,0.0000,7.91042,18619.2
2919,129328.9647,128316.1195,1012.8452,0.0000,7.91042,18625.4
2920,129328.9647,128316.1195,1012.8452,0.0000,7.91042,18631.3
2921,129328.9647,128316.1195,1012.8452,0.0000,7.91042,18638.4
2922,129328.9647,128316.1195,1012.8452,0.0000,7.91042,18644.4
2923,129328.9647,128316.1195,1012.8452,0.0000,7.91042,18651.7
2924,129328.9647,128316.1195,1012.8452,0.0000,7.91042,18658.6
2925,129328.9647,128316.1195,1012.8452,0.0000,7.91042,18664.8
2926,129328.9647,128316.1195,1012.8452,0.0000,7.91042,18671.5
2927,129328.9647,128316.1195,1012.8452,0.0000,7.91042,18677.7
2928,129328.9647,128316.1195,1012.8452,0.0000,7.91042,18684.5
2929,129328.9647,128316.1195,1012.8452,0.0000,7.91042,18691.1
2930,129328.9647,128316.1195,1012.8452,0.0000,7.91042,18697.0
2931,129328.9647,128316.1195,1012.8452,0.0000,7.91042,18703.6
2932,129328.9647,128316.1195,1012.8452,0.0000,7.91042,18710.4
2933,129328.9647,128316.1195,1012.8452,0.0000,7.91042,18717.3
2934,129328.9647,128316.1195,1012.8452,0.0185,7.89679,18724.1
2935,129328.9647,128316.1195,1012.8452,0.0000,7.89679,18730.8
2936,129328.9647,128316.1195,1012.8452,0.0000,7.89679,18737.3
2937,129328.9647,128316.1195,1012.8452,0.0000,7.89679,18743.0
2938,129328.9647,128316.1195,1012.8452,0.0000,7.89679,18749.6
2939,129328.9647,128316.1195,1012.8452,0.0000,7.89679,18756.2
2940,129328.9647,128316.1195,1012.8452,0.0000,7.89679,18763.2
2941,129328.9647,128316.1195,1012.8452,0.0000,7.89679,18769.7
2942,129328.9647,128316.1195,1012.8452,0.0000,7.89679,18776.5
2943,129570.7108,128316.1195,1254.5913,0.0185,7.90867,18782.4
2944,129570.7108,128316.1195,1254.5913,0.0000,7.90867,18788.8
2945,129570.7108,128316.1195,1254.5913,0.0000,7.90867,18795.4
2946,129570.7108,128316.1195,1254.5913,0.0000,7.90867,18802.3
2947,129570.7108,128316.1195,1254.5913,0.0000,7.90867,18809.4
2948,129570.7108,128316.1195,1254.5913,0.0000,7.90867,18816.4
2949,129570.7108,128316.1195,1254.5913,0.0000,7.90867,18822.9
2950,129570.7108,128316.1195,1254.5913,0.0000,7.90867,18829.8
2951,129570.7108,128316.1195,1254.5913,0.0000,7.90867,18836.2
2952,129570.7108,128316.1195,1254.5913,0.0000,7.90867,18843.2
2953,129570.7108,128316.1195,1254.5913,0.0185,7.91382,18849.7
2954,129570.7108,128316.1195,1254.5913,0.0000,7.91382,18857.1
2955,129570.7108,128316.1195,1254.5913,0.0185,7.94133,18864.3
2956,129570.7108,128316.1195,1254.5913,0.0000,7.94133,18872.3
2957,129570.7108,128316.1195,1254.5913,0.0000,7.94133,18879.3
2958,129570.7108,128316.1195,1254.5913,0.0000,7.94133,18885.8
2959,129570.7108,128316.1195,1254.5913,0.0000,7.94133,18892.8
2960,129570.7108,128316.1195,1254.5913,0.0000,7.94133,18899.3
2961,129570.7108,128316.1195,1254.5913,0.0000,7.94133,18905.5
2962,129570.7108,128319.8577,1250.8531,0.0185,7.92779,18912.5
2963,129570.7108,128319.8577,1250.8531,0.0000,7.92779,18919.7
2964,129570.7108,128319.8577,1250.8531,0.0000,7.92779,18927.2
2965,129570.7108,128319.8577,1250.8531,0.0000,7.92779,18933.8
2966,129570.7108,128319.8577,1250.8531,0.0000,7.92779,18940.6
2967,129570.7108,128319.8577,1250.8531,0.0000,7.92779,18947.8
2968,129570.7108,128319.8577,1250.8531,0.0000,7.92779,18955.3
2969,129570.7108,128319.8577,1250.8531,0.0185,7.93228,18962.1
2970,129570.7108,128319.8577,1250.8531,0.0000,7.93228,18968.7
2971,129570.7108,128319.8577,1250.8531,0.0000,7.93228,18975.1
2972,129570.7108,128319.8577,1250.8531,0.0000,7.93228,18981.1
2973,129570.7108,128319.8577,1250.8531,0.0000,7.93228,18987.7
2974,129570.7108,128319.8577,1250.8531,0.0000,7.93228,18994.1
2975,129570.7108,128319.8577,1250.8531,0.0185,7.96556,19001.1
2976,129570.7108,128319.8577,1250.8531,0.0000,7.96556,19007.6
2977,129570.7108,128319.8577,1250.8531,0.0000,7.96556,19014.2
2978,129570.7108,128319.8577,1250.8531,0.0000,7.96556,19020.2
2979,129570.7108,128319.8577,1250.8531,0.0000,7.96556,19026.1
2980,129570.7108,128319.8577,1250.8531,0.0000,7.96556,19032.7
2981,129570.7108,128319.8577,1250.8531,0.0000,7.96556,19038.8
2982,129570.7108,128319.8577,1250.8531,0.0000,7.96556,19045.6
2983,129570.7108,128319.8577,1250.8531,0.0000,7.96556,19053.1
2984,129570.7108,128319.8577,1250.8531,0.0000,7.96556,19059.1
2985,129570.7108,128319.8577,1250.8531,0.0000,7.96556,19065.7
2986,129570.7108,128319.8577,1250.8531,0.0000,7.96556,19071.9
2987,129570.7108,128319.8577,1250.8531,0.0000,7.96556,19078.7
2988,129570.7108,128319.8577,1250.8531,0.0000,7.96556,19085.5
2989,129570.7108,128319.8577,1250.8531,0.0000,7.96556,19092.3
2990,129570.7108,128319.8577,1250.8531,0.0000,7.96556,19099.5
2991,129570.7108,128319.8577,1250.8531,0.0000,7.96556,19105.5
2992,129570.7108,128319.8577,1250.8531,0.0000,7.96556,19112.2
2993,129570.7108,128319.8577,1250.8531,0.0000,7.96556,19119.5
2994,129570.7108,128319.8577,1250.8531,0.0000,7.96556,19126.4
2995,129570.7108,128319.8577,1250.8531,0.0000,7.96556,19133.1
2996,129570.7108,128319.8577,1250.8531,0.0000,7.96556,19140.2
2997,129570.7108,128319.8577,1250.8531,0.0000,7.96556,19146.5
2998,129570.7108,128319.8577,1250.8531,0.0000,7.96556,19153.4
2999,129570.7108,128319.8577,1250.8531,0.0000,7.96556,19159.8
3000,129570.7108,128319.8577,1250.8531,0.0000,7.96556,19165.9
3001,129570.7108,128319.8577,1250.8531,0.0000,7.96556,19172.6
3002,129570.7108,128319.8577,1250.8531,0.0000,7.96556,19179.5
3003,129570.7108,128319.8577,1250.8531,0.0000,7.96556,19186.2
3004,129570.7108,128319.8577,1250.8531,0.0000,7.96556,19192.7
3005,129570.7108,128319.8577,1250.8531,0.0000,7.96556,19198.9
3006,129570.7108,128319.8577,1250.8531,0.0185,7.96676,19206.1
3007,129570.7108,128319.8577,1250.8531,0.0000,7.96676,19212.5
3008,129570.7108,128319.8577,1250.8531,0.0000,7.96676,19219.3
3009,129570.7108,128319.8577,1250.8531,0.0000,7.96676,19225.9
3010,129570.7108,128319.8577,1250.8531,0.0000,7.96676,19232.6
3011,129570.7108,128319.8577,1250.8531,0.0000,7.96676,19239.1
3012,129570.7108,128319.8577,1250.8531,0.0000,7.96676,19245.6
3013,129570.7108,128319.8577,1250.8531,0.0000,7.96676,19252.3
3014,129570.7108,128319.8577,1250.8531,0.0000,7.96676,19258.5
3015,129570.7108,128319.8577,1250.8531,0.0185,8.0476,19265.6
3016,129570.7108,128319.8577,1250.8531,0.0000,8.0476,19271.9
3017,129570.7108,128319.8577,1250.8531,0.0000,8.0476,19278.6
3018,129570.7108,128319.8577,1250.8531,0.0000,8.0476,19285.2
3019,129570.7108,128319.8577,1250.8531,0.0000,8.0476,19292.6
3020,129570.7108,128319.8577,1250.8531,0.0000,8.0476,19298.8
3021,129570.7108,128319.8577,1250.8531,0.0000,8.0476,19305.5
3022,129570.7108,128319.8577,1250.8531,0.0000,8.0476,19313.0
3023,129570.7108,128319.8577,1250.8531,0.0000,8.0476,19319.3
3024,129570.7108,128319.8577,1250.8531,0.0000,8.0476,19326.2
3025,129570.7108,128319.8577,1250.8531,0.0185,8.04517,19333.2
3026,129570.7108,128319.8577,1250.8531,0.0000,8.04517,19340.4
3027,129570.7108,128319.8577,1250.8531,0.0000,8.04517,19346.8
3028,129570.7108,128319.8577,1250.8531,0.0000,8.04517,19352.9
3029,129570.7108,128319.8577,1250.8531,0.0000,8.04517,19359.3
3030,129570.7108,128319.8577,1250.8531,0.0000,8.04517,19365.7
3031,129570.7108,128319.8577,1250.8531,0.0000,8.04517,19373.1
3032,129570.7108,128319.8577,1250.8531,0.0000,8.04517,19379.7
3033,129570.7108,128319.8577,1250.8531,0.0000,8.04517,19386.7
3034,129570.7108,128319.8577,1250.8531,0.0000,8.04517,19392.8
3035,129570.7108,128319.8577,1250.8531,0.0000,8.04517,19399.8
3036,129570.7108,128319.8577,1250.8531,0.0000,8.04517,19406.5
3037,129570.7108,128319.8577,1250.8531,0.0000,8.04517,19412.8
3038,129570.7108,128319.8577,1250.8531,0.0000,8.04517,19419.3
3039,129570.7108,128319.8577,1250.8531,0.0000,8.04517,19426.7
3040,129570.7108,128319.8577,1250.8531,0.0185,8.04841,19433.9
3041,129570.7108,128319.8577,1250.8531,0.0000,8.04841,19440.8
3042,129570.7108,128319.8577,1250.8531,0.0000,8.04841,19447.0
3043,129570.7108,128319.8577,1250.8531,0.0000,8.04841,19453.6
3044,129570.7108,128319.8577,1250.8531,0.0000,8.04841,19461.0
3045,129570.7108,128319.8577,1250.8531,0.0000,8.04841,19467.5
3046,129570.7108,128319.8577,1250.8531,0.0000,8.04841,19474.5
3047,129570.7108,128319.8577,1250.8531,0.0000,8.04841,19481.3
3048,129570.7108,128319.8577,1250.8531,0.0000,8.04841,19488.0
3049,129570.7108,128319.8577,1250.8531,0.0000,8.04841,19495.0
3050,129570.7108,128319.8577,1250.8531,0.0000,8.04841,19502.1
3051,129570.7108,128319.8577,1250.8531,0.0000,8.04841,19508.9
3052,129570.7108,128319.8577,1250.8531,0.0000,8.04841,19515.6
3053,129570.7108,128319.8577,1250.8531,0.0000,8.04841,19522.1
3054,129570.7108,128319.8577,1250.8531,0.0000,8.04841,19528.7
3055,129570.7108,128319.8577,1250.8531,0.0000,8.04841,19535.8
3056,129570.7108,128319.8577,1250.8531,0.0000,8.04841,19542.7
3057,129570.7108,128319.8577,1250.8531,0.0000,8.04841,19549.7
3058,129570.7108,128319.8577,1250.8531,0.0000,8.04841,19556.1
3059,129570.7108,128319.8577,1250.8531,0.0000,8.04841,19562.8
3060,129570.7108,128319.8577,1250.8531,0.0000,8.04841,19569.0
3061,129570.7108,128319.8577,1250.8531,0.0000,8.04841,19575.4
3062,129570.7108,128319.8577,1250.8531,0.0000,8.04841,19581.8
3063,129570.7108,128319.8577,1250.8531,0.0000,8.04841,19588.7
3064,129570.7108,128319.8577,1250.8531,0.0000,8.04841,19595.6
3065,129570.7108,128319.8577,1250.8531,0.0000,8.04841,19603.0
3066,129570.7108,128319.8577,1250.8531,0.0000,8.04841,19609.9
3067,129570.7108,128319.8577,1250.8531,0.0000,8.04841,19616.6
3068,129570.7108,128319.8577,1250.8531,0.0000,8.04841,19623.9
3069,129570.7108,128319.8577,1250.8531,0.0000,8.04841,19630.1
3070,129570.7108,128319.8577,1250.8531,0.0000,8.04841,19636.6
3071,129570.7108,128319.8577,1250.8531,0.0000,8.04841,19643.2
3072,129570.7108,128319.8577,1250.8531,0.0000,8.04841,19650.0
3073,129570.7108,128319.8577,1250.8531,0.0185,8.05741,19656.8
3074,129570.7108,128319.8577,1250.8531,0.0185,8.07683,19662.7
3075,129570.7108,128319.8577,1250.8531,0.0000,8.07683,19669.2
3076,129570.7108,128319.8577,1250.8531,0.0000,8.07683,19675.6
3077,129570.7108,128319.8577,1250.8531,0.0000,8.07683,19681.9
3078,129570.7108,128319.8577,1250.8531,0.0000,8.07683,19688.2
3079,129570.7108,128319.8577,1250.8531,0.0000,8.07683,19694.7
3080,129570.7108,128319.8577,1250.8531,0.0000,8.07683,19701.7
3081,129570.7108,128319.8577,1250.8531,0.0000,8.07683,19708.4
3082,129570.7108,128319.8577,1250.8531,0.0000,8.07683,19714.8
3083,129570.7108,128319.8577,1250.8531,0.0000,8.07683,19721.2
3084,129570.7108,128319.8577,1250.8531,0.0000,8.07683,19727.7
3085,129570.7108,128319.8577,1250.8531,0.0000,8.07683,19735.4
3086,129570.7108,128319.8577,1250.8531,0.0000,8.07683,19741.7
3087,129570.7108,128319.8577,1250.8531,0.0000,8.07683,19749.2
3088,129570.7108,128319.8577,1250.8531,0.0000,8.07683,19756.2
3089,129570.7108,128319.8577,1250.8531,0.0000,8.07683,19762.6
3090,129570.7108,128319.8577,1250.8531,0.0000,8.07683,19769.5
3091,129570.7108,128319.8577,1250.8531,0.0185,8.08833,19776.6
3092,129570.7108,128319.8577,1250.8531,0.0000,8.08833,19782.8
3093,129570.7108,128319.8577,1250.8531,0.0000,8.08833,19790.1
3094,129570.7108,128319.8577,1250.8531,0.0000,8.08833,19797.2
3095,129570.7108,128319.8577,1250.8531,0.0185,8.10953,19803.2
3096,129570.7108,128319.8577,1250.8531,0.0000,8.10953,19810.5
3097,129570.7108,128319.8577,1250.8531,0.0000,8.10953,19817.0
3098,129570.7108,128319.8577,1250.8531,0.0000,8.10953,19823.2
3099,129570.7108,128319.8577,1250.8531,0.0000,8.10953,19829.4
3100,129570.7108,128319.8577,1250.8531,0.0185,8.14361,19836.5
3101,129570.7108,128319.8577,1250.8531,0.0000,8.14361,19843.1
3102,129570.7108,128319.8577,1250.8531,0.0000,8.14361,19850.4
3103,129570.7108,128319.8577,1250.8531,0.0185,8.21955,19857.0
3104,129570.7108,128319.8577,1250.8531,0.0000,8.21955,19863.2
3105,129570.7108,128319.8577,1250.8531,0.0000,8.21955,19869.5
3106,129570.7108,128319.8577,1250.8531,0.0000,8.21955,19875.6
3107,129570.7108,128319.8577,1250.8531,0.0000,8.21955,19882.8
3108,129570.7108,128319.8577,1250.8531,0.0000,8.21955,19889.7
3109,129570.7108,128319.8577,1250.8531,0.0000,8.21955,19896.3
3110,129570.7108,128319.8577,1250.8531,0.0000,8.21955,19903.2
3111,129570.7108,128319.8577,1250.8531,0.0000,8.21955,19909.9
3112,129570.7108,128319.8577,1250.8531,0.0000,8.21955,19916.5
3113,129570.7108,128319.8577,1250.8531,0.0000,8.21955,19923.4
3114,129570.7108,128319.8577,1250.8531,0.0185,8.2083,19930.2
3115,129570.7108,128319.8577,1250.8531,0.0000,8.2083,19936.8
3116,129570.7108,128319.8577,1250.8531,0.0000,8.2083,19943.5
3117,129570.7108,128319.8577,1250.8531,0.0000,8.2083,19949.8
3118,129570.7108,128319.8577,1250.8531,0.0000,8.2083,19955.7
3119,129570.7108,128325.8990,1244.8118,0.0370,8.18244,19962.3
3120,129570.7108,128325.8990,1244.8118,0.0000,8.18244,19968.9
3121,129570.7108,128325.8990,1244.8118,0.0000,8.18244,19975.9
3122,129570.7108,128325.8990,1244.8118,0.0000,8.18244,19983.2
3123,129570.7108,128325.8990,1244.8118,0.0000,8.18244,19990.1
3124,129570.7108,128325.8990,1244.8118,0.0185,8.15346,19996.8
3125,129570.7108,128325.8990,1244.8118,0.0000,8.15346,20003.6
3126,129570.7108,128325.8990,1244.8118,0.0000,8.15346,20010.6
3127,129570.7108,128325.8990,1244.8118,0.0000,8.15346,20017.3
3128,129570.7108,128325.8990,1244.8118,0.0000,8.15346,20023.6
3129,129570.7108,128325.8990,1244.8118,0.0370,8.11592,20029.7
3130,129570.7108,128325.8990,1244.8118,0.0000,8.11592,20036.1
3131,129570.7108,128325.8990,1244.8118,0.0000,8.11592,20042.8
3132,129570.7108,128325.8990,1244.8118,0.0185,8.12897,20049.6
3133,129570.7108,128325.8990,1244.8118,0.0000,8.12897,20056.1
3134,129570.7108,128325.8990,1244.8118,0.0000,8.12897,20063.2
3135,129570.7108,128325.8990,1244.8118,0.0000,8.12897,20069.6
3136,129570.7108,128325.8990,1244.8118,0.0000,8.12897,20076.1
3137,129570.7108,128325.8990,1244.8118,0.0000,8.12897,20082.8
3138,129570.7108,128325.8990,1244.8118,0.0000,8.12897,20089.2
3139,129570.7108,128325.8990,1244.8118,0.0000,8.12897,20095.8
3140,129570.7108,128325.8990,1244.8118,0.0000,8.12897,20102.8
3141,129570.7108,128325.8990,1244.8118,0.0000,8.12897,20109.1
3142,129570.7108,128325.8990,1244.8118,0.0000,8.12897,20116.2
3143,129570.7108,128325.8990,1244.8118,0.0000,8.12897,20123.0
3144,129570.7108,128325.8990,1244.8118,0.0000,8.12897,20130.0
3145,129570.7108,128325.8990,1244.8118,0.0000,8.12897,20137.0
3146,129570.7108,128325.8990,1244.8118,0.0000,8.12897,20144.1
3147,129570.7108,128325.8990,1244.8118,0.0000,8.12897,20151.1
3148,129570.7108,128325.8990,1244.8118,0.0185,8.1416,20157.6
3149,129570.7108,128325.8990,1244.8118,0.0000,8.1416,20164.5
3150,129570.7108,128325.8990,1244.8118,0.0000,8.1416,20171.0
3151,129570.7108,128325.8990,1244.8118,0.0000,8.1416,20178.3
3152,129570.7108,128325.8990,1244.8118,0.0000,8.1416,20185.5
3153,129570.7108,128325.8990,1244.8118,0.0000,8.1416,20192.3
3154,129570.7108,128325.8990,1244.8118,0.0000,8.1416,20198.7
3155,129570.7108,128325.8990,1244.8118,0.0000,8.1416,20204.6
3156,129570.7108,128325.8990,1244.8118,0.0000,8.1416,20211.0
3157,129570.7108,128325.8990,1244.8118,0.0000,8.1416,20218.1
3158,129570.7108,128325.8990,1244.8118,0.0000,8.1416,20224.6
3159,129570.7108,128325.8990,1244.8118,0.0000,8.1416,20231.4
3160,129570.7108,128325.8990,1244.8118,0.0185,8.15999,20238.6
3161,129570.7108,128325.8990,1244.8118,0.0000,8.15999,20244.6
3162,129570.7108,128325.8990,1244.8118,0.0000,8.15999,20251.4
3163,129570.7108,128325.8990,1244.8118,0.0000,8.15999,20258.0
3164,129570.7108,128325.8990,1244.8118,0.0000,8.15999,20265.0
3165,129570.7108,128325.8990,1244.8118,0.0000,8.15999,20271.5
3166,129570.7108,128325.8990,1244.8118,0.0185,8.1635,20278.0
3167,129570.7108,128325.8990,1244.8118,0.0000,8.1635,20284.3
3168,129570.7108,128325.8990,1244.8118,0.0000,8.1635,20291.0
3169,129570.7108,128325.8990,1244.8118,0.0000,8.1635,20297.8
3170,129570.7108,128325.8990,1244.8118,0.0000,8.1635,20304.9
3171,129570.7108,128325.8990,1244.8118,0.0000,8.1635,20311.9
3172,129570.7108,128325.8990,1244.8118,0.0000,8.1635,20318.1
3173,129570.7108,128325.8990,1244.8118,0.0000,8.1635,20324.7
3174,129570.7108,128325.8990,1244.8118,0.0000,8.1635,20331.9
3175,129570.7108,128325.8990,1244.8118,0.0000,8.1635,20339.9
3176,129570.7108,128325.8990,1244.8118,0.0000,8.1635,20346.1
3177,129570.7108,128325.8990,1244.8118,0.0000,8.1635,20353.3
3178,129570.7108,128325.8990,1244.8118,0.0000,8.1635,20359.6
3179,129570.7108,128325.8990,1244.8118,0.0000,8.1635,20366.5
3180,129570.7108,128325.8990,1244.8118,0.0000,8.1635,20372.5
3181,129570.7108,128325.8990,1244.8118,0.0000,8.1635,20379.7
3182,129570.7108,128325.8990,1244.8118,0.0185,8.1325,20386.5
3183,129570.7108,128325.8990,1244.8118,0.0000,8.1325,20393.3
3184,129570.7108,128325.8990,1244.8118,0.0000,8.1325,20399.6
3185,129570.7108,128325.8990,1244.8118,0.0000,8.1325,20405.5
3186,129570.7108,128325.8990,1244.8118,0.0000,8.1325,20411.7
3187,129570.7108,128325.8990,1244.8118,0.0000,8.1325,20417.7
3188,129570.7108,128325.8990,1244.8118,0.0000,8.1325,20425.2
3189,129570.7108,128325.8990,1244.8118,0.0000,8.1325,20431.7
3190,129570.7108,128325.8990,1244.8118,0.0000,8.1325,20438.0
3191,129570.7108,128325.8990,1244.8118,0.0000,8.1325,20445.0
3192,129580.1398,128325.8990,1254.2408,0.0185,8.13216,20451.4
3193,129580.1398,128325.8990,1254.2408,0.0000,8.13216,20458.7
3194,129580.1398,128325.8990,1254.2408,0.0185,8.12112,20465.1
3195,129580.1398,128325.8990,1254.2408,0.0185,8.19388,20472.4
3196,129580.1398,128325.8990,1254.2408,0.0000,8.19388,20479.8
3197,129580.1398,128325.8990,1254.2408,0.0000,8.19388,20486.8
3198,129580.1398,128325.8990,1254.2408,0.0000,8.19388,20493.5
3199,129580.1398,128325.8990,1254.2408,0.0000,8.19388,20500.1
3200,129580.1398,128325.8990,1254.2408,0.0000,8.19388,20506.3
3201,129580.1398,128325.8990,1254.2408,0.0000,8.19388,20512.7
3202,129580.1398,128325.8990,1254.2408,0.0000,8.19388,20520.2
3203,129580.1398,128325.8990,1254.2408,0.0000,8.19388,20526.9
3204,129580.1398,128325.8990,1254.2408,0.0000,8.19388,20534.0
3205,129580.1398,128325.8990,1254.2408,0.0000,8.19388,20541.6
3206,129580.1398,128325.8990,1254.2408,0.0000,8.19388,20548.8
3207,129580.1398,128325.8990,1254.2408,0.0000,8.19388,20555.9
3208,129580.1398,128325.8990,1254.2408,0.0000,8.19388,20563.7
3209,129580.1398,128325.8990,1254.2408,0.0000,8.19388,20570.0
3210,129580.1398,128325.8990,1254.2408,0.0000,8.19388,20577.6
3211,129580.1398,128325.8990,1254.2408,0.0000,8.19388,20584.6
3212,129580.1398,128325.8990,1254.2408,0.0000,8.19388,20591.3
3213,129580.1398,128325.8990,1254.2408,0.0185,8.22156,20597.7
3214,129580.1398,128325.8990,1254.2408,0.0000,8.22156,20604.1
3215,129580.1398,128325.8990,1254.2408,0.0000,8.22156,20611.6
3216,129580.1398,128325.8990,1254.2408,0.0000,8.22156,20617.7
3217,129580.1398,128325.8990,1254.2408,0.0000,8.22156,20625.3
3218,129580.1398,128325.8990,1254.2408,0.0000,8.22156,20632.1
3219,129580.1398,128325.8990,1254.2408,0.0000,8.22156,20638.8
3220,129580.1398,128325.8990,1254.2408,0.0000,8.22156,20645.5
3221,129580.1398,128325.8990,1254.2408,0.0000,8.22156,20652.3
3222,129580.1398,128325.8990,1254.2408,0.0000,8.22156,20659.6
3223,129580.1398,128325.8990,1254.2408,0.0000,8.22156,20665.9
3224,129580.1398,128325.8990,1254.2408,0.0000,8.22156,20673.0
3225,129580.1398,128325.8990,1254.2408,0.0000,8.22156,20679.2
3226,129580.1398,128325.8990,1254.2408,0.0000,8.22156,20685.4
3227,129580.1398,128325.8990,1254.2408,0.0000,8.22156,20691.7
3228,129580.1398,128325.8990,1254.2408,0.0185,8.15394,20698.8
3229,129580.1398,128325.8990,1254.2408,0.0000,8.15394,20705.2
3230,129580.1398,128325.8990,1254.2408,0.0000,8.15394,20711.6
3231,129580.1398,128325.8990,1254.2408,0.0000,8.15394,20717.6
3232,129580.1398,128325.8990,1254.2408,0.0000,8.15394,20724.1
3233,129580.1398,128325.8990,1254.2408,0.0000,8.15394,20730.5
3234,129580.1398,128325.8990,1254.2408,0.0000,8.15394,20737.0
3235,129580.1398,128325.8990,1254.2408,0.0000,8.15394,20743.4
3236,129580.1398,128325.8990,1254.2408,0.0000,8.15394,20749.8
3237,129580.1398,128325.8990,1254.2408,0.0000,8.15394,20757.5
3238,129580.1398,128325.8990,1254.2408,0.0000,8.15394,20764.2
3239,129580.1398,128325.8990,1254.2408,0.0000,8.15394,20770.5
3240,129580.1398,128325.8990,1254.2408,0.0000,8.15394,20776.8
3241,129580.1398,128325.8990,1254.2408,0.0000,8.15394,20783.1
3242,129580.1398,128325.8990,1254.2408,0.0000,8.15394,20790.1
3243,129580.1398,128325.8990,1254.2408,0.0000,8.15394,20796.5
3244,129580.1398,128325.8990,1254.2408,0.0000,8.15394,20804.0
3245,129580.1398,128325.8990,1254.2408,0.0000,8.15394,20811.1
3246,129580.1398,128325.8990,1254.2408,0.0185,8.15064,20817.9
3247,129580.1398,128325.8990,1254.2408,0.0000,8.15064,20824.4
3248,129580.1398,128325.8990,1254.2408,0.0000,8.15064,20831.0
3249,129580.1398,128325.8990,1254.2408,0.0000,8.15064,20838.2
3250,129580.1398,128325.8990,1254.2408,0.0000,8.15064,20844.3
3251,129580.1398,128325.8990,1254.2408,0.0000,8.15064,20851.0
3252,129580.1398,128325.8990,1254.2408,0.0000,8.15064,20857.6
3253,129580.1398,128325.8990,1254.2408,0.0000,8.15064,20864.5
3254,129580.1398,128325.8990,1254.2408,0.0000,8.15064,20871.6
3255,129580.1398,128325.8990,1254.2408,0.0000,8.15064,20878.6
3256,129580.1398,128332.8683,1247.2714,0.0185,8.14353,20884.6
3257,129580.1398,128332.8683,1247.2714,0.0000,8.14353,20891.4
3258,129580.1398,128332.8683,1247.2714,0.0000,8.14353,20898.2
3259,129580.1398,128332.8683,1247.2714,0.0000,8.14353,20904.5
3260,129580.1398,128332.8683,1247.2714,0.0000,8.14353,20910.9
3261,129580.1398,128332.8683,1247.2714,0.0000,8.14353,20918.4
3262,129580.1398,128332.8683,1247.2714,0.0185,8.14825,20925.0
3263,129580.1398,128332.8683,1247.2714,0.0000,8.14825,20932.2
3264,129580.1398,128332.8683,1247.2714,0.0000,8.14825,20939.2
3265,129580.1398,128341.1783,1238.9614,0.0185,8.14927,20946.9
3266,129580.1398,128341.1783,1238.9614,0.0000,8.14927,20953.4
3267,129580.1398,128341.1783,1238.9614,0.0000,8.14927,20960.1
3268,129580.1398,128341.1783,1238.9614,0.0000,8.14927,20966.3
3269,129580.1398,128341.1783,1238.9614,0.0000,8.14927,20972.8
3270,129580.1398,128341.1783,1238.9614,0.0000,8.14927,20978.8
3271,129580.1398,128341.1783,1238.9614,0.0185,8.23722,20985.5
3272,129580.1398,128341.1783,1238.9614,0.0000,8.23722,20992.3
3273,129580.1398,128341.1783,1238.9614,0.0000,8.23722,20999.6
3274,129580.1398,128341.1783,1238.9614,0.0000,8.23722,21006.1
3275,129580.1398,128341.1783,1238.9614,0.0000,8.23722,21012.6
3276,129580.1398,128341.1783,1238.9614,0.0000,8.23722,21019.7
3277,129580.1398,128341.1783,1238.9614,0.0000,8.23722,21026.3
3278,129580.1398,128341.1783,1238.9614,0.0000,8.23722,21033.3
3279,129580.1398,128341.1783,1238.9614,0.0000,8.23722,21040.4
3280,129580.1398,128341.1783,1238.9614,0.0000,8.23722,21047.2
3281,129580.1398,128341.1783,1238.9614,0.0000,8.23722,21053.4
3282,129580.1398,128341.1783,1238.9614,0.0000,8.23722,21060.0
3283,129580.1398,128341.1783,1238.9614,0.0000,8.23722,21066.4
3284,129580.1398,128341.1783,1238.9614,0.0000,8.23722,21072.8
3285,129580.1398,128341.1783,1238.9614,0.0000,8.23722,21079.2
3286,129580.1398,128341.1783,1238.9614,0.0000,8.23722,21085.6
3287,129580.1398,128341.1783,1238.9614,0.0000,8.23722,21091.5
3288,129580.1398,128341.1783,1238.9614,0.0000,8.23722,21099.3
3289,129580.1398,128341.1783,1238.9614,0.0000,8.23722,21107.2
3290,129580.1398,128341.1783,1238.9614,0.0000,8.23722,21114.3
3291,129580.1398,128341.1783,1238.9614,0.0000,8.23722,21120.6
3292,129580.1398,128341.1783,1238.9614,0.0000,8.23722,21127.2
3293,129580.1398,128341.1783,1238.9614,0.0000,8.23722,21133.9
3294,129580.1398,128341.1783,1238.9614,0.0185,8.23778,21140.8
3295,129580.1398,128341.1783,1238.9614,0.0000,8.23778,21147.0
3296,129580.1398,128341.1783,1238.9614,0.0000,8.23778,21154.1
3297,129580.1398,128341.1783,1238.9614,0.0000,8.23778,21160.6
3298,129580.1398,128341.1783,1238.9614,0.0000,8.23778,21167.9
3299,129580.1398,128341.1783,1238.9614,0.0000,8.23778,21175.3
3300,129580.1398,128341.1783,1238.9614,0.0000,8.23778,21182.3
3301,129580.1398,128341.1783,1238.9614,0.0000,8.23778,21188.9
3302,129580.1398,128341.1783,1238.9614,0.0000,8.23778,21196.0
3303,129580.1398,128341.1783,1238.9614,0.0000,8.23778,21202.5
3304,129580.1398,128341.1783,1238.9614,0.0000,8.23778,21209.6
3305,129580.1398,128341.1783,1238.9614,0.0185,8.2517,21216.4
3306,129580.1398,128341.1783,1238.9614,0.0185,8.26261,21223.0
3307,129580.1398,128341.1783,1238.9614,0.0000,8.26261,21229.4
3308,129580.1398,128341.1783,1238.9614,0.0000,8.26261,21236.8
3309,129580.1398,128341.1783,1238.9614,0.0000,8.26261,21244.3
3310,129580.1398,128341.1783,1238.9614,0.0000,8.26261,21251.5
3311,129580.1398,128341.1783,1238.9614,0.0000,8.26261,21258.3
3312,129580.1398,128341.1783,1238.9614,0.0000,8.26261,21264.7
3313,129580.1398,128341.1783,1238.9614,0.0000,8.26261,21271.3
3314,129580.1398,128341.1783,1238.9614,0.0000,8.26261,21278.1
3315,129580.1398,128341.1783,1238.9614,0.0000,8.26261,21285.0
3316,129580.1398,128341.1783,1238.9614,0.0000,8.26261,21292.3
3317,129580.1398,128341.1783,1238.9614,0.0000,8.26261,21298.8
3318,129580.1398,128341.1783,1238.9614,0.0000,8.26261,21305.3
3319,129580.1398,128341.1783,1238.9614,0.0000,8.26261,21311.4
3320,129580.1398,128341.1783,1238.9614,0.0000,8.26261,21318.9
3321,129580.1398,128341.1783,1238.9614,0.0000,8.26261,21325.2
3322,129580.1398,128341.1783,1238.9614,0.0000,8.26261,21332.2
3323,129580.1398,128341.1783,1238.9614,0.0000,8.26261,21339.3
3324,129580.1398,128341.1783,1238.9614,0.0000,8.26261,21346.0
3325,129580.1398,128341.1783,1238.9614,0.0000,8.26261,21352.9
3326,129580.1398,128341.1783,1238.9614,0.0000,8.26261,21360.2
3327,129580.1398,128346.2850,1233.8548,0.0185,8.2597,21366.8
3328,129580.1398,128346.2850,1233.8548,0.0000,8.2597,21373.9
3329,129580.1398,128346.2850,1233.8548,0.0000,8.2597,21380.8
3330,129580.1398,128346.2850,1233.8548,0.0185,8.24381,21387.6
3331,129580.1398,128346.2850,1233.8548,0.0000,8.24381,21395.2
3332,129580.1398,128346.2850,1233.8548,0.0000,8.24381,21401.6
3333,129580.1398,128346.2850,1233.8548,0.0185,8.24648,21409.1
3334,129580.1398,128346.2850,1233.8548,0.0000,8.24648,21416.1
3335,129580.1398,128346.2850,1233.8548,0.0000,8.24648,21423.0
3336,129580.1398,128346.2850,1233.8548,0.0000,8.24648,21429.5
3337,129580.1398,128346.2850,1233.8548,0.0000,8.24648,21436.6
3338,129580.1398,128346.2850,1233.8548,0.0000,8.24648,21442.8
3339,129580.1398,128346.2850,1233.8548,0.0000,8.24648,21449.2
3340,129580.1398,128346.2850,1233.8548,0.0000,8.24648,21455.6
3341,129580.1398,128346.2850,1233.8548,0.0000,8.24648,21463.0
3342,129580.1398,128346.2850,1233.8548,0.0000,8.24648,21469.7
3343,129580.1398,128346.2850,1233.8548,0.0000,8.24648,21476.2
3344,129580.1398,128346.2850,1233.8548,0.0000,8.24648,21482.5
3345,129580.1398,128346.2850,1233.8548,0.0000,8.24648,21488.5
3346,129580.1398,128346.2850,1233.8548,0.0000,8.24648,21495.0
3347,129580.1398,128346.2850,1233.8548,0.0000,8.24648,21501.9
3348,129580.1398,128379.4449,1200.6949,0.0185,8.27599,21509.5
3349,129580.1398,128379.4449,1200.6949,0.0000,8.27599,21516.2
3350,129580.1398,128379.4449,1200.6949,0.0000,8.27599,21522.4
3351,129580.1398,128379.4449,1200.6949,0.0000,8.27599,21529.9
3352,129580.1398,128379.4449,1200.6949,0.0000,8.27599,21537.5
3353,129580.1398,128379.4449,1200.6949,0.0185,8.35941,21544.5
3354,129580.1398,128379.4449,1200.6949,0.0000,8.35941,21551.1
3355,129580.1398,128379.4449,1200.6949,0.0000,8.35941,21557.6
3356,129580.1398,128379.4449,1200.6949,0.0000,8.35941,21564.3
3357,129580.1398,128379.4449,1200.6949,0.0000,8.35941,21571.1
3358,129580.1398,128379.4449,1200.6949,0.0000,8.35941,21577.0
3359,129580.1398,128408.3619,1171.7779,0.0185,8.34307,21584.0
3360,129580.1398,128408.3619,1171.7779,0.0000,8.34307,21590.5
3361,129580.1398,128408.3619,1171.7779,0.0000,8.34307,21596.5
3362,129580.1398,128408.3619,1171.7779,0.0000,8.34307,21603.4
3363,129580.1398,128408.3619,1171.7779,0.0000,8.34307,21610.3
3364,129580.1398,128408.3619,1171.7779,0.0000,8.34307,21617.1
3365,129580.1398,128408.3619,1171.7779,0.0000,8.34307,21624.2
3366,129580.1398,128408.3619,1171.7779,0.0000,8.34307,21631.0
3367,129580.1398,128408.3619,1171.7779,0.0000,8.34307,21638.8
3368,129580.1398,128408.3619,1171.7779,0.0000,8.34307,21645.6
3369,129580.1398,128408.3619,1171.7779,0.0000,8.34307,21651.9
3370,129580.1398,128408.3619,1171.7779,0.0000,8.34307,21659.4
3371,129580.1398,128408.3619,1171.7779,0.0000,8.34307,21666.7
3372,129580.1398,128408.3619,1171.7779,0.0000,8.34307,21673.8
3373,129580.1398,128408.3619,1171.7779,0.0000,8.34307,21680.7
3374,129580.1398,128408.3619,1171.7779,0.0000,8.34307,21687.9
3375,129580.1398,128408.3619,1171.7779,0.0000,8.34307,21694.9
3376,129580.1398,128408.3619,1171.7779,0.0000,8.34307,21702.2
3377,129580.1398,128408.3619,1171.7779,0.0000,8.34307,21709.1
3378,129580.1398,128408.3619,1171.7779,0.0185,8.33418,21716.1
3379,129580.1398,128408.3619,1171.7779,0.0185,8.3329,21722.8
3380,129580.1398,128408.3619,1171.7779,0.0185,8.31836,21730.2
3381,129580.1398,128408.3619,1171.7779,0.0185,8.29708,21736.9
3382,129580.1398,128408.3619,1171.7779,0.0000,8.29708,21743.9
3383,129580.1398,128408.3619,1171.7779,0.0000,8.29708,21750.2
3384,129580.1398,128408.3619,1171.7779,0.0000,8.29708,21757.2
3385,129580.1398,128408.3619,1171.7779,0.0000,8.29708,21764.0
3386,129580.1398,128408.3619,1171.7779,0.0185,8.30235,21770.9
3387,129580.1398,128408.3619,1171.7779,0.0000,8.30235,21777.9
3388,129580.1398,128408.3619,1171.7779,0.0000,8.30235,21784.7
3389,129580.1398,128408.3619,1171.7779,0.0000,8.30235,21790.9
3390,129580.1398,128408.3619,1171.7779,0.0000,8.30235,21797.5
3391,129580.1398,128408.3619,1171.7779,0.0000,8.30235,21804.0
3392,129580.1398,128408.3619,1171.7779,0.0185,8.24126,21810.1
3393,129580.1398,128408.3619,1171.7779,0.0000,8.24126,21817.6
3394,129580.1398,128408.3619,1171.7779,0.0000,8.24126,21824.6
3395,129580.1398,128408.3619,1171.7779,0.0000,8.24126,21831.3
3396,129580.1398,128408.3619,1171.7779,0.0000,8.24126,21838.7
3397,129580.1398,128408.3619,1171.7779,0.0185,8.23661,21845.8
3398,129580.1398,128408.3619,1171.7779,0.0000,8.23661,21853.0
3399,129580.1398,128408.3619,1171.7779,0.0185,8.23985,21859.6
3400,129580.1398,128408.3619,1171.7779,0.0000,8.23985,21866.5
3401,129580.1398,128408.3619,1171.7779,0.0000,8.23985,21873.5
3402,129580.1398,128408.3619,1171.7779,0.0000,8.23985,21879.3
3403,129580.1398,128408.3619,1171.7779,0.0000,8.23985,21886.0
3404,129580.1398,128408.3619,1171.7779,0.0000,8.23985,21892.9
3405,129580.1398,128408.3619,1171.7779,0.0000,8.23985,21899.3
3406,129580.1398,128408.3619,1171.7779,0.0000,8.23985,21905.4
3407,129580.1398,128408.3619,1171.7779,0.0185,8.20225,21912.0
3408,129580.1398,128408.3619,1171.7779,0.0000,8.20225,21919.3
3409,129580.1398,128408.3619,1171.7779,0.0000,8.20225,21925.8
3410,129580.1398,128408.3619,1171.7779,0.0000,8.20225,21932.1
3411,129580.1398,128408.3619,1171.7779,0.0000,8.20225,21939.3
3412,129580.1398,128408.3619,1171.7779,0.0000,8.20225,21946.1
3413,129580.1398,128408.3619,1171.7779,0.0000,8.20225,21953.2
3414,129580.1398,128408.3619,1171.7779,0.0000,8.20225,21960.0
3415,129580.1398,128408.3619,1171.7779,0.0000,8.20225,21967.1
3416,129580.1398,128408.3619,1171.7779,0.0000,8.20225,21973.6
3417,129580.1398,128408.3619,1171.7779,0.0000,8.20225,21980.5
3418,129580.1398,128408.3619,1171.7779,0.0000,8.20225,21986.7
3419,129580.1398,128408.3619,1171.7779,0.0000,8.20225,21993.3
3420,129580.1398,128408.3619,1171.7779,0.0000,8.20225,22000.4
3421,129580.1398,128408.3619,1171.7779,0.0000,8.20225,22008.2
3422,129580.1398,128408.3619,1171.7779,0.0000,8.20225,22015.0
3423,129580.1398,128408.3619,1171.7779,0.0000,8.20225,22022.1
3424,129580.1398,128408.3619,1171.7779,0.0000,8.20225,22029.3
3425,129580.1398,128408.3619,1171.7779,0.0000,8.20225,22037.0
3426,129580.1398,128408.3619,1171.7779,0.0000,8.20225,22043.9
3427,129580.1398,128408.3619,1171.7779,0.0000,8.20225,22050.7
3428,129580.1398,128408.3619,1171.7779,0.0000,8.20225,22057.8
3429,129580.1398,128408.3619,1171.7779,0.0000,8.20225,22065.1
3430,129580.1398,128408.3619,1171.7779,0.0000,8.20225,22072.6
3431,129580.1398,128408.3619,1171.7779,0.0000,8.20225,22079.1
3432,129580.1398,128408.3619,1171.7779,0.0000,8.20225,22086.2
3433,129580.1398,128408.3619,1171.7779,0.0000,8.20225,22092.6
3434,129580.1398,128408.3619,1171.7779,0.0000,8.20225,22099.4
3435,129580.1398,128408.3619,1171.7779,0.0185,8.21125,22106.8
3436,129580.1398,128408.3619,1171.7779,0.0185,8.28002,22112.9
3437,129580.1398,128408.3619,1171.7779,0.0000,8.28002,22119.9
3438,129580.1398,128408.3619,1171.7779,0.0000,8.28002,22126.8
3439,129580.1398,128408.3619,1171.7779,0.0000,8.28002,22133.3
3440,129580.1398,128408.3619,1171.7779,0.0000,8.28002,22140.0
3441,129580.1398,128408.3619,1171.7779,0.0000,8.28002,22146.9
3442,129580.1398,128408.3619,1171.7779,0.0000,8.28002,22153.9
3443,129580.1398,128408.3619,1171.7779,0.0000,8.28002,22161.4
3444,129580.1398,128408.3619,1171.7779,0.0000,8.28002,22168.3
3445,129580.1398,128408.3619,1171.7779,0.0000,8.28002,22175.0
3446,129580.1398,128408.3619,1171.7779,0.0000,8.28002,22182.1
3447,129580.1398,128408.3619,1171.7779,0.0000,8.28002,22188.4
3448,129580.1398,128408.3619,1171.7779,0.0000,8.28002,22194.8
3449,129580.1398,128408.3619,1171.7779,0.0000,8.28002,22201.9
3450,129580.1398,128408.3619,1171.7779,0.0000,8.28002,22208.4
3451,129580.1398,128408.3619,1171.7779,0.0000,8.28002,22215.5
3452,129580.1398,128408.3619,1171.7779,0.0000,8.28002,22222.4
3453,129580.1398,128408.3619,1171.7779,0.0000,8.28002,22228.7
3454,129580.1398,128408.3619,1171.7779,0.0000,8.28002,22235.8
3455,129580.1398,128408.3619,1171.7779,0.0000,8.28002,22243.7
3456,129580.1398,128408.3619,1171.7779,0.0185,8.28869,22250.5
3457,129580.1398,128408.3619,1171.7779,0.0185,8.33069,22257.3
3458,129580.1398,128408.3619,1171.7779,0.0000,8.33069,22264.0
3459,129580.1398,128408.3619,1171.7779,0.0000,8.33069,22271.0
3460,129580.1398,128408.3619,1171.7779,0.0000,8.33069,22277.8
3461,129580.1398,128408.3619,1171.7779,0.0000,8.33069,22285.2
3462,129580.1398,128408.3619,1171.7779,0.0000,8.33069,22291.6
3463,129580.1398,128408.3619,1171.7779,0.0000,8.33069,22298.2
3464,129580.1398,128408.3619,1171.7779,0.0000,8.33069,22305.0
3465,129580.1398,128408.3619,1171.7779,0.0000,8.33069,22311.3
3466,129580.1398,128408.3619,1171.7779,0.0000,8.33069,22317.8
3467,129580.1398,128408.3619,1171.7779,0.0000,8.33069,22324.9
3468,129580.1398,128408.3619,1171.7779,0.0000,8.33069,22332.5
3469,129580.1398,128408.3619,1171.7779,0.0000,8.33069,22339.3
3470,129580.1398,128408.3619,1171.7779,0.0000,8.33069,22346.6
3471,129580.1398,128408.3619,1171.7779,0.0000,8.33069,22353.7
3472,129580.1398,128408.3619,1171.7779,0.0000,8.33069,22360.6
3473,129580.1398,128408.3619,1171.7779,0.0000,8.33069,22367.3
3474,129580.1398,128408.3619,1171.7779,0.0185,8.34879,22375.3
3475,129580.1398,128408.3619,1171.7779,0.0000,8.34879,22382.1
3476,129580.1398,128408.3619,1171.7779,0.0000,8.34879,22389.6
3477,129580.1398,128408.3619,1171.7779,0.0000,8.34879,22396.1
3478,129580.1398,128408.3619,1171.7779,0.0000,8.34879,22402.8
3479,129580.1398,128408.3619,1171.7779,0.0000,8.34879,22409.9
3480,129580.1398,128408.3619,1171.7779,0.0000,8.34879,22416.9
3481,129580.1398,128408.3619,1171.7779,0.0000,8.34879,22424.4
3482,129580.1398,128408.3619,1171.7779,0.0000,8.34879,22431.0
3483,129580.1398,128408.3619,1171.7779,0.0000,8.34879,22437.6
3484,129580.1398,128408.3619,1171.7779,0.0000,8.34879,22443.9
3485,129580.1398,128408.3619,1171.7779,0.0000,8.34879,22450.8
3486,129580.1398,128408.3619,1171.7779,0.0000,8.34879,22457.8
3487,129580.1398,128408.3619,1171.7779,0.0000,8.34879,22464.5
3488,129580.1398,128408.3619,1171.7779,0.0000,8.34879,22471.2
3489,129580.1398,128408.3619,1171.7779,0.0000,8.34879,22477.7
3490,129580.1398,128408.3619,1171.7779,0.0000,8.34879,22484.2
3491,129580.1398,128408.3619,1171.7779,0.0000,8.34879,22490.8
3492,129580.1398,128408.3619,1171.7779,0.0000,8.34879,22497.5
3493,129580.1398,128408.3619,1171.7779,0.0000,8.34879,22504.2
3494,129580.1398,128408.3619,1171.7779,0.0000,8.34879,22510.9
3495,129580.1398,128408.3619,1171.7779,0.0000,8.34879,22518.1
3496,129580.1398,128408.3619,1171.7779,0.0000,8.34879,22524.8
3497,129580.1398,128408.3619,1171.7779,0.0185,8.36189,22531.5
3498,129580.1398,128408.3619,1171.7779,0.0000,8.36189,22538.6
3499,129580.1398,128408.3619,1171.7779,0.0000,8.36189,22545.2
3500,129580.1398,128408.3619,1171.7779,0.0000,8.36189,22551.9
3501,129580.1398,128408.3619,1171.7779,0.0000,8.36189,22558.7
3502,129580.1398,128408.3619,1171.7779,0.0000,8.36189,22565.8
3503,129580.1398,128408.3619,1171.7779,0.0000,8.36189,22572.8
3504,129580.1398,128408.3619,1171.7779,0.0000,8.36189,22579.6
3505,129580.1398,128408.3619,1171.7779,0.0000,8.36189,22586.9
3506,129580.1398,128408.3619,1171.7779,0.0000,8.36189,22593.8
3507,129580.1398,128408.3619,1171.7779,0.0000,8.36189,22600.9
3508,129580.1398,128408.3619,1171.7779,0.0000,8.36189,22606.9
3509,129580.1398,128408.3619,1171.7779,0.0000,8.36189,22613.0
3510,129580.1398,128408.3619,1171.7779,0.0000,8.36189,22619.6
3511,129580.1398,128408.3619,1171.7779,0.0000,8.36189,22626.5
3512,129580.1398,128408.3619,1171.7779,0.0000,8.36189,22633.8
3513,129580.1398,128408.3619,1171.7779,0.0000,8.36189,22640.7
3514,129580.1398,128408.3619,1171.7779,0.0000,8.36189,22647.5
3515,129580.1398,128408.3619,1171.7779,0.0000,8.36189,22655.1
3516,129580.1398,128408.3619,1171.7779,0.0000,8.36189,22661.4
3517,129580.1398,128408.3619,1171.7779,0.0185,8.4393,22668.4
3518,129580.1398,128408.3619,1171.7779,0.0000,8.4393,22674.9
3519,129580.1398,128408.3619,1171.7779,0.0000,8.4393,22681.5
3520,129580.1398,128408.3619,1171.7779,0.0000,8.4393,22688.2
3521,129580.1398,128408.3619,1171.7779,0.0000,8.4393,22695.2
3522,129580.1398,128408.3619,1171.7779,0.0000,8.4393,22701.2
3523,129580.1398,128408.3619,1171.7779,0.0000,8.4393,22708.5
3524,129580.1398,128408.3619,1171.7779,0.0000,8.4393,22715.7
3525,129580.1398,128408.3619,1171.7779,0.0000,8.4393,22722.0
3526,129580.1398,128408.3619,1171.7779,0.0000,8.4393,22728.9
3527,129580.1398,128408.3619,1171.7779,0.0000,8.4393,22735.1
3528,129580.1398,128408.3619,1171.7779,0.0000,8.4393,22742.1
3529,129580.1398,128408.3619,1171.7779,0.0000,8.4393,22749.4
3530,129580.1398,128408.3619,1171.7779,0.0000,8.4393,22755.9
3531,129580.1398,128408.3619,1171.7779,0.0000,8.4393,22763.3
3532,129580.1398,128408.3619,1171.7779,0.0185,8.438,22770.2
3533,129580.1398,128408.3619,1171.7779,0.0000,8.438,22776.8
3534,129580.1398,128408.3619,1171.7779,0.0000,8.438,22783.7
3535,129580.1398,128408.3619,1171.7779,0.0000,8.438,22790.6
3536,129580.1398,128408.3619,1171.7779,0.0000,8.438,22797.3
3537,129580.1398,128408.3619,1171.7779,0.0000,8.438,22804.0
3538,129580.1398,128408.3619,1171.7779,0.0000,8.438,22811.1
3539,129580.1398,128408.3619,1171.7779,0.0000,8.438,22818.0
3540,129580.1398,128408.3619,1171.7779,0.0000,8.438,22824.7
3541,129580.1398,128408.3619,1171.7779,0.0000,8.438,22831.3
3542,129580.1398,128408.3619,1171.7779,0.0000,8.438,22838.3
3543,129580.1398,128408.3619,1171.7779,0.0000,8.438,22844.8
3544,129580.1398,128408.3619,1171.7779,0.0000,8.438,22851.5
3545,129580.1398,128408.3619,1171.7779,0.0000,8.438,22858.6
3546,129580.1398,128408.3619,1171.7779,0.0000,8.438,22865.1
3547,129580.1398,128408.3619,1171.7779,0.0000,8.438,22871.8
3548,129580.1398,128408.3619,1171.7779,0.0185,8.45297,22879.3
3549,129580.1398,128408.3619,1171.7779,0.0000,8.45297,22885.9
3550,129580.1398,128408.3619,1171.7779,0.0000,8.45297,22892.6
3551,129580.1398,128408.3619,1171.7779,0.0000,8.45297,22899.6
3552,129580.1398,128408.3619,1171.7779,0.0000,8.45297,22905.5
3553,129580.1398,128408.3619,1171.7779,0.0000,8.45297,22911.9
3554,129580.1398,128408.3619,1171.7779,0.0185,8.48638,22919.9
3555,129580.1398,128408.3619,1171.7779,0.0000,8.48638,22927.2
3556,129580.1398,128408.3619,1171.7779,0.0000,8.48638,22934.5
3557,129580.1398,128408.3619,1171.7779,0.0000,8.48638,22941.7
3558,129580.1398,128408.3619,1171.7779,0.0000,8.48638,22948.3
3559,129580.1398,128408.3619,1171.7779,0.0185,8.477,22955.8
3560,129580.1398,128408.3619,1171.7779,0.0000,8.477,22962.0
3561,129580.1398,128408.3619,1171.7779,0.0000,8.477,22969.1
3562,129580.1398,128408.3619,1171.7779,0.0000,8.477,22976.3
3563,129580.1398,128408.3619,1171.7779,0.0000,8.477,22982.7
3564,129580.1398,128408.3619,1171.7779,0.0000,8.477,22988.8
3565,129580.1398,128408.3619,1171.7779,0.0000,8.477,22995.3
3566,129580.1398,128408.3619,1171.7779,0.0000,8.477,23002.1
3567,129580.1398,128408.3619,1171.7779,0.0000,8.477,23008.4
3568,129580.1398,128408.3619,1171.7779,0.0000,8.477,23015.1
3569,129580.1398,128408.3619,1171.7779,0.0000,8.477,23021.4
3570,129580.1398,128408.3619,1171.7779,0.0000,8.477,23028.3
3571,129580.1398,128408.3619,1171.7779,0.0000,8.477,23035.9
3572,129580.1398,128408.3619,1171.7779,0.0000,8.477,23042.7
3573,129580.1398,128408.3619,1171.7779,0.0000,8.477,23049.8
3574,129580.1398,128408.3619,1171.7779,0.0000,8.477,23056.4
3575,129580.1398,128408.3619,1171.7779,0.0000,8.477,23062.8
3576,129580.1398,128408.3619,1171.7779,0.0000,8.477,23068.9
3577,129580.1398,128408.3619,1171.7779,0.0000,8.477,23074.9
3578,129580.1398,128408.3619,1171.7779,0.0000,8.477,23082.1
3579,129580.1398,128408.3619,1171.7779,0.0000,8.477,23089.2
3580,129580.1398,128408.3619,1171.7779,0.0185,8.44033,23096.3
3581,129580.1398,128408.3619,1171.7779,0.0000,8.44033,23103.3
3582,129580.1398,128408.3619,1171.7779,0.0000,8.44033,23110.2
3583,129580.1398,128408.3619,1171.7779,0.0000,8.44033,23115.8
3584,129580.1398,128408.3619,1171.7779,0.0000,8.44033,23122.4
3585,129580.1398,128408.3619,1171.7779,0.0000,8.44033,23129.4
3586,129580.1398,128408.3619,1171.7779,0.0000,8.44033,23136.2
3587,129580.1398,128408.3619,1171.7779,0.0000,8.44033,23142.3
3588,129580.1398,128408.3619,1171.7779,0.0185,8.45298,23148.7
3589,129580.1398,128408.3619,1171.7779,0.0000,8.45298,23155.4
3590,129580.1398,128408.3619,1171.7779,0.0185,8.45138,23162.3
3591,129580.1398,128408.3619,1171.7779,0.0185,8.45963,23169.3
3592,129580.1398,128408.3619,1171.7779,0.0000,8.45963,23176.1
3593,129580.1398,128408.3619,1171.7779,0.0000,8.45963,23183.3
3594,129580.1398,128408.3619,1171.7779,0.0000,8.45963,23190.4
3595,129580.1398,128408.3619,1171.7779,0.0000,8.45963,23197.7
3596,129580.1398,128408.3619,1171.7779,0.0000,8.45963,23204.5
3597,129580.1398,128408.3619,1171.7779,0.0000,8.45963,23211.0
3598,129580.1398,128408.3619,1171.7779,0.0000,8.45963,23218.0
3599,129580.1398,128408.3619,1171.7779,0.0000,8.45963,23224.4
3600,129580.1398,128408.3619,1171.7779,0.0000,8.45963,23231.7
3601,129580.1398,128408.3619,1171.7779,0.0000,8.45963,23239.2
3602,129580.1398,128408.3619,1171.7779,0.0000,8.45963,23245.6
3603,129580.1398,128408.3619,1171.7779,0.0000,8.45963,23252.9
3604,129580.1398,128408.3619,1171.7779,0.0000,8.45963,23258.8
3605,129580.1398,128408.3619,1171.7779,0.0185,8.47629,23266.3
3606,129580.1398,128408.3619,1171.7779,0.0000,8.47629,23273.1
3607,129580.1398,128408.3619,1171.7779,0.0000,8.47629,23280.2
3608,129580.1398,128408.3619,1171.7779,0.0000,8.47629,23286.4
3609,129580.1398,128408.3619,1171.7779,0.0000,8.47629,23293.7
3610,129580.1398,128408.3619,1171.7779,0.0000,8.47629,23300.9
3611,129580.1398,128408.3619,1171.7779,0.0000,8.47629,23308.1
3612,129580.1398,128408.3619,1171.7779,0.0000,8.47629,23315.2
3613,129580.1398,128408.3619,1171.7779,0.0000,8.47629,23321.1
3614,129580.1398,128408.3619,1171.7779,0.0000,8.47629,23327.8
3615,129580.1398,128408.3619,1171.7779,0.0000,8.47629,23334.6
3616,129580.1398,128408.3619,1171.7779,0.0000,8.47629,23341.8
3617,129580.1398,128408.3619,1171.7779,0.0000,8.47629,23348.5
3618,129580.1398,128408.3619,1171.7779,0.0000,8.47629,23355.8
3619,129580.1398,128408.3619,1171.7779,0.0000,8.47629,23362.5
3620,129580.1398,128408.3619,1171.7779,0.0000,8.47629,23369.2
3621,129580.1398,128408.3619,1171.7779,0.0000,8.47629,23376.0
3622,129580.1398,128408.3619,1171.7779,0.0000,8.47629,23381.8
3623,129580.1398,128408.3619,1171.7779,0.0000,8.47629,23388.0
3624,129580.1398,128408.3619,1171.7779,0.0000,8.47629,23395.3
3625,129580.1398,128408.3619,1171.7779,0.0000,8.47629,23401.6
3626,129580.1398,128408.3619,1171.7779,0.0000,8.47629,23408.1
3627,129580.1398,128408.3619,1171.7779,0.0000,8.47629,23413.6
3628,129580.1398,128408.3619,1171.7779,0.0000,8.47629,23421.0
3629,129580.1398,128408.3619,1171.7779,0.0185,8.50204,23428.3
3630,129580.1398,128408.3619,1171.7779,0.0000,8.50204,23435.3
3631,129580.1398,128408.3619,1171.7779,0.0000,8.50204,23441.7
3632,129580.1398,128408.3619,1171.7779,0.0000,8.50204,23447.9
3633,129580.1398,128408.3619,1171.7779,0.0000,8.50204,23454.8
3634,129580.1398,128408.3619,1171.7779,0.0000,8.50204,23461.3
3635,129580.1398,128408.3619,1171.7779,0.0000,8.50204,23467.9
3636,129580.1398,128408.3619,1171.7779,0.0000,8.50204,23474.9
3637,129580.1398,128408.3619,1171.7779,0.0000,8.50204,23481.7
3638,129580.1398,128408.3619,1171.7779,0.0000,8.50204,23488.4
3639,129580.1398,128408.3619,1171.7779,0.0185,8.49754,23494.8
3640,129580.1398,128408.3619,1171.7779,0.0185,8.49464,23501.6
3641,129580.1398,128408.3619,1171.7779,0.0000,8.49464,23507.8
3642,129580.1398,128408.3619,1171.7779,0.0000,8.49464,23515.0
3643,129580.1398,128408.3619,1171.7779,0.0185,8.50551,23521.2
3644,129580.1398,128408.3619,1171.7779,0.0000,8.50551,23528.2
3645,129580.1398,128408.3619,1171.7779,0.0000,8.50551,23535.5
3646,129580.1398,128408.3619,1171.7779,0.0000,8.50551,23542.3
3647,129580.1398,128408.3619,1171.7779,0.0000,8.50551,23549.4
3648,129580.1398,128408.3619,1171.7779,0.0000,8.50551,23555.5
3649,129580.1398,128408.3619,1171.7779,0.0000,8.50551,23562.1
3650,129580.1398,128408.3619,1171.7779,0.0185,8.51746,23569.3
3651,129580.1398,128408.3619,1171.7779,0.0000,8.51746,23576.9
3652,129580.1398,128408.3619,1171.7779,0.0000,8.51746,23583.9
3653,129580.1398,128408.3619,1171.7779,0.0000,8.51746,23590.3
3654,129580.1398,128408.3619,1171.7779,0.0000,8.51746,23597.5
3655,129580.1398,128408.3619,1171.7779,0.0000,8.51746,23604.2
3656,129580.1398,128408.3619,1171.7779,0.0000,8.51746,23610.8
3657,129580.1398,128408.3619,1171.7779,0.0000,8.51746,23617.6
3658,129580.1398,128408.3619,1171.7779,0.0000,8.51746,23624.8
3659,129580.1398,128408.3619,1171.7779,0.0000,8.51746,23631.5
3660,129580.1398,128408.3619,1171.7779,0.0000,8.51746,23637.5
3661,129580.1398,128408.3619,1171.7779,0.0000,8.51746,23648.7
3662,129580.1398,128408.3619,1171.7779,0.0000,8.51746,23655.6
3663,129580.1398,128408.3619,1171.7779,0.0000,8.51746,23663.9
3664,129580.1398,128408.3619,1171.7779,0.0000,8.51746,23670.2
3665,129580.1398,128408.3619,1171.7779,0.0000,8.51746,23677.1
3666,129580.1398,128408.3619,1171.7779,0.0000,8.51746,23684.2
3667,129580.1398,128408.3619,1171.7779,0.0000,8.51746,23690.9
3668,129580.1398,128408.3619,1171.7779,0.0000,8.51746,23697.7
3669,129580.1398,128408.3619,1171.7779,0.0000,8.51746,23704.1
3670,129580.1398,128408.3619,1171.7779,0.0000,8.51746,23711.1
3671,129580.1398,128408.3619,1171.7779,0.0000,8.51746,23723.0
3672,129580.1398,128408.3619,1171.7779,0.0000,8.51746,23729.7
3673,129580.1398,128408.3619,1171.7779,0.0000,8.51746,23736.4
3674,129580.1398,128408.3619,1171.7779,0.0000,8.51746,23742.4
3675,129580.1398,128408.3619,1171.7779,0.0000,8.51746,23749.1
3676,129580.1398,128408.3619,1171.7779,0.0000,8.51746,23756.8
3677,129580.1398,128408.3619,1171.7779,0.0000,8.51746,23763.6
3678,129580.1398,128408.3619,1171.7779,0.0000,8.51746,23771.0
3679,129580.1398,128408.3619,1171.7779,0.0000,8.51746,23777.9
3680,129580.1398,128408.3619,1171.7779,0.0000,8.51746,23784.9
3681,129580.1398,128408.3619,1171.7779,0.0000,8.51746,23792.0
3682,129580.1398,128408.3619,1171.7779,0.0000,8.51746,23798.3
3683,129580.1398,128408.3619,1171.7779,0.0000,8.51746,23805.4
3684,129580.1398,128408.3619,1171.7779,0.0000,8.51746,23812.3
3685,129580.1398,128408.3619,1171.7779,0.0000,8.51746,23818.9
3686,129580.1398,128408.3619,1171.7779,0.0185,8.53791,23825.8
3687,129580.1398,128408.3619,1171.7779,0.0185,8.54249,23833.3
3688,129580.1398,128408.3619,1171.7779,0.0000,8.54249,23840.3
3689,129580.1398,128408.3619,1171.7779,0.0185,8.53547,23847.1
3690,129580.1398,128408.3619,1171.7779,0.0000,8.53547,23853.5
3691,129580.1398,128408.3619,1171.7779,0.0000,8.53547,23859.7
3692,129580.1398,128408.3619,1171.7779,0.0000,8.53547,23866.5
3693,129580.1398,128408.3619,1171.7779,0.0000,8.53547,23873.7
3694,129580.1398,128408.3619,1171.7779,0.0000,8.53547,23880.6
3695,129580.1398,128408.3619,1171.7779,0.0000,8.53547,23887.4
3696,129580.1398,128408.3619,1171.7779,0.0000,8.53547,23894.3
3697,129580.1398,128408.3619,1171.7779,0.0000,8.53547,23900.6
3698,129580.1398,128408.3619,1171.7779,0.0000,8.53547,23907.5
3699,129580.1398,128408.3619,1171.7779,0.0000,8.53547,23914.2
3700,129580.1398,128408.3619,1171.7779,0.0000,8.53547,23920.8
3701,129580.1398,128408.3619,1171.7779,0.0000,8.53547,23928.1
3702,129580.1398,128408.3619,1171.7779,0.0000,8.53547,23935.1
3703,129580.1398,128408.3619,1171.7779,0.0000,8.53547,23942.3
3704,129591.2722,128408.3619,1182.9104,0.0370,8.57671,23949.7
3705,129591.2722,128408.3619,1182.9104,0.0000,8.57671,23956.4
3706,129591.2722,128408.3619,1182.9104,0.0000,8.57671,23963.6
3707,129591.2722,128408.3619,1182.9104,0.0000,8.57671,23970.4
3708,129591.2722,128408.3619,1182.9104,0.0000,8.57671,23976.7
3709,129591.2722,128408.3619,1182.9104,0.0000,8.57671,23983.4
3710,129591.2722,128408.3619,1182.9104,0.0000,8.57671,23989.9
3711,129591.2722,128408.3619,1182.9104,0.0000,8.57671,23996.6
3712,129591.2722,128408.3619,1182.9104,0.0000,8.57671,24003.7
3713,129591.2722,128408.3619,1182.9104,0.0185,8.54895,24010.8
3714,129591.2722,128408.3619,1182.9104,0.0000,8.54895,24018.0
3715,129591.2722,128408.3619,1182.9104,0.0000,8.54895,24025.2
3716,129591.2722,128408.3619,1182.9104,0.0000,8.54895,24031.7
3717,129591.2722,128408.3619,1182.9104,0.0000,8.54895,24038.2
3718,129591.2722,128408.3619,1182.9104,0.0000,8.54895,24045.2
3719,129591.2722,128408.3619,1182.9104,0.0000,8.54895,24052.4
3720,129591.2722,128408.3619,1182.9104,0.0000,8.54895,24058.9
3721,129591.2722,128408.3619,1182.9104,0.0000,8.54895,24065.6
3722,129591.2722,128408.3619,1182.9104,0.0000,8.54895,24071.7
3723,129591.2722,128408.3619,1182.9104,0.0000,8.54895,24078.5
3724,129591.2722,128408.3619,1182.9104,0.0185,8.5531,24084.9
3725,129591.2722,128408.3619,1182.9104,0.0000,8.5531,24091.7
3726,129591.2722,128408.3619,1182.9104,0.0000,8.5531,24097.9
3727,129591.2722,128408.3619,1182.9104,0.0000,8.5531,24104.5
3728,129591.2722,128408.3619,1182.9104,0.0000,8.5531,24110.9
3729,129591.2722,128408.3619,1182.9104,0.0000,8.5531,24117.9
3730,129591.2722,128408.3619,1182.9104,0.0000,8.5531,24124.8
3731,129591.2722,128408.3619,1182.9104,0.0000,8.5531,24132.2
3732,129591.2722,128408.3619,1182.9104,0.0185,8.57574,24138.6
3733,129591.2722,128408.3619,1182.9104,0.0000,8.57574,24144.8
3734,129591.2722,128408.3619,1182.9104,0.0000,8.57574,24151.9
3735,129591.2722,128408.3619,1182.9104,0.0000,8.57574,24159.0
3736,129591.2722,128408.3619,1182.9104,0.0000,8.57574,24165.6
3737,129591.2722,128408.3619,1182.9104,0.0000,8.57574,24173.2
3738,129591.2722,128408.3619,1182.9104,0.0000,8.57574,24180.4
3739,129591.2722,128408.3619,1182.9104,0.0000,8.57574,24187.1
3740,129591.2722,128408.3619,1182.9104,0.0000,8.57574,24193.7
3741,129591.2722,128408.3619,1182.9104,0.0000,8.57574,24201.4
3742,129591.2722,128408.3619,1182.9104,0.0000,8.57574,24208.3
3743,129591.2722,128408.3619,1182.9104,0.0000,8.57574,24215.2
3744,129591.2722,128408.3619,1182.9104,0.0000,8.57574,24222.0
3745,129591.2722,128408.3619,1182.9104,0.0000,8.57574,24228.4
3746,129591.2722,128408.3619,1182.9104,0.0000,8.57574,24235.8
3747,129591.2722,128408.3619,1182.9104,0.0000,8.57574,24242.1
3748,129591.2722,128408.3619,1182.9104,0.0000,8.57574,24248.2
3749,129591.2722,128408.3619,1182.9104,0.0000,8.57574,24254.9
3750,129591.2722,128408.3619,1182.9104,0.0000,8.57574,24261.5
3751,129591.2722,128408.3619,1182.9104,0.0000,8.57574,24268.6
3752,129591.2722,128408.3619,1182.9104,0.0000,8.57574,24275.5
3753,129591.2722,128408.3619,1182.9104,0.0185,8.57553,24282.0
3754,129591.2722,128408.3619,1182.9104,0.0000,8.57553,24289.7
3755,129591.2722,128408.3619,1182.9104,0.0000,8.57553,24296.6
3756,129591.2722,128408.3619,1182.9104,0.0000,8.57553,24303.5
3757,129591.2722,128408.3619,1182.9104,0.0000,8.57553,24310.4
3758,129591.2722,128408.3619,1182.9104,0.0000,8.57553,24317.0
3759,129591.2722,128408.3619,1182.9104,0.0000,8.57553,24324.7
3760,129591.2722,128408.3619,1182.9104,0.0000,8.57553,24330.8
3761,129591.2722,128408.3619,1182.9104,0.0000,8.57553,24338.2
3762,129591.2722,128408.3619,1182.9104,0.0000,8.57553,24344.5
3763,129591.2722,128408.3619,1182.9104,0.0000,8.57553,24351.3
3764,129591.2722,128408.3619,1182.9104,0.0000,8.57553,24358.3
3765,129591.2722,128408.3619,1182.9104,0.0000,8.57553,24365.3
3766,129591.2722,128408.3619,1182.9104,0.0000,8.57553,24372.1
3767,129591.2722,128408.3619,1182.9104,0.0000,8.57553,24379.3
3768,129591.2722,128408.3619,1182.9104,0.0000,8.57553,24385.9
3769,129591.2722,128408.3619,1182.9104,0.0000,8.57553,24393.1
3770,129591.2722,128408.3619,1182.9104,0.0000,8.57553,24399.9
3771,129591.2722,128408.3619,1182.9104,0.0000,8.57553,24407.2
3772,129591.2722,128408.3619,1182.9104,0.0000,8.57553,24414.2
3773,129591.2722,128408.3619,1182.9104,0.0000,8.57553,24420.4
3774,129591.2722,128408.3619,1182.9104,0.0185,8.55325,24426.6
3775,129591.2722,128408.3619,1182.9104,0.0000,8.55325,24432.9
3776,129591.2722,128408.3619,1182.9104,0.0000,8.55325,24439.5
3777,129591.2722,128408.3619,1182.9104,0.0000,8.55325,24446.5
3778,129591.2722,128408.3619,1182.9104,0.0000,8.55325,24453.2
3779,129591.2722,128408.3619,1182.9104,0.0000,8.55325,24460.1
3780,129591.2722,128408.3619,1182.9104,0.0000,8.55325,24467.6
3781,129591.2722,128408.3619,1182.9104,0.0000,8.55325,24474.2
3782,129591.2722,128408.3619,1182.9104,0.0000,8.55325,24480.7
3783,129591.2722,128408.3619,1182.9104,0.0185,8.62324,24487.8
3784,129591.2722,128408.3619,1182.9104,0.0185,8.64997,24493.8
3785,129591.2722,128408.3619,1182.9104,0.0000,8.64997,24500.9
3786,129591.2722,128408.3619,1182.9104,0.0000,8.64997,24507.8
3787,129591.2722,128408.3619,1182.9104,0.0000,8.64997,24514.2
3788,129591.2722,128408.3619,1182.9104,0.0000,8.64997,24522.0
3789,129591.2722,128408.3619,1182.9104,0.0000,8.64997,24528.0
3790,129591.2722,128408.3619,1182.9104,0.0000,8.64997,24534.8
3791,129591.2722,128408.3619,1182.9104,0.0000,8.64997,24541.7
3792,129591.2722,128408.3619,1182.9104,0.0000,8.64997,24548.7
3793,129591.2722,128408.3619,1182.9104,0.0000,8.64997,24556.2
3794,129591.2722,128408.3619,1182.9104,0.0000,8.64997,24562.6
3795,129591.2722,128408.3619,1182.9104,0.0000,8.64997,24569.8
3796,129591.2722,128408.3619,1182.9104,0.0000,8.64997,24576.6
3797,129591.2722,128408.3619,1182.9104,0.0000,8.64997,24582.9
3798,129591.2722,128408.3619,1182.9104,0.0000,8.64997,24590.1
3799,129591.2722,128408.3619,1182.9104,0.0000,8.64997,24595.9
3800,129591.2722,128408.3619,1182.9104,0.0000,8.64997,24602.4
3801,129591.2722,128408.3619,1182.9104,0.0000,8.64997,24608.6
3802,129591.2722,128408.3619,1182.9104,0.0185,8.63349,24615.7
3803,129591.2722,128408.3619,1182.9104,0.0000,8.63349,24622.7
3804,129591.2722,128408.3619,1182.9104,0.0000,8.63349,24629.1
3805,129591.2722,128408.3619,1182.9104,0.0000,8.63349,24636.5
3806,129591.2722,128408.3619,1182.9104,0.0000,8.63349,24643.0
3807,129591.2722,128408.3619,1182.9104,0.0000,8.63349,24649.1
3808,129591.2722,128408.3619,1182.9104,0.0000,8.63349,24655.6
3809,129591.2722,128408.3619,1182.9104,0.0000,8.63349,24662.7
3810,129591.2722,128408.3619,1182.9104,0.0000,8.63349,24669.3
3811,129591.2722,128408.3619,1182.9104,0.0000,8.63349,24676.8
3812,129591.2722,128408.3619,1182.9104,0.0000,8.63349,24683.1
3813,129591.2722,128408.3619,1182.9104,0.0000,8.63349,24689.3
3814,129591.2722,128408.3619,1182.9104,0.0000,8.63349,24696.2
3815,129591.2722,128408.3619,1182.9104,0.0000,8.63349,24702.9
3816,129591.2722,128408.3619,1182.9104,0.0000,8.63349,24710.3
3817,129591.2722,128408.3619,1182.9104,0.0000,8.63349,24717.7
3818,129591.2722,128408.3619,1182.9104,0.0000,8.63349,24724.8
3819,129591.2722,128408.3619,1182.9104,0.0000,8.63349,24731.6
3820,129591.2722,128408.3619,1182.9104,0.0000,8.63349,24738.7
3821,129591.2722,128408.3619,1182.9104,0.0000,8.63349,24745.2
3822,129591.2722,128408.3619,1182.9104,0.0000,8.63349,24752.2
3823,129591.2722,128408.3619,1182.9104,0.0000,8.63349,24759.4
3824,129591.2722,128408.3619,1182.9104,0.0000,8.63349,24765.5
3825,129591.2722,128408.3619,1182.9104,0.0000,8.63349,24772.2
3826,129591.2722,128408.3619,1182.9104,0.0000,8.63349,24779.5
3827,129591.2722,128408.3619,1182.9104,0.0000,8.63349,24786.1
3828,129591.2722,128408.3619,1182.9104,0.0000,8.63349,24792.6
3829,129591.2722,128408.3619,1182.9104,0.0000,8.63349,24799.1
3830,129591.2722,128408.3619,1182.9104,0.0000,8.63349,24805.8
3831,129591.2722,128408.3619,1182.9104,0.0000,8.63349,24812.2
3832,129591.2722,128408.3619,1182.9104,0.0000,8.63349,24819.3
3833,129591.2722,128408.3619,1182.9104,0.0000,8.63349,24826.7
3834,129591.2722,128408.3619,1182.9104,0.0000,8.63349,24833.7
3835,129591.2722,128408.3619,1182.9104,0.0000,8.63349,24840.4
3836,129591.2722,128408.3619,1182.9104,0.0000,8.63349,24847.0
3837,129591.2722,128408.3619,1182.9104,0.0000,8.63349,24854.2
3838,129591.2722,128408.3619,1182.9104,0.0000,8.63349,24861.4
3839,129591.2722,128408.3619,1182.9104,0.0000,8.63349,24868.2
3840,129591.2722,128408.3619,1182.9104,0.0000,8.63349,24875.3
3841,129591.2722,128408.3619,1182.9104,0.0000,8.63349,24882.3
3842,129591.2722,128408.3619,1182.9104,0.0000,8.63349,24889.6
3843,129591.2722,128408.3619,1182.9104,0.0000,8.63349,24896.9
3844,129591.2722,128408.3619,1182.9104,0.0000,8.63349,24903.9
3845,129591.2722,128408.3619,1182.9104,0.0000,8.63349,24911.1
3846,129591.2722,128408.3619,1182.9104,0.0000,8.63349,24918.2
3847,129591.2722,128408.3619,1182.9104,0.0000,8.63349,24925.4
3848,129591.2722,128408.3619,1182.9104,0.0000,8.63349,24932.8
3849,129591.2722,128408.3619,1182.9104,0.0000,8.63349,24938.6
3850,129591.2722,128408.3619,1182.9104,0.0000,8.63349,24945.3
3851,129591.2722,128408.3619,1182.9104,0.0000,8.63349,24951.9
3852,129591.2722,128408.3619,1182.9104,0.0000,8.63349,24958.5
3853,129591.2722,128408.3619,1182.9104,0.0000,8.63349,24965.6
3854,129591.2722,128408.3619,1182.9104,0.0000,8.63349,24972.1
3855,129591.2722,128408.3619,1182.9104,0.0000,8.63349,24978.7
3856,129591.2722,128408.3619,1182.9104,0.0000,8.63349,24985.6
3857,129591.2722,128408.3619,1182.9104,0.0000,8.63349,24992.6
3858,129591.2722,128408.3619,1182.9104,0.0000,8.63349,24999.4
3859,129591.2722,128408.3619,1182.9104,0.0000,8.63349,25006.1
3860,129591.2722,128408.3619,1182.9104,0.0000,8.63349,25013.2
3861,129591.2722,128408.3619,1182.9104,0.0000,8.63349,25020.4
3862,129591.2722,128408.3619,1182.9104,0.0000,8.63349,25027.0
3863,129591.2722,128408.3619,1182.9104,0.0000,8.63349,25033.8
3864,129591.2722,128408.3619,1182.9104,0.0000,8.63349,25040.0
3865,129591.2722,128408.3619,1182.9104,0.0000,8.63349,25046.6
3866,129591.2722,128408.3619,1182.9104,0.0000,8.63349,25053.2
3867,129591.2722,128408.3619,1182.9104,0.0000,8.63349,25060.4
3868,129591.2722,128408.3619,1182.9104,0.0000,8.63349,25066.5
3869,129591.2722,128408.3619,1182.9104,0.0000,8.63349,25073.5
3870,129591.2722,128408.3619,1182.9104,0.0185,8.62542,25079.7
3871,129591.2722,128408.3619,1182.9104,0.0000,8.62542,25086.5
3872,129591.2722,128408.3619,1182.9104,0.0000,8.62542,25092.7
3873,129591.2722,128408.3619,1182.9104,0.0000,8.62542,25100.4
3874,129591.2722,128408.3619,1182.9104,0.0000,8.62542,25106.7
3875,129591.2722,128408.3619,1182.9104,0.0000,8.62542,25113.5
3876,129591.2722,128408.3619,1182.9104,0.0000,8.62542,25121.5
3877,129591.2722,128408.3619,1182.9104,0.0000,8.62542,25128.0
3878,129591.2722,128408.3619,1182.9104,0.0000,8.62542,25135.3
3879,129591.2722,128408.3619,1182.9104,0.0000,8.62542,25141.9
3880,129591.2722,128408.3619,1182.9104,0.0000,8.62542,25148.4
3881,129591.2722,128408.3619,1182.9104,0.0000,8.62542,25155.7
3882,129591.2722,128408.3619,1182.9104,0.0000,8.62542,25162.0
3883,129591.2722,128408.3619,1182.9104,0.0000,8.62542,25169.2
3884,129591.2722,128408.3619,1182.9104,0.0000,8.62542,25176.0
3885,129591.2722,128408.3619,1182.9104,0.0000,8.62542,25182.3
3886,129591.2722,128408.3619,1182.9104,0.0000,8.62542,25188.9
3887,129591.2722,128408.3619,1182.9104,0.0000,8.62542,25195.6
3888,129591.2722,128408.3619,1182.9104,0.0000,8.62542,25202.0
3889,129591.2722,128408.3619,1182.9104,0.0000,8.62542,25208.7
3890,129591.2722,128408.3619,1182.9104,0.0000,8.62542,25216.0
3891,129591.2722,128408.3619,1182.9104,0.0000,8.62542,25222.7
3892,129591.2722,128408.3619,1182.9104,0.0000,8.62542,25228.9
3893,129591.2722,128408.3619,1182.9104,0.0000,8.62542,25235.1
3894,129591.2722,128408.3619,1182.9104,0.0000,8.62542,25241.8
3895,129591.2722,128408.3619,1182.9104,0.0000,8.62542,25248.6
3896,129591.2722,128408.3619,1182.9104,0.0000,8.62542,25255.3
3897,129591.2722,128408.3619,1182.9104,0.0000,8.62542,25261.6
3898,129591.2722,128408.3619,1182.9104,0.0000,8.62542,25267.6
3899,129591.2722,128408.3619,1182.9104,0.0000,8.62542,25275.3
3900,129591.2722,128408.3619,1182.9104,0.0000,8.62542,25281.2
3901,129591.2722,128408.3619,1182.9104,0.0000,8.62542,25288.4
3902,129591.2722,128408.3619,1182.9104,0.0000,8.62542,25295.6
3903,129591.2722,128408.3619,1182.9104,0.0000,8.62542,25302.1
3904,129591.2722,128408.3619,1182.9104,0.0000,8.62542,25309.2
3905,129591.2722,128408.3619,1182.9104,0.0185,8.62783,25316.1
3906,129591.2722,128408.3619,1182.9104,0.0000,8.62783,25322.3
3907,129591.2722,128408.3619,1182.9104,0.0000,8.62783,25328.4
3908,129591.2722,128408.3619,1182.9104,0.0000,8.62783,25335.5
3909,129591.2722,128408.3619,1182.9104,0.0000,8.62783,25342.1
3910,129591.2722,128408.3619,1182.9104,0.0000,8.62783,25348.4
3911,129591.2722,128408.3619,1182.9104,0.0000,8.62783,25355.2
3912,129591.2722,128408.3619,1182.9104,0.0000,8.62783,25361.4
3913,129591.2722,128408.3619,1182.9104,0.0000,8.62783,25367.8
3914,129591.2722,128408.3619,1182.9104,0.0000,8.62783,25375.4
3915,129591.2722,128408.3619,1182.9104,0.0000,8.62783,25382.1
3916,129591.2722,128408.3619,1182.9104,0.0000,8.62783,25389.4
3917,129591.2722,128408.3619,1182.9104,0.0000,8.62783,25396.1
3918,129591.2722,128408.3619,1182.9104,0.0000,8.62783,25403.3
3919,129591.2722,128408.3619,1182.9104,0.0000,8.62783,25410.7
3920,129591.2722,128408.3619,1182.9104,0.0000,8.62783,25417.2
3921,129591.2722,128408.3619,1182.9104,0.0185,8.65618,25424.4
3922,129591.2722,128408.3619,1182.9104,0.0185,8.64418,25430.8
3923,129591.2722,128408.3619,1182.9104,0.0000,8.64418,25437.2
3924,129591.2722,128408.3619,1182.9104,0.0000,8.64418,25443.7
3925,129591.2722,128408.3619,1182.9104,0.0000,8.64418,25450.3
3926,129591.2722,128408.3619,1182.9104,0.0000,8.64418,25457.9
3927,129591.2722,128408.3619,1182.9104,0.0000,8.64418,25464.8
3928,129591.2722,128408.3619,1182.9104,0.0000,8.64418,25471.4
3929,129591.2722,128408.3619,1182.9104,0.0000,8.64418,25478.1
3930,129591.2722,128408.3619,1182.9104,0.0000,8.64418,25485.6
3931,129591.2722,128408.3619,1182.9104,0.0000,8.64418,25492.1
3932,129591.2722,128431.5575,1159.7148,0.0185,8.63667,25498.8
3933,129591.2722,128431.5575,1159.7148,0.0000,8.63667,25504.7
3934,129591.2722,128431.5575,1159.7148,0.0000,8.63667,25511.2
3935,129591.2722,128431.5575,1159.7148,0.0000,8.63667,25518.0
3936,129591.2722,128431.5575,1159.7148,0.0000,8.63667,25524.3
3937,129591.2722,128431.5575,1159.7148,0.0185,8.64676,25530.7
3938,129591.2722,128431.5575,1159.7148,0.0000,8.64676,25538.0
3939,129591.2722,128431.5575,1159.7148,0.0000,8.64676,25544.9
3940,129591.2722,128431.5575,1159.7148,0.0000,8.64676,25551.9
3941,129591.2722,128431.5575,1159.7148,0.0000,8.64676,25558.4
3942,129591.2722,128431.5575,1159.7148,0.0000,8.64676,25566.0
3943,129591.2722,128431.5575,1159.7148,0.0185,8.62722,25573.5
3944,129591.2722,128431.5575,1159.7148,0.0000,8.62722,25580.5
3945,129591.2722,128431.5575,1159.7148,0.0000,8.62722,25587.7
3946,129591.2722,128431.5575,1159.7148,0.0000,8.62722,25594.5
3947,129591.2722,128431.5575,1159.7148,0.0000,8.62722,25600.5
3948,129591.2722,128431.5575,1159.7148,0.0000,8.62722,25607.4
3949,129591.2722,128431.5575,1159.7148,0.0185,8.63168,25614.9
3950,129591.2722,128431.5575,1159.7148,0.0000,8.63168,25621.6
3951,129591.2722,128431.5575,1159.7148,0.0000,8.63168,25628.5
3952,129591.2722,128431.5575,1159.7148,0.0000,8.63168,25635.4
3953,129591.2722,128431.5575,1159.7148,0.0185,8.75344,25642.4
3954,129591.2722,128431.5575,1159.7148,0.0000,8.75344,25649.2
3955,129591.2722,128431.5575,1159.7148,0.0000,8.75344,25655.9
3956,129591.2722,128431.5575,1159.7148,0.0000,8.75344,25662.7
3957,129591.2722,128431.5575,1159.7148,0.0000,8.75344,25670.0
3958,129591.2722,128431.5575,1159.7148,0.0000,8.75344,25677.2
3959,129591.2722,128431.5575,1159.7148,0.0000,8.75344,25683.8
3960,129591.2722,128431.5575,1159.7148,0.0000,8.75344,25691.2
3961,129591.2722,128431.5575,1159.7148,0.0000,8.75344,25697.8
3962,129591.2722,128431.5575,1159.7148,0.0000,8.75344,25704.6
3963,129591.2722,128431.5575,1159.7148,0.0000,8.75344,25711.7
3964,129591.2722,128431.5575,1159.7148,0.0000,8.75344,25718.6
3965,129591.2722,128431.5575,1159.7148,0.0000,8.75344,25726.6
3966,129591.2722,128431.5575,1159.7148,0.0000,8.75344,25733.6
3967,129591.2722,128431.5575,1159.7148,0.0000,8.75344,25740.5
3968,129591.2722,128431.5575,1159.7148,0.0000,8.75344,25747.2
3969,129591.2722,128431.5575,1159.7148,0.0000,8.75344,25754.8
3970,129591.2722,128431.5575,1159.7148,0.0000,8.75344,25762.5
3971,129591.2722,128431.5575,1159.7148,0.0000,8.75344,25769.7
3972,129591.2722,128431.5575,1159.7148,0.0000,8.75344,25776.3
3973,129591.2722,128431.5575,1159.7148,0.0185,8.7608,25783.1
3974,129591.2722,128431.5575,1159.7148,0.0000,8.7608,25789.3
3975,129591.2722,128431.5575,1159.7148,0.0000,8.7608,25796.1
3976,129591.2722,128431.5575,1159.7148,0.0000,8.7608,25803.0
3977,129591.2722,128431.5575,1159.7148,0.0000,8.7608,25809.7
3978,129591.2722,128431.5575,1159.7148,0.0000,8.7608,25815.9
3979,129591.2722,128431.5575,1159.7148,0.0000,8.7608,25823.2
3980,129591.2722,128431.5575,1159.7148,0.0000,8.7608,25830.5
3981,129591.2722,128431.5575,1159.7148,0.0000,8.7608,25837.7
3982,129591.2722,128431.5575,1159.7148,0.0000,8.7608,25844.3
3983,129591.2722,128431.5575,1159.7148,0.0185,8.77318,25851.0
3984,129591.2722,128431.5575,1159.7148,0.0000,8.77318,25858.0
3985,129591.2722,128431.5575,1159.7148,0.0185,8.79594,25865.2
3986,129591.2722,128431.5575,1159.7148,0.0000,8.79594,25871.9
3987,129591.2722,128431.5575,1159.7148,0.0000,8.79594,25877.9
3988,129591.2722,128431.5575,1159.7148,0.0000,8.79594,25884.4
3989,129591.2722,128431.5575,1159.7148,0.0000,8.79594,25891.4
3990,129591.2722,128431.5575,1159.7148,0.0000,8.79594,25898.7
3991,129591.2722,128431.5575,1159.7148,0.0185,8.83068,25906.1
3992,129591.2722,128431.5575,1159.7148,0.0000,8.83068,25913.9
3993,129591.2722,128431.5575,1159.7148,0.0000,8.83068,25920.8
3994,129591.2722,128431.5575,1159.7148,0.0000,8.83068,25927.8
3995,129591.2722,128431.5575,1159.7148,0.0185,8.83377,25934.8
3996,129591.2722,128431.5575,1159.7148,0.0000,8.83377,25941.8
3997,129591.2722,128431.5575,1159.7148,0.0000,8.83377,25949.0
3998,129591.2722,128431.5575,1159.7148,0.0000,8.83377,25956.2
3999,129591.2722,128431.5575,1159.7148,0.0000,8.83377,25963.1
4000,129591.2722,128431.5575,1159.7148,0.0000,8.83377,25969.8
4001,129591.2722,128431.5575,1159.7148,0.0000,8.83377,25977.2
4002,129591.2722,128431.5575,1159.7148,0.0000,8.83377,25984.1
4003,129591.2722,128431.5575,1159.7148,0.0000,8.83377,25991.4
4004,129591.2722,128431.5575,1159.7148,0.0000,8.83377,25998.4
4005,129591.2722,128431.5575,1159.7148,0.0000,8.83377,26004.9
4006,129591.2722,128431.5575,1159.7148,0.0000,8.83377,26011.9
4007,129591.2722,128431.5575,1159.7148,0.0185,8.82407,26018.5
4008,129591.2722,128431.5575,1159.7148,0.0000,8.82407,26024.9
4009,129591.2722,128431.5575,1159.7148,0.0000,8.82407,26032.4
4010,129591.2722,128431.5575,1159.7148,0.0000,8.82407,26039.4
4011,129591.2722,128431.5575,1159.7148,0.0000,8.82407,26046.3
4012,129591.2722,128431.5575,1159.7148,0.0000,8.82407,26052.9
4013,129591.2722,128431.5575,1159.7148,0.0000,8.82407,26059.0
4014,129591.2722,128431.5575,1159.7148,0.0000,8.82407,26066.1
4015,129591.2722,128431.5575,1159.7148,0.0000,8.82407,26073.2
4016,129591.2722,128431.5575,1159.7148,0.0000,8.82407,26079.5
4017,129591.2722,128431.5575,1159.7148,0.0000,8.82407,26086.0
4018,129591.2722,128431.5575,1159.7148,0.0000,8.82407,26092.6
4019,129591.2722,128431.5575,1159.7148,0.0000,8.82407,26098.9
4020,129591.2722,128431.5575,1159.7148,0.0000,8.82407,26105.8
4021,129591.2722,128431.5575,1159.7148,0.0000,8.82407,26111.9
4022,129591.2722,128431.5575,1159.7148,0.0185,8.83927,26118.9
4023,129591.2722,128431.5575,1159.7148,0.0000,8.83927,26125.7
4024,129591.2722,128431.5575,1159.7148,0.0000,8.83927,26132.7
4025,129591.2722,128431.5575,1159.7148,0.0000,8.83927,26139.8
4026,129591.2722,128431.5575,1159.7148,0.0000,8.83927,26146.9
4027,129591.2722,128431.5575,1159.7148,0.0000,8.83927,26153.4
4028,129591.2722,128431.5575,1159.7148,0.0000,8.83927,26160.3
4029,129591.2722,128431.5575,1159.7148,0.0000,8.83927,26166.9
4030,129591.2722,128431.5575,1159.7148,0.0000,8.83927,26173.2
4031,129591.2722,128435.2928,1155.9795,0.0185,8.8156,26180.4
4032,129591.2722,128435.2928,1155.9795,0.0000,8.8156,26187.5
4033,129591.2722,128435.2928,1155.9795,0.0000,8.8156,26194.4
4034,129591.2722,128435.2928,1155.9795,0.0185,8.77391,26202.2
4035,129591.2722,128435.2928,1155.9795,0.0000,8.77391,26209.2
4036,129591.2722,128435.2928,1155.9795,0.0185,8.65579,26216.2
4037,129591.2722,128435.2928,1155.9795,0.0000,8.65579,26223.6
4038,129591.2722,128435.2928,1155.9795,0.0000,8.65579,26229.9
4039,129591.2722,128435.2928,1155.9795,0.0000,8.65579,26236.2
4040,129591.2722,128435.2928,1155.9795,0.0000,8.65579,26242.8
4041,129591.2722,128435.2928,1155.9795,0.0000,8.65579,26250.2
4042,129591.2722,128435.2928,1155.9795,0.0000,8.65579,26256.9
4043,129591.2722,128435.2928,1155.9795,0.0000,8.65579,26263.9
4044,129591.2722,128435.2928,1155.9795,0.0000,8.65579,26270.9
4045,129591.2722,128451.6402,1139.6320,0.0185,8.62636,26278.2
4046,129591.2722,128451.6402,1139.6320,0.0000,8.62636,26285.0
4047,129591.2722,128451.6402,1139.6320,0.0000,8.62636,26292.2
4048,129591.2722,128451.6402,1139.6320,0.0000,8.62636,26298.6
4049,129591.2722,128451.6402,1139.6320,0.0185,8.7316,26305.8
4050,129591.2722,128451.6402,1139.6320,0.0000,8.7316,26312.4
4051,129591.2722,128451.6402,1139.6320,0.0000,8.7316,26318.8
4052,129591.2722,128451.6402,1139.6320,0.0000,8.7316,26326.0
4053,129591.2722,128451.6402,1139.6320,0.0000,8.7316,26332.2
4054,129591.2722,128451.6402,1139.6320,0.0000,8.7316,26339.6
4055,129591.2722,128451.6402,1139.6320,0.0000,8.7316,26346.8
4056,129591.2722,128451.6402,1139.6320,0.0000,8.7316,26354.5
4057,129591.2722,128451.6402,1139.6320,0.0000,8.7316,26361.3
4058,129591.2722,128451.6402,1139.6320,0.0000,8.7316,26368.6
4059,129591.2722,128451.6402,1139.6320,0.0000,8.7316,26374.6
4060,129591.2722,128451.6402,1139.6320,0.0000,8.7316,26381.8
4061,129591.2722,128451.6402,1139.6320,0.0000,8.7316,26388.5
4062,129591.2722,128451.6402,1139.6320,0.0000,8.7316,26395.1
4063,129591.2722,128511.9299,1079.3424,0.0185,8.74018,26402.0
4064,129591.2722,128511.9299,1079.3424,0.0000,8.74018,26409.1
4065,129591.2722,128511.9299,1079.3424,0.0000,8.74018,26415.2
4066,129591.2722,128511.9299,1079.3424,0.0000,8.74018,26422.1
4067,129591.2722,128511.9299,1079.3424,0.0185,8.80827,26428.9
4068,129591.2722,128511.9299,1079.3424,0.0000,8.80827,26436.0
4069,129591.2722,128511.9299,1079.3424,0.0185,8.80316,26442.8
4070,129591.2722,128511.9299,1079.3424,0.0000,8.80316,26449.1
4071,129591.2722,128511.9299,1079.3424,0.0000,8.80316,26456.3
4072,129591.2722,128511.9299,1079.3424,0.0000,8.80316,26462.8
4073,129591.2722,128511.9299,1079.3424,0.0000,8.80316,26470.1
4074,129591.2722,128511.9299,1079.3424,0.0185,8.81403,26477.1
4075,129591.2722,128511.9299,1079.3424,0.0000,8.81403,26483.7
4076,129591.2722,128511.9299,1079.3424,0.0000,8.81403,26490.8
4077,129591.2722,128511.9299,1079.3424,0.0000,8.81403,26498.0
4078,129591.2722,128511.9299,1079.3424,0.0000,8.81403,26504.7
4079,129591.2722,128511.9299,1079.3424,0.0000,8.81403,26511.6
4080,129591.2722,128511.9299,1079.3424,0.0000,8.81403,26519.7
4081,129591.2722,128511.9299,1079.3424,0.0000,8.81403,26526.9
4082,129591.2722,128511.9299,1079.3424,0.0000,8.81403,26533.3
4083,129591.2722,128511.9299,1079.3424,0.0000,8.81403,26539.7
4084,129591.2722,128511.9299,1079.3424,0.0000,8.81403,26545.9
4085,129591.2722,128511.9299,1079.3424,0.0000,8.81403,26553.0
4086,129591.2722,128511.9299,1079.3424,0.0000,8.81403,26560.1
4087,129591.2722,128511.9299,1079.3424,0.0000,8.81403,26566.9
4088,129591.2722,128511.9299,1079.3424,0.0185,8.80183,26573.6
4089,129591.2722,128511.9299,1079.3424,0.0000,8.80183,26579.8
4090,129591.2722,128511.9299,1079.3424,0.0000,8.80183,26587.1
4091,129591.2722,128511.9299,1079.3424,0.0000,8.80183,26594.1
4092,129591.2722,128511.9299,1079.3424,0.0000,8.80183,26600.9
4093,129591.2722,128511.9299,1079.3424,0.0000,8.80183,26606.9
4094,129591.2722,128511.9299,1079.3424,0.0000,8.80183,26613.4
4095,129591.2722,128511.9299,1079.3424,0.0000,8.80183,26620.1
4096,129591.2722,128511.9299,1079.3424,0.0000,8.80183,26627.0
4097,129591.2722,128511.9299,1079.3424,0.0000,8.80183,26634.1
4098,129591.2722,128511.9299,1079.3424,0.0000,8.80183,26641.2
4099,129591.2722,128511.9299,1079.3424,0.0000,8.80183,26648.0
4100,129591.2722,128511.9299,1079.3424,0.0000,8.80183,26654.4
4101,129591.2722,128511.9299,1079.3424,0.0000,8.80183,26660.2
4102,129591.2722,128511.9299,1079.3424,0.0000,8.80183,26667.9
4103,129591.2722,128511.9299,1079.3424,0.0000,8.80183,26674.5
4104,129591.2722,128511.9299,1079.3424,0.0185,8.80637,26681.3
4105,129591.2722,128511.9299,1079.3424,0.0185,8.77477,26687.7
4106,129591.2722,128511.9299,1079.3424,0.0000,8.77477,26694.3
4107,129591.2722,128511.9299,1079.3424,0.0000,8.77477,26700.2
4108,129591.2722,128511.9299,1079.3424,0.0000,8.77477,26707.3
4109,129591.2722,128511.9299,1079.3424,0.0000,8.77477,26714.6
4110,129591.2722,128511.9299,1079.3424,0.0185,8.80911,26721.2
4111,129591.2722,128511.9299,1079.3424,0.0000,8.80911,26728.1
4112,129591.2722,128511.9299,1079.3424,0.0000,8.80911,26735.1
4113,129591.2722,128566.0931,1025.1791,0.0185,8.80924,26742.1
4114,129591.2722,128566.0931,1025.1791,0.0000,8.80924,26749.1
4115,129591.2722,128566.0931,1025.1791,0.0000,8.80924,26756.6
4116,129591.2722,128566.0931,1025.1791,0.0000,8.80924,26763.2
4117,129591.2722,128566.0931,1025.1791,0.0000,8.80924,26770.2
4118,129591.2722,128566.0931,1025.1791,0.0000,8.80924,26776.7
4119,129591.2722,128566.0931,1025.1791,0.0185,8.80497,26784.1
4120,129591.2722,128566.0931,1025.1791,0.0000,8.80497,26790.8
4121,129591.2722,128566.0931,1025.1791,0.0000,8.80497,26797.7
4122,129591.2722,128566.0931,1025.1791,0.0000,8.80497,26804.9
4123,129591.2722,128566.0931,1025.1791,0.0000,8.80497,26812.2
4124,129591.2722,128566.0931,1025.1791,0.0000,8.80497,26818.5
4125,129591.2722,128566.0931,1025.1791,0.0000,8.80497,26825.1
4126,129591.2722,128566.0931,1025.1791,0.0000,8.80497,26831.8
4127,129591.2722,128566.0931,1025.1791,0.0000,8.80497,26839.5
4128,129591.2722,128566.0931,1025.1791,0.0185,8.81582,26846.7
4129,129591.2722,128566.0931,1025.1791,0.0000,8.81582,26853.6
4130,129591.2722,128566.0931,1025.1791,0.0000,8.81582,26860.9
4131,129591.2722,128566.0931,1025.1791,0.0000,8.81582,26867.7
4132,129591.2722,128566.0931,1025.1791,0.0000,8.81582,26873.9
4133,129591.2722,128566.0931,1025.1791,0.0000,8.81582,26881.4
4134,129591.2722,128566.0931,1025.1791,0.0000,8.81582,26888.8
4135,129591.2722,128566.0931,1025.1791,0.0000,8.81582,26895.6
4136,129591.2722,128566.0931,1025.1791,0.0000,8.81582,26902.8
4137,129591.2722,128566.0931,1025.1791,0.0000,8.81582,26909.4
4138,129591.2722,128566.0931,1025.1791,0.0185,8.8322,26916.7
4139,129645.4973,128566.0931,1079.4042,0.0370,8.82042,26923.9
4140,129645.4973,128566.0931,1079.4042,0.0000,8.82042,26931.3
4141,129645.4973,128566.0931,1079.4042,0.0000,8.82042,26937.7
4142,129645.4973,128566.0931,1079.4042,0.0185,8.84799,26944.4
4143,129645.4973,128566.0931,1079.4042,0.0000,8.84799,26951.5
4144,129645.4973,128566.0931,1079.4042,0.0000,8.84799,26958.7
4145,129645.4973,128566.0931,1079.4042,0.0000,8.84799,26966.0
4146,129645.4973,128566.0931,1079.4042,0.0000,8.84799,26973.4
4147,129645.4973,128566.0931,1079.4042,0.0000,8.84799,26980.2
4148,129645.4973,128566.0931,1079.4042,0.0000,8.84799,26987.5
4149,129645.4973,128566.0931,1079.4042,0.0000,8.84799,26993.6
4150,129645.4973,128566.0931,1079.4042,0.0000,8.84799,27000.4
4151,129645.4973,128566.0931,1079.4042,0.0000,8.84799,27006.8
4152,129645.4973,128566.0931,1079.4042,0.0000,8.84799,27013.9
4153,129645.4973,128566.0931,1079.4042,0.0000,8.84799,27020.1
4154,129645.4973,128566.0931,1079.4042,0.0000,8.84799,27026.5
4155,129645.4973,128566.0931,1079.4042,0.0000,8.84799,27033.5
4156,129645.4973,128566.0931,1079.4042,0.0000,8.84799,27040.8
4157,129645.4973,128566.0931,1079.4042,0.0000,8.84799,27047.7
4158,129645.4973,128566.0931,1079.4042,0.0000,8.84799,27054.4
4159,129645.4973,128566.0931,1079.4042,0.0000,8.84799,27062.0
4160,129645.4973,128566.0931,1079.4042,0.0000,8.84799,27069.2
4161,129645.4973,128566.0931,1079.4042,0.0000,8.84799,27075.0
4162,129645.4973,128566.0931,1079.4042,0.0000,8.84799,27082.0
4163,129645.4973,128566.0931,1079.4042,0.0000,8.84799,27088.4
4164,129645.4973,128566.0931,1079.4042,0.0000,8.84799,27094.9
4165,129645.4973,128566.0931,1079.4042,0.0000,8.84799,27101.1
4166,129645.4973,128566.0931,1079.4042,0.0000,8.84799,27107.4
4167,129645.4973,128566.0931,1079.4042,0.0000,8.84799,27114.1
4168,129645.4973,128566.0931,1079.4042,0.0000,8.84799,27121.0
4169,129645.4973,128566.0931,1079.4042,0.0000,8.84799,27127.4
4170,129645.4973,128566.0931,1079.4042,0.0000,8.84799,27134.7
4171,129645.4973,128566.0931,1079.4042,0.0000,8.84799,27141.9
4172,129645.4973,128566.0931,1079.4042,0.0000,8.84799,27148.5
4173,129645.4973,128566.0931,1079.4042,0.0000,8.84799,27155.0
4174,129645.4973,128566.0931,1079.4042,0.0000,8.84799,27162.5
4175,129645.4973,128566.0931,1079.4042,0.0000,8.84799,27169.1
4176,129645.4973,128566.0931,1079.4042,0.0000,8.84799,27176.4
4177,129645.4973,128566.0931,1079.4042,0.0000,8.84799,27183.4
4178,129645.4973,128566.0931,1079.4042,0.0000,8.84799,27190.2
4179,129645.4973,128566.0931,1079.4042,0.0000,8.84799,27197.4
4180,129645.4973,128566.0931,1079.4042,0.0000,8.84799,27204.6
4181,129645.4973,128566.0931,1079.4042,0.0000,8.84799,27212.0
4182,129645.4973,128566.0931,1079.4042,0.0000,8.84799,27218.6
4183,129645.4973,128566.0931,1079.4042,0.0000,8.84799,27225.5
4184,129645.4973,128566.0931,1079.4042,0.0000,8.84799,27232.3
4185,129645.4973,128566.0931,1079.4042,0.0000,8.84799,27238.9
4186,129645.4973,128566.0931,1079.4042,0.0185,8.86234,27245.8
4187,129645.4973,128566.0931,1079.4042,0.0000,8.86234,27252.9
4188,129645.4973,128566.0931,1079.4042,0.0000,8.86234,27259.2
4189,129645.4973,128566.0931,1079.4042,0.0000,8.86234,27265.8
4190,129645.4973,128566.0931,1079.4042,0.0000,8.86234,27272.6
4191,129645.4973,128566.0931,1079.4042,0.0000,8.86234,27279.2
4192,129645.4973,128566.0931,1079.4042,0.0000,8.86234,27285.9
4193,129645.4973,128566.0931,1079.4042,0.0000,8.86234,27292.9
4194,129645.4973,128566.0931,1079.4042,0.0000,8.86234,27299.6
4195,129645.4973,128566.0931,1079.4042,0.0000,8.86234,27306.0
4196,129645.4973,128566.0931,1079.4042,0.0000,8.86234,27312.6
4197,129645.4973,128566.0931,1079.4042,0.0000,8.86234,27319.7
4198,129689.0613,128566.0931,1122.9682,0.0185,8.90256,27326.6
4199,129689.0613,128566.0931,1122.9682,0.0000,8.90256,27333.2
4200,129689.0613,128566.0931,1122.9682,0.0000,8.90256,27339.6
4201,129689.0613,128566.0931,1122.9682,0.0000,8.90256,27346.1
4202,129689.0613,128566.0931,1122.9682,0.0000,8.90256,27353.3
4203,129689.0613,128566.0931,1122.9682,0.0185,8.89096,27360.0
4204,129689.0613,128566.0931,1122.9682,0.0000,8.89096,27367.0
4205,129689.0613,128566.0931,1122.9682,0.0000,8.89096,27374.9
4206,129689.0613,128566.0931,1122.9682,0.0000,8.89096,27381.6
4207,129689.0613,128566.0931,1122.9682,0.0000,8.89096,27389.0
4208,129689.0613,128566.0931,1122.9682,0.0000,8.89096,27396.1
4209,129689.0613,128566.0931,1122.9682,0.0000,8.89096,27403.2
4210,129689.0613,128566.0931,1122.9682,0.0000,8.89096,27409.6
4211,129689.0613,128566.0931,1122.9682,0.0000,8.89096,27416.3
4212,129689.0613,128566.0931,1122.9682,0.0000,8.89096,27423.0
4213,129689.0613,128566.0931,1122.9682,0.0000,8.89096,27430.0
4214,129689.0613,128566.0931,1122.9682,0.0000,8.89096,27436.8
4215,129689.0613,128566.0931,1122.9682,0.0000,8.89096,27443.5
4216,129689.0613,128566.0931,1122.9682,0.0000,8.89096,27450.5
4217,129689.0613,128566.0931,1122.9682,0.0000,8.89096,27458.2
4218,129689.0613,128566.0931,1122.9682,0.0185,8.8891,27464.7
4219,129689.0613,128566.0931,1122.9682,0.0000,8.8891,27471.3
4220,129689.0613,128566.0931,1122.9682,0.0000,8.8891,27478.6
4221,129689.0613,128566.0931,1122.9682,0.0000,8.8891,27485.9
4222,129689.0613,128566.0931,1122.9682,0.0000,8.8891,27493.0
4223,129689.0613,128566.0931,1122.9682,0.0000,8.8891,27499.7
4224,129689.0613,128566.0931,1122.9682,0.0000,8.8891,27507.9
4225,129689.0613,128566.0931,1122.9682,0.0000,8.8891,27515.1
4226,129689.0613,128566.0931,1122.9682,0.0000,8.8891,27521.4
4227,129689.0613,128576.7540,1112.3073,0.0185,8.87359,27528.7
4228,129689.0613,128576.7540,1112.3073,0.0000,8.87359,27536.3
4229,129689.0613,128576.7540,1112.3073,0.0000,8.87359,27542.5
4230,129689.0613,128576.7540,1112.3073,0.0000,8.87359,27549.5
4231,129689.0613,128576.7540,1112.3073,0.0000,8.87359,27556.5
4232,129689.0613,128576.7540,1112.3073,0.0000,8.87359,27562.2
4233,129689.0613,128576.7540,1112.3073,0.0000,8.87359,27569.6
4234,129689.0613,128576.7540,1112.3073,0.0000,8.87359,27576.5
4235,129689.0613,128576.7540,1112.3073,0.0000,8.87359,27583.8
4236,129689.0613,128576.7540,1112.3073,0.0000,8.87359,27591.0
4237,129689.0613,128576.7540,1112.3073,0.0000,8.87359,27597.1
4238,129689.0613,128576.7540,1112.3073,0.0000,8.87359,27604.3
4239,129689.0613,128601.5758,1087.4855,0.0185,8.88186,27611.3
4240,129689.0613,128601.5758,1087.4855,0.0000,8.88186,27617.7
4241,129689.0613,128601.5758,1087.4855,0.0000,8.88186,27624.2
4242,129689.0613,128601.5758,1087.4855,0.0000,8.88186,27630.5
4243,129689.0613,128601.5758,1087.4855,0.0000,8.88186,27637.5
4244,129689.0613,128601.5758,1087.4855,0.0000,8.88186,27643.3
4245,129689.0613,128601.5758,1087.4855,0.0000,8.88186,27650.1
4246,129689.0613,128601.5758,1087.4855,0.0000,8.88186,27656.9
4247,129689.0613,128601.5758,1087.4855,0.0000,8.88186,27663.9
4248,129689.0613,128601.5758,1087.4855,0.0000,8.88186,27670.1
4249,129689.0613,128601.5758,1087.4855,0.0000,8.88186,27677.4
4250,129689.0613,128601.5758,1087.4855,0.0000,8.88186,27683.7
4251,129689.0613,128601.5758,1087.4855,0.0000,8.88186,27690.9
4252,129689.0613,128601.5758,1087.4855,0.0000,8.88186,27698.7
4253,129689.0613,128601.5758,1087.4855,0.0000,8.88186,27705.8
4254,129689.0613,128601.5758,1087.4855,0.0000,8.88186,27712.5
4255,129689.0613,128601.5758,1087.4855,0.0000,8.88186,27718.8
4256,129689.0613,128601.5758,1087.4855,0.0000,8.88186,27725.7
4257,129689.0613,128601.5758,1087.4855,0.0000,8.88186,27732.6
4258,129689.0613,128601.5758,1087.4855,0.0000,8.88186,27739.0
4259,129689.0613,128601.5758,1087.4855,0.0000,8.88186,27745.9
4260,129689.0613,128601.5758,1087.4855,0.0000,8.88186,27753.4
4261,129689.0613,128601.5758,1087.4855,0.0000,8.88186,27760.4
4262,129689.0613,128601.5758,1087.4855,0.0000,8.88186,27767.2
4263,129689.0613,128601.5758,1087.4855,0.0000,8.88186,27774.1
4264,129689.0613,128601.5758,1087.4855,0.0000,8.88186,27780.2
4265,129689.0613,128601.5758,1087.4855,0.0000,8.88186,27786.5
4266,129689.0613,128601.5758,1087.4855,0.0000,8.88186,27793.2
4267,129689.0613,128601.5758,1087.4855,0.0000,8.88186,27799.0
4268,129689.0613,128601.5758,1087.4855,0.0000,8.88186,27806.3
4269,129689.0613,128601.5758,1087.4855,0.0000,8.88186,27813.3
4270,129689.0613,128601.5758,1087.4855,0.0000,8.88186,27820.2
4271,129689.0613,128601.5758,1087.4855,0.0000,8.88186,27827.9
4272,129689.0613,128601.5758,1087.4855,0.0000,8.88186,27834.3
4273,129689.0613,128601.5758,1087.4855,0.0000,8.88186,27840.9
4274,129689.0613,128601.5758,1087.4855,0.0000,8.88186,27848.2
4275,129689.0613,128601.5758,1087.4855,0.0000,8.88186,27854.8
4276,129689.0613,128601.5758,1087.4855,0.0000,8.88186,27862.5
4277,129689.0613,128601.5758,1087.4855,0.0000,8.88186,27869.1
4278,129689.0613,128601.5758,1087.4855,0.0185,8.89296,27876.0
4279,129689.0613,128601.5758,1087.4855,0.0000,8.89296,27882.9
4280,129689.0613,128601.5758,1087.4855,0.0000,8.89296,27890.4
4281,129689.0613,128601.5758,1087.4855,0.0000,8.89296,27897.5
4282,129689.0613,128601.5758,1087.4855,0.0000,8.89296,27904.3
4283,129689.0613,128601.5758,1087.4855,0.0000,8.89296,27911.1
4284,129689.0613,128601.5758,1087.4855,0.0000,8.89296,27917.7
4285,129689.0613,128601.5758,1087.4855,0.0000,8.89296,27924.0
4286,129689.0613,128601.5758,1087.4855,0.0000,8.89296,27931.0
4287,129689.0613,128601.5758,1087.4855,0.0000,8.89296,27937.0
4288,129689.0613,128601.5758,1087.4855,0.0000,8.89296,27944.4
4289,129689.0613,128601.5758,1087.4855,0.0000,8.89296,27951.2
4290,129689.0613,128601.5758,1087.4855,0.0000,8.89296,27957.5
4291,129689.0613,128601.5758,1087.4855,0.0000,8.89296,27964.4
4292,129689.0613,128601.5758,1087.4855,0.0000,8.89296,27971.4
4293,129689.0613,128601.5758,1087.4855,0.0000,8.89296,27978.3
4294,129689.0613,128601.5758,1087.4855,0.0000,8.89296,27985.6
4295,129689.0613,128601.5758,1087.4855,0.0000,8.89296,27992.5
4296,129689.0613,128601.5758,1087.4855,0.0000,8.89296,27999.0
4297,129689.0613,128601.5758,1087.4855,0.0000,8.89296,28005.1
4298,129689.0613,128601.5758,1087.4855,0.0000,8.89296,28012.0
4299,129689.0613,128601.5758,1087.4855,0.0000,8.89296,28018.4
4300,129689.0613,128601.5758,1087.4855,0.0000,8.89296,28024.6
4301,129689.0613,128601.5758,1087.4855,0.0000,8.89296,28031.3
4302,129689.0613,128601.5758,1087.4855,0.0000,8.89296,28037.5
4303,129689.0613,128601.5758,1087.4855,0.0000,8.89296,28044.7
4304,129689.0613,128601.5758,1087.4855,0.0000,8.89296,28051.3
4305,129689.0613,128601.5758,1087.4855,0.0000,8.89296,28058.0
4306,129689.0613,128601.5758,1087.4855,0.0000,8.89296,28065.3
4307,129689.0613,128601.5758,1087.4855,0.0000,8.89296,28071.5
4308,129689.0613,128601.5758,1087.4855,0.0000,8.89296,28077.9
4309,129689.0613,128601.5758,1087.4855,0.0000,8.89296,28084.1
4310,129689.0613,128601.5758,1087.4855,0.0000,8.89296,28090.9
4311,129689.0613,128601.5758,1087.4855,0.0000,8.89296,28097.4
4312,129689.0613,128601.5758,1087.4855,0.0000,8.89296,28104.9
4313,129689.0613,128601.5758,1087.4855,0.0000,8.89296,28111.2
4314,129689.0613,128601.5758,1087.4855,0.0000,8.89296,28117.8
4315,129689.0613,128601.5758,1087.4855,0.0000,8.89296,28124.0
4316,129689.0613,128601.5758,1087.4855,0.0000,8.89296,28130.2
4317,129689.0613,128601.5758,1087.4855,0.0000,8.89296,28137.2
4318,129689.0613,128601.5758,1087.4855,0.0000,8.89296,28144.2
4319,129689.0613,128601.5758,1087.4855,0.0000,8.89296,28151.2
4320,129689.0613,128601.5758,1087.4855,0.0000,8.89296,28158.4
4321,129689.0613,128601.5758,1087.4855,0.0000,8.89296,28165.2
4322,129689.0613,128601.5758,1087.4855,0.0000,8.89296,28172.2
4323,129689.0613,128601.5758,1087.4855,0.0000,8.89296,28179.2
4324,129689.0613,128601.5758,1087.4855,0.0000,8.89296,28186.0
4325,129689.0613,128601.5758,1087.4855,0.0000,8.89296,28192.0
4326,129689.0613,128601.5758,1087.4855,0.0000,8.89296,28198.8
4327,129689.0613,128601.5758,1087.4855,0.0000,8.89296,28205.0
4328,129689.0613,128601.5758,1087.4855,0.0000,8.89296,28212.4
4329,129689.0613,128601.5758,1087.4855,0.0000,8.89296,28218.4
4330,129689.0613,128601.5758,1087.4855,0.0000,8.89296,28226.1
4331,129689.0613,128601.5758,1087.4855,0.0000,8.89296,28233.2
4332,129689.0613,128601.5758,1087.4855,0.0000,8.89296,28239.5
4333,129689.0613,128601.5758,1087.4855,0.0000,8.89296,28247.0
4334,129689.0613,128601.5758,1087.4855,0.0000,8.89296,28254.2
4335,129689.0613,128601.5758,1087.4855,0.0000,8.89296,28261.2
4336,129689.0613,128601.5758,1087.4855,0.0185,8.89701,28269.3
4337,129689.0613,128601.5758,1087.4855,0.0000,8.89701,28276.2
4338,129689.0613,128601.5758,1087.4855,0.0000,8.89701,28282.6
4339,129689.0613,128601.5758,1087.4855,0.0185,8.91797,28289.9
4340,129689.0613,128601.5758,1087.4855,0.0000,8.91797,28297.0
4341,129689.0613,128601.5758,1087.4855,0.0000,8.91797,28303.2
4342,129689.0613,128601.5758,1087.4855,0.0000,8.91797,28309.4
4343,129689.0613,128601.5758,1087.4855,0.0185,8.91312,28316.1
4344,129689.0613,128601.5758,1087.4855,0.0000,8.91312,28323.3
4345,129689.0613,128601.5758,1087.4855,0.0000,8.91312,28330.0
4346,129689.0613,128601.5758,1087.4855,0.0000,8.91312,28336.8
4347,129689.0613,128601.5758,1087.4855,0.0000,8.91312,28343.4
4348,129689.0613,128601.5758,1087.4855,0.0000,8.91312,28350.2
4349,129689.0613,128601.5758,1087.4855,0.0000,8.91312,28357.7
4350,129689.0613,128601.5758,1087.4855,0.0000,8.91312,28364.2
4351,129689.0613,128601.5758,1087.4855,0.0185,8.90714,28371.0
4352,129689.0613,128601.5758,1087.4855,0.0000,8.90714,28377.8
4353,129689.0613,128601.5758,1087.4855,0.0000,8.90714,28385.4
4354,129689.0613,128601.5758,1087.4855,0.0000,8.90714,28391.7
4355,129689.0613,128601.5758,1087.4855,0.0000,8.90714,28398.3
4356,129689.0613,128601.5758,1087.4855,0.0000,8.90714,28405.7
4357,129689.0613,128601.5758,1087.4855,0.0000,8.90714,28412.4
4358,129689.0613,128601.5758,1087.4855,0.0000,8.90714,28420.3
4359,129689.0613,128601.5758,1087.4855,0.0000,8.90714,28426.8
4360,129689.0613,128601.5758,1087.4855,0.0000,8.90714,28433.4
4361,129689.0613,128601.5758,1087.4855,0.0000,8.90714,28441.0
4362,129689.0613,128601.5758,1087.4855,0.0000,8.90714,28447.7
4363,129689.0613,128601.5758,1087.4855,0.0000,8.90714,28455.4
4364,129689.0613,128601.5758,1087.4855,0.0000,8.90714,28462.5
4365,129689.0613,128601.5758,1087.4855,0.0000,8.90714,28469.7
4366,129689.0613,128601.5758,1087.4855,0.0000,8.90714,28476.4
4367,129689.0613,128601.5758,1087.4855,0.0000,8.90714,28483.2
4368,129689.0613,128601.5758,1087.4855,0.0000,8.90714,28490.5
4369,129689.0613,128601.5758,1087.4855,0.0000,8.90714,28497.5
4370,129689.0613,128601.5758,1087.4855,0.0000,8.90714,28503.8
4371,129689.0613,128601.5758,1087.4855,0.0000,8.90714,28510.9
4372,129689.0613,128601.5758,1087.4855,0.0000,8.90714,28518.0
4373,129689.0613,128601.5758,1087.4855,0.0000,8.90714,28524.3
4374,129689.0613,128601.5758,1087.4855,0.0000,8.90714,28531.9
4375,129689.0613,128601.5758,1087.4855,0.0000,8.90714,28539.1
4376,129689.0613,128601.5758,1087.4855,0.0000,8.90714,28545.9
4377,129689.0613,128601.5758,1087.4855,0.0000,8.90714,28553.1
4378,129689.0613,128601.5758,1087.4855,0.0000,8.90714,28560.1
4379,129689.0613,128601.5758,1087.4855,0.0000,8.90714,28567.3
4380,129754.9151,128601.5758,1153.3393,0.0185,8.92135,28573.9
4381,129754.9151,128601.5758,1153.3393,0.0000,8.92135,28580.8
4382,129754.9151,128601.5758,1153.3393,0.0000,8.92135,28587.7
4383,129754.9151,128601.5758,1153.3393,0.0000,8.92135,28595.8
4384,129754.9151,128601.5758,1153.3393,0.0000,8.92135,28602.3
4385,129754.9151,128601.5758,1153.3393,0.0000,8.92135,28609.3
4386,129754.9151,128601.5758,1153.3393,0.0000,8.92135,28616.1
4387,129754.9151,128601.5758,1153.3393,0.0000,8.92135,28623.2
4388,129754.9151,128601.5758,1153.3393,0.0185,8.94236,28631.0
4389,129754.9151,128601.5758,1153.3393,0.0000,8.94236,28637.4
4390,129754.9151,128601.5758,1153.3393,0.0000,8.94236,28644.5
4391,129754.9151,128601.5758,1153.3393,0.0000,8.94236,28651.5
4392,129754.9151,128601.5758,1153.3393,0.0000,8.94236,28658.6
4393,129754.9151,128601.5758,1153.3393,0.0000,8.94236,28665.2
4394,129754.9151,128601.5758,1153.3393,0.0000,8.94236,28672.3
4395,129754.9151,128601.5758,1153.3393,0.0000,8.94236,28679.0
4396,129754.9151,128601.5758,1153.3393,0.0000,8.94236,28685.5
4397,129754.9151,128601.5758,1153.3393,0.0000,8.94236,28691.6
4398,129754.9151,128601.5758,1153.3393,0.0000,8.94236,28698.7
4399,129754.9151,128601.5758,1153.3393,0.0000,8.94236,28704.7
4400,129754.9151,128601.5758,1153.3393,0.0000,8.94236,28711.5
4401,129754.9151,128601.5758,1153.3393,0.0000,8.94236,28718.3
4402,129754.9151,128601.5758,1153.3393,0.0000,8.94236,28725.3
4403,129754.9151,128601.5758,1153.3393,0.0000,8.94236,28732.7
4404,129754.9151,128601.5758,1153.3393,0.0000,8.94236,28739.1
4405,129754.9151,128601.5758,1153.3393,0.0000,8.94236,28745.8
4406,129754.9151,128601.5758,1153.3393,0.0000,8.94236,28752.7
4407,129754.9151,128601.5758,1153.3393,0.0000,8.94236,28759.7
4408,129754.9151,128601.5758,1153.3393,0.0185,8.93187,28766.8
4409,129754.9151,128601.5758,1153.3393,0.0000,8.93187,28774.4
4410,129754.9151,128601.5758,1153.3393,0.0000,8.93187,28780.9
4411,129754.9151,128601.5758,1153.3393,0.0000,8.93187,28788.0
4412,129754.9151,128601.5758,1153.3393,0.0000,8.93187,28794.6
4413,129754.9151,128601.5758,1153.3393,0.0185,8.91621,28801.5
4414,129754.9151,128601.5758,1153.3393,0.0000,8.91621,28808.8
4415,129754.9151,128601.5758,1153.3393,0.0000,8.91621,28815.8
4416,129754.9151,128601.5758,1153.3393,0.0000,8.91621,28822.1
4417,129754.9151,128601.5758,1153.3393,0.0000,8.91621,28828.9
4418,129754.9151,128601.5758,1153.3393,0.0000,8.91621,28835.6
4419,129754.9151,128601.5758,1153.3393,0.0000,8.91621,28842.3
4420,129754.9151,128601.5758,1153.3393,0.0000,8.91621,28848.2
4421,129754.9151,128601.5758,1153.3393,0.0000,8.91621,28855.0
4422,129754.9151,128601.5758,1153.3393,0.0000,8.91621,28862.4
4423,129754.9151,128601.5758,1153.3393,0.0185,8.9075,28869.2
4424,129754.9151,128601.5758,1153.3393,0.0000,8.9075,28876.5
4425,129754.9151,128601.5758,1153.3393,0.0000,8.9075,28883.1
4426,129754.9151,128601.5758,1153.3393,0.0185,8.87075,28890.0
4427,129754.9151,128601.5758,1153.3393,0.0000,8.87075,28897.2
4428,129754.9151,128601.5758,1153.3393,0.0000,8.87075,28904.7
4429,129754.9151,128601.5758,1153.3393,0.0000,8.87075,28911.8
4430,129754.9151,128601.5758,1153.3393,0.0000,8.87075,28918.4
4431,129754.9151,128601.5758,1153.3393,0.0000,8.87075,28925.3
4432,129754.9151,128601.5758,1153.3393,0.0000,8.87075,28932.3
4433,129754.9151,128601.5758,1153.3393,0.0185,8.85382,28938.3
4434,129754.9151,128601.5758,1153.3393,0.0000,8.85382,28946.0
4435,129754.9151,128601.5758,1153.3393,0.0000,8.85382,28953.2
4436,129754.9151,128601.5758,1153.3393,0.0000,8.85382,28960.9
4437,129754.9151,128601.5758,1153.3393,0.0185,8.84565,28968.3
4438,129754.9151,128601.5758,1153.3393,0.0000,8.84565,28975.6
4439,129754.9151,128601.5758,1153.3393,0.0000,8.84565,28983.7
4440,129754.9151,128601.5758,1153.3393,0.0000,8.84565,28990.7
4441,129754.9151,128601.5758,1153.3393,0.0000,8.84565,28997.6
4442,129754.9151,128601.5758,1153.3393,0.0000,8.84565,29005.0
4443,129754.9151,128601.5758,1153.3393,0.0000,8.84565,29012.2
4444,129754.9151,128601.5758,1153.3393,0.0000,8.84565,29018.7
4445,129754.9151,128601.5758,1153.3393,0.0000,8.84565,29025.0
4446,129754.9151,128601.5758,1153.3393,0.0185,8.84469,29030.9
4447,129754.9151,128601.5758,1153.3393,0.0000,8.84469,29037.4
4448,129754.9151,128601.5758,1153.3393,0.0185,8.84323,29044.0
4449,129754.9151,128601.5758,1153.3393,0.0000,8.84323,29050.0
4450,129754.9151,128601.5758,1153.3393,0.0000,8.84323,29056.9
4451,129754.9151,128601.5758,1153.3393,0.0185,8.85105,29064.0
4452,129754.9151,128601.5758,1153.3393,0.0185,8.84899,29070.8
4453,129754.9151,128601.5758,1153.3393,0.0000,8.84899,29077.9
4454,129754.9151,128601.5758,1153.3393,0.0000,8.84899,29084.7
4455,129754.9151,128601.5758,1153.3393,0.0000,8.84899,29091.3
4456,129754.9151,128601.5758,1153.3393,0.0000,8.84899,29098.5
4457,129754.9151,128601.5758,1153.3393,0.0000,8.84899,29106.0
4458,129754.9151,128601.5758,1153.3393,0.0000,8.84899,29113.0
4459,129754.9151,128601.5758,1153.3393,0.0000,8.84899,29119.2
4460,129754.9151,128601.5758,1153.3393,0.0000,8.84899,29126.0
4461,129754.9151,128601.5758,1153.3393,0.0000,8.84899,29132.5
4462,129754.9151,128601.5758,1153.3393,0.0000,8.84899,29139.6
4463,129754.9151,128601.5758,1153.3393,0.0000,8.84899,29146.2
4464,129754.9151,128601.5758,1153.3393,0.0185,8.91178,29154.0
4465,129754.9151,128601.5758,1153.3393,0.0000,8.91178,29160.7
4466,129754.9151,128601.5758,1153.3393,0.0000,8.91178,29168.4
4467,129754.9151,128601.5758,1153.3393,0.0185,8.90818,29175.6
4468,129754.9151,128601.5758,1153.3393,0.0000,8.90818,29182.0
4469,129754.9151,128601.5758,1153.3393,0.0000,8.90818,29188.3
4470,129754.9151,128601.5758,1153.3393,0.0000,8.90818,29195.3
4471,129754.9151,128601.5758,1153.3393,0.0000,8.90818,29201.5
4472,129754.9151,128601.5758,1153.3393,0.0000,8.90818,29208.3
4473,129754.9151,128601.5758,1153.3393,0.0000,8.90818,29214.8
4474,129754.9151,128601.5758,1153.3393,0.0000,8.90818,29221.6
4475,129754.9151,128601.5758,1153.3393,0.0000,8.90818,29229.3
4476,129754.9151,128601.5758,1153.3393,0.0000,8.90818,29236.6
4477,129754.9151,128601.5758,1153.3393,0.0000,8.90818,29243.3
4478,129754.9151,128601.5758,1153.3393,0.0000,8.90818,29251.1
4479,129754.9151,128601.5758,1153.3393,0.0000,8.90818,29258.2
4480,129754.9151,128601.5758,1153.3393,0.0000,8.90818,29265.7
4481,129754.9151,128601.5758,1153.3393,0.0000,8.90818,29273.1
4482,129754.9151,128601.5758,1153.3393,0.0000,8.90818,29280.8
4483,129754.9151,128601.5758,1153.3393,0.0000,8.90818,29288.7
4484,129754.9151,128601.5758,1153.3393,0.0000,8.90818,29295.4
4485,129754.9151,128601.5758,1153.3393,0.0185,8.89841,29302.1
4486,129754.9151,128601.5758,1153.3393,0.0000,8.89841,29309.5
4487,129754.9151,128601.5758,1153.3393,0.0000,8.89841,29315.7
4488,129754.9151,128601.5758,1153.3393,0.0000,8.89841,29323.0
4489,129754.9151,128601.5758,1153.3393,0.0000,8.89841,29330.5
4490,129754.9151,128601.5758,1153.3393,0.0000,8.89841,29337.1
4491,129754.9151,128601.5758,1153.3393,0.0000,8.89841,29344.8
4492,129754.9151,128601.5758,1153.3393,0.0000,8.89841,29351.8
4493,129754.9151,128601.5758,1153.3393,0.0000,8.89841,29358.8
4494,129754.9151,128601.5758,1153.3393,0.0000,8.89841,29365.0
4495,129754.9151,128601.5758,1153.3393,0.0000,8.89841,29371.7
4496,129754.9151,128601.5758,1153.3393,0.0000,8.89841,29378.5
4497,129754.9151,128601.5758,1153.3393,0.0000,8.89841,29385.6
4498,129754.9151,128601.5758,1153.3393,0.0000,8.89841,29391.8
4499,129754.9151,128601.5758,1153.3393,0.0000,8.89841,29398.9
4500,129754.9151,128601.5758,1153.3393,0.0000,8.89841,29405.6
4501,129754.9151,128601.5758,1153.3393,0.0000,8.89841,29412.4
4502,129754.9151,128601.5758,1153.3393,0.0000,8.89841,29420.1
4503,129754.9151,128601.5758,1153.3393,0.0000,8.89841,29427.2
4504,129754.9151,128601.5758,1153.3393,0.0000,8.89841,29433.5
4505,129754.9151,128601.5758,1153.3393,0.0000,8.89841,29440.3
4506,129754.9151,128601.5758,1153.3393,0.0000,8.89841,29446.7
4507,129754.9151,128601.5758,1153.3393,0.0000,8.89841,29453.6
4508,129754.9151,128601.5758,1153.3393,0.0000,8.89841,29460.2
4509,129754.9151,128601.5758,1153.3393,0.0000,8.89841,29467.7
4510,129754.9151,128601.5758,1153.3393,0.0000,8.89841,29474.7
4511,129754.9151,128601.5758,1153.3393,0.0000,8.89841,29481.9
4512,129754.9151,128601.5758,1153.3393,0.0000,8.89841,29488.8
4513,129754.9151,128601.5758,1153.3393,0.0000,8.89841,29495.1
4514,129754.9151,128601.5758,1153.3393,0.0000,8.89841,29502.4
4515,129754.9151,128601.5758,1153.3393,0.0000,8.89841,29509.3
4516,129754.9151,128601.5758,1153.3393,0.0000,8.89841,29516.8
4517,129754.9151,128601.5758,1153.3393,0.0000,8.89841,29524.9
4518,129754.9151,128601.5758,1153.3393,0.0000,8.89841,29531.9
4519,129754.9151,128601.5758,1153.3393,0.0000,8.89841,29538.7
4520,129754.9151,128601.5758,1153.3393,0.0000,8.89841,29544.6
4521,129754.9151,128601.5758,1153.3393,0.0000,8.89841,29551.2
4522,129754.9151,128601.5758,1153.3393,0.0000,8.89841,29558.3
4523,129754.9151,128601.5758,1153.3393,0.0000,8.89841,29565.4
4524,129754.9151,128601.5758,1153.3393,0.0000,8.89841,29572.6
4525,129754.9151,128601.5758,1153.3393,0.0000,8.89841,29579.3
4526,129754.9151,128601.5758,1153.3393,0.0185,8.8838,29585.2
4527,129754.9151,128601.5758,1153.3393,0.0185,8.89218,29592.0
4528,129754.9151,128601.5758,1153.3393,0.0000,8.89218,29599.2
4529,129754.9151,128601.5758,1153.3393,0.0000,8.89218,29606.7
4530,129754.9151,128601.5758,1153.3393,0.0000,8.89218,29613.3
4531,129754.9151,128601.5758,1153.3393,0.0000,8.89218,29620.1
4532,129754.9151,128601.5758,1153.3393,0.0000,8.89218,29626.7
4533,129754.9151,128601.5758,1153.3393,0.0000,8.89218,29633.9
4534,129754.9151,128601.5758,1153.3393,0.0000,8.89218,29641.2
4535,129754.9151,128601.5758,1153.3393,0.0000,8.89218,29646.9
4536,129754.9151,128601.5758,1153.3393,0.0000,8.89218,29653.7
4537,129754.9151,128601.5758,1153.3393,0.0000,8.89218,29661.0
4538,129754.9151,128601.5758,1153.3393,0.0000,8.89218,29667.9
4539,129754.9151,128601.5758,1153.3393,0.0000,8.89218,29675.1
4540,129754.9151,128601.5758,1153.3393,0.0000,8.89218,29682.0
4541,129754.9151,128601.5758,1153.3393,0.0000,8.89218,29689.0
4542,129754.9151,128601.5758,1153.3393,0.0000,8.89218,29696.4
4543,129754.9151,128601.5758,1153.3393,0.0000,8.89218,29703.4
4544,129754.9151,128601.5758,1153.3393,0.0000,8.89218,29711.2
4545,129754.9151,128601.5758,1153.3393,0.0000,8.89218,29717.9
4546,129754.9151,128601.5758,1153.3393,0.0000,8.89218,29724.6
4547,129754.9151,128601.5758,1153.3393,0.0000,8.89218,29731.4
4548,129754.9151,128601.5758,1153.3393,0.0000,8.89218,29738.3
4549,129754.9151,128601.5758,1153.3393,0.0000,8.89218,29745.4
4550,129754.9151,128601.5758,1153.3393,0.0000,8.89218,29752.7
4551,129754.9151,128601.5758,1153.3393,0.0000,8.89218,29759.7
4552,129754.9151,128601.5758,1153.3393,0.0000,8.89218,29766.8
4553,129754.9151,128601.5758,1153.3393,0.0000,8.89218,29773.5
4554,129754.9151,128601.5758,1153.3393,0.0185,8.90043,29780.1
4555,129754.9151,128601.5758,1153.3393,0.0000,8.90043,29786.8
4556,129754.9151,128601.5758,1153.3393,0.0370,8.89333,29793.7
4557,129754.9151,128601.5758,1153.3393,0.0000,8.89333,29800.3
4558,129754.9151,128601.5758,1153.3393,0.0000,8.89333,29807.9
4559,129754.9151,128601.5758,1153.3393,0.0000,8.89333,29814.9
4560,129754.9151,128601.5758,1153.3393,0.0000,8.89333,29822.3
4561,129754.9151,128601.5758,1153.3393,0.0000,8.89333,29829.7
4562,129754.9151,128601.5758,1153.3393,0.0000,8.89333,29836.8
4563,129754.9151,128601.5758,1153.3393,0.0000,8.89333,29844.1
4564,129754.9151,128601.5758,1153.3393,0.0000,8.89333,29851.6
4565,129754.9151,128601.5758,1153.3393,0.0000,8.89333,29857.6
4566,129754.9151,128601.5758,1153.3393,0.0000,8.89333,29864.6
4567,129754.9151,128601.5758,1153.3393,0.0000,8.89333,29871.9
4568,129754.9151,128601.5758,1153.3393,0.0000,8.89333,29879.2
4569,129754.9151,128601.5758,1153.3393,0.0000,8.89333,29886.4
4570,129754.9151,128601.5758,1153.3393,0.0000,8.89333,29892.8
4571,129754.9151,128601.5758,1153.3393,0.0000,8.89333,29899.4
4572,129754.9151,128601.5758,1153.3393,0.0185,8.95444,29906.0
4573,129754.9151,128601.5758,1153.3393,0.0000,8.95444,29913.3
4574,129754.9151,128601.5758,1153.3393,0.0000,8.95444,29920.8
4575,129754.9151,128601.5758,1153.3393,0.0000,8.95444,29927.3
4576,129754.9151,128601.5758,1153.3393,0.0000,8.95444,29934.2
4577,129754.9151,128601.5758,1153.3393,0.0000,8.95444,29940.7
4578,129754.9151,128601.5758,1153.3393,0.0185,8.95119,29948.1
4579,129754.9151,128601.5758,1153.3393,0.0000,8.95119,29954.6
4580,129754.9151,128601.5758,1153.3393,0.0000,8.95119,29961.7
4581,129754.9151,128601.5758,1153.3393,0.0000,8.95119,29969.2
4582,129754.9151,128601.5758,1153.3393,0.0000,8.95119,29975.4
4583,129754.9151,128601.5758,1153.3393,0.0000,8.95119,29981.8
4584,129754.9151,128601.5758,1153.3393,0.0000,8.95119,29988.7
4585,129754.9151,128601.5758,1153.3393,0.0000,8.95119,29994.8
4586,129754.9151,128601.5758,1153.3393,0.0000,8.95119,30000.8
4587,129754.9151,128601.5758,1153.3393,0.0000,8.95119,30007.4
4588,129754.9151,128601.5758,1153.3393,0.0000,8.95119,30013.2
4589,129754.9151,128601.5758,1153.3393,0.0000,8.95119,30019.5
4590,129754.9151,128601.5758,1153.3393,0.0000,8.95119,30026.0
4591,129754.9151,128601.5758,1153.3393,0.0000,8.95119,30033.6
4592,129754.9151,128601.5758,1153.3393,0.0000,8.95119,30040.6
4593,129754.9151,128601.5758,1153.3393,0.0000,8.95119,30048.2
4594,129754.9151,128601.5758,1153.3393,0.0000,8.95119,30056.5
4595,129754.9151,128601.5758,1153.3393,0.0000,8.95119,30062.7
4596,129754.9151,128601.5758,1153.3393,0.0000,8.95119,30069.2
4597,129754.9151,128601.5758,1153.3393,0.0000,8.95119,30076.3
4598,129754.9151,128601.5758,1153.3393,0.0000,8.95119,30083.5
4599,129754.9151,128601.5758,1153.3393,0.0000,8.95119,30090.1
4600,129754.9151,128601.5758,1153.3393,0.0000,8.95119,30096.6
4601,129754.9151,128601.5758,1153.3393,0.0185,9.03096,30104.0
4602,129754.9151,128601.5758,1153.3393,0.0000,9.03096,30110.9
4603,129754.9151,128601.5758,1153.3393,0.0000,9.03096,30117.9
4604,129754.9151,128601.5758,1153.3393,0.0000,9.03096,30125.3
4605,129754.9151,128601.5758,1153.3393,0.0000,9.03096,30132.4
4606,129754.9151,128601.5758,1153.3393,0.0000,9.03096,30139.0
4607,129754.9151,128601.5758,1153.3393,0.0000,9.03096,30145.9
4608,129754.9151,128601.5758,1153.3393,0.0000,9.03096,30152.2
4609,129754.9151,128601.5758,1153.3393,0.0000,9.03096,30159.8
4610,129754.9151,128601.5758,1153.3393,0.0185,9.0703,30166.4
4611,129754.9151,128601.5758,1153.3393,0.0000,9.0703,30173.9
4612,129754.9151,128601.5758,1153.3393,0.0000,9.0703,30181.0
4613,129754.9151,128601.5758,1153.3393,0.0000,9.0703,30187.8
4614,129754.9151,128601.5758,1153.3393,0.0000,9.0703,30194.9
4615,129754.9151,128601.5758,1153.3393,0.0000,9.0703,30202.4
4616,129754.9151,128601.5758,1153.3393,0.0000,9.0703,30208.3
4617,129754.9151,128601.5758,1153.3393,0.0000,9.0703,30215.9
4618,129754.9151,128601.5758,1153.3393,0.0000,9.0703,30222.3
4619,129754.9151,128601.5758,1153.3393,0.0000,9.0703,30229.3
4620,129754.9151,128601.5758,1153.3393,0.0000,9.0703,30236.4
4621,129754.9151,128601.5758,1153.3393,0.0000,9.0703,30244.1
4622,129754.9151,128601.5758,1153.3393,0.0000,9.0703,30250.6
4623,129754.9151,128601.5758,1153.3393,0.0000,9.0703,30258.1
4624,129754.9151,128601.5758,1153.3393,0.0000,9.0703,30264.6
4625,129754.9151,128601.5758,1153.3393,0.0000,9.0703,30271.7
4626,129754.9151,128601.5758,1153.3393,0.0000,9.0703,30279.2
4627,129754.9151,128601.5758,1153.3393,0.0185,9.09599,30286.2
4628,129754.9151,128601.5758,1153.3393,0.0000,9.09599,30293.8
4629,129754.9151,128601.5758,1153.3393,0.0185,9.09967,30300.4
4630,129754.9151,128601.5758,1153.3393,0.0000,9.09967,30307.3
4631,129754.9151,128601.5758,1153.3393,0.0000,9.09967,30314.1
4632,129754.9151,128601.5758,1153.3393,0.0000,9.09967,30320.8
4633,129754.9151,128601.5758,1153.3393,0.0000,9.09967,30328.4
4634,129754.9151,128601.5758,1153.3393,0.0000,9.09967,30336.0
4635,129754.9151,128601.5758,1153.3393,0.0000,9.09967,30343.0
4636,129754.9151,128601.5758,1153.3393,0.0000,9.09967,30349.7
4637,129770.5183,128601.5758,1168.9425,0.0185,9.06186,30356.3
4638,129770.5183,128601.5758,1168.9425,0.0000,9.06186,30363.2
4639,129770.5183,128601.5758,1168.9425,0.0000,9.06186,30370.0
4640,129770.5183,128601.5758,1168.9425,0.0000,9.06186,30377.2
4641,129770.5183,128601.5758,1168.9425,0.0000,9.06186,30384.8
4642,129770.5183,128601.5758,1168.9425,0.0000,9.06186,30392.0
4643,129770.5183,128601.5758,1168.9425,0.0000,9.06186,30399.2
4644,129770.5183,128601.5758,1168.9425,0.0000,9.06186,30406.2
4645,129770.5183,128601.5758,1168.9425,0.0000,9.06186,30413.0
4646,129770.5183,128601.5758,1168.9425,0.0000,9.06186,30420.3
4647,129770.5183,128601.5758,1168.9425,0.0000,9.06186,30427.0
4648,129770.5183,128601.5758,1168.9425,0.0000,9.06186,30433.8
4649,129770.5183,128601.5758,1168.9425,0.0000,9.06186,30440.7
4650,129770.5183,128601.5758,1168.9425,0.0000,9.06186,30446.8
4651,129770.5183,128601.5758,1168.9425,0.0000,9.06186,30454.1
4652,129770.5183,128601.5758,1168.9425,0.0000,9.06186,30461.4
4653,129770.5183,128601.5758,1168.9425,0.0000,9.06186,30468.7
4654,129770.5183,128601.5758,1168.9425,0.0000,9.06186,30475.1
4655,129770.5183,128601.5758,1168.9425,0.0000,9.06186,30482.4
4656,129770.5183,128601.5758,1168.9425,0.0000,9.06186,30488.9
4657,129770.5183,128601.5758,1168.9425,0.0000,9.06186,30495.8
4658,129770.5183,128601.5758,1168.9425,0.0000,9.06186,30502.8
4659,129770.5183,128601.5758,1168.9425,0.0000,9.06186,30510.1
4660,129770.5183,128601.5758,1168.9425,0.0000,9.06186,30516.6
4661,129770.5183,128601.5758,1168.9425,0.0000,9.06186,30524.0
4662,129770.5183,128601.5758,1168.9425,0.0000,9.06186,30530.7
4663,129770.5183,128601.5758,1168.9425,0.0185,9.10159,30537.3
4664,129770.5183,128601.5758,1168.9425,0.0000,9.10159,30544.1
4665,129770.5183,128601.5758,1168.9425,0.0000,9.10159,30551.0
4666,129770.5183,128601.5758,1168.9425,0.0000,9.10159,30558.1
4667,129770.5183,128601.5758,1168.9425,0.0185,9.07532,30564.6
4668,129770.5183,128601.5758,1168.9425,0.0000,9.07532,30569.9
4669,129770.5183,128601.5758,1168.9425,0.0000,9.07532,30576.7
4670,129770.5183,128601.5758,1168.9425,0.0000,9.07532,30584.1
4671,129770.5183,128601.5758,1168.9425,0.0185,9.09018,30590.7
4672,129770.5183,128601.5758,1168.9425,0.0000,9.09018,30597.5
4673,129770.5183,128601.5758,1168.9425,0.0000,9.09018,30604.5
4674,129770.5183,128601.5758,1168.9425,0.0000,9.09018,30611.5
4675,129770.5183,128601.5758,1168.9425,0.0000,9.09018,30618.6
4676,129770.5183,128601.5758,1168.9425,0.0000,9.09018,30625.7
4677,129770.5183,128601.5758,1168.9425,0.0185,9.10557,30632.3
4678,129770.5183,128601.5758,1168.9425,0.0000,9.10557,30639.6
4679,129770.5183,128601.5758,1168.9425,0.0000,9.10557,30646.6
4680,129770.5183,128601.5758,1168.9425,0.0000,9.10557,30653.9
4681,129770.5183,128601.5758,1168.9425,0.0000,9.10557,30660.0
4682,129770.5183,128601.5758,1168.9425,0.0000,9.10557,30666.9
4683,129770.5183,128601.5758,1168.9425,0.0000,9.10557,30674.0
4684,129770.5183,128601.5758,1168.9425,0.0000,9.10557,30681.0
4685,129770.5183,128601.5758,1168.9425,0.0000,9.10557,30687.7
4686,129770.5183,128601.5758,1168.9425,0.0000,9.10557,30694.7
4687,129770.5183,128601.5758,1168.9425,0.0000,9.10557,30700.3
4688,129770.5183,128601.5758,1168.9425,0.0000,9.10557,30707.1
4689,129770.5183,128601.5758,1168.9425,0.0000,9.10557,30714.4
4690,129770.5183,128601.5758,1168.9425,0.0000,9.10557,30722.6
4691,129770.5183,128601.5758,1168.9425,0.0000,9.10557,30728.8
4692,129770.5183,128601.5758,1168.9425,0.0000,9.10557,30735.8
4693,129770.5183,128601.5758,1168.9425,0.0000,9.10557,30743.1
4694,129770.5183,128601.5758,1168.9425,0.0000,9.10557,30749.8
4695,129770.5183,128601.5758,1168.9425,0.0000,9.10557,30756.4
4696,129770.5183,128601.5758,1168.9425,0.0000,9.10557,30764.3
4697,129770.5183,128601.5758,1168.9425,0.0000,9.10557,30771.1
4698,129770.5183,128601.5758,1168.9425,0.0000,9.10557,30777.5
4699,129770.5183,128601.5758,1168.9425,0.0000,9.10557,30784.5
4700,129770.5183,128601.5758,1168.9425,0.0000,9.10557,30791.1
4701,129770.5183,128601.5758,1168.9425,0.0000,9.10557,30798.4
4702,129770.5183,128601.5758,1168.9425,0.0000,9.10557,30805.4
4703,129770.5183,128601.5758,1168.9425,0.0000,9.10557,30812.2
4704,129770.5183,128601.5758,1168.9425,0.0000,9.10557,30819.5
4705,129770.5183,128601.5758,1168.9425,0.0000,9.10557,30826.2
4706,129770.5183,128601.5758,1168.9425,0.0000,9.10557,30832.6
4707,129770.5183,128601.5758,1168.9425,0.0000,9.10557,30839.8
4708,129770.5183,128601.5758,1168.9425,0.0000,9.10557,30846.9
4709,129770.5183,128601.5758,1168.9425,0.0000,9.10557,30853.4
4710,129770.5183,128601.5758,1168.9425,0.0000,9.10557,30860.3
4711,129770.5183,128601.5758,1168.9425,0.0000,9.10557,30867.4
4712,129770.5183,128601.5758,1168.9425,0.0000,9.10557,30873.6
4713,129770.5183,128601.5758,1168.9425,0.0000,9.10557,30881.2
4714,129770.5183,128601.5758,1168.9425,0.0000,9.10557,30888.1
4715,129770.5183,128601.5758,1168.9425,0.0000,9.10557,30895.7
4716,129770.5183,128601.5758,1168.9425,0.0000,9.10557,30902.4
4717,129770.5183,128601.5758,1168.9425,0.0000,9.10557,30909.3
4718,129770.5183,128601.5758,1168.9425,0.0185,9.12074,30916.5
4719,129770.5183,128601.5758,1168.9425,0.0000,9.12074,30923.4
4720,129770.5183,128601.5758,1168.9425,0.0000,9.12074,30930.0
4721,129770.5183,128601.5758,1168.9425,0.0000,9.12074,30936.7
4722,129770.5183,128601.5758,1168.9425,0.0185,9.10069,30943.7
4723,129770.5183,128601.5758,1168.9425,0.0000,9.10069,30950.8
4724,129770.5183,128601.5758,1168.9425,0.0000,9.10069,30958.0
4725,129770.5183,128601.5758,1168.9425,0.0000,9.10069,30964.7
4726,129770.5183,128601.5758,1168.9425,0.0000,9.10069,30971.5
4727,129770.5183,128601.5758,1168.9425,0.0000,9.10069,30978.0
4728,129770.5183,128601.5758,1168.9425,0.0000,9.10069,30984.4
4729,129770.5183,128601.5758,1168.9425,0.0000,9.10069,30991.8
4730,129770.5183,128601.5758,1168.9425,0.0000,9.10069,30999.5
4731,129770.5183,128601.5758,1168.9425,0.0000,9.10069,31006.1
4732,129770.5183,128601.5758,1168.9425,0.0000,9.10069,31013.1
4733,129770.5183,128601.5758,1168.9425,0.0000,9.10069,31019.7
4734,129770.5183,128601.5758,1168.9425,0.0000,9.10069,31026.1
4735,129770.5183,128601.5758,1168.9425,0.0000,9.10069,31032.5
4736,129770.5183,128601.5758,1168.9425,0.0000,9.10069,31039.1
4737,129770.5183,128601.5758,1168.9425,0.0000,9.10069,31045.8
4738,129770.5183,128601.5758,1168.9425,0.0000,9.10069,31053.2
4739,129770.5183,128601.5758,1168.9425,0.0000,9.10069,31059.9
4740,129770.5183,128601.5758,1168.9425,0.0000,9.10069,31067.3
4741,129770.5183,128601.5758,1168.9425,0.0000,9.10069,31074.7
4742,129770.5183,128601.5758,1168.9425,0.0000,9.10069,31081.6
4743,129770.5183,128601.5758,1168.9425,0.0185,9.10314,31088.4
4744,129770.5183,128601.5758,1168.9425,0.0000,9.10314,31096.0
4745,129770.5183,128601.5758,1168.9425,0.0000,9.10314,31103.4
4746,129770.5183,128601.5758,1168.9425,0.0000,9.10314,31110.6
4747,129770.5183,128601.5758,1168.9425,0.0000,9.10314,31118.1
4748,129770.5183,128601.5758,1168.9425,0.0000,9.10314,31125.1
4749,129770.5183,128601.5758,1168.9425,0.0000,9.10314,31132.1
4750,129770.5183,128601.5758,1168.9425,0.0000,9.10314,31138.9
4751,129770.5183,128601.5758,1168.9425,0.0000,9.10314,31146.0
4752,129770.5183,128601.5758,1168.9425,0.0000,9.10314,31153.2
4753,129770.5183,128601.5758,1168.9425,0.0000,9.10314,31160.8
4754,129770.5183,128601.5758,1168.9425,0.0185,9.07755,31168.2
4755,129770.5183,128601.5758,1168.9425,0.0000,9.07755,31175.2
4756,129770.5183,128601.5758,1168.9425,0.0000,9.07755,31182.6
4757,129770.5183,128601.5758,1168.9425,0.0000,9.07755,31189.6
4758,129770.5183,128601.5758,1168.9425,0.0000,9.07755,31196.5
4759,129770.5183,128601.5758,1168.9425,0.0000,9.07755,31203.4
4760,129770.5183,128601.5758,1168.9425,0.0000,9.07755,31210.8
4761,129770.5183,128601.5758,1168.9425,0.0000,9.07755,31218.1
4762,129770.5183,128601.5758,1168.9425,0.0000,9.07755,31224.3
4763,129770.5183,128601.5758,1168.9425,0.0000,9.07755,31230.9
4764,129770.5183,128601.5758,1168.9425,0.0000,9.07755,31236.9
4765,129770.5183,128601.5758,1168.9425,0.0000,9.07755,31243.9
4766,129770.5183,128601.5758,1168.9425,0.0185,9.09635,31251.3
4767,129770.5183,128601.5758,1168.9425,0.0000,9.09635,31258.2
4768,129770.5183,128601.5758,1168.9425,0.0000,9.09635,31265.3
4769,129770.5183,128601.5758,1168.9425,0.0000,9.09635,31271.8
4770,129770.5183,128601.5758,1168.9425,0.0000,9.09635,31278.9
4771,129770.5183,128601.5758,1168.9425,0.0000,9.09635,31286.1
4772,129770.5183,128601.5758,1168.9425,0.0000,9.09635,31293.2
4773,129770.5183,128601.5758,1168.9425,0.0000,9.09635,31300.3
4774,129770.5183,128601.5758,1168.9425,0.0000,9.09635,31307.4
4775,129770.5183,128601.5758,1168.9425,0.0000,9.09635,31314.6
4776,129770.5183,128601.5758,1168.9425,0.0000,9.09635,31320.9
4777,129770.5183,128601.5758,1168.9425,0.0000,9.09635,31327.7
4778,129770.5183,128601.5758,1168.9425,0.0000,9.09635,31334.7
4779,129770.5183,128601.5758,1168.9425,0.0000,9.09635,31342.4
4780,129770.5183,128601.5758,1168.9425,0.0000,9.09635,31348.9
4781,129770.5183,128601.5758,1168.9425,0.0000,9.09635,31356.5
4782,129770.5183,128601.5758,1168.9425,0.0000,9.09635,31363.7
4783,129770.5183,128601.5758,1168.9425,0.0000,9.09635,31371.1
4784,129770.5183,128601.5758,1168.9425,0.0000,9.09635,31378.1
4785,129770.5183,128601.5758,1168.9425,0.0000,9.09635,31385.5
4786,129770.5183,128601.5758,1168.9425,0.0000,9.09635,31391.6
4787,129770.5183,128601.5758,1168.9425,0.0000,9.09635,31398.3
4788,129770.5183,128601.5758,1168.9425,0.0000,9.09635,31405.5
4789,129770.5183,128601.5758,1168.9425,0.0000,9.09635,31412.2
4790,129770.5183,128601.5758,1168.9425,0.0000,9.09635,31419.9
4791,129770.5183,128601.5758,1168.9425,0.0000,9.09635,31427.7
4792,129770.5183,128601.5758,1168.9425,0.0000,9.09635,31433.9
4793,129770.5183,128601.5758,1168.9425,0.0000,9.09635,31440.8
4794,129770.5183,128601.5758,1168.9425,0.0000,9.09635,31448.5
4795,129770.5183,128601.5758,1168.9425,0.0000,9.09635,31455.2
4796,129770.5183,128601.5758,1168.9425,0.0000,9.09635,31461.5
4797,129770.5183,128601.5758,1168.9425,0.0000,9.09635,31467.7
4798,129770.5183,128601.5758,1168.9425,0.0000,9.09635,31474.2
4799,129770.5183,128601.5758,1168.9425,0.0000,9.09635,31480.8
4800,129770.5183,128601.5758,1168.9425,0.0000,9.09635,31486.4
4801,129770.5183,128601.5758,1168.9425,0.0000,9.09635,31493.5
4802,129770.5183,128601.5758,1168.9425,0.0185,9.08045,31501.1
4803,129770.5183,128601.5758,1168.9425,0.0000,9.08045,31508.4
4804,129770.5183,128601.5758,1168.9425,0.0000,9.08045,31515.4
4805,129770.5183,128601.5758,1168.9425,0.0000,9.08045,31522.6
4806,129770.5183,128601.5758,1168.9425,0.0000,9.08045,31529.9
4807,129770.5183,128601.5758,1168.9425,0.0000,9.08045,31537.1
4808,129770.5183,128601.5758,1168.9425,0.0185,9.08158,31543.9
4809,129770.5183,128601.5758,1168.9425,0.0000,9.08158,31551.0
4810,129770.5183,128601.5758,1168.9425,0.0000,9.08158,31557.5
4811,129770.5183,128601.5758,1168.9425,0.0000,9.08158,31564.6
4812,129770.5183,128601.5758,1168.9425,0.0000,9.08158,31571.8
4813,129770.5183,128601.5758,1168.9425,0.0000,9.08158,31578.6
4814,129770.5183,128601.5758,1168.9425,0.0000,9.08158,31586.3
4815,129770.5183,128601.5758,1168.9425,0.0000,9.08158,31592.9
4816,129770.5183,128601.5758,1168.9425,0.0000,9.08158,31600.1
4817,129770.5183,128601.5758,1168.9425,0.0185,9.11643,31606.6
4818,129770.5183,128601.5758,1168.9425,0.0000,9.11643,31613.8
4819,129770.5183,128601.5758,1168.9425,0.0000,9.11643,31620.4
4820,129770.5183,128601.5758,1168.9425,0.0000,9.11643,31627.6
4821,129770.5183,128601.5758,1168.9425,0.0000,9.11643,31634.8
4822,129770.5183,128601.5758,1168.9425,0.0000,9.11643,31641.2
4823,129770.5183,128601.5758,1168.9425,0.0000,9.11643,31648.4
4824,129770.5183,128601.5758,1168.9425,0.0000,9.11643,31655.6
4825,129770.5183,128601.5758,1168.9425,0.0000,9.11643,31662.8
4826,129770.5183,128601.5758,1168.9425,0.0000,9.11643,31670.3
4827,129770.5183,128601.5758,1168.9425,0.0000,9.11643,31677.5
4828,129770.5183,128601.5758,1168.9425,0.0000,9.11643,31684.4
4829,129770.5183,128601.5758,1168.9425,0.0000,9.11643,31691.1
4830,129770.5183,128601.5758,1168.9425,0.0000,9.11643,31697.4
4831,129770.5183,128601.5758,1168.9425,0.0000,9.11643,31704.9
4832,129770.5183,128601.5758,1168.9425,0.0185,9.11594,31711.9
4833,129770.5183,128601.5758,1168.9425,0.0000,9.11594,31718.2
4834,129770.5183,128601.5758,1168.9425,0.0000,9.11594,31725.4
4835,129770.5183,128601.5758,1168.9425,0.0000,9.11594,31732.4
4836,129770.5183,128601.5758,1168.9425,0.0185,9.1629,31739.8
4837,129770.5183,128601.5758,1168.9425,0.0000,9.1629,31746.8
4838,129770.5183,128601.5758,1168.9425,0.0000,9.1629,31753.7
4839,129770.5183,128601.5758,1168.9425,0.0000,9.1629,31760.8
4840,129770.5183,128601.5758,1168.9425,0.0000,9.1629,31768.4
4841,129770.5183,128601.5758,1168.9425,0.0000,9.1629,31775.9
4842,129770.5183,128601.5758,1168.9425,0.0000,9.1629,31783.0
4843,129770.5183,128601.5758,1168.9425,0.0000,9.1629,31789.4
4844,129770.5183,128601.5758,1168.9425,0.0000,9.1629,31796.4
4845,129770.5183,128601.5758,1168.9425,0.0000,9.1629,31802.6
4846,129770.5183,128601.5758,1168.9425,0.0185,9.15887,31810.1
4847,129770.5183,128601.5758,1168.9425,0.0000,9.15887,31816.7
4848,129770.5183,128601.5758,1168.9425,0.0000,9.15887,31823.9
4849,129770.5183,128601.5758,1168.9425,0.0185,9.17336,31831.1
4850,129770.5183,128601.5758,1168.9425,0.0000,9.17336,31838.9
4851,129770.5183,128601.5758,1168.9425,0.0000,9.17336,31845.7
4852,129770.5183,128601.5758,1168.9425,0.0000,9.17336,31852.7
4853,129770.5183,128601.5758,1168.9425,0.0000,9.17336,31859.9
4854,129770.5183,128601.5758,1168.9425,0.0000,9.17336,31866.5
4855,129770.5183,128601.5758,1168.9425,0.0000,9.17336,31873.5
4856,129770.5183,128601.5758,1168.9425,0.0000,9.17336,31880.5
4857,129770.5183,128601.5758,1168.9425,0.0185,9.17544,31887.8
4858,129770.5183,128601.5758,1168.9425,0.0000,9.17544,31894.9
4859,129770.5183,128601.5758,1168.9425,0.0185,9.15186,31901.6
4860,129770.5183,128601.5758,1168.9425,0.0000,9.15186,31908.1
4861,129770.5183,128601.5758,1168.9425,0.0000,9.15186,31914.5
4862,129770.5183,128601.5758,1168.9425,0.0000,9.15186,31921.6
4863,129770.5183,128601.5758,1168.9425,0.0000,9.15186,31928.8
4864,129770.5183,128601.5758,1168.9425,0.0000,9.15186,31935.9
4865,129770.5183,128601.5758,1168.9425,0.0000,9.15186,31943.4
4866,129770.5183,128601.5758,1168.9425,0.0000,9.15186,31950.5
4867,129770.5183,128601.5758,1168.9425,0.0000,9.15186,31957.0
4868,129770.5183,128601.5758,1168.9425,0.0000,9.15186,31964.3
4869,129770.5183,128601.5758,1168.9425,0.0000,9.15186,31970.9
4870,129770.5183,128601.5758,1168.9425,0.0000,9.15186,31977.1
4871,129770.5183,128601.5758,1168.9425,0.0000,9.15186,31984.7
4872,129770.5183,128601.5758,1168.9425,0.0000,9.15186,31991.0
4873,129770.5183,128601.5758,1168.9425,0.0000,9.15186,31998.4
4874,129770.5183,128601.5758,1168.9425,0.0000,9.15186,32004.6
4875,129770.5183,128601.5758,1168.9425,0.0000,9.15186,32011.1
4876,129770.5183,128601.5758,1168.9425,0.0000,9.15186,32017.7
4877,129770.5183,128601.5758,1168.9425,0.0000,9.15186,32025.4
4878,129770.5183,128601.5758,1168.9425,0.0000,9.15186,32032.4
4879,129770.5183,128601.5758,1168.9425,0.0000,9.15186,32039.7
4880,129770.5183,128601.5758,1168.9425,0.0000,9.15186,32045.9
4881,129770.5183,128601.5758,1168.9425,0.0185,9.24551,32054.3
4882,129770.5183,128601.5758,1168.9425,0.0000,9.24551,32061.2
4883,129770.5183,128601.5758,1168.9425,0.0000,9.24551,32067.9
4884,129770.5183,128601.5758,1168.9425,0.0000,9.24551,32075.0
4885,129770.5183,128601.5758,1168.9425,0.0000,9.24551,32081.8
4886,129770.5183,128601.5758,1168.9425,0.0000,9.24551,32089.3
4887,129770.5183,128601.5758,1168.9425,0.0000,9.24551,32096.5
4888,129770.5183,128601.5758,1168.9425,0.0000,9.24551,32103.8
4889,129770.5183,128601.5758,1168.9425,0.0000,9.24551,32110.3
4890,129770.5183,128601.5758,1168.9425,0.0000,9.24551,32117.8
4891,129770.5183,128601.5758,1168.9425,0.0000,9.24551,32124.6
4892,129770.5183,128601.5758,1168.9425,0.0000,9.24551,32132.5
4893,129770.5183,128601.5758,1168.9425,0.0000,9.24551,32139.2
4894,129770.5183,128601.5758,1168.9425,0.0000,9.24551,32146.6
4895,129770.5183,128601.5758,1168.9425,0.0000,9.24551,32153.7
4896,129770.5183,128601.5758,1168.9425,0.0000,9.24551,32160.6
4897,129770.5183,128601.5758,1168.9425,0.0000,9.24551,32167.5
4898,129770.5183,128601.5758,1168.9425,0.0000,9.24551,32173.9
4899,129770.5183,128601.5758,1168.9425,0.0000,9.24551,32181.0
4900,129770.5183,128601.5758,1168.9425,0.0000,9.24551,32187.7
4901,129770.5183,128601.5758,1168.9425,0.0000,9.24551,32195.0
4902,129770.5183,128601.5758,1168.9425,0.0000,9.24551,32201.0
4903,129770.5183,128601.5758,1168.9425,0.0000,9.24551,32207.6
4904,129770.5183,128601.5758,1168.9425,0.0000,9.24551,32214.8
4905,129770.5183,128601.5758,1168.9425,0.0000,9.24551,32221.3
4906,129770.5183,128601.5758,1168.9425,0.0000,9.24551,32227.9
4907,129770.5183,128601.5758,1168.9425,0.0000,9.24551,32234.9
4908,129770.5183,128601.5758,1168.9425,0.0000,9.24551,32242.2
4909,129770.5183,128601.5758,1168.9425,0.0000,9.24551,32249.7
4910,129770.5183,128601.5758,1168.9425,0.0000,9.24551,32257.3
4911,129770.5183,128601.5758,1168.9425,0.0000,9.24551,32263.8
4912,129770.5183,128601.5758,1168.9425,0.0000,9.24551,32271.1
4913,129770.5183,128601.5758,1168.9425,0.0000,9.24551,32278.1
4914,129770.5183,128601.5758,1168.9425,0.0000,9.24551,32284.4
4915,129770.5183,128601.5758,1168.9425,0.0000,9.24551,32291.1
4916,129770.5183,128601.5758,1168.9425,0.0000,9.24551,32298.2
4917,129770.5183,128601.5758,1168.9425,0.0000,9.24551,32304.7
4918,129770.5183,128601.5758,1168.9425,0.0185,9.18676,32312.2
4919,129770.5183,128601.5758,1168.9425,0.0000,9.18676,32319.2
4920,129770.5183,128602.8968,1167.6215,0.0185,9.19581,32326.3
4921,129770.5183,128602.8968,1167.6215,0.0000,9.19581,32333.0
4922,129770.5183,128602.8968,1167.6215,0.0000,9.19581,32339.9
4923,129770.5183,128602.8968,1167.6215,0.0000,9.19581,32346.7
4924,129770.5183,128602.8968,1167.6215,0.0000,9.19581,32353.8
4925,129770.5183,128602.8968,1167.6215,0.0000,9.19581,32360.5
4926,129770.5183,128602.8968,1167.6215,0.0000,9.19581,32367.2
4927,129770.5183,128602.8968,1167.6215,0.0000,9.19581,32373.6
4928,129770.5183,128602.8968,1167.6215,0.0000,9.19581,32380.6
4929,129770.5183,128602.8968,1167.6215,0.0185,9.16724,32387.6
4930,129770.5183,128602.8968,1167.6215,0.0000,9.16724,32394.3
4931,129770.5183,128602.8968,1167.6215,0.0000,9.16724,32400.1
4932,129770.5183,128602.8968,1167.6215,0.0000,9.16724,32406.8
4933,129770.5183,128602.8968,1167.6215,0.0000,9.16724,32413.6
4934,129770.5183,128602.8968,1167.6215,0.0000,9.16724,32420.6
4935,129770.5183,128602.8968,1167.6215,0.0000,9.16724,32427.0
4936,129770.5183,128602.8968,1167.6215,0.0000,9.16724,32434.0
4937,129770.5183,128602.8968,1167.6215,0.0000,9.16724,32440.6
4938,129770.5183,128602.8968,1167.6215,0.0000,9.16724,32447.7
4939,129770.5183,128602.8968,1167.6215,0.0000,9.16724,32454.1
4940,129770.5183,128602.8968,1167.6215,0.0000,9.16724,32460.9
4941,129770.5183,128602.8968,1167.6215,0.0000,9.16724,32467.8
4942,129770.5183,128602.8968,1167.6215,0.0000,9.16724,32474.7
4943,129770.5183,128602.8968,1167.6215,0.0000,9.16724,32481.4
4944,129770.5183,128602.8968,1167.6215,0.0185,9.14664,32488.0
4945,129770.5183,128602.8968,1167.6215,0.0000,9.14664,32494.9
4946,129770.5183,128602.8968,1167.6215,0.0000,9.14664,32501.4
4947,129770.5183,128602.8968,1167.6215,0.0000,9.14664,32508.1
4948,129770.5183,128602.8968,1167.6215,0.0000,9.14664,32514.7
4949,129770.5183,128602.8968,1167.6215,0.0000,9.14664,32521.7
4950,129770.5183,128602.8968,1167.6215,0.0000,9.14664,32528.7
4951,129770.5183,128602.8968,1167.6215,0.0000,9.14664,32536.6
4952,129770.5183,128602.8968,1167.6215,0.0000,9.14664,32543.0
4953,129770.5183,128602.8968,1167.6215,0.0000,9.14664,32549.8
4954,129770.5183,128602.8968,1167.6215,0.0000,9.14664,32556.9
4955,129770.5183,128602.8968,1167.6215,0.0000,9.14664,32563.7
4956,129770.5183,128602.8968,1167.6215,0.0000,9.14664,32570.5
4957,129770.5183,128602.8968,1167.6215,0.0000,9.14664,32577.6
4958,129770.5183,128602.8968,1167.6215,0.0000,9.14664,32584.5
4959,129770.5183,128602.8968,1167.6215,0.0185,9.1602,32591.4
4960,129770.5183,128602.8968,1167.6215,0.0000,9.1602,32598.1
4961,129770.5183,128602.8968,1167.6215,0.0000,9.1602,32605.2
4962,129770.5183,128602.8968,1167.6215,0.0000,9.1602,32611.9
4963,129770.5183,128602.8968,1167.6215,0.0000,9.1602,32618.6
4964,129770.5183,128602.8968,1167.6215,0.0000,9.1602,32625.6
4965,129770.5183,128602.8968,1167.6215,0.0000,9.1602,32633.0
4966,129770.5183,128602.8968,1167.6215,0.0000,9.1602,32639.2
4967,129770.5183,128602.8968,1167.6215,0.0000,9.1602,32646.3
4968,129770.5183,128602.8968,1167.6215,0.0000,9.1602,32653.1
4969,129770.5183,128602.8968,1167.6215,0.0000,9.1602,32659.7
4970,129770.5183,128602.8968,1167.6215,0.0000,9.1602,32667.1
4971,129770.5183,128602.8968,1167.6215,0.0000,9.1602,32673.8
4972,129770.5183,128602.8968,1167.6215,0.0000,9.1602,32680.6
4973,129770.5183,128602.8968,1167.6215,0.0000,9.1602,32687.5
4974,129770.5183,128602.8968,1167.6215,0.0000,9.1602,32694.7
4975,129770.5183,128602.8968,1167.6215,0.0000,9.1602,32701.5
4976,129770.5183,128602.8968,1167.6215,0.0185,9.17221,32707.8
4977,129770.5183,128602.8968,1167.6215,0.0000,9.17221,32715.0
4978,129770.5183,128602.8968,1167.6215,0.0000,9.17221,32722.3
4979,129770.5183,128602.8968,1167.6215,0.0000,9.17221,32728.7
4980,129770.5183,128602.8968,1167.6215,0.0000,9.17221,32735.3
4981,129770.5183,128602.8968,1167.6215,0.0000,9.17221,32742.0
4982,129770.5183,128602.8968,1167.6215,0.0000,9.17221,32748.7
4983,129770.5183,128602.8968,1167.6215,0.0000,9.17221,32755.7
4984,129770.5183,128602.8968,1167.6215,0.0000,9.17221,32762.4
4985,129770.5183,128602.8968,1167.6215,0.0000,9.17221,32769.4
4986,129770.5183,128602.8968,1167.6215,0.0000,9.17221,32775.9
4987,129770.5183,128602.8968,1167.6215,0.0000,9.17221,32782.8
4988,129770.5183,128602.8968,1167.6215,0.0000,9.17221,32790.0
4989,129770.5183,128602.8968,1167.6215,0.0000,9.17221,32796.9
4990,129770.5183,128602.8968,1167.6215,0.0000,9.17221,32804.0
4991,129770.5183,128602.8968,1167.6215,0.0000,9.17221,32811.3
4992,129770.5183,128602.8968,1167.6215,0.0000,9.17221,32818.4
4993,129770.5183,128602.8968,1167.6215,0.0000,9.17221,32824.8
4994,129770.5183,128602.8968,1167.6215,0.0000,9.17221,32831.5
4995,129770.5183,128602.8968,1167.6215,0.0000,9.17221,32838.3
4996,129770.5183,128602.8968,1167.6215,0.0000,9.17221,32844.4
4997,129770.5183,128602.8968,1167.6215,0.0000,9.17221,32851.5
4998,129770.5183,128602.8968,1167.6215,0.0000,9.17221,32858.6
4999,129770.5183,128602.8968,1167.6215,0.0000,9.17221,32865.7
5000,129770.5183,128602.8968,1167.6215,0.0000,9.17221,32872.8
5001,129770.5183,128602.8968,1167.6215,0.0000,9.17221,32879.7
5002,129770.5183,128602.8968,1167.6215,0.0000,9.17221,32886.7
5003,129770.5183,128602.8968,1167.6215,0.0000,9.17221,32893.0
5004,129770.5183,128602.8968,1167.6215,0.0000,9.17221,32899.5
5005,129770.5183,128602.8968,1167.6215,0.0185,9.16687,32906.6
5006,129770.5183,128602.8968,1167.6215,0.0000,9.16687,32913.5
5007,129770.5183,128602.8968,1167.6215,0.0000,9.16687,32920.5
5008,129770.5183,128602.8968,1167.6215,0.0000,9.16687,32927.0
5009,129770.5183,128602.8968,1167.6215,0.0000,9.16687,32934.0
5010,129770.5183,128602.8968,1167.6215,0.0000,9.16687,32940.4
5011,129770.5183,128602.8968,1167.6215,0.0000,9.16687,32947.5
5012,129770.5183,128602.8968,1167.6215,0.0000,9.16687,32954.8
5013,129770.5183,128602.8968,1167.6215,0.0000,9.16687,32961.9
5014,129770.5183,128602.8968,1167.6215,0.0000,9.16687,32968.3
5015,129770.5183,128602.8968,1167.6215,0.0000,9.16687,32975.4
5016,129770.5183,128602.8968,1167.6215,0.0000,9.16687,32981.2
5017,129770.5183,128602.8968,1167.6215,0.0000,9.16687,32987.9
5018,129770.5183,128602.8968,1167.6215,0.0000,9.16687,32994.9
5019,129770.5183,128602.8968,1167.6215,0.0000,9.16687,33001.8
5020,129770.5183,128602.8968,1167.6215,0.0000,9.16687,33008.4
5021,129770.5183,128602.8968,1167.6215,0.0185,9.17565,33015.5
5022,129770.5183,128602.8968,1167.6215,0.0000,9.17565,33021.8
5023,129770.5183,128602.8968,1167.6215,0.0000,9.17565,33028.4
5024,129770.5183,128602.8968,1167.6215,0.0000,9.17565,33034.5
5025,129770.5183,128602.8968,1167.6215,0.0000,9.17565,33041.0
5026,129770.5183,128602.8968,1167.6215,0.0000,9.17565,33048.5
5027,129770.5183,128602.8968,1167.6215,0.0000,9.17565,33055.1
5028,129770.5183,128602.8968,1167.6215,0.0185,9.18801,33061.4
5029,129770.5183,128602.8968,1167.6215,0.0000,9.18801,33068.0
5030,129770.5183,128602.8968,1167.6215,0.0000,9.18801,33075.4
5031,129770.5183,128602.8968,1167.6215,0.0000,9.18801,33081.9
5032,129770.5183,128602.8968,1167.6215,0.0000,9.18801,33089.4
5033,129770.5183,128602.8968,1167.6215,0.0000,9.18801,33095.7
5034,129770.5183,128602.8968,1167.6215,0.0000,9.18801,33103.2
5035,129770.5183,128602.8968,1167.6215,0.0000,9.18801,33110.0
5036,129770.5183,128602.8968,1167.6215,0.0000,9.18801,33117.2
5037,129770.5183,128602.8968,1167.6215,0.0000,9.18801,33123.6
5038,129770.5183,128602.8968,1167.6215,0.0185,9.17981,33129.9
5039,129770.5183,128602.8968,1167.6215,0.0185,9.18886,33136.9
5040,129770.5183,128602.8968,1167.6215,0.0000,9.18886,33143.5
5041,129770.5183,128602.8968,1167.6215,0.0000,9.18886,33150.5
5042,129770.5183,128602.8968,1167.6215,0.0000,9.18886,33157.2
5043,129770.5183,128602.8968,1167.6215,0.0000,9.18886,33164.3
5044,129770.5183,128602.8968,1167.6215,0.0000,9.18886,33171.7
5045,129770.5183,128602.8968,1167.6215,0.0185,9.25308,33179.0
5046,129770.5183,128602.8968,1167.6215,0.0000,9.25308,33185.7
5047,129770.5183,128602.8968,1167.6215,0.0000,9.25308,33192.6
5048,129770.5183,128602.8968,1167.6215,0.0000,9.25308,33199.4
5049,129770.5183,128602.8968,1167.6215,0.0000,9.25308,33205.5
5050,129770.5183,128602.8968,1167.6215,0.0000,9.25308,33212.4
5051,129770.5183,128602.8968,1167.6215,0.0000,9.25308,33218.7
5052,129770.5183,128602.8968,1167.6215,0.0000,9.25308,33225.4
5053,129770.5183,128602.8968,1167.6215,0.0000,9.25308,33231.7
5054,129770.5183,128602.8968,1167.6215,0.0000,9.25308,33237.7
5055,129770.5183,128602.8968,1167.6215,0.0000,9.25308,33244.0
5056,129770.5183,128602.8968,1167.6215,0.0000,9.25308,33251.9
5057,129770.5183,128602.8968,1167.6215,0.0000,9.25308,33258.7
5058,129770.5183,128602.8968,1167.6215,0.0000,9.25308,33265.6
5059,129770.5183,128602.8968,1167.6215,0.0000,9.25308,33272.9
5060,129770.5183,128602.8968,1167.6215,0.0000,9.25308,33280.1
5061,129770.5183,128602.8968,1167.6215,0.0000,9.25308,33286.8
5062,129770.5183,128602.8968,1167.6215,0.0000,9.25308,33294.0
5063,129770.5183,128602.8968,1167.6215,0.0000,9.25308,33301.2
5064,129770.5183,128602.8968,1167.6215,0.0000,9.25308,33308.0
5065,129770.5183,128602.8968,1167.6215,0.0000,9.25308,33314.6
5066,129770.5183,128602.8968,1167.6215,0.0000,9.25308,33321.5
5067,129770.5183,128602.8968,1167.6215,0.0000,9.25308,33328.0
5068,129770.5183,128602.8968,1167.6215,0.0000,9.25308,33335.2
5069,129770.5183,128602.8968,1167.6215,0.0000,9.25308,33341.7
5070,129770.5183,128602.8968,1167.6215,0.0000,9.25308,33348.5
5071,129770.5183,128602.8968,1167.6215,0.0000,9.25308,33355.8
5072,129770.5183,128602.8968,1167.6215,0.0000,9.25308,33363.7
5073,129770.5183,128602.8968,1167.6215,0.0000,9.25308,33370.2
5074,129770.5183,128602.8968,1167.6215,0.0000,9.25308,33377.6
5075,129770.5183,128602.8968,1167.6215,0.0000,9.25308,33383.5
5076,129770.5183,128602.8968,1167.6215,0.0185,9.25775,33390.7
5077,129770.5183,128602.8968,1167.6215,0.0000,9.25775,33397.2
5078,129770.5183,128602.8968,1167.6215,0.0000,9.25775,33403.6
5079,129770.5183,128602.8968,1167.6215,0.0000,9.25775,33410.0
5080,129770.5183,128602.8968,1167.6215,0.0000,9.25775,33417.1
5081,129770.5183,128602.8968,1167.6215,0.0000,9.25775,33424.3
5082,129770.5183,128602.8968,1167.6215,0.0000,9.25775,33431.4
5083,129770.5183,128602.8968,1167.6215,0.0000,9.25775,33438.2
5084,129770.5183,128602.8968,1167.6215,0.0000,9.25775,33444.7
5085,129770.5183,128602.8968,1167.6215,0.0000,9.25775,33451.7
5086,129770.5183,128602.8968,1167.6215,0.0185,9.24018,33458.6
5087,129770.5183,128602.8968,1167.6215,0.0185,9.21998,33465.7
5088,129770.5183,128602.8968,1167.6215,0.0185,9.20709,33472.5
5089,129972.3360,128602.8968,1369.4391,0.0185,9.25864,33479.5
5090,129972.3360,128602.8968,1369.4391,0.0000,9.25864,33486.8
5091,129972.3360,128602.8968,1369.4391,0.0000,9.25864,33493.3
5092,129972.3360,128602.8968,1369.4391,0.0000,9.25864,33500.2
5093,129972.3360,128602.8968,1369.4391,0.0000,9.25864,33507.6
5094,129972.3360,128602.8968,1369.4391,0.0000,9.25864,33514.5
5095,129972.3360,128602.8968,1369.4391,0.0185,9.26361,33522.1
5096,129972.3360,128602.8968,1369.4391,0.0000,9.26361,33529.4
5097,129972.3360,128602.8968,1369.4391,0.0185,9.28421,33536.0
5098,129972.3360,128602.8968,1369.4391,0.0000,9.28421,33542.8
5099,129972.3360,128602.8968,1369.4391,0.0000,9.28421,33549.7
5100,129972.3360,128602.8968,1369.4391,0.0000,9.28421,33556.7
5101,129972.3360,128602.8968,1369.4391,0.0000,9.28421,33563.0
5102,129972.3360,128602.8968,1369.4391,0.0000,9.28421,33569.6
5103,129972.3360,128602.8968,1369.4391,0.0000,9.28421,33576.8
5104,129972.3360,128602.8968,1369.4391,0.0000,9.28421,33583.0
5105,129972.3360,128602.8968,1369.4391,0.0000,9.28421,33589.5
5106,129972.3360,128602.8968,1369.4391,0.0000,9.28421,33596.2
5107,129972.3360,128602.8968,1369.4391,0.0000,9.28421,33603.7
5108,129972.3360,128602.8968,1369.4391,0.0000,9.28421,33610.3
5109,129972.3360,128602.8968,1369.4391,0.0000,9.28421,33617.4
5110,129972.3360,128602.8968,1369.4391,0.0185,9.31467,33623.9
5111,129972.3360,128602.8968,1369.4391,0.0000,9.31467,33630.5
5112,129972.3360,128602.8968,1369.4391,0.0000,9.31467,33637.2
5113,129972.3360,128602.8968,1369.4391,0.0000,9.31467,33643.8
5114,129972.3360,128602.8968,1369.4391,0.0000,9.31467,33650.5
5115,129972.3360,128602.8968,1369.4391,0.0000,9.31467,33656.8
5116,129972.3360,128602.8968,1369.4391,0.0000,9.31467,33663.7
5117,129972.3360,128602.8968,1369.4391,0.0000,9.31467,33670.8
5118,129972.3360,128602.8968,1369.4391,0.0000,9.31467,33678.4
5119,129972.3360,128602.8968,1369.4391,0.0000,9.31467,33685.4
5120,129972.3360,128602.8968,1369.4391,0.0000,9.31467,33692.0
5121,129972.3360,128602.8968,1369.4391,0.0000,9.31467,33698.1
5122,129972.3360,128602.8968,1369.4391,0.0000,9.31467,33704.9
5123,129972.3360,128602.8968,1369.4391,0.0000,9.31467,33711.8
5124,129972.3360,128602.8968,1369.4391,0.0000,9.31467,33718.8
5125,129972.3360,128602.8968,1369.4391,0.0000,9.31467,33726.0
5126,129972.3360,128602.8968,1369.4391,0.0000,9.31467,33733.4
5127,129972.3360,128602.8968,1369.4391,0.0000,9.31467,33740.9
5128,129972.3360,128602.8968,1369.4391,0.0000,9.31467,33747.9
5129,129972.3360,128602.8968,1369.4391,0.0000,9.31467,33754.2
5130,129972.3360,128602.8968,1369.4391,0.0000,9.31467,33761.2
5131,129972.3360,128602.8968,1369.4391,0.0000,9.31467,33767.5
5132,129972.3360,128602.8968,1369.4391,0.0000,9.31467,33773.8
5133,129972.3360,128602.8968,1369.4391,0.0185,9.30212,33781.0
5134,129972.3360,128602.8968,1369.4391,0.0185,9.29777,33787.7
5135,129972.3360,128602.8968,1369.4391,0.0000,9.29777,33793.9
5136,129972.3360,128602.8968,1369.4391,0.0000,9.29777,33801.1
5137,129972.3360,128602.8968,1369.4391,0.0000,9.29777,33808.4
5138,129972.3360,128602.8968,1369.4391,0.0000,9.29777,33815.5
5139,129972.3360,128602.8968,1369.4391,0.0000,9.29777,33822.7
5140,129972.3360,128602.8968,1369.4391,0.0000,9.29777,33829.9
5141,129972.3360,128602.8968,1369.4391,0.0000,9.29777,33837.2
5142,129972.3360,128602.8968,1369.4391,0.0000,9.29777,33844.3
5143,129972.3360,128602.8968,1369.4391,0.0000,9.29777,33852.0
5144,129972.3360,128602.8968,1369.4391,0.0000,9.29777,33858.4
5145,129972.3360,128602.8968,1369.4391,0.0000,9.29777,33865.0
5146,129972.3360,128602.8968,1369.4391,0.0185,9.32797,33872.1
5147,129972.3360,128602.8968,1369.4391,0.0185,9.30773,33878.7
5148,129972.3360,128602.8968,1369.4391,0.0000,9.30773,33885.7
5149,129972.3360,128602.8968,1369.4391,0.0000,9.30773,33893.4
5150,129972.3360,128602.8968,1369.4391,0.0000,9.30773,33900.2
5151,129972.3360,128602.8968,1369.4391,0.0000,9.30773,33907.4
5152,129972.3360,128602.8968,1369.4391,0.0000,9.30773,33913.1
5153,129972.3360,128602.8968,1369.4391,0.0000,9.30773,33919.6
5154,129972.3360,128602.8968,1369.4391,0.0000,9.30773,33926.8
5155,129972.3360,128602.8968,1369.4391,0.0000,9.30773,33934.0
5156,129972.3360,128602.8968,1369.4391,0.0000,9.30773,33941.7
5157,129972.3360,128602.8968,1369.4391,0.0370,9.31677,33949.2
5158,129972.3360,128602.8968,1369.4391,0.0000,9.31677,33955.4
5159,129972.3360,128602.8968,1369.4391,0.0000,9.31677,33962.4
5160,129972.3360,128602.8968,1369.4391,0.0000,9.31677,33969.3
5161,129972.3360,128602.8968,1369.4391,0.0000,9.31677,33976.6
5162,129972.3360,128602.8968,1369.4391,0.0000,9.31677,33983.0
5163,129972.3360,128602.8968,1369.4391,0.0000,9.31677,33989.8
5164,129972.3360,128602.8968,1369.4391,0.0000,9.31677,33996.0
5165,129972.3360,128602.8968,1369.4391,0.0000,9.31677,34003.1
5166,129972.3360,128602.8968,1369.4391,0.0000,9.31677,34010.3
5167,129972.3360,128602.8968,1369.4391,0.0000,9.31677,34018.0
5168,129972.3360,128602.8968,1369.4391,0.0185,9.33499,34024.8
5169,129972.3360,128602.8968,1369.4391,0.0000,9.33499,34032.1
5170,129972.3360,128608.2607,1364.0753,0.0185,9.33965,34039.2
5171,129972.3360,128608.2607,1364.0753,0.0000,9.33965,34045.6
5172,129972.3360,128608.2607,1364.0753,0.0000,9.33965,34052.7
5173,129972.3360,128608.2607,1364.0753,0.0000,9.33965,34059.6
5174,129972.3360,128608.2607,1364.0753,0.0000,9.33965,34066.2
5175,129972.3360,128608.2607,1364.0753,0.0000,9.33965,34072.7
5176,129972.3360,128608.2607,1364.0753,0.0185,9.33536,34079.4
5177,129972.3360,128608.2607,1364.0753,0.0185,9.32956,34086.1
5178,129972.3360,128608.2607,1364.0753,0.0185,9.32692,34092.5
5179,129972.3360,128608.2607,1364.0753,0.0000,9.32692,34099.5
5180,129972.3360,128608.2607,1364.0753,0.0185,9.29394,34106.1
5181,129972.3360,128608.2607,1364.0753,0.0000,9.29394,34113.0
5182,129972.3360,128608.2607,1364.0753,0.0000,9.29394,34119.6
5183,129972.3360,128608.2607,1364.0753,0.0000,9.29394,34127.1
5184,129972.3360,128608.2607,1364.0753,0.0000,9.29394,34134.7
5185,129972.3360,128608.2607,1364.0753,0.0000,9.29394,34141.5
5186,129972.3360,128608.2607,1364.0753,0.0000,9.29394,34148.7
5187,129972.3360,128608.2607,1364.0753,0.0000,9.29394,34155.4
5188,129972.3360,128608.2607,1364.0753,0.0185,9.34579,34162.7
5189,129972.3360,128608.2607,1364.0753,0.0000,9.34579,34168.8
5190,129972.3360,128608.2607,1364.0753,0.0000,9.34579,34175.4
5191,129972.3360,128608.2607,1364.0753,0.0000,9.34579,34182.4
5192,129972.3360,128608.2607,1364.0753,0.0000,9.34579,34189.0
5193,129972.3360,128608.2607,1364.0753,0.0000,9.34579,34196.1
5194,129972.3360,128608.2607,1364.0753,0.0000,9.34579,34202.9
5195,129972.3360,128608.2607,1364.0753,0.0000,9.34579,34210.2
5196,129972.3360,128608.2607,1364.0753,0.0000,9.34579,34217.3
5197,129972.3360,128608.2607,1364.0753,0.0000,9.34579,34224.2
5198,129972.3360,128608.2607,1364.0753,0.0000,9.34579,34231.0
5199,129972.3360,128608.2607,1364.0753,0.0000,9.34579,34237.3
5200,129972.3360,128608.2607,1364.0753,0.0000,9.34579,34244.7
5201,129972.3360,128608.2607,1364.0753,0.0000,9.34579,34251.0
5202,129972.3360,128608.2607,1364.0753,0.0000,9.34579,34257.7
5203,129972.3360,128608.2607,1364.0753,0.0000,9.34579,34264.5
5204,129972.3360,128608.2607,1364.0753,0.0000,9.34579,34271.1
5205,129972.3360,128608.2607,1364.0753,0.0000,9.34579,34277.4
5206,129972.3360,128608.2607,1364.0753,0.0000,9.34579,34284.9
5207,129972.3360,128608.2607,1364.0753,0.0000,9.34579,34292.1
5208,129972.3360,128608.2607,1364.0753,0.0000,9.34579,34299.2
5209,129972.3360,128608.2607,1364.0753,0.0000,9.34579,34306.2
5210,129972.3360,128608.2607,1364.0753,0.0000,9.34579,34313.0
5211,129972.3360,128608.2607,1364.0753,0.0000,9.34579,34320.3
5212,129972.3360,128608.2607,1364.0753,0.0000,9.34579,34326.7
5213,129972.3360,128608.2607,1364.0753,0.0000,9.34579,34333.6
5214,129972.3360,128608.2607,1364.0753,0.0000,9.34579,34339.4
5215,129972.3360,128608.2607,1364.0753,0.0185,9.35276,34346.5
5216,129972.3360,128608.2607,1364.0753,0.0185,9.3611,34353.4
5217,129972.3360,128608.2607,1364.0753,0.0000,9.3611,34359.8
5218,129972.3360,128608.2607,1364.0753,0.0000,9.3611,34366.7
5219,129972.3360,128608.2607,1364.0753,0.0000,9.3611,34374.3
5220,129972.3360,128608.2607,1364.0753,0.0000,9.3611,34381.6
5221,129972.3360,128608.2607,1364.0753,0.0000,9.3611,34388.3
5222,129972.3360,128608.2607,1364.0753,0.0000,9.3611,34396.0
5223,129972.3360,128608.2607,1364.0753,0.0000,9.3611,34403.3
5224,129972.3360,128608.2607,1364.0753,0.0000,9.3611,34409.8
5225,129972.3360,128608.2607,1364.0753,0.0000,9.3611,34415.5
5226,129972.3360,128608.2607,1364.0753,0.0000,9.3611,34422.1
5227,129972.3360,128608.2607,1364.0753,0.0000,9.3611,34429.0
5228,129972.3360,128608.2607,1364.0753,0.0000,9.3611,34436.4
5229,129972.3360,128608.2607,1364.0753,0.0000,9.3611,34443.0
5230,129972.3360,128608.2607,1364.0753,0.0000,9.3611,34450.1
5231,129972.3360,128608.2607,1364.0753,0.0000,9.3611,34457.0
5232,129972.3360,128608.2607,1364.0753,0.0000,9.3611,34463.5
5233,129972.3360,128608.2607,1364.0753,0.0185,9.37676,34470.0
5234,129972.3360,128608.2607,1364.0753,0.0000,9.37676,34476.3
5235,129972.3360,128608.2607,1364.0753,0.0000,9.37676,34483.4
5236,129972.3360,128608.2607,1364.0753,0.0000,9.37676,34490.3
5237,129972.3360,128608.2607,1364.0753,0.0000,9.37676,34497.0
5238,129972.3360,128608.2607,1364.0753,0.0000,9.37676,34503.6
5239,129972.3360,128608.2607,1364.0753,0.0000,9.37676,34510.8
5240,129972.3360,128608.2607,1364.0753,0.0000,9.37676,34518.1
5241,129972.3360,128608.2607,1364.0753,0.0000,9.37676,34525.1
5242,129972.3360,128608.2607,1364.0753,0.0000,9.37676,34532.0
5243,129972.3360,128608.2607,1364.0753,0.0000,9.37676,34538.7
5244,129972.3360,128608.2607,1364.0753,0.0185,9.36055,34545.7
5245,129972.3360,128608.2607,1364.0753,0.0000,9.36055,34552.2
5246,129972.3360,128608.2607,1364.0753,0.0000,9.36055,34559.3
5247,129972.3360,128608.2607,1364.0753,0.0000,9.36055,34565.5
5248,129972.3360,128608.2607,1364.0753,0.0185,9.38693,34572.6
5249,129972.3360,128608.2607,1364.0753,0.0000,9.38693,34579.0
5250,129972.3360,128608.2607,1364.0753,0.0000,9.38693,34585.4
5251,129972.3360,128608.2607,1364.0753,0.0000,9.38693,34591.9
5252,129972.3360,128608.2607,1364.0753,0.0000,9.38693,34598.7
5253,129972.3360,128608.2607,1364.0753,0.0185,9.39042,34605.2
5254,129972.3360,128608.2607,1364.0753,0.0000,9.39042,34611.6
5255,129972.3360,128608.2607,1364.0753,0.0000,9.39042,34618.2
5256,129972.3360,128608.2607,1364.0753,0.0000,9.39042,34623.9
5257,129972.3360,128608.2607,1364.0753,0.0185,9.37017,34631.1
5258,129972.3360,128608.2607,1364.0753,0.0000,9.37017,34638.0
5259,129972.3360,128608.2607,1364.0753,0.0000,9.37017,34644.9
5260,129972.3360,128608.2607,1364.0753,0.0000,9.37017,34650.7
5261,129972.3360,128608.2607,1364.0753,0.0000,9.37017,34657.4
5262,129972.3360,128608.2607,1364.0753,0.0000,9.37017,34665.0
5263,129972.3360,128608.2607,1364.0753,0.0000,9.37017,34672.0
5264,129972.3360,128608.2607,1364.0753,0.0000,9.37017,34678.9
5265,129972.3360,128608.2607,1364.0753,0.0000,9.37017,34685.8
5266,129972.3360,128608.2607,1364.0753,0.0000,9.37017,34692.8
5267,129972.3360,128608.2607,1364.0753,0.0000,9.37017,34699.7
5268,129972.3360,128608.2607,1364.0753,0.0000,9.37017,34706.7
5269,129972.3360,128608.2607,1364.0753,0.0000,9.37017,34713.5
5270,129972.3360,128608.2607,1364.0753,0.0000,9.37017,34721.4
5271,129972.3360,128608.2607,1364.0753,0.0000,9.37017,34727.7
5272,129972.3360,128608.2607,1364.0753,0.0000,9.37017,34735.7
5273,129972.3360,128608.2607,1364.0753,0.0185,9.36947,34742.9
5274,129972.3360,128608.2607,1364.0753,0.0000,9.36947,34749.6
5275,129972.3360,128608.2607,1364.0753,0.0000,9.36947,34757.1
5276,129972.3360,128608.2607,1364.0753,0.0000,9.36947,34763.3
5277,129972.3360,128608.2607,1364.0753,0.0000,9.36947,34770.2
5278,129972.3360,128608.2607,1364.0753,0.0000,9.36947,34776.9
5279,129972.3360,128608.2607,1364.0753,0.0000,9.36947,34784.1
5280,129972.3360,128608.2607,1364.0753,0.0000,9.36947,34791.2
5281,129972.3360,128608.2607,1364.0753,0.0000,9.36947,34797.8
5282,129972.3360,128608.2607,1364.0753,0.0000,9.36947,34804.5
5283,129972.3360,128608.2607,1364.0753,0.0185,9.42519,34811.9
5284,129972.3360,128608.2607,1364.0753,0.0000,9.42519,34819.0
5285,129972.3360,128608.2607,1364.0753,0.0000,9.42519,34826.2
5286,129972.3360,128608.2607,1364.0753,0.0000,9.42519,34833.6
5287,129972.3360,128608.2607,1364.0753,0.0000,9.42519,34840.4
5288,129972.3360,128608.2607,1364.0753,0.0000,9.42519,34846.5
5289,129972.3360,128608.2607,1364.0753,0.0185,9.44381,34854.0
5290,129972.3360,128608.2607,1364.0753,0.0000,9.44381,34860.8
5291,129972.3360,128608.2607,1364.0753,0.0000,9.44381,34868.1
5292,129972.3360,128608.2607,1364.0753,0.0000,9.44381,34874.5
5293,129972.3360,128608.2607,1364.0753,0.0185,9.44824,34880.8
5294,129972.3360,128608.2607,1364.0753,0.0000,9.44824,34887.2
5295,129972.3360,128608.2607,1364.0753,0.0000,9.44824,34894.4
5296,129972.3360,128608.2607,1364.0753,0.0000,9.44824,34901.3
5297,129972.3360,128608.2607,1364.0753,0.0000,9.44824,34908.4
5298,129972.3360,128608.2607,1364.0753,0.0000,9.44824,34915.1
5299,129972.3360,128608.2607,1364.0753,0.0000,9.44824,34922.7
5300,129972.3360,128608.2607,1364.0753,0.0000,9.44824,34930.2
5301,129972.3360,128608.2607,1364.0753,0.0000,9.44824,34937.9
5302,129972.3360,128608.2607,1364.0753,0.0185,9.45059,34944.2
5303,129972.3360,128608.2607,1364.0753,0.0185,9.39846,34951.1
5304,129972.3360,128608.2607,1364.0753,0.0000,9.39846,34958.1
5305,129972.3360,128608.2607,1364.0753,0.0000,9.39846,34965.3
5306,129972.3360,128608.2607,1364.0753,0.0000,9.39846,34972.2
5307,129972.3360,128608.2607,1364.0753,0.0000,9.39846,34978.9
5308,129972.3360,128608.2607,1364.0753,0.0000,9.39846,34985.8
5309,129972.3360,128608.2607,1364.0753,0.0000,9.39846,34993.0
5310,129972.3360,128608.2607,1364.0753,0.0185,9.4409,34999.5
5311,129972.3360,128608.2607,1364.0753,0.0000,9.4409,35006.9
5312,129972.3360,128608.2607,1364.0753,0.0000,9.4409,35013.8
5313,129972.3360,128608.2607,1364.0753,0.0000,9.4409,35021.2
5314,129972.3360,128608.2607,1364.0753,0.0000,9.4409,35028.4
5315,129972.3360,128608.2607,1364.0753,0.0000,9.4409,35034.6
5316,129972.3360,128608.2607,1364.0753,0.0000,9.4409,35041.8
5317,129972.3360,128608.2607,1364.0753,0.0000,9.4409,35048.4
5318,129972.3360,128608.2607,1364.0753,0.0000,9.4409,35055.4
5319,129972.3360,128608.2607,1364.0753,0.0000,9.4409,35061.8
5320,129972.3360,128608.2607,1364.0753,0.0000,9.4409,35069.0
5321,129972.3360,128608.2607,1364.0753,0.0000,9.4409,35076.3
5322,129972.3360,128608.2607,1364.0753,0.0000,9.4409,35082.9
5323,129972.3360,128608.2607,1364.0753,0.0000,9.4409,35089.5
5324,129972.3360,128608.2607,1364.0753,0.0000,9.4409,35096.3
5325,129972.3360,128608.2607,1364.0753,0.0000,9.4409,35102.8
5326,129972.3360,128608.2607,1364.0753,0.0000,9.4409,35109.1
5327,129972.3360,128608.2607,1364.0753,0.0185,9.43208,35116.5
5328,129972.3360,128608.2607,1364.0753,0.0000,9.43208,35123.9
5329,129972.3360,128608.2607,1364.0753,0.0000,9.43208,35131.0
5330,129972.3360,128608.2607,1364.0753,0.0000,9.43208,35137.8
5331,129972.3360,128621.4103,1350.9257,0.0185,9.42218,35145.3
5332,129972.3360,128621.4103,1350.9257,0.0000,9.42218,35152.6
5333,129972.3360,128621.4103,1350.9257,0.0000,9.42218,35159.5
5334,129972.3360,128621.4103,1350.9257,0.0000,9.42218,35165.8
5335,129972.3360,128621.4103,1350.9257,0.0000,9.42218,35172.0
5336,129972.3360,128621.4103,1350.9257,0.0000,9.42218,35178.5
5337,129972.3360,128621.4103,1350.9257,0.0000,9.42218,35184.5
5338,129972.3360,128621.4103,1350.9257,0.0185,9.4136,35192.3
5339,129972.3360,128621.4103,1350.9257,0.0000,9.4136,35198.8
5340,129972.3360,128621.4103,1350.9257,0.0185,9.51114,35206.0
5341,129972.3360,128621.4103,1350.9257,0.0000,9.51114,35212.9
5342,129972.3360,128621.4103,1350.9257,0.0000,9.51114,35219.7
5343,129972.3360,128621.4103,1350.9257,0.0000,9.51114,35227.2
5344,129972.3360,128621.4103,1350.9257,0.0000,9.51114,35234.1
5345,129972.3360,128621.4103,1350.9257,0.0000,9.51114,35241.3
5346,129972.3360,128621.4103,1350.9257,0.0185,9.52143,35247.8
5347,129972.3360,128621.4103,1350.9257,0.0000,9.52143,35255.2
5348,129972.3360,128621.4103,1350.9257,0.0000,9.52143,35261.5
5349,129972.3360,128621.4103,1350.9257,0.0000,9.52143,35268.1
5350,129972.3360,128621.4103,1350.9257,0.0000,9.52143,35275.2
5351,129972.3360,128621.4103,1350.9257,0.0000,9.52143,35283.4
5352,129972.3360,128621.4103,1350.9257,0.0000,9.52143,35290.6
5353,129972.3360,128621.4103,1350.9257,0.0000,9.52143,35297.2
5354,129972.3360,128621.4103,1350.9257,0.0000,9.52143,35303.7
5355,129972.3360,128621.4103,1350.9257,0.0000,9.52143,35310.9
5356,129972.3360,128621.4103,1350.9257,0.0000,9.52143,35318.0
5357,129972.3360,128621.4103,1350.9257,0.0000,9.52143,35324.7
5358,129972.3360,128621.4103,1350.9257,0.0000,9.52143,35332.0
5359,129972.3360,128621.4103,1350.9257,0.0185,9.52777,35339.3
5360,129972.3360,128621.4103,1350.9257,0.0000,9.52777,35345.7
5361,129972.3360,128621.4103,1350.9257,0.0000,9.52777,35353.2
5362,129972.3360,128621.4103,1350.9257,0.0000,9.52777,35360.1
5363,129972.3360,128621.4103,1350.9257,0.0000,9.52777,35366.6
5364,129972.3360,128621.4103,1350.9257,0.0000,9.52777,35373.4
5365,129972.3360,128621.4103,1350.9257,0.0000,9.52777,35379.6
5366,129972.3360,128621.4103,1350.9257,0.0000,9.52777,35386.1
5367,129972.3360,128621.4103,1350.9257,0.0000,9.52777,35392.8
5368,129972.3360,128621.4103,1350.9257,0.0000,9.52777,35400.4
5369,129972.3360,128622.9784,1349.3576,0.0185,9.52655,35407.6
5370,129972.3360,128622.9784,1349.3576,0.0000,9.52655,35413.0
5371,129972.3360,128622.9784,1349.3576,0.0000,9.52655,35420.8
5372,129972.3360,128622.9784,1349.3576,0.0000,9.52655,35427.5
5373,129972.3360,128622.9784,1349.3576,0.0000,9.52655,35433.7
5374,129972.3360,128622.9784,1349.3576,0.0000,9.52655,35440.1
5375,129972.3360,128622.9784,1349.3576,0.0000,9.52655,35447.9
5376,129972.3360,128622.9784,1349.3576,0.0000,9.52655,35454.5
5377,129972.3360,128622.9784,1349.3576,0.0185,9.51429,35461.1
5378,129972.3360,128622.9784,1349.3576,0.0000,9.51429,35468.5
5379,129972.3360,128622.9784,1349.3576,0.0000,9.51429,35475.7
5380,129972.3360,128622.9784,1349.3576,0.0000,9.51429,35483.3
5381,129972.3360,128622.9784,1349.3576,0.0000,9.51429,35490.2
5382,129972.3360,128622.9784,1349.3576,0.0000,9.51429,35496.8
5383,129972.3360,128622.9784,1349.3576,0.0000,9.51429,35503.8
5384,129972.3360,128622.9784,1349.3576,0.0000,9.51429,35510.6
5385,129972.3360,128622.9784,1349.3576,0.0000,9.51429,35517.6
5386,129972.3360,128622.9784,1349.3576,0.0000,9.51429,35524.5
5387,129972.3360,128622.9784,1349.3576,0.0000,9.51429,35531.1
5388,129972.3360,128622.9784,1349.3576,0.0000,9.51429,35538.5
5389,129972.3360,128622.9784,1349.3576,0.0000,9.51429,35545.1
5390,129972.3360,128622.9784,1349.3576,0.0000,9.51429,35551.5
5391,129972.3360,128622.9784,1349.3576,0.0000,9.51429,35558.5
5392,129972.3360,128622.9784,1349.3576,0.0000,9.51429,35564.7
5393,129972.3360,128622.9784,1349.3576,0.0000,9.51429,35571.3
5394,129972.3360,128622.9784,1349.3576,0.0000,9.51429,35577.8
5395,129972.3360,128622.9784,1349.3576,0.0000,9.51429,35585.4
5396,129972.3360,128622.9784,1349.3576,0.0000,9.51429,35592.2
5397,129972.3360,128622.9784,1349.3576,0.0000,9.51429,35599.4
5398,129972.3360,128622.9784,1349.3576,0.0000,9.51429,35606.3
5399,129972.3360,128622.9784,1349.3576,0.0000,9.51429,35612.9
5400,129972.3360,128622.9784,1349.3576,0.0000,9.51429,35619.5
5401,129972.3360,128622.9784,1349.3576,0.0000,9.51429,35626.7
5402,129972.3360,128622.9784,1349.3576,0.0000,9.51429,35634.3
5403,129972.3360,128622.9784,1349.3576,0.0185,9.55929,35641.0
5404,129972.3360,128622.9784,1349.3576,0.0185,9.49986,35648.1
5405,129972.3360,128622.9784,1349.3576,0.0000,9.49986,35654.9
5406,129972.3360,128622.9784,1349.3576,0.0000,9.49986,35661.3
5407,129972.3360,128622.9784,1349.3576,0.0000,9.49986,35667.9
5408,129972.3360,128622.9784,1349.3576,0.0000,9.49986,35675.4
5409,129972.3360,128622.9784,1349.3576,0.0000,9.49986,35682.9
5410,129972.3360,128622.9784,1349.3576,0.0000,9.49986,35690.5
5411,129972.3360,128622.9784,1349.3576,0.0000,9.49986,35696.9
5412,129972.3360,128622.9784,1349.3576,0.0000,9.49986,35704.3
5413,129972.3360,128622.9784,1349.3576,0.0000,9.49986,35711.5
5414,129972.3360,128622.9784,1349.3576,0.0000,9.49986,35718.1
5415,129972.3360,128622.9784,1349.3576,0.0000,9.49986,35725.6
5416,129972.3360,128622.9784,1349.3576,0.0000,9.49986,35732.3
5417,129972.3360,128622.9784,1349.3576,0.0000,9.49986,35739.0
5418,129972.3360,128622.9784,1349.3576,0.0370,9.44408,35745.6
5419,129972.3360,128622.9784,1349.3576,0.0000,9.44408,35752.8
5420,129972.3360,128622.9784,1349.3576,0.0185,9.48397,35759.2
5421,129972.3360,128622.9784,1349.3576,0.0000,9.48397,35766.2
5422,129972.3360,128622.9784,1349.3576,0.0185,9.48483,35773.0
5423,129972.3360,128622.9784,1349.3576,0.0000,9.48483,35780.0
5424,129972.3360,128622.9784,1349.3576,0.0185,9.48242,35787.4
5425,129972.3360,128622.9784,1349.3576,0.0185,9.47723,35794.2
5426,129972.3360,128622.9784,1349.3576,0.0000,9.47723,35800.8
5427,129972.3360,128622.9784,1349.3576,0.0000,9.47723,35807.4
5428,129972.3360,128622.9784,1349.3576,0.0000,9.47723,35814.2
5429,129972.3360,128622.9784,1349.3576,0.0000,9.47723,35820.2
5430,129972.3360,128622.9784,1349.3576,0.0000,9.47723,35827.6
5431,129972.3360,128622.9784,1349.3576,0.0000,9.47723,35833.9
5432,129972.3360,128622.9784,1349.3576,0.0000,9.47723,35840.4
5433,129972.3360,128622.9784,1349.3576,0.0000,9.47723,35847.7
5434,129972.3360,128622.9784,1349.3576,0.0000,9.47723,35854.7
5435,129972.3360,128622.9784,1349.3576,0.0000,9.47723,35862.0
5436,129972.3360,128622.9784,1349.3576,0.0000,9.47723,35868.8
5437,129972.3360,128622.9784,1349.3576,0.0000,9.47723,35875.0
5438,129972.3360,128622.9784,1349.3576,0.0000,9.47723,35882.3
5439,129972.3360,128622.9784,1349.3576,0.0000,9.47723,35888.9
5440,129972.3360,128622.9784,1349.3576,0.0000,9.47723,35895.9
5441,129972.3360,128622.9784,1349.3576,0.0000,9.47723,35902.1
5442,129972.3360,128622.9784,1349.3576,0.0000,9.47723,35909.2
5443,129972.3360,128622.9784,1349.3576,0.0000,9.47723,35917.1
5444,129972.3360,128622.9784,1349.3576,0.0000,9.47723,35924.8
5445,129972.3360,128622.9784,1349.3576,0.0000,9.47723,35931.9
5446,129972.3360,128622.9784,1349.3576,0.0000,9.47723,35938.6
5447,129972.3360,128622.9784,1349.3576,0.0000,9.47723,35945.7
5448,129972.3360,128622.9784,1349.3576,0.0000,9.47723,35952.5
5449,129972.3360,128622.9784,1349.3576,0.0000,9.47723,35959.9
5450,129972.3360,128622.9784,1349.3576,0.0000,9.47723,35967.7
5451,129972.3360,128626.7564,1345.5796,0.0185,9.50168,35974.7
5452,129972.3360,128626.7564,1345.5796,0.0000,9.50168,35981.1
5453,129972.3360,128626.7564,1345.5796,0.0000,9.50168,35988.1
5454,129972.3360,128626.7564,1345.5796,0.0000,9.50168,35994.5
5455,129972.3360,128626.7564,1345.5796,0.0000,9.50168,36001.6
5456,129972.3360,128626.7564,1345.5796,0.0000,9.50168,36008.8
5457,129972.3360,128626.7564,1345.5796,0.0000,9.50168,36015.2
5458,129972.3360,128626.7564,1345.5796,0.0000,9.50168,36022.3
5459,129972.3360,128626.7564,1345.5796,0.0000,9.50168,36029.2
5460,129972.3360,128626.7564,1345.5796,0.0000,9.50168,36035.9
5461,129972.3360,128626.7564,1345.5796,0.0000,9.50168,36043.6
5462,129972.3360,128626.7564,1345.5796,0.0000,9.50168,36051.0
5463,129972.3360,128626.7564,1345.5796,0.0000,9.50168,36057.7
5464,129972.3360,128626.7564,1345.5796,0.0000,9.50168,36064.1
5465,129972.3360,128626.7564,1345.5796,0.0000,9.50168,36070.8
5466,129972.3360,128626.7564,1345.5796,0.0000,9.50168,36078.0
5467,129972.3360,128626.7564,1345.5796,0.0000,9.50168,36084.8
5468,129972.3360,128626.7564,1345.5796,0.0000,9.50168,36091.6
5469,129972.3360,128626.7564,1345.5796,0.0000,9.50168,36097.7
5470,129972.3360,128626.7564,1345.5796,0.0000,9.50168,36104.9
5471,129972.3360,128626.7564,1345.5796,0.0000,9.50168,36111.3
5472,129972.3360,128626.7564,1345.5796,0.0000,9.50168,36118.4
5473,129972.3360,128626.7564,1345.5796,0.0000,9.50168,36125.8
5474,129972.3360,128626.7564,1345.5796,0.0000,9.50168,36132.7
5475,129972.3360,128626.7564,1345.5796,0.0000,9.50168,36138.6
5476,129972.3360,128626.7564,1345.5796,0.0000,9.50168,36145.6
5477,129972.3360,128626.7564,1345.5796,0.0000,9.50168,36152.6
5478,129972.3360,128626.7564,1345.5796,0.0000,9.50168,36159.7
5479,129972.3360,128626.7564,1345.5796,0.0000,9.50168,36167.1
5480,129972.3360,128626.7564,1345.5796,0.0000,9.50168,36173.4
5481,129972.3360,128626.7564,1345.5796,0.0000,9.50168,36180.7
5482,129972.3360,128626.7564,1345.5796,0.0000,9.50168,36188.0
5483,129972.3360,128626.7564,1345.5796,0.0000,9.50168,36195.3
5484,129972.3360,128626.7564,1345.5796,0.0000,9.50168,36202.5
5485,129972.3360,128626.7564,1345.5796,0.0000,9.50168,36209.4
5486,129972.3360,128626.7564,1345.5796,0.0000,9.50168,36216.9
5487,129972.3360,128626.7564,1345.5796,0.0185,9.5108,36225.1
5488,129972.3360,128626.7564,1345.5796,0.0000,9.5108,36232.4
5489,129972.3360,128626.7564,1345.5796,0.0000,9.5108,36238.7
5490,129972.3360,128626.7564,1345.5796,0.0185,9.52501,36245.9
5491,129972.3360,128626.7564,1345.5796,0.0000,9.52501,36253.1
5492,129972.3360,128626.7564,1345.5796,0.0000,9.52501,36260.1
5493,129972.3360,128626.7564,1345.5796,0.0000,9.52501,36267.3
5494,129972.3360,128626.7564,1345.5796,0.0000,9.52501,36274.2
5495,129972.3360,128626.7564,1345.5796,0.0000,9.52501,36281.3
5496,129972.3360,128626.7564,1345.5796,0.0000,9.52501,36288.2
5497,129972.3360,128626.7564,1345.5796,0.0000,9.52501,36293.9
5498,129972.3360,128626.7564,1345.5796,0.0000,9.52501,36300.7
5499,129972.3360,128626.7564,1345.5796,0.0000,9.52501,36307.6
5500,129972.3360,128626.7564,1345.5796,0.0000,9.52501,36314.3
5501,129972.3360,128626.7564,1345.5796,0.0185,9.51708,36321.4
5502,129972.3360,128626.7564,1345.5796,0.0000,9.51708,36328.5
5503,129972.3360,128626.7564,1345.5796,0.0185,9.63757,36335.6
5504,129972.3360,128626.7564,1345.5796,0.0000,9.63757,36342.7
5505,129972.3360,128626.7564,1345.5796,0.0000,9.63757,36349.8
5506,129972.3360,128626.7564,1345.5796,0.0000,9.63757,36355.8
5507,129972.3360,128626.7564,1345.5796,0.0000,9.63757,36363.0
5508,129972.3360,128626.7564,1345.5796,0.0000,9.63757,36369.7
5509,129972.3360,128626.7564,1345.5796,0.0000,9.63757,36376.0
5510,129972.3360,128626.7564,1345.5796,0.0000,9.63757,36383.2
5511,129972.3360,128626.7564,1345.5796,0.0000,9.63757,36390.6
5512,129972.3360,128626.7564,1345.5796,0.0000,9.63757,36396.4
5513,129972.3360,128626.7564,1345.5796,0.0000,9.63757,36403.4
5514,129972.3360,128626.7564,1345.5796,0.0000,9.63757,36410.1
5515,129972.3360,128626.7564,1345.5796,0.0000,9.63757,36417.0
5516,129972.3360,128626.7564,1345.5796,0.0185,9.63042,36424.2
5517,129972.3360,128626.7564,1345.5796,0.0000,9.63042,36431.6
5518,129972.3360,128626.7564,1345.5796,0.0000,9.63042,36439.2
5519,129972.3360,128626.7564,1345.5796,0.0000,9.63042,36445.4
5520,129972.3360,128626.7564,1345.5796,0.0000,9.63042,36452.4
5521,129972.3360,128626.7564,1345.5796,0.0000,9.63042,36459.2
5522,129972.3360,128626.7564,1345.5796,0.0000,9.63042,36466.3
5523,129972.3360,128626.7564,1345.5796,0.0000,9.63042,36473.1
5524,129972.3360,128626.7564,1345.5796,0.0000,9.63042,36479.8
5525,129972.3360,128626.7564,1345.5796,0.0000,9.63042,36487.0
5526,129972.3360,128626.7564,1345.5796,0.0000,9.63042,36493.3
5527,129972.3360,128626.7564,1345.5796,0.0000,9.63042,36500.7
5528,129972.3360,128626.7564,1345.5796,0.0370,9.62306,36507.8
5529,129972.3360,128626.7564,1345.5796,0.0000,9.62306,36514.9
5530,129972.3360,128626.7564,1345.5796,0.0000,9.62306,36521.6
5531,129972.3360,128626.7564,1345.5796,0.0185,9.61741,36528.5
5532,129972.3360,128626.7564,1345.5796,0.0000,9.61741,36535.3
5533,129972.3360,128626.7564,1345.5796,0.0000,9.61741,36541.9
5534,129972.3360,128626.7564,1345.5796,0.0000,9.61741,36549.3
5535,129972.3360,128626.7564,1345.5796,0.0000,9.61741,36556.2
5536,129972.3360,128626.7564,1345.5796,0.0000,9.61741,36562.7
5537,129972.3360,128626.7564,1345.5796,0.0000,9.61741,36569.4
5538,129972.3360,128626.7564,1345.5796,0.0000,9.61741,36575.7
5539,129972.3360,128626.7564,1345.5796,0.0000,9.61741,36582.9
5540,129972.3360,128626.7564,1345.5796,0.0000,9.61741,36589.2
5541,129972.3360,128626.7564,1345.5796,0.0000,9.61741,36596.7
5542,129972.3360,128626.7564,1345.5796,0.0000,9.61741,36604.0
5543,129972.3360,128626.7564,1345.5796,0.0000,9.61741,36610.8
5544,129972.3360,128626.7564,1345.5796,0.0000,9.61741,36617.5
5545,129972.3360,128626.7564,1345.5796,0.0185,9.63227,36623.9
5546,129972.3360,128626.7564,1345.5796,0.0000,9.63227,36630.6
5547,129972.3360,128626.7564,1345.5796,0.0000,9.63227,36637.0
5548,129972.3360,128626.7564,1345.5796,0.0000,9.63227,36643.8
5549,129972.3360,128626.7564,1345.5796,0.0000,9.63227,36650.9
5550,129972.3360,128626.7564,1345.5796,0.0000,9.63227,36658.2
5551,129972.3360,128626.7564,1345.5796,0.0000,9.63227,36665.2
5552,129972.3360,128626.7564,1345.5796,0.0000,9.63227,36672.2
5553,129972.3360,128626.7564,1345.5796,0.0000,9.63227,36679.4
5554,129972.3360,128626.7564,1345.5796,0.0000,9.63227,36686.2
5555,129972.3360,128626.7564,1345.5796,0.0556,9.68746,36692.9
5556,129972.3360,128626.7564,1345.5796,0.0000,9.68746,36700.0
5557,129972.3360,128626.7564,1345.5796,0.0000,9.68746,36706.2
5558,129972.3360,128626.7564,1345.5796,0.0000,9.68746,36712.8
5559,129972.3360,128626.7564,1345.5796,0.0000,9.68746,36720.0
5560,129972.3360,128626.7564,1345.5796,0.0000,9.68746,36726.6
5561,129972.3360,128626.7564,1345.5796,0.0000,9.68746,36733.3
5562,129972.3360,128626.7564,1345.5796,0.0000,9.68746,36740.5
5563,129972.3360,128626.7564,1345.5796,0.0000,9.68746,36747.7
5564,129972.3360,128626.7564,1345.5796,0.0185,9.71398,36754.4
5565,129972.3360,128626.7564,1345.5796,0.0000,9.71398,36761.6
5566,129972.3360,128626.7564,1345.5796,0.0000,9.71398,36768.3
5567,129972.3360,128626.7564,1345.5796,0.0000,9.71398,36776.0
5568,129972.3360,128626.7564,1345.5796,0.0000,9.71398,36783.3
5569,129972.3360,128626.7564,1345.5796,0.0000,9.71398,36790.2
5570,129972.3360,128626.7564,1345.5796,0.0000,9.71398,36796.9
5571,129972.3360,128626.7564,1345.5796,0.0000,9.71398,36804.6
5572,129972.3360,128626.7564,1345.5796,0.0000,9.71398,36811.0
5573,129972.3360,128626.7564,1345.5796,0.0000,9.71398,36817.4
5574,129972.3360,128626.7564,1345.5796,0.0000,9.71398,36823.9
5575,129972.3360,128626.7564,1345.5796,0.0000,9.71398,36830.8
5576,129972.3360,128626.7564,1345.5796,0.0000,9.71398,36837.6
5577,129972.3360,128626.7564,1345.5796,0.0000,9.71398,36844.8
5578,129972.3360,128626.7564,1345.5796,0.0000,9.71398,36851.7
5579,129972.3360,128626.7564,1345.5796,0.0000,9.71398,36858.2
5580,129972.3360,128626.7564,1345.5796,0.0000,9.71398,36864.7
5581,129972.3360,128626.7564,1345.5796,0.0000,9.71398,36871.1
5582,129972.3360,128626.7564,1345.5796,0.0000,9.71398,36877.9
5583,129972.3360,128626.7564,1345.5796,0.0000,9.71398,36884.2
5584,129972.3360,128626.7564,1345.5796,0.0000,9.71398,36891.0
5585,129972.3360,128626.7564,1345.5796,0.0000,9.71398,36897.4
5586,129972.3360,128626.7564,1345.5796,0.0185,9.71103,36904.6
5587,129972.3360,128626.7564,1345.5796,0.0000,9.71103,36911.8
5588,129972.3360,128626.7564,1345.5796,0.0000,9.71103,36918.3
5589,129972.3360,128626.7564,1345.5796,0.0000,9.71103,36925.6
5590,129972.3360,128626.7564,1345.5796,0.0000,9.71103,36932.1
5591,129972.3360,128626.7564,1345.5796,0.0000,9.71103,36938.5
5592,129972.3360,128626.7564,1345.5796,0.0000,9.71103,36945.3
5593,129972.3360,128626.7564,1345.5796,0.0000,9.71103,36951.3
5594,129972.3360,128626.7564,1345.5796,0.0000,9.71103,36958.3
5595,129972.3360,128626.7564,1345.5796,0.0000,9.71103,36965.8
5596,129972.3360,128626.7564,1345.5796,0.0000,9.71103,36972.4
5597,129972.3360,128626.7564,1345.5796,0.0000,9.71103,36979.2
5598,129972.3360,128626.7564,1345.5796,0.0000,9.71103,36986.4
5599,129972.3360,128626.7564,1345.5796,0.0000,9.71103,36994.4
5600,129972.3360,128626.7564,1345.5796,0.0000,9.71103,37001.2
5601,129972.3360,128626.7564,1345.5796,0.0000,9.71103,37007.5
5602,129972.3360,128626.7564,1345.5796,0.0000,9.71103,37014.8
5603,129972.3360,128626.7564,1345.5796,0.0000,9.71103,37021.3
5604,129972.3360,128626.7564,1345.5796,0.0000,9.71103,37027.4
5605,129972.3360,128626.7564,1345.5796,0.0000,9.71103,37034.2
5606,129972.3360,128626.7564,1345.5796,0.0000,9.71103,37040.7
5607,129972.3360,128626.7564,1345.5796,0.0000,9.71103,37047.8
5608,129972.3360,128626.7564,1345.5796,0.0000,9.71103,37054.6
5609,129972.3360,128626.7564,1345.5796,0.0000,9.71103,37061.2
5610,129972.3360,128626.7564,1345.5796,0.0000,9.71103,37067.5
5611,129972.3360,128626.7564,1345.5796,0.0000,9.71103,37074.6
5612,129972.3360,128626.7564,1345.5796,0.0000,9.71103,37081.7
5613,129972.3360,128626.7564,1345.5796,0.0000,9.71103,37087.8
5614,129972.3360,128626.7564,1345.5796,0.0000,9.71103,37094.4
5615,129972.3360,128626.7564,1345.5796,0.0000,9.71103,37101.9
5616,129972.3360,128626.7564,1345.5796,0.0000,9.71103,37109.1
5617,129972.3360,128626.7564,1345.5796,0.0000,9.71103,37115.1
5618,129972.3360,128626.7564,1345.5796,0.0000,9.71103,37122.3
5619,129972.3360,128626.7564,1345.5796,0.0000,9.71103,37130.0
5620,129972.3360,128626.7564,1345.5796,0.0000,9.71103,37136.8
5621,129972.3360,128626.7564,1345.5796,0.0000,9.71103,37143.5
5622,129972.3360,128626.7564,1345.5796,0.0000,9.71103,37150.3
5623,129972.3360,128626.7564,1345.5796,0.0000,9.71103,37157.0
5624,129972.3360,128626.7564,1345.5796,0.0000,9.71103,37163.9
5625,129972.3360,128626.7564,1345.5796,0.0000,9.71103,37171.6
5626,129972.3360,128626.7564,1345.5796,0.0000,9.71103,37178.4
5627,129972.3360,128626.7564,1345.5796,0.0000,9.71103,37185.3
5628,129972.3360,128626.7564,1345.5796,0.0000,9.71103,37191.8
5629,129972.3360,128626.7564,1345.5796,0.0000,9.71103,37198.5
5630,129972.3360,128626.7564,1345.5796,0.0000,9.71103,37205.6
5631,129972.3360,128626.7564,1345.5796,0.0000,9.71103,37211.6
5632,129972.3360,128634.7529,1337.5831,0.0185,9.71864,37218.3
5633,129972.3360,128634.7529,1337.5831,0.0000,9.71864,37225.5
5634,129972.3360,128634.7529,1337.5831,0.0000,9.71864,37232.4
5635,129972.3360,128634.7529,1337.5831,0.0000,9.71864,37239.2
5636,129972.3360,128634.7529,1337.5831,0.0000,9.71864,37245.5
5637,129972.3360,128634.7529,1337.5831,0.0000,9.71864,37252.9
5638,129972.3360,128634.7529,1337.5831,0.0000,9.71864,37259.6
5639,129972.3360,128634.7529,1337.5831,0.0000,9.71864,37267.0
5640,129972.3360,128634.7529,1337.5831,0.0000,9.71864,37274.2
5641,129972.3360,128634.7529,1337.5831,0.0000,9.71864,37281.3
5642,129972.3360,128634.7529,1337.5831,0.0000,9.71864,37287.7
5643,129972.3360,128634.7529,1337.5831,0.0000,9.71864,37293.8
5644,129972.3360,128634.7529,1337.5831,0.0000,9.71864,37300.8
5645,129972.3360,128634.7529,1337.5831,0.0000,9.71864,37307.4
5646,129972.3360,128634.7529,1337.5831,0.0000,9.71864,37314.7
5647,129972.3360,128634.7529,1337.5831,0.0000,9.71864,37321.6
5648,129972.3360,128634.7529,1337.5831,0.0000,9.71864,37328.2
5649,129972.3360,128634.7529,1337.5831,0.0000,9.71864,37335.0
5650,129972.3360,128634.7529,1337.5831,0.0185,9.70449,37342.0
5651,129972.3360,128634.7529,1337.5831,0.0000,9.70449,37349.5
5652,129972.3360,128634.7529,1337.5831,0.0000,9.70449,37356.6
5653,129972.3360,128634.7529,1337.5831,0.0000,9.70449,37363.2
5654,129972.3360,128634.7529,1337.5831,0.0000,9.70449,37369.9
5655,129972.3360,128634.7529,1337.5831,0.0000,9.70449,37376.5
5656,129972.3360,128634.7529,1337.5831,0.0000,9.70449,37383.6
5657,129972.3360,128634.7529,1337.5831,0.0185,9.73978,37391.2
5658,129972.3360,128634.7529,1337.5831,0.0000,9.73978,37397.7
5659,129972.3360,128634.7529,1337.5831,0.0000,9.73978,37404.5
5660,129972.3360,128634.7529,1337.5831,0.0000,9.73978,37410.9
5661,129972.3360,128634.7529,1337.5831,0.0000,9.73978,37417.8
5662,129972.3360,128634.7529,1337.5831,0.0000,9.73978,37424.7
5663,129972.3360,128634.7529,1337.5831,0.0000,9.73978,37431.5
5664,129972.3360,128634.7529,1337.5831,0.0000,9.73978,37438.0
5665,129972.3360,128634.7529,1337.5831,0.0000,9.73978,37445.0
5666,129972.3360,128634.7529,1337.5831,0.0000,9.73978,37451.8
5667,129972.3360,128634.7529,1337.5831,0.0000,9.73978,37458.3
5668,129972.3360,128634.7529,1337.5831,0.0000,9.73978,37466.0
5669,129972.3360,128634.7529,1337.5831,0.0000,9.73978,37472.9
5670,129972.3360,128634.7529,1337.5831,0.0185,9.73787,37480.1
5671,129972.3360,128634.7529,1337.5831,0.0000,9.73787,37486.7
5672,129972.3360,128634.7529,1337.5831,0.0000,9.73787,37492.8
5673,129972.3360,128634.7529,1337.5831,0.0000,9.73787,37499.0
5674,129972.3360,128634.7529,1337.5831,0.0370,9.78441,37506.9
5675,129972.3360,128634.7529,1337.5831,0.0000,9.78441,37513.3
5676,129972.3360,128634.7529,1337.5831,0.0000,9.78441,37520.8
5677,129972.3360,128634.7529,1337.5831,0.0000,9.78441,37528.0
5678,129972.3360,128634.7529,1337.5831,0.0000,9.78441,37534.3
5679,129972.3360,128634.7529,1337.5831,0.0000,9.78441,37540.8
5680,129972.3360,128634.7529,1337.5831,0.0000,9.78441,37547.4
5681,129972.3360,128634.7529,1337.5831,0.0000,9.78441,37554.5
5682,129972.3360,128634.7529,1337.5831,0.0000,9.78441,37562.0
5683,129972.3360,128634.7529,1337.5831,0.0000,9.78441,37569.2
5684,129972.3360,128634.7529,1337.5831,0.0185,9.77047,37575.8
5685,129972.3360,128634.7529,1337.5831,0.0000,9.77047,37583.4
5686,129972.3360,128634.7529,1337.5831,0.0000,9.77047,37589.9
5687,129972.3360,128634.7529,1337.5831,0.0000,9.77047,37596.8
5688,129972.3360,128634.7529,1337.5831,0.0000,9.77047,37603.5
5689,129972.3360,128634.7529,1337.5831,0.0000,9.77047,37609.8
5690,129972.3360,128634.7529,1337.5831,0.0000,9.77047,37616.6
5691,129972.3360,128634.7529,1337.5831,0.0000,9.77047,37623.6
5692,129972.3360,128634.7529,1337.5831,0.0000,9.77047,37630.3
5693,129972.3360,128634.7529,1337.5831,0.0000,9.77047,37636.9
5694,129972.3360,128634.7529,1337.5831,0.0000,9.77047,37644.5
5695,129972.3360,128634.7529,1337.5831,0.0000,9.77047,37651.5
5696,129972.3360,128634.7529,1337.5831,0.0000,9.77047,37658.3
5697,129972.3360,128634.7529,1337.5831,0.0000,9.77047,37664.8
5698,129972.3360,128634.7529,1337.5831,0.0000,9.77047,37671.7
5699,129972.3360,128634.7529,1337.5831,0.0000,9.77047,37678.4
5700,129972.3360,128634.7529,1337.5831,0.0000,9.77047,37684.6
5701,129972.3360,128634.7529,1337.5831,0.0000,9.77047,37691.7
5702,129972.3360,128634.7529,1337.5831,0.0000,9.77047,37699.2
5703,129972.3360,128634.7529,1337.5831,0.0000,9.77047,37706.0
5704,129972.3360,128634.7529,1337.5831,0.0185,9.76928,37713.3
5705,129972.3360,128634.7529,1337.5831,0.0000,9.76928,37720.2
5706,129972.3360,128634.7529,1337.5831,0.0000,9.76928,37727.5
5707,129972.3360,128634.7529,1337.5831,0.0000,9.76928,37734.8
5708,129972.3360,128634.7529,1337.5831,0.0000,9.76928,37741.4
5709,129972.3360,128634.7529,1337.5831,0.0185,9.7819,37748.9
5710,129972.3360,128634.7529,1337.5831,0.0000,9.7819,37756.0
5711,129972.3360,128634.7529,1337.5831,0.0000,9.7819,37761.9
5712,129972.3360,128634.7529,1337.5831,0.0000,9.7819,37769.0
5713,129972.3360,128634.7529,1337.5831,0.0185,9.77283,37776.3
5714,129972.3360,128634.7529,1337.5831,0.0000,9.77283,37783.0
5715,129972.3360,128634.7529,1337.5831,0.0000,9.77283,37789.9
5716,129972.3360,128634.7529,1337.5831,0.0000,9.77283,37796.8
5717,129972.3360,128634.7529,1337.5831,0.0000,9.77283,37804.4
5718,129972.3360,128634.7529,1337.5831,0.0000,9.77283,37811.5
5719,129972.3360,128634.7529,1337.5831,0.0000,9.77283,37818.9
5720,129972.3360,128634.7529,1337.5831,0.0000,9.77283,37826.4
5721,129972.3360,128634.7529,1337.5831,0.0000,9.77283,37833.5
5722,129972.3360,128634.7529,1337.5831,0.0000,9.77283,37840.8
5723,129972.3360,128634.7529,1337.5831,0.0000,9.77283,37847.4
5724,129972.3360,128634.7529,1337.5831,0.0000,9.77283,37854.6
5725,129972.3360,128634.7529,1337.5831,0.0000,9.77283,37861.1
5726,129972.3360,128634.7529,1337.5831,0.0000,9.77283,37867.7
5727,129972.3360,128634.7529,1337.5831,0.0000,9.77283,37875.0
5728,129972.3360,128634.7529,1337.5831,0.0000,9.77283,37881.6
5729,129972.3360,128634.7529,1337.5831,0.0000,9.77283,37888.7
5730,129972.3360,128634.7529,1337.5831,0.0000,9.77283,37895.9
5731,129972.3360,128634.7529,1337.5831,0.0000,9.77283,37902.6
5732,129972.3360,128634.7529,1337.5831,0.0000,9.77283,37909.5
5733,129972.3360,128634.7529,1337.5831,0.0000,9.77283,37916.2
5734,129972.3360,128634.7529,1337.5831,0.0000,9.77283,37922.2
5735,129972.3360,128634.7529,1337.5831,0.0000,9.77283,37929.9
5736,129972.3360,128634.7529,1337.5831,0.0185,9.77157,37936.9
5737,129972.3360,128634.7529,1337.5831,0.0000,9.77157,37943.5
5738,129972.3360,128634.7529,1337.5831,0.0185,9.73343,37950.6
5739,129972.3360,128634.7529,1337.5831,0.0000,9.73343,37956.8
5740,129972.3360,128634.7529,1337.5831,0.0000,9.73343,37963.6
5741,129972.3360,128634.7529,1337.5831,0.0000,9.73343,37971.3
5742,129972.3360,128634.7529,1337.5831,0.0000,9.73343,37977.9
5743,129972.3360,128634.7529,1337.5831,0.0000,9.73343,37985.3
5744,129972.3360,128634.7529,1337.5831,0.0000,9.73343,37992.3
5745,129972.3360,128634.7529,1337.5831,0.0000,9.73343,37998.5
5746,129972.3360,128634.7529,1337.5831,0.0185,9.62512,38005.2
5747,129972.3360,128634.7529,1337.5831,0.0000,9.62512,38012.2
5748,129972.3360,128634.7529,1337.5831,0.0000,9.62512,38019.0
5749,129972.3360,128634.7529,1337.5831,0.0000,9.62512,38025.8
5750,129972.3360,128634.7529,1337.5831,0.0000,9.62512,38032.7
5751,129972.3360,128634.7529,1337.5831,0.0000,9.62512,38039.4
5752,129972.3360,128634.7529,1337.5831,0.0000,9.62512,38046.5
5753,129972.3360,128634.7529,1337.5831,0.0000,9.62512,38053.6
5754,129972.3360,128634.7529,1337.5831,0.0000,9.62512,38059.8
5755,129972.3360,128634.7529,1337.5831,0.0000,9.62512,38066.6
5756,129972.3360,128634.7529,1337.5831,0.0000,9.62512,38073.7
5757,129972.3360,128634.7529,1337.5831,0.0000,9.62512,38080.7
5758,129972.3360,128634.7529,1337.5831,0.0000,9.62512,38087.6
5759,129972.3360,128634.7529,1337.5831,0.0000,9.62512,38094.1
5760,129972.3360,128634.7529,1337.5831,0.0000,9.62512,38101.0
5761,129972.3360,128634.7529,1337.5831,0.0000,9.62512,38107.5
5762,129972.3360,128634.7529,1337.5831,0.0000,9.62512,38114.2
5763,129972.3360,128634.7529,1337.5831,0.0000,9.62512,38120.8
5764,129972.3360,128634.7529,1337.5831,0.0000,9.62512,38128.8
5765,129972.3360,128635.2458,1337.0902,0.0185,9.6151,38135.5
5766,129972.3360,128635.2458,1337.0902,0.0000,9.6151,38142.0
5767,129972.3360,128635.2458,1337.0902,0.0370,9.63884,38149.2
5768,129972.3360,128635.2458,1337.0902,0.0000,9.63884,38156.5
5769,129972.3360,128635.2458,1337.0902,0.0000,9.63884,38162.7
5770,129972.3360,128635.2458,1337.0902,0.0000,9.63884,38170.0
5771,129972.3360,128635.2458,1337.0902,0.0000,9.63884,38177.0
5772,129972.3360,128635.2458,1337.0902,0.0185,9.651,38184.0
5773,129972.3360,128635.2458,1337.0902,0.0000,9.651,38191.1
5774,129972.3360,128635.2458,1337.0902,0.0000,9.651,38198.7
5775,129972.3360,128635.2458,1337.0902,0.0000,9.651,38205.8
5776,129972.3360,128635.2458,1337.0902,0.0370,9.64487,38212.6
5777,129972.3360,128635.2458,1337.0902,0.0000,9.64487,38219.0
5778,129972.3360,128635.2458,1337.0902,0.0000,9.64487,38225.4
5779,129972.3360,128635.2458,1337.0902,0.0000,9.64487,38232.4
5780,129972.3360,128635.2458,1337.0902,0.0000,9.64487,38239.4
5781,129972.3360,128635.2458,1337.0902,0.0000,9.64487,38247.3
5782,129972.3360,128635.2458,1337.0902,0.0000,9.64487,38254.1
5783,129972.3360,128635.2458,1337.0902,0.0000,9.64487,38260.7
5784,129972.3360,128635.2458,1337.0902,0.0000,9.64487,38267.5
5785,129972.3360,128635.2458,1337.0902,0.0000,9.64487,38273.5
5786,129972.3360,128635.2458,1337.0902,0.0000,9.64487,38280.2
5787,129972.3360,128635.2458,1337.0902,0.0000,9.64487,38287.2
5788,129972.3360,128635.2458,1337.0902,0.0000,9.64487,38293.8
5789,129972.3360,128635.2458,1337.0902,0.0000,9.64487,38300.6
5790,129972.3360,128635.2458,1337.0902,0.0000,9.64487,38307.3
5791,129972.3360,128635.2458,1337.0902,0.0000,9.64487,38313.9
5792,129972.3360,128635.2458,1337.0902,0.0000,9.64487,38320.9
5793,129972.3360,128635.2458,1337.0902,0.0000,9.64487,38327.6
5794,129972.3360,128635.2458,1337.0902,0.0000,9.64487,38334.0
5795,129972.3360,128635.2458,1337.0902,0.0000,9.64487,38339.8
5796,129972.3360,128635.2458,1337.0902,0.0000,9.64487,38346.1
5797,129972.3360,128635.2458,1337.0902,0.0000,9.64487,38354.0
5798,129972.3360,128635.2458,1337.0902,0.0000,9.64487,38361.4
5799,129972.3360,128635.2458,1337.0902,0.0000,9.64487,38368.2
5800,129972.3360,128635.2458,1337.0902,0.0000,9.64487,38375.2
5801,129972.3360,128635.2458,1337.0902,0.0000,9.64487,38381.3
5802,129972.3360,128635.2458,1337.0902,0.0000,9.64487,38387.7
5803,129972.3360,128635.2458,1337.0902,0.0000,9.64487,38394.9
5804,129972.3360,128635.2458,1337.0902,0.0000,9.64487,38402.1
5805,129972.3360,128635.2458,1337.0902,0.0000,9.64487,38408.8
5806,129972.3360,128635.2458,1337.0902,0.0000,9.64487,38415.4
5807,129972.3360,128635.2458,1337.0902,0.0000,9.64487,38422.3
5808,129972.3360,128635.2458,1337.0902,0.0185,9.67408,38429.7
5809,129972.3360,128635.2458,1337.0902,0.0185,9.64398,38436.0
5810,129972.3360,128635.2458,1337.0902,0.0000,9.64398,38443.4
5811,129972.3360,128635.2458,1337.0902,0.0000,9.64398,38449.8
5812,129972.3360,128635.2458,1337.0902,0.0000,9.64398,38456.6
5813,129972.3360,128635.2458,1337.0902,0.0000,9.64398,38463.2
5814,129972.3360,128635.2458,1337.0902,0.0000,9.64398,38470.2
5815,129972.3360,128635.2458,1337.0902,0.0000,9.64398,38477.5
5816,129972.3360,128635.2458,1337.0902,0.0000,9.64398,38484.9
5817,129972.3360,128635.2458,1337.0902,0.0000,9.64398,38491.8
5818,129972.3360,128635.2458,1337.0902,0.0000,9.64398,38499.4
5819,129972.3360,128635.2458,1337.0902,0.0000,9.64398,38506.0
5820,129972.3360,128635.2458,1337.0902,0.0000,9.64398,38513.7
5821,129972.3360,128635.2458,1337.0902,0.0000,9.64398,38520.5
5822,129972.3360,128635.2458,1337.0902,0.0000,9.64398,38527.8
5823,129972.3360,128635.2458,1337.0902,0.0000,9.64398,38534.8
5824,129972.3360,128635.2458,1337.0902,0.0000,9.64398,38540.8
5825,129972.3360,128635.2458,1337.0902,0.0000,9.64398,38547.6
5826,129972.3360,128635.2458,1337.0902,0.0000,9.64398,38555.0
5827,129972.3360,128635.2458,1337.0902,0.0000,9.64398,38561.6
5828,129972.3360,128635.2458,1337.0902,0.0000,9.64398,38568.8
5829,129972.3360,128635.2458,1337.0902,0.0185,9.64373,38575.9
5830,129972.3360,128635.2458,1337.0902,0.0000,9.64373,38582.5
5831,129972.3360,128635.2458,1337.0902,0.0000,9.64373,38589.6
5832,129972.3360,128635.2458,1337.0902,0.0000,9.64373,38596.3
5833,129972.3360,128635.2458,1337.0902,0.0000,9.64373,38603.2
5834,129972.3360,128635.2458,1337.0902,0.0000,9.64373,38610.9
5835,129972.3360,128635.2458,1337.0902,0.0000,9.64373,38616.9
5836,129972.3360,128635.2458,1337.0902,0.0000,9.64373,38623.5
5837,129972.3360,128635.2458,1337.0902,0.0000,9.64373,38630.1
5838,129972.3360,128635.2458,1337.0902,0.0000,9.64373,38637.1
5839,129972.3360,128635.2458,1337.0902,0.0000,9.64373,38644.6
5840,129972.3360,128635.2458,1337.0902,0.0000,9.64373,38651.6
5841,129972.3360,128635.2458,1337.0902,0.0000,9.64373,38658.0
5842,129972.3360,128635.2458,1337.0902,0.0000,9.64373,38664.3
5843,129972.3360,128635.2458,1337.0902,0.0000,9.64373,38671.9
5844,129972.3360,128635.2458,1337.0902,0.0000,9.64373,38679.6
5845,129972.3360,128635.2458,1337.0902,0.0000,9.64373,38686.4
5846,129972.3360,128635.2458,1337.0902,0.0000,9.64373,38693.7
5847,129972.3360,128635.2458,1337.0902,0.0000,9.64373,38700.9
5848,129972.3360,128635.2458,1337.0902,0.0185,9.63798,38708.4
5849,129972.3360,128635.2458,1337.0902,0.0000,9.63798,38714.9
5850,129972.3360,128635.2458,1337.0902,0.0000,9.63798,38721.2
5851,129972.3360,128635.2458,1337.0902,0.0000,9.63798,38727.6
5852,129972.3360,128635.2458,1337.0902,0.0000,9.63798,38734.5
5853,129972.3360,128635.2458,1337.0902,0.0185,9.64856,38742.0
5854,129972.3360,128635.2458,1337.0902,0.0000,9.64856,38748.5
5855,129972.3360,128635.2458,1337.0902,0.0000,9.64856,38755.8
5856,129972.3360,128635.2458,1337.0902,0.0000,9.64856,38762.5
5857,129972.3360,128635.2458,1337.0902,0.0000,9.64856,38769.7
5858,129972.3360,128635.2458,1337.0902,0.0000,9.64856,38776.0
5859,129972.3360,128635.2458,1337.0902,0.0185,9.63325,38782.9
5860,129972.3360,128635.2458,1337.0902,0.0000,9.63325,38789.7
5861,129972.3360,128635.2458,1337.0902,0.0000,9.63325,38795.6
5862,129972.3360,128635.2458,1337.0902,0.0000,9.63325,38802.3
5863,129972.3360,128635.2458,1337.0902,0.0000,9.63325,38809.5
5864,129972.3360,128635.2458,1337.0902,0.0000,9.63325,38816.2
5865,129972.3360,128635.2458,1337.0902,0.0000,9.63325,38822.5
5866,129972.3360,128635.2458,1337.0902,0.0000,9.63325,38829.4
5867,129972.3360,128635.2458,1337.0902,0.0000,9.63325,38835.9
5868,129972.3360,128635.2458,1337.0902,0.0000,9.63325,38842.3
5869,129972.3360,128635.2458,1337.0902,0.0000,9.63325,38849.0
5870,129972.3360,128635.2458,1337.0902,0.0000,9.63325,38855.7
5871,129972.3360,128635.2458,1337.0902,0.0000,9.63325,38863.1
5872,129972.3360,128635.2458,1337.0902,0.0000,9.63325,38870.0
5873,129972.3360,128635.2458,1337.0902,0.0000,9.63325,38876.9
5874,129972.3360,128635.2458,1337.0902,0.0185,9.64562,38883.9
5875,129972.3360,128635.2458,1337.0902,0.0185,9.65081,38890.7
5876,129972.3360,128635.2458,1337.0902,0.0000,9.65081,38897.8
5877,129972.3360,128635.2458,1337.0902,0.0185,9.66526,38904.5
5878,129972.3360,128635.2458,1337.0902,0.0000,9.66526,38911.0
5879,129972.3360,128635.2458,1337.0902,0.0000,9.66526,38918.2
5880,129972.3360,128635.2458,1337.0902,0.0000,9.66526,38925.1
5881,129972.3360,128635.2458,1337.0902,0.0000,9.66526,38932.7
5882,129972.3360,128635.2458,1337.0902,0.0000,9.66526,38939.8
5883,129972.3360,128635.2458,1337.0902,0.0185,9.68671,38946.4
5884,129972.3360,128635.2458,1337.0902,0.0000,9.68671,38953.3
5885,129972.3360,128635.2458,1337.0902,0.0000,9.68671,38960.7
5886,129972.3360,128635.2458,1337.0902,0.0185,9.67676,38968.7
5887,129972.3360,128635.2458,1337.0902,0.0000,9.67676,38976.1
5888,129972.3360,128635.2458,1337.0902,0.0000,9.67676,38982.5
5889,129972.3360,128635.2458,1337.0902,0.0000,9.67676,38988.9
5890,129972.3360,128635.2458,1337.0902,0.0000,9.67676,38995.7
5891,129972.3360,128635.2458,1337.0902,0.0000,9.67676,39003.0
5892,129972.3360,128635.2458,1337.0902,0.0000,9.67676,39009.6
5893,129972.3360,128635.2458,1337.0902,0.0000,9.67676,39016.5
5894,129972.3360,128635.2458,1337.0902,0.0000,9.67676,39023.6
5895,129972.3360,128635.2458,1337.0902,0.0000,9.67676,39030.4
5896,129972.3360,128635.2458,1337.0902,0.0000,9.67676,39037.4
5897,129972.3360,128635.2458,1337.0902,0.0000,9.67676,39044.2
5898,129972.3360,128635.2458,1337.0902,0.0000,9.67676,39050.3
5899,129972.3360,128635.2458,1337.0902,0.0000,9.67676,39057.7
5900,129972.3360,128635.2458,1337.0902,0.0185,9.69655,39064.1
5901,129972.3360,128635.2458,1337.0902,0.0000,9.69655,39071.6
5902,129972.3360,128635.2458,1337.0902,0.0000,9.69655,39078.5
5903,129972.3360,128635.2458,1337.0902,0.0000,9.69655,39085.1
5904,129972.3360,128635.2458,1337.0902,0.0000,9.69655,39091.7
5905,129972.3360,128635.2458,1337.0902,0.0000,9.69655,39098.3
5906,129972.3360,128635.2458,1337.0902,0.0000,9.69655,39105.6
5907,129972.3360,128635.2458,1337.0902,0.0000,9.69655,39111.7
5908,129972.3360,128635.2458,1337.0902,0.0000,9.69655,39118.9
5909,129972.3360,128635.2458,1337.0902,0.0000,9.69655,39124.8
5910,129972.3360,128635.2458,1337.0902,0.0000,9.69655,39131.1
5911,129972.3360,128635.2458,1337.0902,0.0000,9.69655,39137.8
5912,129972.3360,128635.2458,1337.0902,0.0000,9.69655,39145.0
5913,129972.3360,128635.2458,1337.0902,0.0000,9.69655,39152.0
5914,129972.3360,128635.2458,1337.0902,0.0000,9.69655,39159.2
5915,129972.3360,128635.2458,1337.0902,0.0000,9.69655,39166.3
5916,129972.3360,128635.2458,1337.0902,0.0000,9.69655,39173.1
5917,129972.3360,128635.2458,1337.0902,0.0000,9.69655,39179.4
5918,129972.3360,128643.1153,1329.2207,0.0370,9.71601,39186.8
5919,129972.3360,128643.1153,1329.2207,0.0000,9.71601,39193.8
5920,129972.3360,128643.1153,1329.2207,0.0000,9.71601,39201.0
5921,129972.3360,128643.1153,1329.2207,0.0000,9.71601,39207.9
5922,129972.3360,128643.1153,1329.2207,0.0000,9.71601,39215.7
5923,129972.3360,128643.1153,1329.2207,0.0185,9.7085,39222.5
5924,129972.3360,128643.1153,1329.2207,0.0000,9.7085,39229.0
5925,129972.3360,128643.1153,1329.2207,0.0000,9.7085,39235.1
5926,129972.3360,128643.1153,1329.2207,0.0000,9.7085,39243.3
5927,129972.3360,128643.1153,1329.2207,0.0000,9.7085,39249.3
5928,129972.3360,128643.1153,1329.2207,0.0000,9.7085,39256.5
5929,129972.3360,128643.1153,1329.2207,0.0000,9.7085,39263.6
5930,129972.3360,128643.1153,1329.2207,0.0000,9.7085,39270.4
5931,129972.3360,128643.1153,1329.2207,0.0000,9.7085,39276.9
5932,129972.3360,128643.1153,1329.2207,0.0000,9.7085,39284.0
5933,129972.3360,128643.1153,1329.2207,0.0000,9.7085,39290.2
5934,129972.3360,128643.1153,1329.2207,0.0000,9.7085,39296.8
5935,129972.3360,128643.1153,1329.2207,0.0000,9.7085,39304.7
5936,129972.3360,128643.1153,1329.2207,0.0000,9.7085,39311.7
5937,129972.3360,128643.1153,1329.2207,0.0000,9.7085,39318.5
5938,129972.3360,128643.1153,1329.2207,0.0000,9.7085,39325.1
5939,129972.3360,128643.1153,1329.2207,0.0000,9.7085,39331.7
5940,129972.3360,128643.1153,1329.2207,0.0000,9.7085,39338.7
5941,129972.3360,128643.1153,1329.2207,0.0000,9.7085,39345.6
5942,129972.3360,128643.1153,1329.2207,0.0000,9.7085,39352.1
5943,129972.3360,128643.1153,1329.2207,0.0000,9.7085,39359.6
5944,129972.3360,128643.1153,1329.2207,0.0000,9.7085,39366.5
5945,129972.3360,128643.1153,1329.2207,0.0000,9.7085,39373.5
5946,129972.3360,128643.1153,1329.2207,0.0185,9.74014,39380.2
5947,129972.3360,128643.1153,1329.2207,0.0000,9.74014,39387.1
5948,129972.3360,128643.1153,1329.2207,0.0000,9.74014,39393.7
5949,129972.3360,128643.1153,1329.2207,0.0000,9.74014,39400.6
5950,129972.3360,128643.1153,1329.2207,0.0000,9.74014,39407.9
5951,129972.3360,128643.1153,1329.2207,0.0000,9.74014,39415.2
5952,129972.3360,128643.1153,1329.2207,0.0000,9.74014,39421.9
5953,129972.3360,128643.1153,1329.2207,0.0000,9.74014,39428.8
5954,129972.3360,128643.1153,1329.2207,0.0000,9.74014,39435.6
5955,129972.3360,128643.1153,1329.2207,0.0000,9.74014,39442.6
5956,129972.3360,128643.1153,1329.2207,0.0000,9.74014,39449.2
5957,129972.3360,128643.1153,1329.2207,0.0000,9.74014,39456.0
5958,129972.3360,128643.1153,1329.2207,0.0000,9.74014,39463.5
5959,129972.3360,128643.1153,1329.2207,0.0000,9.74014,39471.2
5960,129972.3360,128643.1153,1329.2207,0.0000,9.74014,39478.2
5961,129972.3360,128643.1153,1329.2207,0.0000,9.74014,39484.4
5962,129972.3360,128643.1153,1329.2207,0.0000,9.74014,39490.9
5963,129972.3360,128643.1153,1329.2207,0.0000,9.74014,39497.7
5964,129972.3360,128643.1153,1329.2207,0.0000,9.74014,39503.6
5965,129972.3360,128643.1153,1329.2207,0.0000,9.74014,39510.3
5966,129972.3360,128643.1153,1329.2207,0.0000,9.74014,39516.6
5967,129972.3360,128643.1153,1329.2207,0.0000,9.74014,39523.8
5968,129972.3360,128643.1153,1329.2207,0.0000,9.74014,39529.7
5969,129972.3360,128643.1153,1329.2207,0.0000,9.74014,39536.7
5970,129972.3360,128643.1153,1329.2207,0.0000,9.74014,39542.6
5971,129972.3360,128643.1153,1329.2207,0.0000,9.74014,39550.3
5972,129972.3360,128643.1153,1329.2207,0.0000,9.74014,39557.3
5973,129972.3360,128643.1153,1329.2207,0.0185,9.75114,39564.5
5974,129972.3360,128643.1153,1329.2207,0.0000,9.75114,39571.4
5975,129972.3360,128643.1153,1329.2207,0.0000,9.75114,39578.7
5976,129972.3360,128643.1153,1329.2207,0.0000,9.75114,39585.8
5977,129972.3360,128643.1153,1329.2207,0.0370,9.75838,39592.5
5978,129972.3360,128643.1153,1329.2207,0.0000,9.75838,39600.2
5979,129972.3360,128643.1153,1329.2207,0.0000,9.75838,39607.0
5980,129972.3360,128643.1153,1329.2207,0.0000,9.75838,39614.8
5981,129972.3360,128643.1153,1329.2207,0.0000,9.75838,39621.8
5982,129972.3360,128643.1153,1329.2207,0.0000,9.75838,39628.5
5983,129972.3360,128643.1153,1329.2207,0.0000,9.75838,39635.0
5984,129972.3360,128643.1153,1329.2207,0.0000,9.75838,39642.1
5985,129972.3360,128643.1153,1329.2207,0.0000,9.75838,39648.7
5986,129972.3360,128643.1153,1329.2207,0.0185,9.75959,39655.6
5987,129972.3360,128643.1153,1329.2207,0.0000,9.75959,39662.0
5988,129972.3360,128643.1153,1329.2207,0.0000,9.75959,39669.5
5989,129972.3360,128643.1153,1329.2207,0.0000,9.75959,39676.5
5990,129972.3360,128643.1153,1329.2207,0.0000,9.75959,39683.2
5991,129972.3360,128643.1153,1329.2207,0.0000,9.75959,39689.8
5992,129972.3360,128643.1153,1329.2207,0.0000,9.75959,39696.6
5993,129972.3360,128643.1153,1329.2207,0.0000,9.75959,39703.7
5994,129972.3360,128643.1153,1329.2207,0.0000,9.75959,39710.1
5995,129972.3360,128643.1153,1329.2207,0.0000,9.75959,39717.4
5996,129972.3360,128643.1153,1329.2207,0.0000,9.75959,39724.2
5997,129972.3360,128643.1153,1329.2207,0.0000,9.75959,39731.3
5998,129972.3360,128643.1153,1329.2207,0.0000,9.75959,39738.8
5999,129972.3360,128643.1153,1329.2207,0.0000,9.75959,39745.5
6000,129972.3360,128643.1153,1329.2207,0.0000,9.75959,39752.4
6001,129972.3360,128643.1153,1329.2207,0.0000,9.75959,39759.7
6002,129972.3360,128643.1153,1329.2207,0.0000,9.75959,39766.1
6003,129972.3360,128643.1153,1329.2207,0.0000,9.75959,39773.0
6004,129972.3360,128643.1153,1329.2207,0.0000,9.75959,39780.8
6005,129972.3360,128643.1153,1329.2207,0.0000,9.75959,39787.9
6006,129972.3360,128643.1153,1329.2207,0.0000,9.75959,39795.1
6007,129972.3360,128643.1153,1329.2207,0.0000,9.75959,39802.1
6008,129972.3360,128643.1153,1329.2207,0.0185,9.70157,39809.4
6009,129972.3360,128643.1153,1329.2207,0.0000,9.70157,39816.1
6010,129972.3360,128643.1153,1329.2207,0.0000,9.70157,39823.0
6011,129972.3360,128643.1153,1329.2207,0.0000,9.70157,39829.5
6012,129972.3360,128643.1153,1329.2207,0.0000,9.70157,39837.0
6013,129972.3360,128643.1153,1329.2207,0.0000,9.70157,39844.2
6014,129972.3360,128643.1153,1329.2207,0.0000,9.70157,39852.2
6015,129972.3360,128643.1153,1329.2207,0.0000,9.70157,39859.1
6016,129972.3360,128643.1153,1329.2207,0.0000,9.70157,39866.6
6017,129972.3360,128643.1153,1329.2207,0.0000,9.70157,39873.1
6018,129972.3360,128643.1153,1329.2207,0.0000,9.70157,39879.3
6019,129972.3360,128643.1153,1329.2207,0.0185,9.72518,39885.5
6020,129972.3360,128643.1153,1329.2207,0.0000,9.72518,39892.3
6021,129972.3360,128643.1153,1329.2207,0.0000,9.72518,39899.1
6022,129972.3360,128643.1153,1329.2207,0.0000,9.72518,39905.9
6023,129972.3360,128643.1153,1329.2207,0.0185,9.72502,39912.6
6024,129972.3360,128643.1153,1329.2207,0.0000,9.72502,39919.2
6025,129972.3360,128643.1153,1329.2207,0.0000,9.72502,39925.6
6026,129972.3360,128643.1153,1329.2207,0.0000,9.72502,39932.7
6027,129972.3360,128643.1153,1329.2207,0.0000,9.72502,39939.4
6028,129972.3360,128643.1153,1329.2207,0.0000,9.72502,39946.5
6029,129972.3360,128643.1153,1329.2207,0.0000,9.72502,39953.0
6030,129972.3360,128643.1153,1329.2207,0.0000,9.72502,39959.8
6031,129972.3360,128643.1153,1329.2207,0.0000,9.72502,39966.7
6032,129972.3360,128643.1153,1329.2207,0.0000,9.72502,39974.3
6033,129972.3360,128643.1153,1329.2207,0.0000,9.72502,39981.1
6034,129972.3360,128643.1153,1329.2207,0.0000,9.72502,39988.2
6035,129972.3360,128643.1153,1329.2207,0.0000,9.72502,39995.0
6036,129972.3360,128643.1153,1329.2207,0.0000,9.72502,40001.6
6037,129972.3360,128643.1153,1329.2207,0.0000,9.72502,40008.5
6038,129972.3360,128643.1153,1329.2207,0.0000,9.72502,40015.3
6039,129972.3360,128643.1153,1329.2207,0.0000,9.72502,40021.9
6040,130028.9087,128643.1153,1385.7934,0.0185,9.74956,40029.0
6041,130028.9087,128643.1153,1385.7934,0.0000,9.74956,40035.5
6042,130028.9087,128643.1153,1385.7934,0.0000,9.74956,40041.9
6043,130028.9087,128643.1153,1385.7934,0.0000,9.74956,40048.9
6044,130028.9087,128643.1153,1385.7934,0.0000,9.74956,40056.2
6045,130028.9087,128643.1153,1385.7934,0.0000,9.74956,40063.2
6046,130028.9087,128643.1153,1385.7934,0.0000,9.74956,40070.6
6047,130028.9087,128643.1153,1385.7934,0.0000,9.74956,40077.3
6048,130028.9087,128643.1153,1385.7934,0.0000,9.74956,40084.8
6049,130028.9087,128643.1153,1385.7934,0.0000,9.74956,40091.8
6050,130028.9087,128643.1153,1385.7934,0.0000,9.74956,40098.3
6051,130028.9087,128643.1153,1385.7934,0.0000,9.74956,40104.9
6052,130028.9087,128643.1153,1385.7934,0.0000,9.74956,40111.0
6053,130028.9087,128643.1153,1385.7934,0.0000,9.74956,40118.4
6054,130028.9087,128643.1153,1385.7934,0.0000,9.74956,40125.8
6055,130028.9087,128643.1153,1385.7934,0.0000,9.74956,40132.2
6056,130028.9087,128643.1153,1385.7934,0.0000,9.74956,40138.9
6057,130028.9087,128643.1153,1385.7934,0.0000,9.74956,40145.7
6058,130028.9087,128643.1153,1385.7934,0.0000,9.74956,40152.7
6059,130028.9087,128643.1153,1385.7934,0.0000,9.74956,40159.4
6060,130028.9087,128643.1153,1385.7934,0.0000,9.74956,40166.1
6061,130028.9087,128643.1153,1385.7934,0.0000,9.74956,40173.7
6062,130028.9087,128643.1153,1385.7934,0.0000,9.74956,40180.8
6063,130028.9087,128643.1153,1385.7934,0.0000,9.74956,40187.6
6064,130028.9087,128643.1153,1385.7934,0.0000,9.74956,40194.6
6065,130028.9087,128643.1153,1385.7934,0.0000,9.74956,40201.3
6066,130028.9087,128643.1153,1385.7934,0.0000,9.74956,40207.9
6067,130028.9087,128643.1153,1385.7934,0.0000,9.74956,40214.0
6068,130028.9087,128643.1153,1385.7934,0.0000,9.74956,40220.7
6069,130028.9087,128643.1153,1385.7934,0.0000,9.74956,40228.3
6070,130028.9087,128643.1153,1385.7934,0.0000,9.74956,40234.8
6071,130028.9087,128643.1153,1385.7934,0.0000,9.74956,40241.5
6072,130028.9087,128643.1153,1385.7934,0.0000,9.74956,40248.1
6073,130028.9087,128643.1153,1385.7934,0.0000,9.74956,40255.5
6074,130028.9087,128643.1153,1385.7934,0.0000,9.74956,40262.9
6075,130028.9087,128643.1153,1385.7934,0.0000,9.74956,40269.4
6076,130028.9087,128643.1153,1385.7934,0.0000,9.74956,40276.2
6077,130028.9087,128643.1153,1385.7934,0.0000,9.74956,40283.0
6078,130028.9087,128643.1153,1385.7934,0.0000,9.74956,40290.1
6079,130028.9087,128643.1153,1385.7934,0.0000,9.74956,40297.5
6080,130028.9087,128643.1153,1385.7934,0.0000,9.74956,40304.8
6081,130028.9087,128643.1153,1385.7934,0.0000,9.74956,40311.8
6082,130028.9087,128643.1153,1385.7934,0.0000,9.74956,40318.0
6083,130028.9087,128643.1153,1385.7934,0.0000,9.74956,40325.1
6084,130028.9087,128643.1153,1385.7934,0.0000,9.74956,40332.7
6085,130028.9087,128643.1153,1385.7934,0.0000,9.74956,40339.3
6086,130028.9087,128643.1153,1385.7934,0.0000,9.74956,40345.7
6087,130028.9087,128643.1153,1385.7934,0.0000,9.74956,40352.3
6088,130028.9087,128643.1153,1385.7934,0.0000,9.74956,40359.4
6089,130028.9087,128643.1153,1385.7934,0.0000,9.74956,40366.2
6090,130028.9087,128643.1153,1385.7934,0.0000,9.74956,40373.3
6091,130028.9087,128643.1153,1385.7934,0.0000,9.74956,40379.9
6092,130028.9087,128643.1153,1385.7934,0.0000,9.74956,40387.5
6093,130028.9087,128643.1153,1385.7934,0.0000,9.74956,40394.1
6094,130028.9087,128643.1153,1385.7934,0.0185,9.80286,40401.0
6095,130028.9087,128643.1153,1385.7934,0.0000,9.80286,40407.3
6096,130028.9087,128643.1153,1385.7934,0.0000,9.80286,40414.6
6097,130028.9087,128643.1153,1385.7934,0.0000,9.80286,40421.3
6098,130028.9087,128643.1153,1385.7934,0.0000,9.80286,40429.0
6099,130028.9087,128643.1153,1385.7934,0.0185,9.8073,40435.4
6100,130028.9087,128643.1153,1385.7934,0.0000,9.8073,40442.2
6101,130028.9087,128643.1153,1385.7934,0.0000,9.8073,40449.0
6102,130028.9087,128643.1153,1385.7934,0.0000,9.8073,40457.2
6103,130028.9087,128643.1153,1385.7934,0.0000,9.8073,40464.4
6104,130028.9087,128643.1153,1385.7934,0.0000,9.8073,40471.8
6105,130028.9087,128643.1153,1385.7934,0.0000,9.8073,40478.6
6106,130028.9087,128643.1153,1385.7934,0.0000,9.8073,40485.4
6107,130028.9087,128643.1153,1385.7934,0.0000,9.8073,40492.6
6108,130028.9087,128643.1153,1385.7934,0.0000,9.8073,40498.9
6109,130028.9087,128643.1153,1385.7934,0.0000,9.8073,40506.0
6110,130028.9087,128643.1153,1385.7934,0.0000,9.8073,40513.6
6111,130028.9087,128643.1153,1385.7934,0.0000,9.8073,40520.5
6112,130028.9087,128643.1153,1385.7934,0.0000,9.8073,40527.6
6113,130028.9087,128643.1153,1385.7934,0.0000,9.8073,40534.5
6114,130028.9087,128643.1153,1385.7934,0.0000,9.8073,40542.0
6115,130028.9087,128643.1153,1385.7934,0.0000,9.8073,40548.8
6116,130028.9087,128643.1153,1385.7934,0.0000,9.8073,40555.4
6117,130028.9087,128643.1153,1385.7934,0.0000,9.8073,40562.2
6118,130028.9087,128643.1153,1385.7934,0.0000,9.8073,40569.4
6119,130028.9087,128643.1153,1385.7934,0.0000,9.8073,40576.0
6120,130028.9087,128643.1153,1385.7934,0.0000,9.8073,40583.4
6121,130028.9087,128643.1153,1385.7934,0.0000,9.8073,40590.7
6122,130028.9087,128643.1153,1385.7934,0.0000,9.8073,40597.3
6123,130028.9087,128643.1153,1385.7934,0.0185,9.82168,40605.2
6124,130028.9087,128643.1153,1385.7934,0.0000,9.82168,40612.5
6125,130028.9087,128643.1153,1385.7934,0.0000,9.82168,40619.9
6126,130028.9087,128643.1153,1385.7934,0.0000,9.82168,40627.0
6127,130028.9087,128643.1153,1385.7934,0.0000,9.82168,40633.7
6128,130028.9087,128643.1153,1385.7934,0.0000,9.82168,40640.0
6129,130028.9087,128643.1153,1385.7934,0.0000,9.82168,40646.6
6130,130028.9087,128643.1153,1385.7934,0.0000,9.82168,40653.1
6131,130028.9087,128643.1153,1385.7934,0.0000,9.82168,40661.0
6132,130028.9087,128643.1153,1385.7934,0.0000,9.82168,40667.6
6133,130028.9087,128643.1153,1385.7934,0.0000,9.82168,40674.6
6134,130028.9087,128643.1153,1385.7934,0.0000,9.82168,40681.4
6135,130028.9087,128643.1153,1385.7934,0.0000,9.82168,40687.8
6136,130028.9087,128643.1153,1385.7934,0.0000,9.82168,40694.3
6137,130028.9087,128643.1153,1385.7934,0.0000,9.82168,40701.1
6138,130028.9087,128643.1153,1385.7934,0.0000,9.82168,40708.4
6139,130028.9087,128643.1153,1385.7934,0.0000,9.82168,40715.5
6140,130028.9087,128643.1153,1385.7934,0.0000,9.82168,40723.3
6141,130028.9087,128643.1153,1385.7934,0.0000,9.82168,40730.3
6142,130028.9087,128643.1153,1385.7934,0.0000,9.82168,40737.3
6143,130028.9087,128643.1153,1385.7934,0.0000,9.82168,40744.3
6144,130028.9087,128643.1153,1385.7934,0.0000,9.82168,40750.4
6145,130028.9087,128643.1153,1385.7934,0.0000,9.82168,40757.6
6146,130028.9087,128643.1153,1385.7934,0.0000,9.82168,40764.1
6147,130028.9087,128643.1153,1385.7934,0.0000,9.82168,40770.9
6148,130028.9087,128643.1153,1385.7934,0.0000,9.82168,40777.5
6149,130028.9087,128643.1153,1385.7934,0.0000,9.82168,40784.6
6150,130028.9087,128643.1153,1385.7934,0.0000,9.82168,40791.4
6151,130028.9087,128643.1153,1385.7934,0.0000,9.82168,40797.7
6152,130028.9087,128643.1153,1385.7934,0.0000,9.82168,40805.0
6153,130028.9087,128643.1153,1385.7934,0.0185,9.83032,40811.7
6154,130028.9087,128643.1153,1385.7934,0.0000,9.83032,40818.8
6155,130028.9087,128643.1153,1385.7934,0.0000,9.83032,40825.1
6156,130028.9087,128643.1153,1385.7934,0.0185,9.84928,40831.8
6157,130028.9087,128643.1153,1385.7934,0.0000,9.84928,40839.2
6158,130028.9087,128643.1153,1385.7934,0.0000,9.84928,40845.8
6159,130028.9087,128643.1153,1385.7934,0.0000,9.84928,40853.0
6160,130028.9087,128643.1153,1385.7934,0.0000,9.84928,40859.4
6161,130028.9087,128643.1153,1385.7934,0.0000,9.84928,40865.9
6162,130028.9087,128643.1153,1385.7934,0.0000,9.84928,40872.4
6163,130028.9087,128643.1153,1385.7934,0.0000,9.84928,40879.9
6164,130028.9087,128643.1153,1385.7934,0.0000,9.84928,40887.5
6165,130028.9087,128643.1153,1385.7934,0.0000,9.84928,40893.9
6166,130028.9087,128643.1153,1385.7934,0.0000,9.84928,40900.5
6167,130028.9087,128643.1153,1385.7934,0.0000,9.84928,40907.3
6168,130028.9087,128643.1153,1385.7934,0.0000,9.84928,40913.9
6169,130028.9087,128643.1153,1385.7934,0.0000,9.84928,40920.6
6170,130028.9087,128643.1153,1385.7934,0.0000,9.84928,40927.0
6171,130028.9087,128643.1153,1385.7934,0.0000,9.84928,40933.6
6172,130028.9087,128643.1153,1385.7934,0.0000,9.84928,40940.0
6173,130028.9087,128643.1153,1385.7934,0.0000,9.84928,40947.3
6174,130028.9087,128643.1153,1385.7934,0.0000,9.84928,40954.2
6175,130028.9087,128643.1153,1385.7934,0.0000,9.84928,40960.9
6176,130028.9087,128643.1153,1385.7934,0.0000,9.84928,40967.0
6177,130028.9087,128643.1153,1385.7934,0.0000,9.84928,40973.7
6178,130028.9087,128643.1153,1385.7934,0.0000,9.84928,40980.3
6179,130028.9087,128643.1153,1385.7934,0.0000,9.84928,40987.5
6180,130028.9087,128643.1153,1385.7934,0.0000,9.84928,40993.4
6181,130028.9087,128643.1153,1385.7934,0.0000,9.84928,41000.5
6182,130028.9087,128643.1153,1385.7934,0.0000,9.84928,41007.1
6183,130028.9087,128643.1153,1385.7934,0.0000,9.84928,41013.9
6184,130028.9087,128643.1153,1385.7934,0.0000,9.84928,41021.7
6185,130028.9087,128643.1153,1385.7934,0.0000,9.84928,41028.5
6186,130028.9087,128643.1153,1385.7934,0.0000,9.84928,41035.2
6187,130028.9087,128643.1153,1385.7934,0.0000,9.84928,41042.8
6188,130028.9087,128643.1153,1385.7934,0.0000,9.84928,41049.1
6189,130028.9087,128643.1153,1385.7934,0.0000,9.84928,41056.3
6190,130028.9087,128643.1153,1385.7934,0.0000,9.84928,41062.7
6191,130028.9087,128643.1153,1385.7934,0.0000,9.84928,41069.6
6192,130028.9087,128643.1153,1385.7934,0.0000,9.84928,41076.3
6193,130028.9087,128643.1153,1385.7934,0.0000,9.84928,41082.6
6194,130028.9087,128643.1153,1385.7934,0.0000,9.84928,41089.7
6195,130028.9087,128643.1153,1385.7934,0.0000,9.84928,41096.7
6196,130028.9087,128643.1153,1385.7934,0.0000,9.84928,41103.3
6197,130028.9087,128643.1153,1385.7934,0.0000,9.84928,41110.3
6198,130028.9087,128643.1153,1385.7934,0.0000,9.84928,41116.4
6199,130028.9087,128643.1153,1385.7934,0.0000,9.84928,41123.4
6200,130028.9087,128643.1153,1385.7934,0.0000,9.84928,41129.5
6201,130028.9087,128643.1153,1385.7934,0.0000,9.84928,41136.9
6202,130028.9087,128643.1153,1385.7934,0.0185,9.85434,41143.8
6203,130028.9087,128643.1153,1385.7934,0.0000,9.85434,41150.9
6204,130028.9087,128643.1153,1385.7934,0.0000,9.85434,41157.6
6205,130028.9087,128643.1153,1385.7934,0.0000,9.85434,41164.6
6206,130028.9087,128643.1153,1385.7934,0.0000,9.85434,41171.8
6207,130028.9087,128643.1153,1385.7934,0.0000,9.85434,41179.1
6208,130028.9087,128643.1153,1385.7934,0.0000,9.85434,41186.3
6209,130028.9087,128643.1153,1385.7934,0.0000,9.85434,41192.9
6210,130028.9087,128643.1153,1385.7934,0.0000,9.85434,41199.7
6211,130028.9087,128643.1153,1385.7934,0.0000,9.85434,41207.1
6212,130028.9087,128643.1153,1385.7934,0.0000,9.85434,41215.0
6213,130028.9087,128643.1153,1385.7934,0.0000,9.85434,41221.9
6214,130028.9087,128643.1153,1385.7934,0.0000,9.85434,41228.3
6215,130028.9087,128643.1153,1385.7934,0.0000,9.85434,41234.9
6216,130028.9087,128643.1153,1385.7934,0.0000,9.85434,41241.6
6217,130028.9087,128643.1153,1385.7934,0.0000,9.85434,41247.6
6218,130028.9087,128643.1153,1385.7934,0.0000,9.85434,41254.2
6219,130028.9087,128643.1153,1385.7934,0.0000,9.85434,41261.1
6220,130028.9087,128643.1153,1385.7934,0.0000,9.85434,41268.1
6221,130028.9087,128643.1153,1385.7934,0.0000,9.85434,41275.4
6222,130028.9087,128643.1153,1385.7934,0.0000,9.85434,41282.8
6223,130028.9087,128643.1153,1385.7934,0.0000,9.85434,41289.8
6224,130028.9087,128643.1153,1385.7934,0.0000,9.85434,41296.8
6225,130028.9087,128643.1153,1385.7934,0.0000,9.85434,41303.9
6226,130028.9087,128643.1153,1385.7934,0.0000,9.85434,41310.3
6227,130028.9087,128643.1153,1385.7934,0.0000,9.85434,41316.6
6228,130028.9087,128643.1153,1385.7934,0.0000,9.85434,41322.9
6229,130028.9087,128643.1153,1385.7934,0.0000,9.85434,41329.8
6230,130028.9087,128643.1153,1385.7934,0.0000,9.85434,41337.2
6231,130028.9087,128643.1153,1385.7934,0.0000,9.85434,41343.7
6232,130028.9087,128643.1153,1385.7934,0.0000,9.85434,41350.2
6233,130028.9087,128643.1153,1385.7934,0.0000,9.85434,41357.1
6234,130028.9087,128643.1153,1385.7934,0.0000,9.85434,41364.6
6235,130028.9087,128643.1153,1385.7934,0.0000,9.85434,41371.5
6236,130028.9087,128643.1153,1385.7934,0.0000,9.85434,41378.5
6237,130028.9087,128643.1153,1385.7934,0.0000,9.85434,41385.4
6238,130028.9087,128643.1153,1385.7934,0.0000,9.85434,41392.4
6239,130028.9087,128643.1153,1385.7934,0.0000,9.85434,41400.3
6240,130028.9087,128643.1153,1385.7934,0.0000,9.85434,41407.0
6241,130028.9087,128643.1153,1385.7934,0.0000,9.85434,41415.1
6242,130028.9087,128643.1153,1385.7934,0.0000,9.85434,41421.6
6243,130028.9087,128643.1153,1385.7934,0.0000,9.85434,41428.6
6244,130028.9087,128643.1153,1385.7934,0.0000,9.85434,41435.4
6245,130028.9087,128643.1153,1385.7934,0.0000,9.85434,41441.5
6246,130028.9087,128643.1153,1385.7934,0.0000,9.85434,41448.5
6247,130028.9087,128643.1153,1385.7934,0.0000,9.85434,41455.2
6248,130028.9087,128643.1153,1385.7934,0.0000,9.85434,41463.4
6249,130028.9087,128643.1153,1385.7934,0.0000,9.85434,41469.5
6250,130028.9087,128643.1153,1385.7934,0.0000,9.85434,41476.5
6251,130028.9087,128643.1153,1385.7934,0.0000,9.85434,41483.5
6252,130028.9087,128643.1153,1385.7934,0.0000,9.85434,41490.9
6253,130028.9087,128643.1153,1385.7934,0.0000,9.85434,41497.1
6254,130028.9087,128643.1153,1385.7934,0.0000,9.85434,41504.3
6255,130028.9087,128643.1153,1385.7934,0.0370,9.84224,41511.0
6256,130028.9087,128643.1153,1385.7934,0.0000,9.84224,41518.4
6257,130028.9087,128643.1153,1385.7934,0.0000,9.84224,41525.9
6258,130028.9087,128643.1153,1385.7934,0.0000,9.84224,41532.9
6259,130028.9087,128643.1153,1385.7934,0.0000,9.84224,41540.1
6260,130028.9087,128643.1153,1385.7934,0.0000,9.84224,41548.0
6261,130028.9087,128643.1153,1385.7934,0.0000,9.84224,41555.0
6262,130028.9087,128643.1153,1385.7934,0.0000,9.84224,41562.4
6263,130028.9087,128643.1153,1385.7934,0.0000,9.84224,41569.5
6264,130028.9087,128643.1153,1385.7934,0.0000,9.84224,41577.1
6265,130028.9087,128643.1153,1385.7934,0.0000,9.84224,41584.2
6266,130028.9087,128643.1153,1385.7934,0.0000,9.84224,41591.5
6267,130028.9087,128643.1153,1385.7934,0.0000,9.84224,41598.7
6268,130028.9087,128643.1153,1385.7934,0.0000,9.84224,41605.9
6269,130028.9087,128643.1153,1385.7934,0.0185,9.86228,41612.2
6270,130028.9087,128643.1153,1385.7934,0.0000,9.86228,41619.8
6271,130028.9087,128643.1153,1385.7934,0.0185,9.85895,41626.5
6272,130028.9087,128643.1153,1385.7934,0.0000,9.85895,41633.3
6273,130028.9087,128643.1153,1385.7934,0.0000,9.85895,41640.8
6274,130028.9087,128643.1153,1385.7934,0.0000,9.85895,41648.1
6275,130028.9087,128643.1153,1385.7934,0.0000,9.85895,41655.5
6276,130028.9087,128643.1153,1385.7934,0.0000,9.85895,41662.7
6277,130028.9087,128643.1153,1385.7934,0.0000,9.85895,41669.8
6278,130028.9087,128643.1153,1385.7934,0.0000,9.85895,41676.9
6279,130028.9087,128643.1153,1385.7934,0.0000,9.85895,41683.6
6280,130028.9087,128643.1153,1385.7934,0.0000,9.85895,41690.7
6281,130028.9087,128643.1153,1385.7934,0.0000,9.85895,41698.1
6282,130028.9087,128643.1153,1385.7934,0.0000,9.85895,41705.4
6283,130028.9087,128643.1153,1385.7934,0.0000,9.85895,41712.3
6284,130028.9087,128643.1153,1385.7934,0.0000,9.85895,41718.6
6285,130028.9087,128643.1153,1385.7934,0.0000,9.85895,41725.9
6286,130028.9087,128643.1153,1385.7934,0.0000,9.85895,41732.4
6287,130028.9087,128643.1153,1385.7934,0.0000,9.85895,41739.1
6288,130028.9087,128643.1153,1385.7934,0.0000,9.85895,41745.9
6289,130028.9087,128643.1153,1385.7934,0.0000,9.85895,41752.5
6290,130028.9087,128643.1153,1385.7934,0.0000,9.85895,41759.5
6291,130028.9087,128643.1153,1385.7934,0.0000,9.85895,41766.4
6292,130028.9087,128643.1153,1385.7934,0.0000,9.85895,41773.5
6293,130028.9087,128643.1153,1385.7934,0.0000,9.85895,41780.1
6294,130028.9087,128643.1153,1385.7934,0.0000,9.85895,41787.5
6295,130028.9087,128643.1153,1385.7934,0.0000,9.85895,41794.7
6296,130028.9087,128643.1153,1385.7934,0.0000,9.85895,41802.2
6297,130028.9087,128643.1153,1385.7934,0.0000,9.85895,41809.3
6298,130028.9087,128643.1153,1385.7934,0.0185,9.86263,41816.8
6299,130028.9087,128643.1153,1385.7934,0.0000,9.86263,41823.6
6300,130028.9087,128643.1153,1385.7934,0.0000,9.86263,41830.6
6301,130028.9087,128643.1153,1385.7934,0.0000,9.86263,41837.8
6302,130028.9087,128643.1153,1385.7934,0.0000,9.86263,41845.0
6303,130028.9087,128643.1153,1385.7934,0.0000,9.86263,41852.0
6304,130028.9087,128643.1153,1385.7934,0.0000,9.86263,41859.1
6305,130028.9087,128643.1153,1385.7934,0.0000,9.86263,41866.5
6306,130028.9087,128643.1153,1385.7934,0.0000,9.86263,41872.9
6307,130028.9087,128643.1153,1385.7934,0.0000,9.86263,41878.7
6308,130028.9087,128643.1153,1385.7934,0.0000,9.86263,41886.1
6309,130028.9087,128643.1153,1385.7934,0.0000,9.86263,41893.0
6310,130028.9087,128643.1153,1385.7934,0.0000,9.86263,41899.8
6311,130028.9087,128643.1153,1385.7934,0.0000,9.86263,41906.3
6312,130028.9087,128643.1153,1385.7934,0.0185,9.84394,41914.4
6313,130028.9087,128643.1153,1385.7934,0.0000,9.84394,41921.3
6314,130028.9087,128643.1153,1385.7934,0.0000,9.84394,41928.6
6315,130028.9087,128643.1153,1385.7934,0.0000,9.84394,41935.1
6316,130028.9087,128643.1153,1385.7934,0.0000,9.84394,41942.4
6317,130028.9087,128643.1153,1385.7934,0.0000,9.84394,41949.5
6318,130028.9087,128643.1153,1385.7934,0.0000,9.84394,41955.7
6319,130028.9087,128643.1153,1385.7934,0.0000,9.84394,41963.3
6320,130028.9087,128643.1153,1385.7934,0.0000,9.84394,41970.4
6321,130028.9087,128643.1153,1385.7934,0.0000,9.84394,41976.6
6322,130028.9087,128643.1153,1385.7934,0.0000,9.84394,41984.3
6323,130028.9087,128643.1153,1385.7934,0.0000,9.84394,41991.3
6324,130028.9087,128643.1153,1385.7934,0.0000,9.84394,41997.9
6325,130028.9087,128643.1153,1385.7934,0.0000,9.84394,42005.5
6326,130028.9087,128643.1153,1385.7934,0.0000,9.84394,42011.5
6327,130028.9087,128643.1153,1385.7934,0.0000,9.84394,42018.0
6328,130028.9087,128643.1153,1385.7934,0.0000,9.84394,42025.5
6329,130028.9087,128643.1153,1385.7934,0.0000,9.84394,42032.7
6330,130028.9087,128643.1153,1385.7934,0.0000,9.84394,42039.8
6331,130028.9087,128643.1153,1385.7934,0.0000,9.84394,42045.6
6332,130028.9087,128643.1153,1385.7934,0.0000,9.84394,42052.6
6333,130028.9087,128643.1153,1385.7934,0.0000,9.84394,42059.4
6334,130028.9087,128643.1153,1385.7934,0.0185,9.8248,42066.3
6335,130028.9087,128643.1153,1385.7934,0.0000,9.8248,42074.3
6336,130028.9087,128643.1153,1385.7934,0.0000,9.8248,42081.2
6337,130028.9087,128643.1153,1385.7934,0.0000,9.8248,42088.1
6338,130028.9087,128643.1153,1385.7934,0.0000,9.8248,42094.9
6339,130028.9087,128643.1153,1385.7934,0.0000,9.8248,42101.9
6340,130028.9087,128643.1153,1385.7934,0.0000,9.8248,42109.3
6341,130028.9087,128643.1153,1385.7934,0.0000,9.8248,42116.3
6342,130028.9087,128643.1153,1385.7934,0.0000,9.8248,42122.7
6343,130028.9087,128643.1153,1385.7934,0.0000,9.8248,42129.1
6344,130028.9087,128643.1153,1385.7934,0.0000,9.8248,42136.6
6345,130028.9087,128643.1153,1385.7934,0.0000,9.8248,42143.5
6346,130028.9087,128643.1153,1385.7934,0.0000,9.8248,42150.0
6347,130028.9087,128643.1153,1385.7934,0.0000,9.8248,42157.5
6348,130028.9087,128643.1153,1385.7934,0.0000,9.8248,42163.5
6349,130028.9087,128643.1153,1385.7934,0.0000,9.8248,42170.8
6350,130028.9087,128643.1153,1385.7934,0.0000,9.8248,42178.4
6351,130028.9087,128643.1153,1385.7934,0.0000,9.8248,42185.3
6352,130028.9087,128643.1153,1385.7934,0.0000,9.8248,42191.8
6353,130028.9087,128643.1153,1385.7934,0.0000,9.8248,42198.9
6354,130028.9087,128643.1153,1385.7934,0.0000,9.8248,42206.5
6355,130028.9087,128643.1153,1385.7934,0.0000,9.8248,42213.3
6356,130028.9087,128643.1153,1385.7934,0.0000,9.8248,42219.7
6357,130028.9087,128643.1153,1385.7934,0.0000,9.8248,42227.1
6358,130028.9087,128643.1153,1385.7934,0.0000,9.8248,42233.7
6359,130028.9087,128643.1153,1385.7934,0.0000,9.8248,42240.6
6360,130028.9087,128643.1153,1385.7934,0.0000,9.8248,42246.8
6361,130028.9087,128643.1153,1385.7934,0.0000,9.8248,42254.2
6362,130028.9087,128643.1153,1385.7934,0.0000,9.8248,42260.4
6363,130028.9087,128643.1153,1385.7934,0.0000,9.8248,42266.0
6364,130028.9087,128643.1153,1385.7934,0.0000,9.8248,42273.6
6365,130028.9087,128643.1153,1385.7934,0.0000,9.8248,42280.5
6366,130028.9087,128643.1153,1385.7934,0.0000,9.8248,42286.9
6367,130028.9087,128643.1153,1385.7934,0.0185,9.80437,42293.3
6368,130028.9087,128643.1153,1385.7934,0.0000,9.80437,42300.8
6369,130028.9087,128643.1153,1385.7934,0.0000,9.80437,42307.2
6370,130028.9087,128643.1153,1385.7934,0.0000,9.80437,42314.3
6371,130028.9087,128643.1153,1385.7934,0.0000,9.80437,42321.0
6372,130028.9087,128643.1153,1385.7934,0.0000,9.80437,42327.5
6373,130028.9087,128643.1153,1385.7934,0.0000,9.80437,42334.4
6374,130028.9087,128643.1153,1385.7934,0.0000,9.80437,42340.8
6375,130028.9087,128643.1153,1385.7934,0.0000,9.80437,42347.7
6376,130028.9087,128643.1153,1385.7934,0.0000,9.80437,42355.4
6377,130028.9087,128643.1153,1385.7934,0.0000,9.80437,42361.9
6378,130028.9087,128643.1153,1385.7934,0.0000,9.80437,42368.7
6379,130028.9087,128643.1153,1385.7934,0.0000,9.80437,42376.3
6380,130028.9087,128643.1153,1385.7934,0.0000,9.80437,42383.1
6381,130028.9087,128643.1153,1385.7934,0.0000,9.80437,42390.5
6382,130028.9087,128643.1153,1385.7934,0.0000,9.80437,42396.8
6383,130028.9087,128643.1153,1385.7934,0.0185,9.80952,42403.0
6384,130028.9087,128643.1153,1385.7934,0.0000,9.80952,42409.8
6385,130028.9087,128643.1153,1385.7934,0.0000,9.80952,42417.1
6386,130028.9087,128643.1153,1385.7934,0.0000,9.80952,42423.9
6387,130028.9087,128643.1153,1385.7934,0.0000,9.80952,42430.5
6388,130028.9087,128643.1153,1385.7934,0.0000,9.80952,42437.6
6389,130028.9087,128643.1153,1385.7934,0.0000,9.80952,42443.7
6390,130100.8778,128643.1153,1457.7625,0.0185,9.75931,42450.8
6391,130100.8778,128643.1153,1457.7625,0.0000,9.75931,42457.6
6392,130100.8778,128643.1153,1457.7625,0.0000,9.75931,42464.6
6393,130100.8778,128643.1153,1457.7625,0.0000,9.75931,42471.2
6394,130100.8778,128643.1153,1457.7625,0.0000,9.75931,42478.2
6395,130100.8778,128643.1153,1457.7625,0.0000,9.75931,42485.0
6396,130100.8778,128643.1153,1457.7625,0.0000,9.75931,42491.9
6397,130100.8778,128643.1153,1457.7625,0.0000,9.75931,42498.7
6398,130100.8778,128643.1153,1457.7625,0.0000,9.75931,42505.9
6399,130100.8778,128643.1153,1457.7625,0.0000,9.75931,42513.6
6400,130100.8778,128643.1153,1457.7625,0.0000,9.75931,42519.4
6401,130100.8778,128643.1153,1457.7625,0.0000,9.75931,42526.4
6402,130100.8778,128643.1153,1457.7625,0.0000,9.75931,42533.5
6403,130100.8778,128643.1153,1457.7625,0.0000,9.75931,42540.9
6404,130100.8778,128643.1153,1457.7625,0.0000,9.75931,42548.2
6405,130100.8778,128643.1153,1457.7625,0.0000,9.75931,42554.9
6406,130100.8778,128643.1153,1457.7625,0.0000,9.75931,42561.4
6407,130100.8778,128643.1153,1457.7625,0.0000,9.75931,42568.1
6408,130100.8778,128643.1153,1457.7625,0.0000,9.75931,42575.1
6409,130100.8778,128643.1153,1457.7625,0.0000,9.75931,42581.6
6410,130100.8778,128643.1153,1457.7625,0.0000,9.75931,42589.0
6411,130100.8778,128643.1153,1457.7625,0.0000,9.75931,42596.9
6412,130100.8778,128643.1153,1457.7625,0.0000,9.75931,42603.1
6413,130100.8778,128643.1153,1457.7625,0.0000,9.75931,42609.7
6414,130100.8778,128643.1153,1457.7625,0.0000,9.75931,42616.4
6415,130100.8778,128643.1153,1457.7625,0.0000,9.75931,42623.1
6416,130100.8778,128643.1153,1457.7625,0.0000,9.75931,42630.5
6417,130100.8778,128643.1153,1457.7625,0.0000,9.75931,42638.0
6418,130100.8778,128643.1153,1457.7625,0.0000,9.75931,42644.9
6419,130100.8778,128643.1153,1457.7625,0.0000,9.75931,42652.2
6420,130100.8778,128643.1153,1457.7625,0.0000,9.75931,42658.8
6421,130100.8778,128643.1153,1457.7625,0.0000,9.75931,42665.5
6422,130100.8778,128643.1153,1457.7625,0.0000,9.75931,42672.6
6423,130100.8778,128643.1153,1457.7625,0.0000,9.75931,42679.1
6424,130100.8778,128643.1153,1457.7625,0.0000,9.75931,42686.4
6425,130100.8778,128643.1153,1457.7625,0.0000,9.75931,42692.7
6426,130100.8778,128643.1153,1457.7625,0.0000,9.75931,42699.4
6427,130100.8778,128643.1153,1457.7625,0.0000,9.75931,42706.5
6428,130100.8778,128643.1153,1457.7625,0.0000,9.75931,42714.2
6429,130100.8778,128643.1153,1457.7625,0.0000,9.75931,42721.1
6430,130100.8778,128643.1153,1457.7625,0.0000,9.75931,42728.0
6431,130100.8778,128643.1153,1457.7625,0.0000,9.75931,42735.8
6432,130100.8778,128643.1153,1457.7625,0.0000,9.75931,42742.1
6433,130100.8778,128643.1153,1457.7625,0.0000,9.75931,42748.5
6434,130100.8778,128643.1153,1457.7625,0.0000,9.75931,42755.6
6435,130100.8778,128643.1153,1457.7625,0.0000,9.75931,42762.3
6436,130100.8778,128643.1153,1457.7625,0.0000,9.75931,42769.8
6437,130100.8778,128643.1153,1457.7625,0.0185,9.80127,42776.4
6438,130100.8778,128643.1153,1457.7625,0.0000,9.80127,42782.8
6439,130100.8778,128643.1153,1457.7625,0.0000,9.80127,42790.4
6440,130100.8778,128643.1153,1457.7625,0.0000,9.80127,42796.7
6441,130100.8778,128643.1153,1457.7625,0.0000,9.80127,42804.0
6442,130100.8778,128643.1153,1457.7625,0.0000,9.80127,42810.7
6443,130100.8778,128643.1153,1457.7625,0.0000,9.80127,42817.7
6444,130100.8778,128643.1153,1457.7625,0.0000,9.80127,42823.9
6445,130100.8778,128643.1153,1457.7625,0.0000,9.80127,42830.8
6446,130100.8778,128643.1153,1457.7625,0.0000,9.80127,42837.3
6447,130100.8778,128643.1153,1457.7625,0.0000,9.80127,42844.3
6448,130100.8778,128643.1153,1457.7625,0.0000,9.80127,42851.5
6449,130100.8778,128643.1153,1457.7625,0.0000,9.80127,42857.9
6450,130100.8778,128643.1153,1457.7625,0.0000,9.80127,42864.5
6451,130100.8778,128643.1153,1457.7625,0.0000,9.80127,42870.6
6452,130100.8778,128643.1153,1457.7625,0.0000,9.80127,42877.5
6453,130100.8778,128643.1153,1457.7625,0.0000,9.80127,42884.5
6454,130100.8778,128643.1153,1457.7625,0.0000,9.80127,42891.3
6455,130100.8778,128643.1153,1457.7625,0.0000,9.80127,42898.4
6456,130100.8778,128643.1153,1457.7625,0.0185,9.85258,42905.9
6457,130100.8778,128643.1153,1457.7625,0.0000,9.85258,42913.0
6458,130100.8778,128643.1153,1457.7625,0.0000,9.85258,42920.0
6459,130100.8778,128643.1153,1457.7625,0.0000,9.85258,42927.6
6460,130100.8778,128643.1153,1457.7625,0.0000,9.85258,42934.6
6461,130100.8778,128643.1153,1457.7625,0.0000,9.85258,42940.8
6462,130100.8778,128643.1153,1457.7625,0.0000,9.85258,42947.8
6463,130100.8778,128643.1153,1457.7625,0.0000,9.85258,42954.8
6464,130100.8778,128643.1153,1457.7625,0.0000,9.85258,42962.0
6465,130100.8778,128643.1153,1457.7625,0.0000,9.85258,42968.6
6466,130100.8778,128643.1153,1457.7625,0.0000,9.85258,42975.9
6467,130100.8778,128643.1153,1457.7625,0.0000,9.85258,42983.1
6468,130100.8778,128643.1153,1457.7625,0.0000,9.85258,42990.0
6469,130100.8778,128643.1153,1457.7625,0.0000,9.85258,42997.3
6470,130100.8778,128643.1153,1457.7625,0.0000,9.85258,43003.8
6471,130100.8778,128643.1153,1457.7625,0.0000,9.85258,43011.0
6472,130100.8778,128643.1153,1457.7625,0.0000,9.85258,43018.7
6473,130100.8778,128643.1153,1457.7625,0.0000,9.85258,43025.4
6474,130100.8778,128643.1153,1457.7625,0.0000,9.85258,43032.4
6475,130100.8778,128643.1153,1457.7625,0.0000,9.85258,43039.7
6476,130100.8778,128643.1153,1457.7625,0.0000,9.85258,43046.3
6477,130100.8778,128643.1153,1457.7625,0.0000,9.85258,43052.0
6478,130100.8778,128643.1153,1457.7625,0.0000,9.85258,43058.8
6479,130100.8778,128643.1153,1457.7625,0.0000,9.85258,43066.5
6480,130100.8778,128643.1153,1457.7625,0.0000,9.85258,43073.8
6481,130100.8778,128643.1153,1457.7625,0.0000,9.85258,43081.0
6482,130100.8778,128643.1153,1457.7625,0.0000,9.85258,43088.7
6483,130100.8778,128643.1153,1457.7625,0.0000,9.85258,43096.1
6484,130100.8778,128643.1153,1457.7625,0.0000,9.85258,43102.9
6485,130100.8778,128643.1153,1457.7625,0.0000,9.85258,43110.5
6486,130100.8778,128643.1153,1457.7625,0.0000,9.85258,43117.4
6487,130100.8778,128643.1153,1457.7625,0.0000,9.85258,43123.9
6488,130100.8778,128643.1153,1457.7625,0.0000,9.85258,43130.9
6489,130100.8778,128643.1153,1457.7625,0.0000,9.85258,43137.9
6490,130100.8778,128643.1153,1457.7625,0.0000,9.85258,43144.0
6491,130100.8778,128643.1153,1457.7625,0.0000,9.85258,43150.8
6492,130100.8778,128643.1153,1457.7625,0.0000,9.85258,43157.4
6493,130100.8778,128643.1153,1457.7625,0.0000,9.85258,43164.6
6494,130100.8778,128643.1153,1457.7625,0.0000,9.85258,43171.2
6495,130100.8778,128643.1153,1457.7625,0.0000,9.85258,43178.4
6496,130100.8778,128643.1153,1457.7625,0.0000,9.85258,43185.7
6497,130100.8778,128643.1153,1457.7625,0.0000,9.85258,43192.6
6498,130100.8778,128643.1153,1457.7625,0.0185,9.85105,43199.8
6499,130100.8778,128643.1153,1457.7625,0.0000,9.85105,43206.3
6500,130100.8778,128643.1153,1457.7625,0.0000,9.85105,43212.8
6501,130100.8778,128643.1153,1457.7625,0.0000,9.85105,43219.2
6502,130100.8778,128643.1153,1457.7625,0.0185,9.85363,43226.3
6503,130100.8778,128643.1153,1457.7625,0.0000,9.85363,43232.8
6504,130100.8778,128643.1153,1457.7625,0.0000,9.85363,43240.3
6505,130100.8778,128643.1153,1457.7625,0.0000,9.85363,43247.7
6506,130100.8778,128643.1153,1457.7625,0.0000,9.85363,43255.0
6507,130100.8778,128643.1153,1457.7625,0.0000,9.85363,43262.2
6508,130100.8778,128643.1153,1457.7625,0.0000,9.85363,43269.0
6509,130100.8778,128643.1153,1457.7625,0.0000,9.85363,43275.6
6510,130100.8778,128643.1153,1457.7625,0.0000,9.85363,43281.9
6511,130100.8778,128643.1153,1457.7625,0.0000,9.85363,43289.3
6512,130100.8778,128643.1153,1457.7625,0.0000,9.85363,43296.5
6513,130100.8778,128643.1153,1457.7625,0.0000,9.85363,43303.1
6514,130100.8778,128643.1153,1457.7625,0.0000,9.85363,43310.4
6515,130100.8778,128643.1153,1457.7625,0.0000,9.85363,43317.5
6516,130100.8778,128643.1153,1457.7625,0.0000,9.85363,43324.3
6517,130100.8778,128643.1153,1457.7625,0.0000,9.85363,43331.0
6518,130100.8778,128643.1153,1457.7625,0.0000,9.85363,43338.1
6519,130100.8778,128643.1153,1457.7625,0.0000,9.85363,43345.2
6520,130100.8778,128643.1153,1457.7625,0.0000,9.85363,43352.1
6521,130100.8778,128643.1153,1457.7625,0.0000,9.85363,43359.1
6522,130100.8778,128643.1153,1457.7625,0.0000,9.85363,43366.8
6523,130100.8778,128643.1153,1457.7625,0.0000,9.85363,43373.4
6524,130100.8778,128643.1153,1457.7625,0.0185,9.87338,43380.8
6525,130100.8778,128643.1153,1457.7625,0.0000,9.87338,43387.3
6526,130100.8778,128643.1153,1457.7625,0.0000,9.87338,43393.8
6527,130100.8778,128643.1153,1457.7625,0.0000,9.87338,43401.6
6528,130100.8778,128643.1153,1457.7625,0.0185,9.87852,43409.0
6529,130100.8778,128643.1153,1457.7625,0.0000,9.87852,43416.1
6530,130100.8778,128643.1153,1457.7625,0.0000,9.87852,43422.7
6531,130100.8778,128643.1153,1457.7625,0.0000,9.87852,43429.7
6532,130100.8778,128643.1153,1457.7625,0.0000,9.87852,43436.3
6533,130100.8778,128643.1153,1457.7625,0.0000,9.87852,43443.5
6534,130100.8778,128643.1153,1457.7625,0.0000,9.87852,43450.6
6535,130100.8778,128643.1153,1457.7625,0.0000,9.87852,43458.0
6536,130100.8778,128643.1153,1457.7625,0.0000,9.87852,43464.5
6537,130100.8778,128643.1153,1457.7625,0.0000,9.87852,43470.8
6538,130100.8778,128643.1153,1457.7625,0.0000,9.87852,43477.9
6539,130100.8778,128643.1153,1457.7625,0.0000,9.87852,43485.0
6540,130100.8778,128643.1153,1457.7625,0.0185,9.86705,43492.1
6541,130100.8778,128643.1153,1457.7625,0.0000,9.86705,43498.9
6542,130100.8778,128643.1153,1457.7625,0.0000,9.86705,43505.8
6543,130100.8778,128643.1153,1457.7625,0.0000,9.86705,43513.1
6544,130100.8778,128643.1153,1457.7625,0.0000,9.86705,43520.4
6545,130100.8778,128643.1153,1457.7625,0.0000,9.86705,43527.1
6546,130100.8778,128643.1153,1457.7625,0.0000,9.86705,43535.2
6547,130100.8778,128643.1153,1457.7625,0.0000,9.86705,43541.9
6548,130100.8778,128643.1153,1457.7625,0.0000,9.86705,43548.7
6549,130100.8778,128643.1153,1457.7625,0.0000,9.86705,43555.1
6550,130100.8778,128643.1153,1457.7625,0.0000,9.86705,43561.7
6551,130100.8778,128643.1153,1457.7625,0.0000,9.86705,43568.5
6552,130100.8778,128643.1153,1457.7625,0.0000,9.86705,43575.3
6553,130100.8778,128643.1153,1457.7625,0.0000,9.86705,43582.3
6554,130100.8778,128643.1153,1457.7625,0.0000,9.86705,43589.1
6555,130100.8778,128643.1153,1457.7625,0.0000,9.86705,43596.4
6556,130100.8778,128643.1153,1457.7625,0.0000,9.86705,43603.8
6557,130100.8778,128643.1153,1457.7625,0.0000,9.86705,43610.2
6558,130100.8778,128643.1153,1457.7625,0.0000,9.86705,43617.8
6559,130100.8778,128643.1153,1457.7625,0.0000,9.86705,43624.2
6560,130100.8778,128643.1153,1457.7625,0.0000,9.86705,43631.4
6561,130100.8778,128643.1153,1457.7625,0.0000,9.86705,43638.5
6562,130100.8778,128643.1153,1457.7625,0.0000,9.86705,43645.1
6563,130100.8778,128643.1153,1457.7625,0.0000,9.86705,43651.8
6564,130100.8778,128643.1153,1457.7625,0.0000,9.86705,43659.1
6565,130100.8778,128643.1153,1457.7625,0.0000,9.86705,43665.5
6566,130100.8778,128643.1153,1457.7625,0.0000,9.86705,43672.8
6567,130100.8778,128643.1153,1457.7625,0.0000,9.86705,43680.4
6568,130100.8778,128643.1153,1457.7625,0.0000,9.86705,43687.9
6569,130100.8778,128643.1153,1457.7625,0.0000,9.86705,43694.3
6570,130100.8778,128664.4705,1436.4072,0.0185,9.86896,43701.4
6571,130100.8778,128664.4705,1436.4072,0.0000,9.86896,43708.3
6572,130100.8778,128664.4705,1436.4072,0.0000,9.86896,43715.2
6573,130100.8778,128664.4705,1436.4072,0.0000,9.86896,43721.4
6574,130100.8778,128664.4705,1436.4072,0.0000,9.86896,43728.2
6575,130100.8778,128664.4705,1436.4072,0.0000,9.86896,43735.8
6576,130100.8778,128664.4705,1436.4072,0.0000,9.86896,43742.4
6577,130100.8778,128664.4705,1436.4072,0.0000,9.86896,43749.1
6578,130100.8778,128664.4705,1436.4072,0.0000,9.86896,43755.6
6579,130100.8778,128664.4705,1436.4072,0.0000,9.86896,43762.6
6580,130100.8778,128664.4705,1436.4072,0.0000,9.86896,43769.9
6581,130100.8778,128664.4705,1436.4072,0.0000,9.86896,43776.8
6582,130100.8778,128664.4705,1436.4072,0.0000,9.86896,43783.3
6583,130100.8778,128664.4705,1436.4072,0.0000,9.86896,43790.0
6584,130100.8778,128664.4705,1436.4072,0.0185,9.87093,43796.6
6585,130100.8778,128664.4705,1436.4072,0.0000,9.87093,43803.1
6586,130100.8778,128664.4705,1436.4072,0.0185,9.8749,43810.3
6587,130100.8778,128664.4705,1436.4072,0.0000,9.8749,43817.1
6588,130100.8778,128664.4705,1436.4072,0.0000,9.8749,43823.5
6589,130100.8778,128664.4705,1436.4072,0.0000,9.8749,43830.3
6590,130100.8778,128664.4705,1436.4072,0.0000,9.8749,43837.6
6591,130100.8778,128664.4705,1436.4072,0.0000,9.8749,43844.6
6592,130100.8778,128664.4705,1436.4072,0.0000,9.8749,43851.7
6593,130100.8778,128664.4705,1436.4072,0.0000,9.8749,43859.4
6594,130100.8778,128664.4705,1436.4072,0.0000,9.8749,43866.8
6595,130100.8778,128664.4705,1436.4072,0.0000,9.8749,43873.6
6596,130100.8778,128664.4705,1436.4072,0.0000,9.8749,43880.3
6597,130100.8778,128664.4705,1436.4072,0.0000,9.8749,43887.3
6598,130100.8778,128664.4705,1436.4072,0.0000,9.8749,43894.4
6599,130100.8778,128664.4705,1436.4072,0.0000,9.8749,43901.2
6600,130100.8778,128664.4705,1436.4072,0.0000,9.8749,43908.4
6601,130100.8778,128664.4705,1436.4072,0.0000,9.8749,43915.0
6602,130100.8778,128664.4705,1436.4072,0.0000,9.8749,43922.1
6603,130100.8778,128664.4705,1436.4072,0.0000,9.8749,43929.1
6604,130100.8778,128664.4705,1436.4072,0.0000,9.8749,43936.1
6605,130100.8778,128664.4705,1436.4072,0.0000,9.8749,43943.3
6606,130100.8778,128664.4705,1436.4072,0.0000,9.8749,43950.1
6607,130100.8778,128664.4705,1436.4072,0.0000,9.8749,43956.8
6608,130100.8778,128664.4705,1436.4072,0.0000,9.8749,43964.0
6609,130100.8778,128664.4705,1436.4072,0.0000,9.8749,43971.4
6610,130100.8778,128664.4705,1436.4072,0.0000,9.8749,43979.1
6611,130100.8778,128664.4705,1436.4072,0.0000,9.8749,43986.1
6612,130100.8778,128664.4705,1436.4072,0.0000,9.8749,43992.9
6613,130100.8778,128664.4705,1436.4072,0.0185,9.82364,43999.7
6614,130100.8778,128664.4705,1436.4072,0.0000,9.82364,44006.9
6615,130100.8778,128664.4705,1436.4072,0.0000,9.82364,44013.7
6616,130100.8778,128664.4705,1436.4072,0.0000,9.82364,44021.1
6617,130100.8778,128664.4705,1436.4072,0.0000,9.82364,44027.8
6618,130100.8778,128664.4705,1436.4072,0.0000,9.82364,44034.5
6619,130100.8778,128664.4705,1436.4072,0.0000,9.82364,44041.6
6620,130100.8778,128664.4705,1436.4072,0.0000,9.82364,44048.6
6621,130100.8778,128664.4705,1436.4072,0.0185,9.84486,44055.9
6622,130100.8778,128664.4705,1436.4072,0.0000,9.84486,44063.4
6623,130100.8778,128664.4705,1436.4072,0.0000,9.84486,44070.1
6624,130100.8778,128664.4705,1436.4072,0.0000,9.84486,44077.2
6625,130100.8778,128664.4705,1436.4072,0.0000,9.84486,44083.6
6626,130100.8778,128664.4705,1436.4072,0.0000,9.84486,44090.2
6627,130100.8778,128664.4705,1436.4072,0.0000,9.84486,44096.9
6628,130100.8778,128664.4705,1436.4072,0.0000,9.84486,44103.7
6629,130100.8778,128664.4705,1436.4072,0.0000,9.84486,44110.4
6630,130100.8778,128664.4705,1436.4072,0.0000,9.84486,44116.9
6631,130100.8778,128664.4705,1436.4072,0.0000,9.84486,44123.7
6632,130100.8778,128664.4705,1436.4072,0.0000,9.84486,44130.6
6633,130100.8778,128666.0026,1434.8752,0.0185,9.86821,44138.0
6634,130100.8778,128666.0026,1434.8752,0.0000,9.86821,44144.1
6635,130100.8778,128666.0026,1434.8752,0.0185,9.88036,44151.4
6636,130100.8778,128666.0026,1434.8752,0.0000,9.88036,44159.1
6637,130100.8778,128666.0026,1434.8752,0.0000,9.88036,44166.7
6638,130100.8778,128666.0026,1434.8752,0.0000,9.88036,44173.9
6639,130100.8778,128666.0026,1434.8752,0.0000,9.88036,44181.1
6640,130100.8778,128666.0026,1434.8752,0.0000,9.88036,44188.1
6641,130100.8778,128666.0026,1434.8752,0.0185,9.88121,44195.3
6642,130100.8778,128666.0026,1434.8752,0.0000,9.88121,44202.1
6643,130100.8778,128666.0026,1434.8752,0.0000,9.88121,44208.8
6644,130100.8778,128666.0026,1434.8752,0.0000,9.88121,44214.6
6645,130100.8778,128666.0026,1434.8752,0.0000,9.88121,44220.7
6646,130100.8778,128666.0026,1434.8752,0.0000,9.88121,44228.3
6647,130100.8778,128666.0026,1434.8752,0.0000,9.88121,44235.6
6648,130100.8778,128666.0026,1434.8752,0.0000,9.88121,44243.1
6649,130100.8778,128668.3917,1432.4861,0.0185,9.8826,44250.6
6650,130100.8778,128668.3917,1432.4861,0.0000,9.8826,44258.1
6651,130100.8778,128668.3917,1432.4861,0.0000,9.8826,44264.4
6652,130100.8778,128668.3917,1432.4861,0.0000,9.8826,44272.0
6653,130100.8778,128668.3917,1432.4861,0.0000,9.8826,44279.1
6654,130100.8778,128668.3917,1432.4861,0.0000,9.8826,44286.4
6655,130100.8778,128668.3917,1432.4861,0.0185,9.8796,44293.4
6656,130100.8778,128668.3917,1432.4861,0.0000,9.8796,44300.2
6657,130100.8778,128668.3917,1432.4861,0.0000,9.8796,44307.2
6658,130100.8778,128668.3917,1432.4861,0.0000,9.8796,44313.8
6659,130100.8778,128668.3917,1432.4861,0.0000,9.8796,44320.6
6660,130100.8778,128668.3917,1432.4861,0.0000,9.8796,44328.1
6661,130100.8778,128668.3917,1432.4861,0.0000,9.8796,44335.0
6662,130100.8778,128668.3917,1432.4861,0.0000,9.8796,44341.5
6663,130100.8778,128668.3917,1432.4861,0.0000,9.8796,44347.8
6664,130100.8778,128668.3917,1432.4861,0.0000,9.8796,44355.0
6665,130100.8778,128668.3917,1432.4861,0.0000,9.8796,44361.4
6666,130100.8778,128668.3917,1432.4861,0.0000,9.8796,44368.4
6667,130100.8778,128668.3917,1432.4861,0.0000,9.8796,44375.5
6668,130100.8778,128668.3917,1432.4861,0.0000,9.8796,44383.1
6669,130100.8778,128668.3917,1432.4861,0.0000,9.8796,44390.4
6670,130100.8778,128668.3917,1432.4861,0.0000,9.8796,44397.6
6671,130100.8778,128668.3917,1432.4861,0.0000,9.8796,44404.8
6672,130100.8778,128668.3917,1432.4861,0.0000,9.8796,44412.8
6673,130100.8778,128668.3917,1432.4861,0.0000,9.8796,44419.9
6674,130100.8778,128668.3917,1432.4861,0.0000,9.8796,44427.2
6675,130100.8778,128668.3917,1432.4861,0.0000,9.8796,44434.3
6676,130100.8778,128668.3917,1432.4861,0.0000,9.8796,44442.3
6677,130100.8778,128668.3917,1432.4861,0.0000,9.8796,44449.0
6678,130100.8778,128668.3917,1432.4861,0.0000,9.8796,44456.2
6679,130100.8778,128668.3917,1432.4861,0.0000,9.8796,44463.6
6680,130100.8778,128668.3917,1432.4861,0.0000,9.8796,44470.8
6681,130100.8778,128668.3917,1432.4861,0.0000,9.8796,44477.3
6682,130100.8778,128668.3917,1432.4861,0.0000,9.8796,44484.5
6683,130100.8778,128668.3917,1432.4861,0.0185,9.88591,44491.0
6684,130100.8778,128668.3917,1432.4861,0.0185,9.89042,44498.2
6685,130100.8778,128668.3917,1432.4861,0.0000,9.89042,44505.1
6686,130100.8778,128668.3917,1432.4861,0.0000,9.89042,44511.9
6687,130100.8778,128668.3917,1432.4861,0.0000,9.89042,44518.3
6688,130100.8778,128668.3917,1432.4861,0.0000,9.89042,44525.0
6689,130100.8778,128668.3917,1432.4861,0.0000,9.89042,44531.7
6690,130100.8778,128668.3917,1432.4861,0.0000,9.89042,44539.2
6691,130100.8778,128668.3917,1432.4861,0.0000,9.89042,44546.9
6692,130100.8778,128668.3917,1432.4861,0.0000,9.89042,44553.7
6693,130100.8778,128668.3917,1432.4861,0.0000,9.89042,44560.0
6694,130100.8778,128668.3917,1432.4861,0.0000,9.89042,44566.2
6695,130100.8778,128668.3917,1432.4861,0.0000,9.89042,44573.1
6696,130100.8778,128668.3917,1432.4861,0.0000,9.89042,44580.5
6697,130100.8778,128668.3917,1432.4861,0.0000,9.89042,44587.1
6698,130100.8778,128668.3917,1432.4861,0.0000,9.89042,44595.3
6699,130100.8778,128668.3917,1432.4861,0.0000,9.89042,44602.2
6700,130100.8778,128668.3917,1432.4861,0.0000,9.89042,44609.4
6701,130100.8778,128668.3917,1432.4861,0.0000,9.89042,44616.2
6702,130100.8778,128668.3917,1432.4861,0.0000,9.89042,44623.3
6703,130100.8778,128668.3917,1432.4861,0.0000,9.89042,44630.4
6704,130100.8778,128668.3917,1432.4861,0.0000,9.89042,44637.2
6705,130100.8778,128668.3917,1432.4861,0.0000,9.89042,44643.9
6706,130100.8778,128668.3917,1432.4861,0.0000,9.89042,44651.2
6707,130100.8778,128668.3917,1432.4861,0.0000,9.89042,44658.0
6708,130100.8778,128668.3917,1432.4861,0.0000,9.89042,44664.6
6709,130100.8778,128668.3917,1432.4861,0.0000,9.89042,44671.7
6710,130100.8778,128668.3917,1432.4861,0.0000,9.89042,44678.8
6711,130100.8778,128668.3917,1432.4861,0.0000,9.89042,44685.8
6712,130100.8778,128668.3917,1432.4861,0.0000,9.89042,44693.1
6713,130100.8778,128668.3917,1432.4861,0.0185,9.89922,44700.1
6714,130100.8778,128668.3917,1432.4861,0.0000,9.89922,44707.6
6715,130100.8778,128668.3917,1432.4861,0.0000,9.89922,44715.1
6716,130100.8778,128668.3917,1432.4861,0.0000,9.89922,44722.0
6717,130100.8778,128668.3917,1432.4861,0.0000,9.89922,44729.5
6718,130100.8778,128668.8617,1432.0160,0.0185,9.9152,44736.8
6719,130100.8778,128668.8617,1432.0160,0.0000,9.9152,44743.5
6720,130100.8778,128668.8617,1432.0160,0.0000,9.9152,44750.1
6721,130100.8778,128668.8617,1432.0160,0.0000,9.9152,44757.2
6722,130100.8778,128668.8617,1432.0160,0.0000,9.9152,44764.5
6723,130100.8778,128668.8617,1432.0160,0.0000,9.9152,44771.7
6724,130100.8778,128668.8617,1432.0160,0.0000,9.9152,44778.6
6725,130100.8778,128668.8617,1432.0160,0.0000,9.9152,44785.7
6726,130100.8778,128668.8617,1432.0160,0.0000,9.9152,44792.3
6727,130100.8778,128668.8617,1432.0160,0.0000,9.9152,44798.5
6728,130100.8778,128668.8617,1432.0160,0.0000,9.9152,44806.1
6729,130100.8778,128668.8617,1432.0160,0.0000,9.9152,44813.5
6730,130100.8778,128668.8617,1432.0160,0.0185,9.89307,44820.8
6731,130100.8778,128668.8617,1432.0160,0.0000,9.89307,44828.5
6732,130100.8778,128668.8617,1432.0160,0.0000,9.89307,44835.5
6733,130100.8778,128668.8617,1432.0160,0.0000,9.89307,44842.8
6734,130100.8778,128668.8617,1432.0160,0.0000,9.89307,44849.9
6735,130100.8778,128668.8617,1432.0160,0.0000,9.89307,44856.8
6736,130100.8778,128668.8617,1432.0160,0.0000,9.89307,44864.5
6737,130100.8778,128668.8617,1432.0160,0.0000,9.89307,44871.6
6738,130100.8778,128668.8617,1432.0160,0.0000,9.89307,44878.7
6739,130100.8778,128668.8617,1432.0160,0.0000,9.89307,44886.2
6740,130100.8778,128668.8617,1432.0160,0.0000,9.89307,44894.1
6741,130100.8778,128668.8617,1432.0160,0.0000,9.89307,44900.2
6742,130100.8778,128668.8617,1432.0160,0.0000,9.89307,44907.1
6743,130100.8778,128668.8617,1432.0160,0.0000,9.89307,44913.2
6744,130100.8778,128668.8617,1432.0160,0.0000,9.89307,44920.3
6745,130100.8778,128668.8617,1432.0160,0.0000,9.89307,44927.2
6746,130100.8778,128668.8617,1432.0160,0.0000,9.89307,44934.1
6747,130100.8778,128668.8617,1432.0160,0.0000,9.89307,44940.7
6748,130100.8778,128668.8617,1432.0160,0.0000,9.89307,44947.6
6749,130100.8778,128668.8617,1432.0160,0.0000,9.89307,44954.6
6750,130100.8778,128668.8617,1432.0160,0.0185,9.8794,44961.3
6751,130100.8778,128668.8617,1432.0160,0.0000,9.8794,44967.8
6752,130100.8778,128668.8617,1432.0160,0.0000,9.8794,44973.8
6753,130100.8778,128668.8617,1432.0160,0.0000,9.8794,44980.9
6754,130100.8778,128668.8617,1432.0160,0.0000,9.8794,44987.8
6755,130100.8778,128668.8617,1432.0160,0.0000,9.8794,44994.9
6756,130100.8778,128668.8617,1432.0160,0.0000,9.8794,45001.6
6757,130100.8778,128668.8617,1432.0160,0.0000,9.8794,45008.9
6758,130100.8778,128668.8617,1432.0160,0.0000,9.8794,45015.5
6759,130100.8778,128668.8617,1432.0160,0.0000,9.8794,45021.3
6760,130100.8778,128668.8617,1432.0160,0.0000,9.8794,45028.1
6761,130100.8778,128668.8617,1432.0160,0.0000,9.8794,45034.7
6762,130100.8778,128668.8617,1432.0160,0.0000,9.8794,45040.6
6763,130100.8778,128668.8617,1432.0160,0.0185,9.90969,45047.1
6764,130100.8778,128668.8617,1432.0160,0.0000,9.90969,45054.2
6765,130100.8778,128695.4060,1405.4717,0.0185,9.92789,45061.3
6766,130100.8778,128695.4060,1405.4717,0.0000,9.92789,45068.2
6767,130100.8778,128695.4060,1405.4717,0.0000,9.92789,45075.0
6768,130100.8778,128695.4060,1405.4717,0.0000,9.92789,45081.7
6769,130100.8778,128695.4060,1405.4717,0.0000,9.92789,45088.4
6770,130100.8778,128695.4060,1405.4717,0.0000,9.92789,45095.7
6771,130100.8778,128695.4060,1405.4717,0.0000,9.92789,45103.0
6772,130100.8778,128695.4060,1405.4717,0.0000,9.92789,45109.6
6773,130100.8778,128695.4060,1405.4717,0.0000,9.92789,45116.9
6774,130100.8778,128695.4060,1405.4717,0.0000,9.92789,45123.7
6775,130100.8778,128695.4060,1405.4717,0.0000,9.92789,45131.2
6776,130100.8778,128695.4060,1405.4717,0.0000,9.92789,45138.0
6777,130100.8778,128695.4060,1405.4717,0.0000,9.92789,45145.3
6778,130100.8778,128695.4060,1405.4717,0.0000,9.92789,45151.6
6779,130138.7353,128695.4060,1443.3293,0.0185,9.93412,45158.8
6780,130138.7353,128695.4060,1443.3293,0.0000,9.93412,45165.9
6781,130138.7353,128695.4060,1443.3293,0.0000,9.93412,45172.6
6782,130138.7353,128695.4060,1443.3293,0.0000,9.93412,45179.6
6783,130138.7353,128695.4060,1443.3293,0.0000,9.93412,45186.8
6784,130138.7353,128695.4060,1443.3293,0.0000,9.93412,45193.7
6785,130138.7353,128695.4060,1443.3293,0.0000,9.93412,45201.2
6786,130138.7353,128695.4060,1443.3293,0.0185,9.91868,45208.0
6787,130138.7353,128695.4060,1443.3293,0.0000,9.91868,45215.2
6788,130138.7353,128695.4060,1443.3293,0.0000,9.91868,45221.6
6789,130138.7353,128695.4060,1443.3293,0.0185,9.92188,45228.9
6790,130138.7353,128695.4060,1443.3293,0.0000,9.92188,45236.1
6791,130138.7353,128695.4060,1443.3293,0.0000,9.92188,45243.0
6792,130138.7353,128695.4060,1443.3293,0.0000,9.92188,45249.6
6793,130138.7353,128695.4060,1443.3293,0.0000,9.92188,45256.1
6794,130138.7353,128695.4060,1443.3293,0.0000,9.92188,45262.5
6795,130138.7353,128695.4060,1443.3293,0.0000,9.92188,45269.4
6796,130138.7353,128695.4060,1443.3293,0.0000,9.92188,45277.3
6797,130138.7353,128695.4060,1443.3293,0.0000,9.92188,45285.2
6798,130138.7353,128695.4060,1443.3293,0.0000,9.92188,45292.2
6799,130138.7353,128695.4060,1443.3293,0.0000,9.92188,45299.2
6800,130138.7353,128695.4060,1443.3293,0.0000,9.92188,45306.0
6801,130138.7353,128695.4060,1443.3293,0.0185,9.98907,45312.5
6802,130138.7353,128695.4060,1443.3293,0.0370,10.0192,45320.1
6803,130138.7353,128695.4060,1443.3293,0.0000,10.0192,45326.7
6804,130138.7353,128695.4060,1443.3293,0.0000,10.0192,45334.1
6805,130138.7353,128695.4060,1443.3293,0.0000,10.0192,45341.1
6806,130138.7353,128695.4060,1443.3293,0.0000,10.0192,45347.4
6807,130138.7353,128695.4060,1443.3293,0.0185,9.9866,45353.8
6808,130138.7353,128695.4060,1443.3293,0.0000,9.9866,45361.1
6809,130138.7353,128695.4060,1443.3293,0.0000,9.9866,45367.9
6810,130138.7353,128695.4060,1443.3293,0.0000,9.9866,45373.6
6811,130138.7353,128695.4060,1443.3293,0.0000,9.9866,45380.7
6812,130138.7353,128695.4060,1443.3293,0.0000,9.9866,45387.6
6813,130138.7353,128695.4060,1443.3293,0.0000,9.9866,45394.2
6814,130138.7353,128695.4060,1443.3293,0.0000,9.9866,45400.8
6815,130138.7353,128695.4060,1443.3293,0.0000,9.9866,45407.9
6816,130138.7353,128695.4060,1443.3293,0.0000,9.9866,45414.0
6817,130138.7353,128695.4060,1443.3293,0.0000,9.9866,45420.7
6818,130138.7353,128695.4060,1443.3293,0.0000,9.9866,45427.8
6819,130138.7353,128695.4060,1443.3293,0.0000,9.9866,45435.8
6820,130138.7353,128695.4060,1443.3293,0.0000,9.9866,45442.4
6821,130138.7353,128695.4060,1443.3293,0.0000,9.9866,45449.3
6822,130138.7353,128695.4060,1443.3293,0.0000,9.9866,45456.0
6823,130138.7353,128695.4060,1443.3293,0.0000,9.9866,45463.0
6824,130138.7353,128695.4060,1443.3293,0.0000,9.9866,45470.8
6825,130138.7353,128695.4060,1443.3293,0.0000,9.9866,45478.0
6826,130138.7353,128695.4060,1443.3293,0.0000,9.9866,45484.5
6827,130138.7353,128695.4060,1443.3293,0.0000,9.9866,45491.3
6828,130138.7353,128695.4060,1443.3293,0.0185,10.0189,45498.1
6829,130138.7353,128695.4060,1443.3293,0.0000,10.0189,45505.8
6830,130138.7353,128695.4060,1443.3293,0.0185,10.0079,45513.1
6831,130138.7353,128695.4060,1443.3293,0.0000,10.0079,45520.0
6832,130138.7353,128695.4060,1443.3293,0.0000,10.0079,45527.2
6833,130138.7353,128695.4060,1443.3293,0.0000,10.0079,45534.5
6834,130138.7353,128695.4060,1443.3293,0.0000,10.0079,45541.1
6835,130138.7353,128695.4060,1443.3293,0.0000,10.0079,45548.3
6836,130138.7353,128695.4060,1443.3293,0.0000,10.0079,45555.3
6837,130138.7353,128695.4060,1443.3293,0.0000,10.0079,45562.0
6838,130138.7353,128695.4060,1443.3293,0.0000,10.0079,45568.1
6839,130138.7353,128695.4060,1443.3293,0.0185,10.0525,45574.8
6840,130138.7353,128695.4060,1443.3293,0.0000,10.0525,45581.2
6841,130138.7353,128695.4060,1443.3293,0.0000,10.0525,45587.7
6842,130138.7353,128695.4060,1443.3293,0.0000,10.0525,45594.9
6843,130138.7353,128695.4060,1443.3293,0.0000,10.0525,45601.6
6844,130138.7353,128695.4060,1443.3293,0.0000,10.0525,45608.3
6845,130138.7353,128695.4060,1443.3293,0.0000,10.0525,45615.5
6846,130138.7353,128695.4060,1443.3293,0.0000,10.0525,45621.7
6847,130138.7353,128695.4060,1443.3293,0.0000,10.0525,45628.8
6848,130138.7353,128695.4060,1443.3293,0.0000,10.0525,45636.1
6849,130138.7353,128695.4060,1443.3293,0.0000,10.0525,45643.6
6850,130138.7353,128695.4060,1443.3293,0.0000,10.0525,45650.6
6851,130138.7353,128695.4060,1443.3293,0.0000,10.0525,45657.7
6852,130138.7353,128703.4764,1435.2589,0.0185,10.0518,45664.8
6853,130138.7353,128703.4764,1435.2589,0.0000,10.0518,45671.2
6854,130138.7353,128703.4764,1435.2589,0.0185,10.0567,45678.4
6855,130138.7353,128703.4764,1435.2589,0.0000,10.0567,45685.8
6856,130138.7353,128703.4764,1435.2589,0.0000,10.0567,45693.6
6857,130138.7353,128703.4764,1435.2589,0.0000,10.0567,45700.8
6858,130138.7353,128703.4764,1435.2589,0.0000,10.0567,45707.8
6859,130138.7353,128703.4764,1435.2589,0.0000,10.0567,45714.6
6860,130138.7353,128703.4764,1435.2589,0.0000,10.0567,45721.2
6861,130138.7353,128703.4764,1435.2589,0.0000,10.0567,45727.8
6862,130138.7353,128703.4764,1435.2589,0.0000,10.0567,45734.9
6863,130138.7353,128703.4764,1435.2589,0.0000,10.0567,45742.4
6864,130138.7353,128703.4764,1435.2589,0.0000,10.0567,45748.9
6865,130138.7353,128703.4764,1435.2589,0.0000,10.0567,45755.9
6866,130138.7353,128703.4764,1435.2589,0.0185,10.0611,45763.0
6867,130138.7353,128703.4764,1435.2589,0.0000,10.0611,45770.2
6868,130138.7353,128703.4764,1435.2589,0.0000,10.0611,45777.2
6869,130138.7353,128703.4764,1435.2589,0.0000,10.0611,45784.1
6870,130138.7353,128703.4764,1435.2589,0.0000,10.0611,45790.4
6871,130138.7353,128703.4764,1435.2589,0.0185,10.0754,45798.4
6872,130138.7353,128703.4764,1435.2589,0.0000,10.0754,45805.4
6873,130138.7353,128703.4764,1435.2589,0.0000,10.0754,45813.0
6874,130138.7353,128703.4764,1435.2589,0.0000,10.0754,45820.0
6875,130138.7353,128703.4764,1435.2589,0.0000,10.0754,45826.7
6876,130138.7353,128703.4764,1435.2589,0.0000,10.0754,45833.7
6877,130138.7353,128703.4764,1435.2589,0.0000,10.0754,45840.7
6878,130138.7353,128703.4764,1435.2589,0.0000,10.0754,45848.3
6879,130138.7353,128703.4764,1435.2589,0.0000,10.0754,45855.2
6880,130138.7353,128703.4764,1435.2589,0.0000,10.0754,45861.3
6881,130138.7353,128703.4764,1435.2589,0.0000,10.0754,45868.5
6882,130138.7353,128703.4764,1435.2589,0.0000,10.0754,45875.3
6883,130138.7353,128703.4764,1435.2589,0.0000,10.0754,45882.4
6884,130138.7353,128703.4764,1435.2589,0.0000,10.0754,45889.5
6885,130138.7353,128703.4764,1435.2589,0.0000,10.0754,45896.5
6886,130138.7353,128703.4764,1435.2589,0.0000,10.0754,45903.7
6887,130138.7353,128703.4764,1435.2589,0.0000,10.0754,45911.1
6888,130138.7353,128703.4764,1435.2589,0.0000,10.0754,45917.8
6889,130138.7353,128703.4764,1435.2589,0.0000,10.0754,45925.3
6890,130138.7353,128703.4764,1435.2589,0.0000,10.0754,45932.4
6891,130138.7353,128703.4764,1435.2589,0.0000,10.0754,45938.6
6892,130138.7353,128703.4764,1435.2589,0.0185,10.0711,45945.1
6893,130138.7353,128703.4764,1435.2589,0.0000,10.0711,45952.4
6894,130138.7353,128703.4764,1435.2589,0.0000,10.0711,45959.9
6895,130138.7353,128703.4764,1435.2589,0.0000,10.0711,45966.5
6896,130138.7353,128703.4764,1435.2589,0.0000,10.0711,45973.2
6897,130138.7353,128703.4764,1435.2589,0.0000,10.0711,45980.6
6898,130138.7353,128703.4764,1435.2589,0.0000,10.0711,45987.9
6899,130138.7353,128703.4764,1435.2589,0.0000,10.0711,45994.0
6900,130138.7353,128703.4764,1435.2589,0.0000,10.0711,46000.6
6901,130138.7353,128703.4764,1435.2589,0.0185,10.0793,46007.5
6902,130138.7353,128703.4764,1435.2589,0.0000,10.0793,46013.9
6903,130138.7353,128703.4764,1435.2589,0.0000,10.0793,46021.7
6904,130138.7353,128703.4764,1435.2589,0.0185,10.0427,46027.7
6905,130138.7353,128703.4764,1435.2589,0.0000,10.0427,46034.2
6906,130138.7353,128703.4764,1435.2589,0.0000,10.0427,46041.0
6907,130138.7353,128703.4764,1435.2589,0.0000,10.0427,46047.7
6908,130138.7353,128703.4764,1435.2589,0.0000,10.0427,46054.7
6909,130138.7353,128703.4764,1435.2589,0.0185,10.0238,46061.4
6910,130138.7353,128703.4764,1435.2589,0.0000,10.0238,46067.8
6911,130138.7353,128703.4764,1435.2589,0.0000,10.0238,46075.5
6912,130138.7353,128703.4764,1435.2589,0.0000,10.0238,46082.3
6913,130138.7353,128703.4764,1435.2589,0.0000,10.0238,46089.7
6914,130138.7353,128703.4764,1435.2589,0.0000,10.0238,46097.1
6915,130138.7353,128703.4764,1435.2589,0.0000,10.0238,46105.0
6916,130138.7353,128703.4764,1435.2589,0.0000,10.0238,46111.0
6917,130138.7353,128703.4764,1435.2589,0.0000,10.0238,46118.3
6918,130138.7353,128703.4764,1435.2589,0.0000,10.0238,46125.6
6919,130138.7353,128703.4764,1435.2589,0.0000,10.0238,46131.9
6920,130138.7353,128703.4764,1435.2589,0.0000,10.0238,46138.9
6921,130138.7353,128703.4764,1435.2589,0.0000,10.0238,46145.9
6922,130138.7353,128703.4764,1435.2589,0.0000,10.0238,46152.6
6923,130138.7353,128703.4764,1435.2589,0.0000,10.0238,46160.4
6924,130138.7353,128703.4764,1435.2589,0.0000,10.0238,46167.0
6925,130138.7353,128703.4764,1435.2589,0.0000,10.0238,46174.2
6926,130138.7353,128703.4764,1435.2589,0.0000,10.0238,46181.2
6927,130138.7353,128703.4764,1435.2589,0.0185,10.0481,46188.6
6928,130138.7353,128703.4764,1435.2589,0.0000,10.0481,46195.8
6929,130138.7353,128703.4764,1435.2589,0.0000,10.0481,46203.4
6930,130138.7353,128703.4764,1435.2589,0.0000,10.0481,46209.8
6931,130138.7353,128703.4764,1435.2589,0.0185,10.0701,46216.3
6932,130138.7353,128703.4764,1435.2589,0.0185,10.0399,46223.4
6933,130138.7353,128703.4764,1435.2589,0.0000,10.0399,46230.2
6934,130138.7353,128703.4764,1435.2589,0.0000,10.0399,46237.3
6935,130138.7353,128703.4764,1435.2589,0.0000,10.0399,46244.3
6936,130138.7353,128703.4764,1435.2589,0.0000,10.0399,46250.8
6937,130138.7353,128703.4764,1435.2589,0.0000,10.0399,46257.5
6938,130138.7353,128703.4764,1435.2589,0.0000,10.0399,46264.4
6939,130138.7353,128703.4764,1435.2589,0.0000,10.0399,46270.5
6940,130138.7353,128703.4764,1435.2589,0.0000,10.0399,46277.2
6941,130138.7353,128703.4764,1435.2589,0.0000,10.0399,46284.3
6942,130138.7353,128703.4764,1435.2589,0.0000,10.0399,46291.7
6943,130138.7353,128703.4764,1435.2589,0.0000,10.0399,46298.4
6944,130138.7353,128703.4764,1435.2589,0.0000,10.0399,46305.3
6945,130138.7353,128703.4764,1435.2589,0.0000,10.0399,46312.1
6946,130138.7353,128703.4764,1435.2589,0.0000,10.0399,46320.1
6947,130138.7353,128703.4764,1435.2589,0.0000,10.0399,46327.4
6948,130138.7353,128703.4764,1435.2589,0.0000,10.0399,46335.5
6949,130138.7353,128703.4764,1435.2589,0.0000,10.0399,46342.3
6950,130138.7353,128703.4764,1435.2589,0.0000,10.0399,46348.9
6951,130138.7353,128703.4764,1435.2589,0.0000,10.0399,46355.2
6952,130138.7353,128703.4764,1435.2589,0.0000,10.0399,46362.0
6953,130138.7353,128703.4764,1435.2589,0.0000,10.0399,46368.8
6954,130138.7353,128703.4764,1435.2589,0.0000,10.0399,46375.6
6955,130138.7353,128703.4764,1435.2589,0.0000,10.0399,46382.1
6956,130138.7353,128703.4764,1435.2589,0.0000,10.0399,46389.1
6957,130138.7353,128703.4764,1435.2589,0.0000,10.0399,46395.8
6958,130138.7353,128703.4764,1435.2589,0.0000,10.0399,46402.9
6959,130138.7353,128703.4764,1435.2589,0.0185,10.0319,46409.8
6960,130138.7353,128703.4764,1435.2589,0.0000,10.0319,46416.8
6961,130138.7353,128703.4764,1435.2589,0.0000,10.0319,46423.4
6962,130138.7353,128703.4764,1435.2589,0.0000,10.0319,46430.8
6963,130138.7353,128703.4764,1435.2589,0.0000,10.0319,46438.1
6964,130138.7353,128703.4764,1435.2589,0.0000,10.0319,46445.3
6965,130138.7353,128703.4764,1435.2589,0.0000,10.0319,46453.0
6966,130138.7353,128703.4764,1435.2589,0.0185,9.98428,46459.3
6967,130138.7353,128703.4764,1435.2589,0.0000,9.98428,46465.9
6968,130138.7353,128703.4764,1435.2589,0.0185,9.98936,46473.2
6969,130138.7353,128703.4764,1435.2589,0.0000,9.98936,46479.5
6970,130138.7353,128703.4764,1435.2589,0.0000,9.98936,46485.4
6971,130138.7353,128703.4764,1435.2589,0.0000,9.98936,46492.8
6972,130138.7353,128703.4764,1435.2589,0.0000,9.98936,46499.8
6973,130138.7353,128703.4764,1435.2589,0.0000,9.98936,46507.0
6974,130138.7353,128703.4764,1435.2589,0.0000,9.98936,46514.0
6975,130138.7353,128703.4764,1435.2589,0.0000,9.98936,46519.5
6976,130138.7353,128703.4764,1435.2589,0.0000,9.98936,46526.5
6977,130138.7353,128703.4764,1435.2589,0.0000,9.98936,46532.5
6978,130138.7353,128703.4764,1435.2589,0.0000,9.98936,46539.7
6979,130138.7353,128703.4764,1435.2589,0.0000,9.98936,46546.1
6980,130138.7353,128703.4764,1435.2589,0.0185,9.97647,46552.6
6981,130138.7353,128703.4764,1435.2589,0.0000,9.97647,46559.5
6982,130138.7353,128703.4764,1435.2589,0.0000,9.97647,46566.3
6983,130138.7353,128703.4764,1435.2589,0.0000,9.97647,46573.2
6984,130138.7353,128703.4764,1435.2589,0.0000,9.97647,46580.2
6985,130138.7353,128703.4764,1435.2589,0.0000,9.97647,46587.8
6986,130138.7353,128703.4764,1435.2589,0.0000,9.97647,46595.1
6987,130138.7353,128703.4764,1435.2589,0.0000,9.97647,46601.3
6988,130138.7353,128703.4764,1435.2589,0.0000,9.97647,46607.9
6989,130138.7353,128703.4764,1435.2589,0.0000,9.97647,46614.5
6990,130138.7353,128703.4764,1435.2589,0.0000,9.97647,46621.1
6991,130138.7353,128703.4764,1435.2589,0.0000,9.97647,46628.0
6992,130138.7353,128703.4764,1435.2589,0.0000,9.97647,46635.1
6993,130138.7353,128703.4764,1435.2589,0.0000,9.97647,46641.8
6994,130138.7353,128703.4764,1435.2589,0.0000,9.97647,46647.8
6995,130138.7353,128703.4764,1435.2589,0.0000,9.97647,46655.3
6996,130138.7353,128703.4764,1435.2589,0.0000,9.97647,46662.8
6997,130138.7353,128703.4764,1435.2589,0.0000,9.97647,46669.5
6998,130138.7353,128703.4764,1435.2589,0.0000,9.97647,46676.7
6999,130138.7353,128703.4764,1435.2589,0.0000,9.97647,46683.2
7000,130138.7353,128703.4764,1435.2589,0.0185,9.93397,46690.4
7001,130138.7353,128703.4764,1435.2589,0.0000,9.93397,46697.3
7002,130138.7353,128703.4764,1435.2589,0.0000,9.93397,46704.3
7003,130138.7353,128703.4764,1435.2589,0.0000,9.93397,46711.7
7004,130138.7353,128703.4764,1435.2589,0.0000,9.93397,46718.7
7005,130138.7353,128703.4764,1435.2589,0.0185,9.92879,46726.1
7006,130138.7353,128703.4764,1435.2589,0.0000,9.92879,46732.8
7007,130138.7353,128703.4764,1435.2589,0.0000,9.92879,46740.4
7008,130138.7353,128703.4764,1435.2589,0.0000,9.92879,46747.3
7009,130138.7353,128703.4764,1435.2589,0.0000,9.92879,46754.7
7010,130138.7353,128703.4764,1435.2589,0.0000,9.92879,46761.5
7011,130138.7353,128703.4764,1435.2589,0.0000,9.92879,46768.0
7012,130138.7353,128703.4764,1435.2589,0.0000,9.92879,46775.0
7013,130138.7353,128703.4764,1435.2589,0.0000,9.92879,46781.4
7014,130138.7353,128703.4764,1435.2589,0.0000,9.92879,46787.9
7015,130138.7353,128703.4764,1435.2589,0.0000,9.92879,46795.1
7016,130138.7353,128703.4764,1435.2589,0.0000,9.92879,46802.5
7017,130138.7353,128703.4764,1435.2589,0.0000,9.92879,46809.9
7018,130138.7353,128703.4764,1435.2589,0.0000,9.92879,46816.8
7019,130138.7353,128703.4764,1435.2589,0.0000,9.92879,46824.1
7020,130138.7353,128703.4764,1435.2589,0.0000,9.92879,46830.7
7021,130138.7353,128703.4764,1435.2589,0.0000,9.92879,46837.6
7022,130138.7353,128703.4764,1435.2589,0.0000,9.92879,46843.8
7023,130138.7353,128703.4764,1435.2589,0.0000,9.92879,46850.5
7024,130138.7353,128703.4764,1435.2589,0.0000,9.92879,46857.2
7025,130138.7353,128703.4764,1435.2589,0.0000,9.92879,46864.2
7026,130138.7353,128703.4764,1435.2589,0.0000,9.92879,46870.8
7027,130138.7353,128703.4764,1435.2589,0.0000,9.92879,46878.6
7028,130138.7353,128703.4764,1435.2589,0.0000,9.92879,46886.3
7029,130138.7353,128703.4764,1435.2589,0.0000,9.92879,46893.1
7030,130138.7353,128703.4764,1435.2589,0.0000,9.92879,46900.6
7031,130138.7353,128703.4764,1435.2589,0.0000,9.92879,46907.8
7032,130138.7353,128703.4764,1435.2589,0.0000,9.92879,46914.3
7033,130138.7353,128703.4764,1435.2589,0.0000,9.92879,46920.3
7034,130138.7353,128703.4764,1435.2589,0.0000,9.92879,46926.9
7035,130138.7353,128703.4764,1435.2589,0.0000,9.92879,46934.2
7036,130138.7353,128703.4764,1435.2589,0.0000,9.92879,46941.5
7037,130138.7353,128703.4764,1435.2589,0.0000,9.92879,46948.7
7038,130138.7353,128703.4764,1435.2589,0.0000,9.92879,46955.6
7039,130138.7353,128703.4764,1435.2589,0.0000,9.92879,46962.1
7040,130138.7353,128703.4764,1435.2589,0.0000,9.92879,46969.0
7041,130138.7353,128703.4764,1435.2589,0.0000,9.92879,46975.8
7042,130138.7353,128703.4764,1435.2589,0.0000,9.92879,46982.6
7043,130138.7353,128703.4764,1435.2589,0.0000,9.92879,46989.3
7044,130138.7353,128703.4764,1435.2589,0.0000,9.92879,46995.8
7045,130138.7353,128703.4764,1435.2589,0.0000,9.92879,47002.9
7046,130138.7353,128703.4764,1435.2589,0.0000,9.92879,47010.0
7047,130138.7353,128703.4764,1435.2589,0.0000,9.92879,47016.2
7048,130138.7353,128703.4764,1435.2589,0.0000,9.92879,47023.3
7049,130138.7353,128703.4764,1435.2589,0.0000,9.92879,47029.8
7050,130138.7353,128703.4764,1435.2589,0.0000,9.92879,47037.1
7051,130138.7353,128703.4764,1435.2589,0.0000,9.92879,47045.2
7052,130138.7353,128703.4764,1435.2589,0.0000,9.92879,47052.3
7053,130138.7353,128703.4764,1435.2589,0.0000,9.92879,47058.9
7054,130138.7353,128703.4764,1435.2589,0.0000,9.92879,47065.9
7055,130138.7353,128703.4764,1435.2589,0.0000,9.92879,47072.5
7056,130138.7353,128703.4764,1435.2589,0.0000,9.92879,47079.1
7057,130138.7353,128703.4764,1435.2589,0.0000,9.92879,47085.9
7058,130138.7353,128703.4764,1435.2589,0.0000,9.92879,47092.1
7059,130138.7353,128703.4764,1435.2589,0.0000,9.92879,47098.8
7060,130138.7353,128703.4764,1435.2589,0.0000,9.92879,47105.4
7061,130138.7353,128703.4764,1435.2589,0.0000,9.92879,47112.6
7062,130138.7353,128703.4764,1435.2589,0.0000,9.92879,47118.8
7063,130138.7353,128703.4764,1435.2589,0.0185,9.927,47125.6
7064,130138.7353,128703.4764,1435.2589,0.0000,9.927,47132.7
7065,130138.7353,128703.4764,1435.2589,0.0000,9.927,47140.0
7066,130138.7353,128703.4764,1435.2589,0.0000,9.927,47146.6
7067,130138.7353,128703.4764,1435.2589,0.0000,9.927,47154.7
7068,130138.7353,128703.4764,1435.2589,0.0000,9.927,47162.0
7069,130138.7353,128703.4764,1435.2589,0.0000,9.927,47168.8
7070,130138.7353,128703.4764,1435.2589,0.0000,9.927,47176.2
7071,130138.7353,128703.4764,1435.2589,0.0000,9.927,47183.7
7072,130138.7353,128703.4764,1435.2589,0.0185,9.96239,47190.6
7073,130138.7353,128703.4764,1435.2589,0.0000,9.96239,47197.8
7074,130138.7353,128703.4764,1435.2589,0.0000,9.96239,47204.8
7075,130138.7353,128703.4764,1435.2589,0.0000,9.96239,47211.7
7076,130138.7353,128703.4764,1435.2589,0.0000,9.96239,47219.4
7077,130138.7353,128703.4764,1435.2589,0.0000,9.96239,47226.0
7078,130138.7353,128703.4764,1435.2589,0.0000,9.96239,47232.2
7079,130138.7353,128703.4764,1435.2589,0.0000,9.96239,47239.0
7080,130138.7353,128703.4764,1435.2589,0.0000,9.96239,47246.2
7081,130138.7353,128703.4764,1435.2589,0.0000,9.96239,47254.0
7082,130138.7353,128703.4764,1435.2589,0.0000,9.96239,47260.7
7083,130138.7353,128703.4764,1435.2589,0.0000,9.96239,47268.0
7084,130138.7353,128703.4764,1435.2589,0.0000,9.96239,47274.8
7085,130138.7353,128703.4764,1435.2589,0.0185,9.96032,47282.0
7086,130138.7353,128703.4764,1435.2589,0.0000,9.96032,47289.3
7087,130138.7353,128703.4764,1435.2589,0.0000,9.96032,47296.1
7088,130138.7353,128703.4764,1435.2589,0.0000,9.96032,47302.7
7089,130138.7353,128703.4764,1435.2589,0.0000,9.96032,47309.7
7090,130138.7353,128703.4764,1435.2589,0.0185,9.97247,47316.5
7091,130138.7353,128703.4764,1435.2589,0.0000,9.97247,47322.8
7092,130138.7353,128703.4764,1435.2589,0.0000,9.97247,47329.7
7093,130138.7353,128703.4764,1435.2589,0.0000,9.97247,47336.3
7094,130138.7353,128703.4764,1435.2589,0.0000,9.97247,47343.5
7095,130138.7353,128703.4764,1435.2589,0.0000,9.97247,47350.9
7096,130138.7353,128703.4764,1435.2589,0.0000,9.97247,47357.8
7097,130138.7353,128703.4764,1435.2589,0.0000,9.97247,47364.6
7098,130138.7353,128703.4764,1435.2589,0.0000,9.97247,47371.1
7099,130138.7353,128703.4764,1435.2589,0.0000,9.97247,47378.3
7100,130138.7353,128703.4764,1435.2589,0.0000,9.97247,47385.6
7101,130138.7353,128703.4764,1435.2589,0.0000,9.97247,47392.6
7102,130138.7353,128703.4764,1435.2589,0.0000,9.97247,47399.9
7103,130138.7353,128703.4764,1435.2589,0.0000,9.97247,47407.1
7104,130138.7353,128703.4764,1435.2589,0.0000,9.97247,47414.8
7105,130138.7353,128703.4764,1435.2589,0.0000,9.97247,47421.6
7106,130138.7353,128703.4764,1435.2589,0.0000,9.97247,47428.8
7107,130138.7353,128703.4764,1435.2589,0.0000,9.97247,47435.9
7108,130138.7353,128703.4764,1435.2589,0.0000,9.97247,47442.7
7109,130138.7353,128703.4764,1435.2589,0.0185,9.98313,47450.6
7110,130138.7353,128703.4764,1435.2589,0.0185,9.9809,47456.8
7111,130138.7353,128703.4764,1435.2589,0.0000,9.9809,47463.9
7112,130138.7353,128703.4764,1435.2589,0.0000,9.9809,47471.0
7113,130138.7353,128703.4764,1435.2589,0.0000,9.9809,47477.5
7114,130138.7353,128703.4764,1435.2589,0.0000,9.9809,47484.2
7115,130138.7353,128703.4764,1435.2589,0.0185,9.92132,47490.9
7116,130138.7353,128703.4764,1435.2589,0.0000,9.92132,47497.9
7117,130138.7353,128703.4764,1435.2589,0.0000,9.92132,47504.4
7118,130138.7353,128703.4764,1435.2589,0.0000,9.92132,47512.1
7119,130138.7353,128703.4764,1435.2589,0.0000,9.92132,47519.2
7120,130138.7353,128703.4764,1435.2589,0.0000,9.92132,47526.3
7121,130138.7353,128703.4764,1435.2589,0.0000,9.92132,47533.6
7122,130138.7353,128703.4764,1435.2589,0.0000,9.92132,47541.1
7123,130138.7353,128703.4764,1435.2589,0.0000,9.92132,47548.9
7124,130138.7353,128703.4764,1435.2589,0.0000,9.92132,47556.0
7125,130138.7353,128703.4764,1435.2589,0.0000,9.92132,47563.1
7126,130138.7353,128703.4764,1435.2589,0.0000,9.92132,47570.0
7127,130138.7353,128703.4764,1435.2589,0.0000,9.92132,47577.0
7128,130138.7353,128703.4764,1435.2589,0.0000,9.92132,47583.5
7129,130138.7353,128703.4764,1435.2589,0.0000,9.92132,47590.4
7130,130138.7353,128703.4764,1435.2589,0.0000,9.92132,47597.2
7131,130138.7353,128703.4764,1435.2589,0.0000,9.92132,47604.0
7132,130138.7353,128703.4764,1435.2589,0.0000,9.92132,47610.4
7133,130138.7353,128703.4764,1435.2589,0.0000,9.92132,47617.0
7134,130138.7353,128703.4764,1435.2589,0.0000,9.92132,47623.8
7135,130138.7353,128703.4764,1435.2589,0.0000,9.92132,47631.0
7136,130138.7353,128703.4764,1435.2589,0.0000,9.92132,47638.5
7137,130138.7353,128703.4764,1435.2589,0.0000,9.92132,47645.6
7138,130138.7353,128703.4764,1435.2589,0.0000,9.92132,47652.9
7139,130138.7353,128703.4764,1435.2589,0.0000,9.92132,47660.0
7140,130138.7353,128703.4764,1435.2589,0.0000,9.92132,47667.0
7141,130138.7353,128703.4764,1435.2589,0.0000,9.92132,47673.6
7142,130138.7353,128703.4764,1435.2589,0.0000,9.92132,47680.5
7143,130138.7353,128703.4764,1435.2589,0.0000,9.92132,47688.0
7144,130138.7353,128703.4764,1435.2589,0.0000,9.92132,47695.6
7145,130138.7353,128703.4764,1435.2589,0.0000,9.92132,47702.9
7146,130138.7353,128703.4764,1435.2589,0.0000,9.92132,47709.8
7147,130138.7353,128703.4764,1435.2589,0.0000,9.92132,47716.7
7148,130138.7353,128703.4764,1435.2589,0.0000,9.92132,47724.4
7149,130138.7353,128703.4764,1435.2589,0.0000,9.92132,47730.6
7150,130138.7353,128703.4764,1435.2589,0.0000,9.92132,47737.4
7151,130138.7353,128703.4764,1435.2589,0.0000,9.92132,47744.7
7152,130138.7353,128703.4764,1435.2589,0.0000,9.92132,47751.4
7153,130138.7353,128703.4764,1435.2589,0.0000,9.92132,47758.4
7154,130138.7353,128703.4764,1435.2589,0.0000,9.92132,47764.1
7155,130138.7353,128703.4764,1435.2589,0.0000,9.92132,47770.6
7156,130138.7353,128703.4764,1435.2589,0.0000,9.92132,47777.8
7157,130138.7353,128703.4764,1435.2589,0.0000,9.92132,47784.8
7158,130138.7353,128703.4764,1435.2589,0.0000,9.92132,47792.0
7159,130138.7353,128703.4764,1435.2589,0.0000,9.92132,47798.7
7160,130138.7353,128703.4764,1435.2589,0.0000,9.92132,47806.3
7161,130138.7353,128703.4764,1435.2589,0.0000,9.92132,47812.7
7162,130138.7353,128703.4764,1435.2589,0.0000,9.92132,47819.4
7163,130138.7353,128703.4764,1435.2589,0.0000,9.92132,47826.6
7164,130138.7353,128703.4764,1435.2589,0.0000,9.92132,47834.1
7165,130138.7353,128703.4764,1435.2589,0.0185,9.91978,47840.9
7166,130138.7353,128703.4764,1435.2589,0.0000,9.91978,47847.5
7167,130138.7353,128703.4764,1435.2589,0.0000,9.91978,47854.0
7168,130138.7353,128703.4764,1435.2589,0.0000,9.91978,47861.3
7169,130138.7353,128703.4764,1435.2589,0.0000,9.91978,47868.4
7170,130138.7353,128703.4764,1435.2589,0.0000,9.91978,47874.8
7171,130138.7353,128703.4764,1435.2589,0.0000,9.91978,47882.5
7172,130138.7353,128703.4764,1435.2589,0.0000,9.91978,47889.1
7173,130138.7353,128703.4764,1435.2589,0.0000,9.91978,47896.0
7174,130138.7353,128703.4764,1435.2589,0.0000,9.91978,47903.1
7175,130138.7353,128703.4764,1435.2589,0.0000,9.91978,47911.1
7176,130138.7353,128703.4764,1435.2589,0.0000,9.91978,47917.6
7177,130138.7353,128703.4764,1435.2589,0.0000,9.91978,47924.9
7178,130138.7353,128703.4764,1435.2589,0.0000,9.91978,47931.6
7179,130138.7353,128703.4764,1435.2589,0.0000,9.91978,47938.2
7180,130138.7353,128703.4764,1435.2589,0.0000,9.91978,47945.4
7181,130138.7353,128703.4764,1435.2589,0.0185,9.93344,47952.9
7182,130138.7353,128703.4764,1435.2589,0.0000,9.93344,47959.4
7183,130138.7353,128703.4764,1435.2589,0.0000,9.93344,47966.7
7184,130138.7353,128703.4764,1435.2589,0.0000,9.93344,47974.0
7185,130138.7353,128703.4764,1435.2589,0.0000,9.93344,47980.8
7186,130138.7353,128703.4764,1435.2589,0.0000,9.93344,47987.7
7187,130138.7353,128703.4764,1435.2589,0.0000,9.93344,47994.4
7188,130138.7353,128703.4764,1435.2589,0.0000,9.93344,48001.9
7189,130138.7353,128703.4764,1435.2589,0.0000,9.93344,48009.0
7190,130138.7353,128703.4764,1435.2589,0.0000,9.93344,48016.3
7191,130138.7353,128703.4764,1435.2589,0.0000,9.93344,48023.2
7192,130138.7353,128703.4764,1435.2589,0.0000,9.93344,48030.9
7193,130138.7353,128703.4764,1435.2589,0.0000,9.93344,48038.8
7194,130138.7353,128703.4764,1435.2589,0.0000,9.93344,48046.2
7195,130138.7353,128703.4764,1435.2589,0.0000,9.93344,48053.8
7196,130138.7353,128703.4764,1435.2589,0.0000,9.93344,48060.6
7197,130138.7353,128703.4764,1435.2589,0.0000,9.93344,48067.4
7198,130138.7353,128703.4764,1435.2589,0.0000,9.93344,48074.4
7199,130138.7353,128703.4764,1435.2589,0.0000,9.93344,48080.9
7200,130138.7353,128703.4764,1435.2589,0.0000,9.93344,48087.9
7201,130138.7353,128703.4764,1435.2589,0.0000,9.93344,48095.1
7202,130138.7353,128703.4764,1435.2589,0.0000,9.93344,48101.8
7203,130138.7353,128703.4764,1435.2589,0.0000,9.93344,48108.4
7204,130138.7353,128703.4764,1435.2589,0.0000,9.93344,48114.7
7205,130138.7353,128703.4764,1435.2589,0.0000,9.93344,48122.2
7206,130138.7353,128703.4764,1435.2589,0.0000,9.93344,48129.7
7207,130138.7353,128703.4764,1435.2589,0.0185,9.88959,48136.2
7208,130138.7353,128703.4764,1435.2589,0.0000,9.88959,48143.4
7209,130138.7353,128703.4764,1435.2589,0.0000,9.88959,48150.4
7210,130138.7353,128703.4764,1435.2589,0.0000,9.88959,48157.2
7211,130138.7353,128703.4764,1435.2589,0.0000,9.88959,48164.3
7212,130138.7353,128703.4764,1435.2589,0.0000,9.88959,48170.7
7213,130138.7353,128703.4764,1435.2589,0.0000,9.88959,48178.0
7214,130138.7353,128703.4764,1435.2589,0.0000,9.88959,48185.2
7215,130138.7353,128703.4764,1435.2589,0.0000,9.88959,48192.3
7216,130138.7353,128703.4764,1435.2589,0.0000,9.88959,48199.7
7217,130138.7353,128703.4764,1435.2589,0.0000,9.88959,48206.6
7218,130138.7353,128703.4764,1435.2589,0.0000,9.88959,48213.3
7219,130138.7353,128703.4764,1435.2589,0.0000,9.88959,48220.3
7220,130138.7353,128703.4764,1435.2589,0.0000,9.88959,48227.5
7221,130138.7353,128703.4764,1435.2589,0.0000,9.88959,48234.4
7222,130138.7353,128703.4764,1435.2589,0.0000,9.88959,48241.7
7223,130138.7353,128703.4764,1435.2589,0.0000,9.88959,48248.4
7224,130138.7353,128703.4764,1435.2589,0.0000,9.88959,48255.3
7225,130138.7353,128703.4764,1435.2589,0.0000,9.88959,48262.1
7226,130138.7353,128703.4764,1435.2589,0.0000,9.88959,48269.1
7227,130138.7353,128703.4764,1435.2589,0.0000,9.88959,48276.3
7228,130138.7353,128703.4764,1435.2589,0.0000,9.88959,48283.8
7229,130138.7353,128703.4764,1435.2589,0.0000,9.88959,48291.3
7230,130138.7353,128703.4764,1435.2589,0.0000,9.88959,48298.4
7231,130138.7353,128703.4764,1435.2589,0.0000,9.88959,48304.9
7232,130138.7353,128703.4764,1435.2589,0.0000,9.88959,48312.4
7233,130138.7353,128703.4764,1435.2589,0.0000,9.88959,48320.5
7234,130138.7353,128703.4764,1435.2589,0.0000,9.88959,48326.9
7235,130138.7353,128703.4764,1435.2589,0.0000,9.88959,48333.5
7236,130138.7353,128703.4764,1435.2589,0.0000,9.88959,48340.3
7237,130138.7353,128703.4764,1435.2589,0.0000,9.88959,48346.2
7238,130138.7353,128703.4764,1435.2589,0.0000,9.88959,48352.7
7239,130138.7353,128703.4764,1435.2589,0.0000,9.88959,48359.4
7240,130138.7353,128703.4764,1435.2589,0.0000,9.88959,48366.2
7241,130138.7353,128703.4764,1435.2589,0.0000,9.88959,48373.3
7242,130138.7353,128703.4764,1435.2589,0.0000,9.88959,48380.1
7243,130138.7353,128703.4764,1435.2589,0.0185,9.86185,48387.6
7244,130138.7353,128703.4764,1435.2589,0.0000,9.86185,48394.1
7245,130138.7353,128703.4764,1435.2589,0.0000,9.86185,48401.7
7246,130138.7353,128703.4764,1435.2589,0.0000,9.86185,48408.9
7247,130138.7353,128703.4764,1435.2589,0.0000,9.86185,48416.1
7248,130138.7353,128703.4764,1435.2589,0.0000,9.86185,48423.3
7249,130138.7353,128703.4764,1435.2589,0.0000,9.86185,48430.0
7250,130138.7353,128703.4764,1435.2589,0.0000,9.86185,48436.7
7251,130138.7353,128703.4764,1435.2589,0.0000,9.86185,48444.3
7252,130138.7353,128703.4764,1435.2589,0.0000,9.86185,48451.6
7253,130138.7353,128703.4764,1435.2589,0.0000,9.86185,48458.8
7254,130138.7353,128703.4764,1435.2589,0.0000,9.86185,48466.8
7255,130138.7353,128703.4764,1435.2589,0.0000,9.86185,48474.6
7256,130138.7353,128703.4764,1435.2589,0.0185,9.88439,48481.6
7257,130138.7353,128703.4764,1435.2589,0.0000,9.88439,48489.3
7258,130138.7353,128703.4764,1435.2589,0.0000,9.88439,48496.8
7259,130138.7353,128703.4764,1435.2589,0.0000,9.88439,48503.8
7260,130138.7353,128703.4764,1435.2589,0.0000,9.88439,48510.4
7261,130138.7353,128703.4764,1435.2589,0.0000,9.88439,48517.9
7262,130138.7353,128703.4764,1435.2589,0.0000,9.88439,48525.6
7263,130138.7353,128703.4764,1435.2589,0.0000,9.88439,48532.7
7264,130138.7353,128703.4764,1435.2589,0.0000,9.88439,48540.4
7265,130138.7353,128703.4764,1435.2589,0.0000,9.88439,48547.5
7266,130138.7353,128703.4764,1435.2589,0.0000,9.88439,48554.8
7267,130138.7353,128703.4764,1435.2589,0.0000,9.88439,48562.2
7268,130138.7353,128703.4764,1435.2589,0.0000,9.88439,48569.3
7269,130138.7353,128703.4764,1435.2589,0.0000,9.88439,48575.8
7270,130138.7353,128703.4764,1435.2589,0.0000,9.88439,48582.5
7271,130138.7353,128703.4764,1435.2589,0.0000,9.88439,48589.4
7272,130138.7353,128703.4764,1435.2589,0.0000,9.88439,48596.1
7273,130138.7353,128703.4764,1435.2589,0.0000,9.88439,48604.7
7274,130138.7353,128703.4764,1435.2589,0.0000,9.88439,48612.0
7275,130138.7353,128703.4764,1435.2589,0.0000,9.88439,48619.2
7276,130138.7353,128703.4764,1435.2589,0.0000,9.88439,48626.5
7277,130138.7353,128703.4764,1435.2589,0.0000,9.88439,48633.3
7278,130138.7353,128703.4764,1435.2589,0.0000,9.88439,48639.9
7279,130138.7353,128703.4764,1435.2589,0.0000,9.88439,48647.2
7280,130138.7353,128703.4764,1435.2589,0.0000,9.88439,48654.6
7281,130138.7353,128703.4764,1435.2589,0.0000,9.88439,48662.3
7282,130138.7353,128703.4764,1435.2589,0.0000,9.88439,48669.1
7283,130138.7353,128703.4764,1435.2589,0.0000,9.88439,48675.8
7284,130138.7353,128703.4764,1435.2589,0.0000,9.88439,48682.3
7285,130138.7353,128703.4764,1435.2589,0.0000,9.88439,48689.5
7286,130138.7353,128703.4764,1435.2589,0.0185,9.90617,48696.4
7287,130138.7353,128703.4764,1435.2589,0.0000,9.90617,48703.0
7288,130138.7353,128703.4764,1435.2589,0.0000,9.90617,48710.1
7289,130138.7353,128703.4764,1435.2589,0.0000,9.90617,48717.3
7290,130138.7353,128703.4764,1435.2589,0.0000,9.90617,48724.2
7291,130138.7353,128703.4764,1435.2589,0.0000,9.90617,48731.2
7292,130138.7353,128703.4764,1435.2589,0.0000,9.90617,48738.9
7293,130138.7353,128703.4764,1435.2589,0.0000,9.90617,48746.4
7294,130138.7353,128703.4764,1435.2589,0.0000,9.90617,48753.1
7295,130138.7353,128703.4764,1435.2589,0.0185,9.90241,48760.5
7296,130138.7353,128703.4764,1435.2589,0.0185,9.84748,48767.6
7297,130138.7353,128703.4764,1435.2589,0.0000,9.84748,48774.8
7298,130138.7353,128703.4764,1435.2589,0.0000,9.84748,48781.5
7299,130138.7353,128703.4764,1435.2589,0.0000,9.84748,48788.7
7300,130138.7353,128703.4764,1435.2589,0.0000,9.84748,48796.4
7301,130138.7353,128703.4764,1435.2589,0.0000,9.84748,48803.8
7302,130138.7353,128703.4764,1435.2589,0.0000,9.84748,48810.3
7303,130138.7353,128703.4764,1435.2589,0.0000,9.84748,48816.1
7304,130138.7353,128703.4764,1435.2589,0.0000,9.84748,48823.4
7305,130138.7353,128703.4764,1435.2589,0.0000,9.84748,48830.9
7306,130138.7353,128703.4764,1435.2589,0.0000,9.84748,48838.8
7307,130138.7353,128703.4764,1435.2589,0.0000,9.84748,48846.6
7308,130138.7353,128703.4764,1435.2589,0.0000,9.84748,48854.0
7309,130138.7353,128703.4764,1435.2589,0.0000,9.84748,48860.8
7310,130138.7353,128703.4764,1435.2589,0.0000,9.84748,48868.6
7311,130138.7353,128703.4764,1435.2589,0.0185,9.88771,48875.8
7312,130138.7353,128703.4764,1435.2589,0.0000,9.88771,48882.4
7313,130138.7353,128703.4764,1435.2589,0.0000,9.88771,48889.6
7314,130138.7353,128703.4764,1435.2589,0.0000,9.88771,48897.5
7315,130138.7353,128703.4764,1435.2589,0.0000,9.88771,48904.8
7316,130138.7353,128703.4764,1435.2589,0.0000,9.88771,48911.6
7317,130138.7353,128703.4764,1435.2589,0.0185,9.92286,48918.7
7318,130138.7353,128703.4764,1435.2589,0.0000,9.92286,48925.6
7319,130138.7353,128703.4764,1435.2589,0.0000,9.92286,48932.2
7320,130138.7353,128703.4764,1435.2589,0.0000,9.92286,48939.3
7321,130138.7353,128703.4764,1435.2589,0.0000,9.92286,48946.3
7322,130138.7353,128703.4764,1435.2589,0.0000,9.92286,48953.3
7323,130138.7353,128703.4764,1435.2589,0.0000,9.92286,48960.5
7324,130138.7353,128703.4764,1435.2589,0.0000,9.92286,48967.5
7325,130138.7353,128703.4764,1435.2589,0.0000,9.92286,48975.1
7326,130138.7353,128703.4764,1435.2589,0.0000,9.92286,48982.8
7327,130138.7353,128703.4764,1435.2589,0.0000,9.92286,48990.6
7328,130138.7353,128703.4764,1435.2589,0.0000,9.92286,48997.6
7329,130138.7353,128703.4764,1435.2589,0.0000,9.92286,49004.6
7330,130138.7353,128703.4764,1435.2589,0.0000,9.92286,49012.1
7331,130138.7353,128703.4764,1435.2589,0.0000,9.92286,49019.6
7332,130138.7353,128703.4764,1435.2589,0.0000,9.92286,49026.2
7333,130138.7353,128703.4764,1435.2589,0.0000,9.92286,49033.4
7334,130138.7353,128703.4764,1435.2589,0.0000,9.92286,49040.5
7335,130138.7353,128703.4764,1435.2589,0.0000,9.92286,49047.1
7336,130138.7353,128703.4764,1435.2589,0.0185,9.90967,49054.9
7337,130138.7353,128703.4764,1435.2589,0.0185,9.9028,49061.8
7338,130138.7353,128703.4764,1435.2589,0.0000,9.9028,49069.1
7339,130138.7353,128703.4764,1435.2589,0.0000,9.9028,49075.9
7340,130138.7353,128703.4764,1435.2589,0.0000,9.9028,49082.8
7341,130138.7353,128703.4764,1435.2589,0.0000,9.9028,49090.1
7342,130138.7353,128703.4764,1435.2589,0.0000,9.9028,49097.2
7343,130138.7353,128703.4764,1435.2589,0.0185,9.92536,49104.0
7344,130138.7353,128703.4764,1435.2589,0.0000,9.92536,49111.2
7345,130138.7353,128703.4764,1435.2589,0.0000,9.92536,49118.8
7346,130138.7353,128703.4764,1435.2589,0.0000,9.92536,49126.2
7347,130138.7353,128703.4764,1435.2589,0.0000,9.92536,49132.7
7348,130138.7353,128703.4764,1435.2589,0.0000,9.92536,49139.9
7349,130138.7353,128703.4764,1435.2589,0.0000,9.92536,49147.3
7350,130138.7353,128703.4764,1435.2589,0.0000,9.92536,49154.0
7351,130138.7353,128703.4764,1435.2589,0.0185,9.88518,49161.3
7352,130138.7353,128703.4764,1435.2589,0.0000,9.88518,49167.6
7353,130138.7353,128703.4764,1435.2589,0.0000,9.88518,49174.9
7354,130138.7353,128703.4764,1435.2589,0.0000,9.88518,49182.0
7355,130138.7353,128703.4764,1435.2589,0.0000,9.88518,49188.1
7356,130138.7353,128703.4764,1435.2589,0.0000,9.88518,49194.0
7357,130138.7353,128703.4764,1435.2589,0.0000,9.88518,49200.9
7358,130138.7353,128703.4764,1435.2589,0.0000,9.88518,49208.6
7359,130138.7353,128703.4764,1435.2589,0.0000,9.88518,49216.1
7360,130138.7353,128703.4764,1435.2589,0.0000,9.88518,49223.4
7361,130138.7353,128703.4764,1435.2589,0.0000,9.88518,49230.3
7362,130138.7353,128703.4764,1435.2589,0.0000,9.88518,49237.4
7363,130138.7353,128703.4764,1435.2589,0.0000,9.88518,49245.2
7364,130138.7353,128703.4764,1435.2589,0.0185,9.88877,49252.4
7365,130138.7353,128703.4764,1435.2589,0.0185,9.81785,49259.0
7366,130138.7353,128703.4764,1435.2589,0.0000,9.81785,49265.4
7367,130138.7353,128703.4764,1435.2589,0.0000,9.81785,49273.3
7368,130138.7353,128703.4764,1435.2589,0.0000,9.81785,49280.8
7369,130138.7353,128703.4764,1435.2589,0.0000,9.81785,49288.8
7370,130138.7353,128703.4764,1435.2589,0.0000,9.81785,49295.9
7371,130138.7353,128703.4764,1435.2589,0.0000,9.81785,49303.9
7372,130138.7353,128703.4764,1435.2589,0.0000,9.81785,49311.4
7373,130138.7353,128703.4764,1435.2589,0.0000,9.81785,49318.9
7374,130138.7353,128703.4764,1435.2589,0.0000,9.81785,49325.7
7375,130138.7353,128703.4764,1435.2589,0.0000,9.81785,49332.6
7376,130138.7353,128703.4764,1435.2589,0.0000,9.81785,49339.0
7377,130138.7353,128703.4764,1435.2589,0.0000,9.81785,49345.7
7378,130138.7353,128703.4764,1435.2589,0.0000,9.81785,49352.8
7379,130138.7353,128703.4764,1435.2589,0.0000,9.81785,49359.7
7380,130138.7353,128703.4764,1435.2589,0.0000,9.81785,49366.8
7381,130138.7353,128703.4764,1435.2589,0.0000,9.81785,49373.9
7382,130138.7353,128703.4764,1435.2589,0.0000,9.81785,49381.3
7383,130138.7353,128703.4764,1435.2589,0.0000,9.81785,49387.8
7384,130138.7353,128703.4764,1435.2589,0.0000,9.81785,49395.2
7385,130138.7353,128703.4764,1435.2589,0.0185,9.82179,49402.9
7386,130138.7353,128703.4764,1435.2589,0.0000,9.82179,49410.1
7387,130138.7353,128703.4764,1435.2589,0.0000,9.82179,49418.0
7388,130138.7353,128703.4764,1435.2589,0.0185,9.80833,49425.0
7389,130138.7353,128703.4764,1435.2589,0.0000,9.80833,49432.5
7390,130138.7353,128703.4764,1435.2589,0.0000,9.80833,49439.6
7391,130138.7353,128703.4764,1435.2589,0.0000,9.80833,49447.5
7392,130138.7353,128703.4764,1435.2589,0.0000,9.80833,49453.7
7393,130138.7353,128703.4764,1435.2589,0.0000,9.80833,49461.4
7394,130138.7353,128703.4764,1435.2589,0.0000,9.80833,49468.9
7395,130138.7353,128703.4764,1435.2589,0.0000,9.80833,49475.6
7396,130138.7353,128703.4764,1435.2589,0.0185,9.80056,49482.7
7397,130138.7353,128703.4764,1435.2589,0.0000,9.80056,49489.6
7398,130138.7353,128703.4764,1435.2589,0.0000,9.80056,49496.5
7399,130138.7353,128703.4764,1435.2589,0.0000,9.80056,49503.6
7400,130138.7353,128703.4764,1435.2589,0.0000,9.80056,49510.2
7401,130138.7353,128703.4764,1435.2589,0.0000,9.80056,49516.9
7402,130138.7353,128703.4764,1435.2589,0.0000,9.80056,49524.0
7403,130138.7353,128703.4764,1435.2589,0.0000,9.80056,49531.4
7404,130138.7353,128703.4764,1435.2589,0.0000,9.80056,49539.1
7405,130138.7353,128703.4764,1435.2589,0.0000,9.80056,49545.4
7406,130138.7353,128703.4764,1435.2589,0.0000,9.80056,49552.7
7407,130138.7353,128703.4764,1435.2589,0.0000,9.80056,49558.9
7408,130138.7353,128703.4764,1435.2589,0.0000,9.80056,49566.6
7409,130138.7353,128703.4764,1435.2589,0.0000,9.80056,49573.7
7410,130138.7353,128703.4764,1435.2589,0.0000,9.80056,49580.9
7411,130138.7353,128703.4764,1435.2589,0.0000,9.80056,49588.2
7412,130138.7353,128703.4764,1435.2589,0.0000,9.80056,49595.3
7413,130138.7353,128703.4764,1435.2589,0.0000,9.80056,49602.4
7414,130138.7353,128703.4764,1435.2589,0.0000,9.80056,49608.8
7415,130138.7353,128703.4764,1435.2589,0.0000,9.80056,49616.1
7416,130138.7353,128703.4764,1435.2589,0.0000,9.80056,49622.6
7417,130138.7353,128703.4764,1435.2589,0.0000,9.80056,49628.9
7418,130138.7353,128703.4764,1435.2589,0.0000,9.80056,49636.4
7419,130138.7353,128703.4764,1435.2589,0.0000,9.80056,49643.3
7420,130138.7353,128703.4764,1435.2589,0.0000,9.80056,49650.7
7421,130138.7353,128703.4764,1435.2589,0.0000,9.80056,49658.4
7422,130138.7353,128703.4764,1435.2589,0.0185,9.79909,49666.4
7423,130138.7353,128703.4764,1435.2589,0.0000,9.79909,49674.7
7424,130138.7353,128703.4764,1435.2589,0.0000,9.79909,49682.0
7425,130138.7353,128703.4764,1435.2589,0.0000,9.79909,49689.3
7426,130138.7353,128703.4764,1435.2589,0.0000,9.79909,49697.0
7427,130138.7353,128703.4764,1435.2589,0.0000,9.79909,49704.4
7428,130138.7353,128703.4764,1435.2589,0.0185,9.82104,49712.5
7429,130138.7353,128703.4764,1435.2589,0.0000,9.82104,49719.8
7430,130138.7353,128703.4764,1435.2589,0.0000,9.82104,49726.4
7431,130138.7353,128703.4764,1435.2589,0.0000,9.82104,49733.4
7432,130138.7353,128703.4764,1435.2589,0.0185,9.85238,49740.5
7433,130138.7353,128703.4764,1435.2589,0.0000,9.85238,49747.5
7434,130138.7353,128703.4764,1435.2589,0.0000,9.85238,49754.8
7435,130138.7353,128703.4764,1435.2589,0.0000,9.85238,49761.3
7436,130138.7353,128703.4764,1435.2589,0.0000,9.85238,49768.6
7437,130138.7353,128703.4764,1435.2589,0.0000,9.85238,49775.0
7438,130138.7353,128703.4764,1435.2589,0.0000,9.85238,49781.7
7439,130138.7353,128703.4764,1435.2589,0.0000,9.85238,49788.7
7440,130138.7353,128703.4764,1435.2589,0.0000,9.85238,49796.1
7441,130138.7353,128703.4764,1435.2589,0.0000,9.85238,49802.6
7442,130138.7353,128703.4764,1435.2589,0.0000,9.85238,49809.3
7443,130138.7353,128703.4764,1435.2589,0.0000,9.85238,49816.1
7444,130138.7353,128703.4764,1435.2589,0.0000,9.85238,49823.4
7445,130138.7353,128703.4764,1435.2589,0.0000,9.85238,49830.0
7446,130138.7353,128703.4764,1435.2589,0.0185,9.84388,49836.9
7447,130138.7353,128703.4764,1435.2589,0.0000,9.84388,49843.7
7448,130138.7353,128703.4764,1435.2589,0.0000,9.84388,49851.6
7449,130138.7353,128703.4764,1435.2589,0.0000,9.84388,49859.1
7450,130138.7353,128703.4764,1435.2589,0.0000,9.84388,49866.2
7451,130138.7353,128703.4764,1435.2589,0.0000,9.84388,49872.9
7452,130138.7353,128703.4764,1435.2589,0.0000,9.84388,49880.0
7453,130138.7353,128703.4764,1435.2589,0.0000,9.84388,49888.0
7454,130138.7353,128703.4764,1435.2589,0.0000,9.84388,49895.3
7455,130138.7353,128703.4764,1435.2589,0.0000,9.84388,49901.7
7456,130138.7353,128703.4764,1435.2589,0.0000,9.84388,49908.3
7457,130138.7353,128703.4764,1435.2589,0.0000,9.84388,49915.1
7458,130138.7353,128703.4764,1435.2589,0.0185,9.84529,49922.4
7459,130138.7353,128703.4764,1435.2589,0.0000,9.84529,49929.2
7460,130138.7353,128703.4764,1435.2589,0.0000,9.84529,49935.7
7461,130138.7353,128703.4764,1435.2589,0.0000,9.84529,49943.3
7462,130138.7353,128703.4764,1435.2589,0.0000,9.84529,49950.3
7463,130138.7353,128703.4764,1435.2589,0.0000,9.84529,49957.2
7464,130138.7353,128703.4764,1435.2589,0.0000,9.84529,49963.9
7465,130138.7353,128703.4764,1435.2589,0.0000,9.84529,49971.0
7466,130138.7353,128703.4764,1435.2589,0.0000,9.84529,49978.6
7467,130138.7353,128703.4764,1435.2589,0.0000,9.84529,49985.3
7468,130138.7353,128703.4764,1435.2589,0.0185,9.85138,49992.0
7469,130138.7353,128703.4764,1435.2589,0.0000,9.85138,49999.5
7470,130138.7353,128703.4764,1435.2589,0.0000,9.85138,50005.8
7471,130138.7353,128703.4764,1435.2589,0.0000,9.85138,50012.5
7472,130138.7353,128703.4764,1435.2589,0.0000,9.85138,50019.4
7473,130138.7353,128703.4764,1435.2589,0.0000,9.85138,50026.6
7474,130138.7353,128703.4764,1435.2589,0.0000,9.85138,50034.3
7475,130138.7353,128703.4764,1435.2589,0.0000,9.85138,50040.8
7476,130138.7353,128703.4764,1435.2589,0.0000,9.85138,50047.5
7477,130138.7353,128703.4764,1435.2589,0.0000,9.85138,50054.8
7478,130138.7353,128703.4764,1435.2589,0.0000,9.85138,50062.1
7479,130138.7353,128703.4764,1435.2589,0.0000,9.85138,50069.1
7480,130138.7353,128703.4764,1435.2589,0.0000,9.85138,50076.4
7481,130138.7353,128703.4764,1435.2589,0.0000,9.85138,50083.2
7482,130138.7353,128703.4764,1435.2589,0.0000,9.85138,50090.5
7483,130138.7353,128703.4764,1435.2589,0.0000,9.85138,50097.2
7484,130138.7353,128703.4764,1435.2589,0.0000,9.85138,50104.4
7485,130138.7353,128703.4764,1435.2589,0.0000,9.85138,50111.7
7486,130138.7353,128703.4764,1435.2589,0.0000,9.85138,50119.1
7487,130138.7353,128703.4764,1435.2589,0.0000,9.85138,50126.1
7488,130138.7353,128703.4764,1435.2589,0.0000,9.85138,50133.0
7489,130138.7353,128703.4764,1435.2589,0.0000,9.85138,50139.3
7490,130138.7353,128703.4764,1435.2589,0.0000,9.85138,50147.2
7491,130138.7353,128703.4764,1435.2589,0.0000,9.85138,50154.6
7492,130138.7353,128703.4764,1435.2589,0.0000,9.85138,50161.5
7493,130138.7353,128703.4764,1435.2589,0.0000,9.85138,50169.4
7494,130138.7353,128703.4764,1435.2589,0.0000,9.85138,50176.9
7495,130138.7353,128703.4764,1435.2589,0.0000,9.85138,50183.4
7496,130138.7353,128703.4764,1435.2589,0.0000,9.85138,50190.0
7497,130138.7353,128703.4764,1435.2589,0.0000,9.85138,50196.6
7498,130138.7353,128703.4764,1435.2589,0.0000,9.85138,50204.2
7499,130138.7353,128703.4764,1435.2589,0.0000,9.85138,50211.8
7500,130138.7353,128703.4764,1435.2589,0.0000,9.85138,50219.4
7501,130138.7353,128703.4764,1435.2589,0.0000,9.85138,50227.3
7502,130138.7353,128703.4764,1435.2589,0.0000,9.85138,50234.6
7503,130138.7353,128703.4764,1435.2589,0.0000,9.85138,50241.5
7504,130138.7353,128703.4764,1435.2589,0.0000,9.85138,50249.1
7505,130138.7353,128703.4764,1435.2589,0.0000,9.85138,50256.9
7506,130138.7353,128703.4764,1435.2589,0.0000,9.85138,50264.2
7507,130138.7353,128703.4764,1435.2589,0.0000,9.85138,50271.8
7508,130138.7353,128703.4764,1435.2589,0.0000,9.85138,50278.9
7509,130138.7353,128703.4764,1435.2589,0.0000,9.85138,50286.0
7510,130138.7353,128703.4764,1435.2589,0.0000,9.85138,50293.5
7511,130138.7353,128703.4764,1435.2589,0.0000,9.85138,50300.1
7512,130138.7353,128703.4764,1435.2589,0.0185,9.86721,50306.8
7513,130138.7353,128703.4764,1435.2589,0.0000,9.86721,50313.6
7514,130138.7353,128703.4764,1435.2589,0.0000,9.86721,50320.7
7515,130138.7353,128703.4764,1435.2589,0.0000,9.86721,50328.0
7516,130138.7353,128703.4764,1435.2589,0.0000,9.86721,50334.2
7517,130138.7353,128703.4764,1435.2589,0.0000,9.86721,50341.7
7518,130138.7353,128703.4764,1435.2589,0.0000,9.86721,50348.5
7519,130138.7353,128703.4764,1435.2589,0.0000,9.86721,50355.3
7520,130138.7353,128703.4764,1435.2589,0.0000,9.86721,50361.9
7521,130138.7353,128703.4764,1435.2589,0.0000,9.86721,50369.2
7522,130138.7353,128703.4764,1435.2589,0.0000,9.86721,50375.5
7523,130138.7353,128703.4764,1435.2589,0.0000,9.86721,50382.8
7524,130138.7353,128703.4764,1435.2589,0.0000,9.86721,50389.2
7525,130138.7353,128703.4764,1435.2589,0.0000,9.86721,50396.4
7526,130138.7353,128703.4764,1435.2589,0.0000,9.86721,50403.4
7527,130138.7353,128703.4764,1435.2589,0.0000,9.86721,50410.8
7528,130138.7353,128703.4764,1435.2589,0.0000,9.86721,50417.7
7529,130138.7353,128703.4764,1435.2589,0.0185,9.83369,50424.8
7530,130138.7353,128703.4764,1435.2589,0.0000,9.83369,50431.9
7531,130138.7353,128703.4764,1435.2589,0.0000,9.83369,50438.1
7532,130138.7353,128703.4764,1435.2589,0.0000,9.83369,50445.2
7533,130138.7353,128703.4764,1435.2589,0.0000,9.83369,50451.5
7534,130138.7353,128703.4764,1435.2589,0.0000,9.83369,50458.7
7535,130138.7353,128703.4764,1435.2589,0.0000,9.83369,50465.2
7536,130138.7353,128703.4764,1435.2589,0.0000,9.83369,50472.0
7537,130138.7353,128703.4764,1435.2589,0.0000,9.83369,50478.4
7538,130138.7353,128703.4764,1435.2589,0.0000,9.83369,50485.8
7539,130138.7353,128703.4764,1435.2589,0.0000,9.83369,50493.3
7540,130138.7353,128703.4764,1435.2589,0.0000,9.83369,50499.4
7541,130138.7353,128703.4764,1435.2589,0.0000,9.83369,50506.9
7542,130138.7353,128703.4764,1435.2589,0.0000,9.83369,50515.0
7543,130138.7353,128703.4764,1435.2589,0.0000,9.83369,50522.5
7544,130138.7353,128703.4764,1435.2589,0.0000,9.83369,50529.4
7545,130138.7353,128703.4764,1435.2589,0.0000,9.83369,50536.8
7546,130138.7353,128703.4764,1435.2589,0.0000,9.83369,50544.3
7547,130138.7353,128703.4764,1435.2589,0.0000,9.83369,50550.9
7548,130138.7353,128703.4764,1435.2589,0.0370,9.80406,50557.8
7549,130138.7353,128703.4764,1435.2589,0.0000,9.80406,50564.9
7550,130138.7353,128703.4764,1435.2589,0.0000,9.80406,50572.2
7551,130138.7353,128703.4764,1435.2589,0.0000,9.80406,50579.7
7552,130138.7353,128703.4764,1435.2589,0.0000,9.80406,50586.7
7553,130138.7353,128703.4764,1435.2589,0.0000,9.80406,50593.8
7554,130138.7353,128703.4764,1435.2589,0.0000,9.80406,50599.7
7555,130138.7353,128703.4764,1435.2589,0.0000,9.80406,50607.4
7556,130138.7353,128703.4764,1435.2589,0.0000,9.80406,50614.3
7557,130138.7353,128703.4764,1435.2589,0.0000,9.80406,50620.3
7558,130138.7353,128703.4764,1435.2589,0.0000,9.80406,50627.3
7559,130138.7353,128703.4764,1435.2589,0.0000,9.80406,50635.0
7560,130138.7353,128703.4764,1435.2589,0.0000,9.80406,50642.2
7561,130138.7353,128703.4764,1435.2589,0.0000,9.80406,50649.6
7562,130138.7353,128703.4764,1435.2589,0.0000,9.80406,50656.9
7563,130138.7353,128703.4764,1435.2589,0.0000,9.80406,50664.5
7564,130138.7353,128703.4764,1435.2589,0.0000,9.80406,50671.6
7565,130138.7353,128703.4764,1435.2589,0.0000,9.80406,50678.9
7566,130138.7353,128703.4764,1435.2589,0.0000,9.80406,50685.7
7567,130138.7353,128703.4764,1435.2589,0.0000,9.80406,50691.7
7568,130138.7353,128703.4764,1435.2589,0.0000,9.80406,50698.5
7569,130138.7353,128703.4764,1435.2589,0.0000,9.80406,50705.9
7570,130138.7353,128703.4764,1435.2589,0.0000,9.80406,50712.6
7571,130138.7353,128703.4764,1435.2589,0.0000,9.80406,50719.1
7572,130138.7353,128703.4764,1435.2589,0.0000,9.80406,50727.1
7573,130138.7353,128703.4764,1435.2589,0.0000,9.80406,50734.2
7574,130138.7353,128703.4764,1435.2589,0.0000,9.80406,50741.9
7575,130138.7353,128703.4764,1435.2589,0.0185,9.80846,50749.3
7576,130138.7353,128703.4764,1435.2589,0.0000,9.80846,50756.5
7577,130138.7353,128703.4764,1435.2589,0.0000,9.80846,50763.4
7578,130138.7353,128703.4764,1435.2589,0.0000,9.80846,50771.5
7579,130138.7353,128703.4764,1435.2589,0.0000,9.80846,50778.5
7580,130138.7353,128703.4764,1435.2589,0.0000,9.80846,50785.7
7581,130138.7353,128703.4764,1435.2589,0.0000,9.80846,50793.6
7582,130138.7353,128703.4764,1435.2589,0.0000,9.80846,50800.6
7583,130138.7353,128703.4764,1435.2589,0.0000,9.80846,50807.8
7584,130138.7353,128703.4764,1435.2589,0.0000,9.80846,50814.7
7585,130138.7353,128703.4764,1435.2589,0.0000,9.80846,50822.0
7586,130138.7353,128703.4764,1435.2589,0.0000,9.80846,50829.1
7587,130138.7353,128703.4764,1435.2589,0.0000,9.80846,50836.3
7588,130138.7353,128703.4764,1435.2589,0.0000,9.80846,50843.6
7589,130138.7353,128703.4764,1435.2589,0.0000,9.80846,50850.6
7590,130138.7353,128703.4764,1435.2589,0.0000,9.80846,50856.5
7591,130138.7353,128703.4764,1435.2589,0.0000,9.80846,50864.0
7592,130138.7353,128703.4764,1435.2589,0.0185,9.82634,50870.9
7593,130138.7353,128703.4764,1435.2589,0.0000,9.82634,50878.1
7594,130138.7353,128703.4764,1435.2589,0.0000,9.82634,50885.8
7595,130138.7353,128703.4764,1435.2589,0.0000,9.82634,50893.3
7596,130138.7353,128703.4764,1435.2589,0.0000,9.82634,50899.8
7597,130138.7353,128703.4764,1435.2589,0.0000,9.82634,50906.2
7598,130138.7353,128703.4764,1435.2589,0.0000,9.82634,50913.1
7599,130138.7353,128703.4764,1435.2589,0.0000,9.82634,50919.7
7600,130138.7353,128703.4764,1435.2589,0.0000,9.82634,50927.6
7601,130138.7353,128703.4764,1435.2589,0.0000,9.82634,50934.6
7602,130138.7353,128703.4764,1435.2589,0.0000,9.82634,50941.1
7603,130138.7353,128703.4764,1435.2589,0.0000,9.82634,50948.3
7604,130138.7353,128703.4764,1435.2589,0.0000,9.82634,50955.7
7605,130138.7353,128703.4764,1435.2589,0.0000,9.82634,50962.9
7606,130138.7353,128703.4764,1435.2589,0.0000,9.82634,50970.3
7607,130138.7353,128703.4764,1435.2589,0.0000,9.82634,50977.4
7608,130138.7353,128703.4764,1435.2589,0.0000,9.82634,50984.0
7609,130138.7353,128703.4764,1435.2589,0.0000,9.82634,50991.3
7610,130138.7353,128703.4764,1435.2589,0.0000,9.82634,50998.5
7611,130138.7353,128703.4764,1435.2589,0.0000,9.82634,51006.2
7612,130138.7353,128703.4764,1435.2589,0.0000,9.82634,51013.1
7613,130138.7353,128703.4764,1435.2589,0.0000,9.82634,51019.2
7614,130138.7353,128703.4764,1435.2589,0.0000,9.82634,51025.8
7615,130138.7353,128703.4764,1435.2589,0.0000,9.82634,51033.0
7616,130138.7353,128703.4764,1435.2589,0.0000,9.82634,51039.5
7617,130138.7353,128703.4764,1435.2589,0.0000,9.82634,51047.5
7618,130138.7353,128703.4764,1435.2589,0.0000,9.82634,51054.6
7619,130138.7353,128703.4764,1435.2589,0.0000,9.82634,51062.1
7620,130138.7353,128703.4764,1435.2589,0.0000,9.82634,51069.5
7621,130138.7353,128703.4764,1435.2589,0.0185,9.84103,51076.8
7622,130138.7353,128703.4764,1435.2589,0.0000,9.84103,51083.7
7623,130138.7353,128703.4764,1435.2589,0.0000,9.84103,51090.9
7624,130138.7353,128703.4764,1435.2589,0.0000,9.84103,51098.6
7625,130138.7353,128703.4764,1435.2589,0.0000,9.84103,51105.2
7626,130138.7353,128703.4764,1435.2589,0.0000,9.84103,51112.7
7627,130138.7353,128703.4764,1435.2589,0.0000,9.84103,51120.1
7628,130138.7353,128703.4764,1435.2589,0.0000,9.84103,51127.3
7629,130138.7353,128703.4764,1435.2589,0.0000,9.84103,51133.7
7630,130138.7353,128703.4764,1435.2589,0.0000,9.84103,51140.8
7631,130138.7353,128703.4764,1435.2589,0.0000,9.84103,51147.9
7632,130138.7353,128703.4764,1435.2589,0.0000,9.84103,51154.4
7633,130138.7353,128703.4764,1435.2589,0.0000,9.84103,51161.9
7634,130138.7353,128703.4764,1435.2589,0.0000,9.84103,51169.1
7635,130138.7353,128703.4764,1435.2589,0.0185,9.8093,51177.3
7636,130138.7353,128703.4764,1435.2589,0.0000,9.8093,51184.9
7637,130138.7353,128703.4764,1435.2589,0.0000,9.8093,51191.3
7638,130138.7353,128703.4764,1435.2589,0.0000,9.8093,51198.3
7639,130138.7353,128703.4764,1435.2589,0.0000,9.8093,51205.1
7640,130138.7353,128703.4764,1435.2589,0.0000,9.8093,51212.8
7641,130138.7353,128703.4764,1435.2589,0.0000,9.8093,51219.0
7642,130138.7353,128703.4764,1435.2589,0.0000,9.8093,51225.8
7643,130138.7353,128703.4764,1435.2589,0.0000,9.8093,51233.0
7644,130138.7353,128703.4764,1435.2589,0.0000,9.8093,51239.9
7645,130138.7353,128703.4764,1435.2589,0.0000,9.8093,51246.7
7646,130138.7353,128703.4764,1435.2589,0.0185,9.81546,51253.0
7647,130138.7353,128703.4764,1435.2589,0.0000,9.81546,51259.6
7648,130138.7353,128703.4764,1435.2589,0.0000,9.81546,51266.9
7649,130138.7353,128703.4764,1435.2589,0.0000,9.81546,51273.9
7650,130138.7353,128703.4764,1435.2589,0.0000,9.81546,51281.3
7651,130138.7353,128703.4764,1435.2589,0.0000,9.81546,51287.9
7652,130138.7353,128703.4764,1435.2589,0.0000,9.81546,51295.3
7653,130138.7353,128703.4764,1435.2589,0.0000,9.81546,51302.1
7654,130138.7353,128703.4764,1435.2589,0.0000,9.81546,51308.9
7655,130138.7353,128703.4764,1435.2589,0.0000,9.81546,51315.3
7656,130138.7353,128703.4764,1435.2589,0.0000,9.81546,51322.5
7657,130138.7353,128703.4764,1435.2589,0.0185,9.79526,51329.9
7658,130138.7353,128703.4764,1435.2589,0.0000,9.79526,51336.7
7659,130138.7353,128703.4764,1435.2589,0.0185,9.78949,51344.3
7660,130138.7353,128703.4764,1435.2589,0.0185,9.79844,51351.3
7661,130138.7353,128703.4764,1435.2589,0.0000,9.79844,51357.7
7662,130138.7353,128703.4764,1435.2589,0.0000,9.79844,51365.0
7663,130138.7353,128703.4764,1435.2589,0.0000,9.79844,51371.6
7664,130138.7353,128703.4764,1435.2589,0.0000,9.79844,51378.2
7665,130138.7353,128703.4764,1435.2589,0.0000,9.79844,51384.7
7666,130138.7353,128703.4764,1435.2589,0.0000,9.79844,51392.4
7667,130138.7353,128703.4764,1435.2589,0.0000,9.79844,51399.1
7668,130138.7353,128703.4764,1435.2589,0.0000,9.79844,51406.3
7669,130138.7353,128703.4764,1435.2589,0.0000,9.79844,51413.8
7670,130138.7353,128703.4764,1435.2589,0.0000,9.79844,51420.7
7671,130138.7353,128703.4764,1435.2589,0.0000,9.79844,51427.7
7672,130138.7353,128703.4764,1435.2589,0.0000,9.79844,51434.3
7673,130138.7353,128703.4764,1435.2589,0.0185,9.78713,51441.8
7674,130138.7353,128703.4764,1435.2589,0.0000,9.78713,51449.0
7675,130138.7353,128703.4764,1435.2589,0.0000,9.78713,51455.4
7676,130138.7353,128703.4764,1435.2589,0.0000,9.78713,51462.4
7677,130138.7353,128703.4764,1435.2589,0.0000,9.78713,51469.9
7678,130138.7353,128703.4764,1435.2589,0.0185,9.86739,51477.1
7679,130138.7353,128703.4764,1435.2589,0.0000,9.86739,51484.3
7680,130138.7353,128703.4764,1435.2589,0.0000,9.86739,51491.4
7681,130138.7353,128703.4764,1435.2589,0.0000,9.86739,51498.9
7682,130138.7353,128703.4764,1435.2589,0.0000,9.86739,51505.7
7683,130138.7353,128703.4764,1435.2589,0.0000,9.86739,51512.2
7684,130138.7353,128703.4764,1435.2589,0.0000,9.86739,51519.2
7685,130138.7353,128703.4764,1435.2589,0.0000,9.86739,51526.1
7686,130138.7353,128703.4764,1435.2589,0.0000,9.86739,51533.9
7687,130138.7353,128704.3605,1434.3747,0.0185,9.84252,51540.5
7688,130138.7353,128704.3605,1434.3747,0.0000,9.84252,51547.5
7689,130138.7353,128704.3605,1434.3747,0.0000,9.84252,51554.6
7690,130138.7353,128704.3605,1434.3747,0.0000,9.84252,51561.1
7691,130138.7353,128704.3605,1434.3747,0.0185,9.8459,51568.2
7692,130138.7353,128704.3605,1434.3747,0.0000,9.8459,51575.8
7693,130138.7353,128704.3605,1434.3747,0.0000,9.8459,51582.1
7694,130138.7353,128704.3605,1434.3747,0.0000,9.8459,51589.2
7695,130138.7353,128704.3605,1434.3747,0.0185,9.82556,51596.7
7696,130138.7353,128704.3605,1434.3747,0.0000,9.82556,51603.4
7697,130138.7353,128704.3605,1434.3747,0.0000,9.82556,51610.1
7698,130138.7353,128704.3605,1434.3747,0.0000,9.82556,51617.3
7699,130138.7353,128704.3605,1434.3747,0.0000,9.82556,51624.6
7700,130138.7353,128704.3605,1434.3747,0.0000,9.82556,51632.0
7701,130138.7353,128704.3605,1434.3747,0.0000,9.82556,51639.7
7702,130138.7353,128704.3605,1434.3747,0.0185,9.8192,51647.5
7703,130138.7353,128704.3605,1434.3747,0.0000,9.8192,51654.1
7704,130138.7353,128704.3605,1434.3747,0.0000,9.8192,51661.2
7705,130138.7353,128704.3605,1434.3747,0.0000,9.8192,51669.7
7706,130138.7353,128704.3605,1434.3747,0.0000,9.8192,51676.3
7707,130138.7353,128704.3605,1434.3747,0.0000,9.8192,51683.4
7708,130138.7353,128704.3605,1434.3747,0.0000,9.8192,51690.6
7709,130138.7353,128704.3605,1434.3747,0.0000,9.8192,51698.5
7710,130138.7353,128704.3605,1434.3747,0.0000,9.8192,51705.6
7711,130138.7353,128704.3605,1434.3747,0.0000,9.8192,51712.9
7712,130138.7353,128704.3605,1434.3747,0.0000,9.8192,51720.1
7713,130138.7353,128704.3605,1434.3747,0.0000,9.8192,51726.4
7714,130138.7353,128704.3605,1434.3747,0.0000,9.8192,51734.2
7715,130138.7353,128704.3605,1434.3747,0.0000,9.8192,51741.1
7716,130138.7353,128704.3605,1434.3747,0.0000,9.8192,51747.9
7717,130138.7353,128704.3605,1434.3747,0.0000,9.8192,51754.9
7718,130138.7353,128704.3605,1434.3747,0.0000,9.8192,51761.9
7719,130138.7353,128704.3605,1434.3747,0.0000,9.8192,51768.7
7720,130138.7353,128704.3605,1434.3747,0.0000,9.8192,51776.0
7721,130138.7353,128704.3605,1434.3747,0.0000,9.8192,51782.6
7722,130138.7353,128704.3605,1434.3747,0.0000,9.8192,51790.0
7723,130138.7353,128704.3605,1434.3747,0.0000,9.8192,51796.7
7724,130138.7353,128704.3605,1434.3747,0.0000,9.8192,51803.2
7725,130138.7353,128704.3605,1434.3747,0.0000,9.8192,51809.8
7726,130138.7353,128704.3605,1434.3747,0.0000,9.8192,51816.6
7727,130138.7353,128704.3605,1434.3747,0.0000,9.8192,51823.7
7728,130138.7353,128704.3605,1434.3747,0.0000,9.8192,51831.3
7729,130138.7353,128704.3605,1434.3747,0.0000,9.8192,51838.6
7730,130138.7353,128704.3605,1434.3747,0.0000,9.8192,51845.3
7731,130138.7353,128704.3605,1434.3747,0.0000,9.8192,51852.3
7732,130138.7353,128704.3605,1434.3747,0.0000,9.8192,51859.3
7733,130138.7353,128704.3605,1434.3747,0.0000,9.8192,51865.4
7734,130138.7353,128704.3605,1434.3747,0.0000,9.8192,51872.7
7735,130138.7353,128704.3605,1434.3747,0.0000,9.8192,51879.5
7736,130138.7353,128704.3605,1434.3747,0.0000,9.8192,51886.4
7737,130138.7353,128704.3605,1434.3747,0.0000,9.8192,51893.6
7738,130138.7353,128704.3605,1434.3747,0.0000,9.8192,51901.0
7739,130138.7353,128704.3605,1434.3747,0.0000,9.8192,51907.5
7740,130138.7353,128704.3605,1434.3747,0.0000,9.8192,51915.2
7741,130138.7353,128704.3605,1434.3747,0.0000,9.8192,51922.7
7742,130138.7353,128704.3605,1434.3747,0.0000,9.8192,51930.4
7743,130138.7353,128704.3605,1434.3747,0.0000,9.8192,51937.8
7744,130138.7353,128704.3605,1434.3747,0.0000,9.8192,51944.3
7745,130138.7353,128704.3605,1434.3747,0.0000,9.8192,51951.8
7746,130138.7353,128704.3605,1434.3747,0.0000,9.8192,51959.1
7747,130138.7353,128704.3605,1434.3747,0.0000,9.8192,51966.9
7748,130138.7353,128704.3605,1434.3747,0.0000,9.8192,51974.2
7749,130138.7353,128704.3605,1434.3747,0.0000,9.8192,51981.0
7750,130138.7353,128704.3605,1434.3747,0.0000,9.8192,51988.0
7751,130138.7353,128704.3605,1434.3747,0.0000,9.8192,51995.9
7752,130138.7353,128704.3605,1434.3747,0.0000,9.8192,52003.5
7753,130138.7353,128704.3605,1434.3747,0.0000,9.8192,52010.1
7754,130138.7353,128704.3605,1434.3747,0.0000,9.8192,52016.8
7755,130138.7353,128704.3605,1434.3747,0.0000,9.8192,52023.5
7756,130138.7353,128704.3605,1434.3747,0.0000,9.8192,52031.0
7757,130138.7353,128704.3605,1434.3747,0.0000,9.8192,52038.0
7758,130138.7353,128704.3605,1434.3747,0.0000,9.8192,52045.2
7759,130138.7353,128704.3605,1434.3747,0.0000,9.8192,52051.5
7760,130138.7353,128704.3605,1434.3747,0.0000,9.8192,52058.4
7761,130138.7353,128704.3605,1434.3747,0.0000,9.8192,52065.3
7762,130138.7353,128704.3605,1434.3747,0.0000,9.8192,52072.2
7763,130138.7353,128704.3605,1434.3747,0.0000,9.8192,52080.5
7764,130138.7353,128704.3605,1434.3747,0.0000,9.8192,52088.6
7765,130138.7353,128704.3605,1434.3747,0.0000,9.8192,52095.8
7766,130138.7353,128704.3605,1434.3747,0.0000,9.8192,52103.0
7767,130138.7353,128704.3605,1434.3747,0.0000,9.8192,52109.9
7768,130138.7353,128704.3605,1434.3747,0.0000,9.8192,52117.0
7769,130138.7353,128704.3605,1434.3747,0.0000,9.8192,52123.9
7770,130138.7353,128704.3605,1434.3747,0.0000,9.8192,52130.6
7771,130138.7353,128704.3605,1434.3747,0.0000,9.8192,52137.6
7772,130138.7353,128704.3605,1434.3747,0.0000,9.8192,52144.7
7773,130138.7353,128704.3605,1434.3747,0.0000,9.8192,52151.8
7774,130138.7353,128704.3605,1434.3747,0.0000,9.8192,52159.5
7775,130138.7353,128704.3605,1434.3747,0.0000,9.8192,52166.7
7776,130138.7353,128704.3605,1434.3747,0.0000,9.8192,52173.6
7777,130138.7353,128704.3605,1434.3747,0.0000,9.8192,52180.7
7778,130138.7353,128704.3605,1434.3747,0.0000,9.8192,52187.4
7779,130138.7353,128704.3605,1434.3747,0.0000,9.8192,52194.6
7780,130138.7353,128704.3605,1434.3747,0.0000,9.8192,52201.8
7781,130138.7353,128704.3605,1434.3747,0.0000,9.8192,52207.9
7782,130138.7353,128704.3605,1434.3747,0.0000,9.8192,52215.6
7783,130138.7353,128704.3605,1434.3747,0.0000,9.8192,52223.2
7784,130138.7353,128704.3605,1434.3747,0.0000,9.8192,52229.9
7785,130138.7353,128704.3605,1434.3747,0.0185,9.84494,52238.0
7786,130138.7353,128704.3605,1434.3747,0.0185,9.8446,52245.9
7787,130138.7353,128704.3605,1434.3747,0.0000,9.8446,52253.5
7788,130138.7353,128704.3605,1434.3747,0.0000,9.8446,52260.2
7789,130138.7353,128704.3605,1434.3747,0.0000,9.8446,52267.2
7790,130138.7353,128704.3605,1434.3747,0.0000,9.8446,52274.2
7791,130138.7353,128704.3605,1434.3747,0.0000,9.8446,52281.7
7792,130138.7353,128704.3605,1434.3747,0.0000,9.8446,52289.1
7793,130138.7353,128704.3605,1434.3747,0.0000,9.8446,52297.0
7794,130138.7353,128704.3605,1434.3747,0.0000,9.8446,52304.2
7795,130138.7353,128704.3605,1434.3747,0.0000,9.8446,52311.6
7796,130138.7353,128704.3605,1434.3747,0.0000,9.8446,52318.5
7797,130138.7353,128704.3605,1434.3747,0.0000,9.8446,52325.9
7798,130138.7353,128704.3605,1434.3747,0.0000,9.8446,52332.7
7799,130138.7353,128704.3605,1434.3747,0.0000,9.8446,52339.9
7800,130138.7353,128704.3605,1434.3747,0.0000,9.8446,52346.0
7801,130138.7353,128704.3605,1434.3747,0.0000,9.8446,52353.1
7802,130138.7353,128704.3605,1434.3747,0.0185,9.84763,52360.6
7803,130138.7353,128704.3605,1434.3747,0.0000,9.84763,52368.6
7804,130138.7353,128704.3605,1434.3747,0.0000,9.84763,52375.8
7805,130138.7353,128704.3605,1434.3747,0.0000,9.84763,52383.4
7806,130138.7353,128704.3605,1434.3747,0.0000,9.84763,52390.2
7807,130138.7353,128704.3605,1434.3747,0.0000,9.84763,52397.2
7808,130138.7353,128704.3605,1434.3747,0.0000,9.84763,52404.4
7809,130138.7353,128704.3605,1434.3747,0.0000,9.84763,52411.3
7810,130138.7353,128704.3605,1434.3747,0.0000,9.84763,52418.2
7811,130138.7353,128704.3605,1434.3747,0.0000,9.84763,52425.4
7812,130138.7353,128704.3605,1434.3747,0.0000,9.84763,52432.7
7813,130138.7353,128704.3605,1434.3747,0.0000,9.84763,52440.3
7814,130138.7353,128704.3605,1434.3747,0.0000,9.84763,52447.7
7815,130138.7353,128704.3605,1434.3747,0.0000,9.84763,52454.8
7816,130138.7353,128704.3605,1434.3747,0.0000,9.84763,52462.4
7817,130138.7353,128704.3605,1434.3747,0.0000,9.84763,52469.8
7818,130138.7353,128704.3605,1434.3747,0.0000,9.84763,52477.1
7819,130138.7353,128704.3605,1434.3747,0.0000,9.84763,52484.5
7820,130138.7353,128704.3605,1434.3747,0.0000,9.84763,52490.9
7821,130138.7353,128704.3605,1434.3747,0.0000,9.84763,52498.2
7822,130138.7353,128704.3605,1434.3747,0.0000,9.84763,52505.6
7823,130138.7353,128704.3605,1434.3747,0.0185,9.83801,52511.9
7824,130138.7353,128704.3605,1434.3747,0.0000,9.83801,52519.9
7825,130138.7353,128704.3605,1434.3747,0.0000,9.83801,52527.3
7826,130138.7353,128704.3605,1434.3747,0.0000,9.83801,52534.5
7827,130138.7353,128704.3605,1434.3747,0.0000,9.83801,52541.6
7828,130138.7353,128704.3605,1434.3747,0.0000,9.83801,52548.9
7829,130138.7353,128704.3605,1434.3747,0.0000,9.83801,52556.6
7830,130138.7353,128704.3605,1434.3747,0.0000,9.83801,52563.8
7831,130138.7353,128704.3605,1434.3747,0.0000,9.83801,52570.7
7832,130138.7353,128704.3605,1434.3747,0.0000,9.83801,52577.4
7833,130138.7353,128704.3605,1434.3747,0.0000,9.83801,52584.4
7834,130138.7353,128704.3605,1434.3747,0.0000,9.83801,52591.2
7835,130138.7353,128704.3605,1434.3747,0.0000,9.83801,52597.7
7836,130138.7353,128704.3605,1434.3747,0.0000,9.83801,52605.1
7837,130138.7353,128704.3605,1434.3747,0.0000,9.83801,52613.3
7838,130138.7353,128704.3605,1434.3747,0.0000,9.83801,52620.4
7839,130138.7353,128704.3605,1434.3747,0.0000,9.83801,52627.1
7840,130138.7353,128704.3605,1434.3747,0.0000,9.83801,52634.5
7841,130138.7353,128704.3605,1434.3747,0.0000,9.83801,52641.9
7842,130138.7353,128704.3605,1434.3747,0.0000,9.83801,52648.5
7843,130138.7353,128704.3605,1434.3747,0.0000,9.83801,52655.0
7844,130138.7353,128704.3605,1434.3747,0.0000,9.83801,52663.1
7845,130138.7353,128704.3605,1434.3747,0.0000,9.83801,52670.0
7846,130138.7353,128704.3605,1434.3747,0.0000,9.83801,52676.1
7847,130138.7353,128704.3605,1434.3747,0.0000,9.83801,52682.9
7848,130138.7353,128704.3605,1434.3747,0.0000,9.83801,52689.1
7849,130138.7353,128704.3605,1434.3747,0.0000,9.83801,52696.5
7850,130138.7353,128704.3605,1434.3747,0.0000,9.83801,52703.1
7851,130138.7353,128704.3605,1434.3747,0.0000,9.83801,52710.0
7852,130138.7353,128704.3605,1434.3747,0.0000,9.83801,52716.3
7853,130138.7353,128704.3605,1434.3747,0.0000,9.83801,52723.1
7854,130138.7353,128704.3605,1434.3747,0.0000,9.83801,52730.0
7855,130138.7353,128704.3605,1434.3747,0.0000,9.83801,52738.1
7856,130138.7353,128704.3605,1434.3747,0.0000,9.83801,52745.1
7857,130138.7353,128704.3605,1434.3747,0.0000,9.83801,52752.5
7858,130138.7353,128704.3605,1434.3747,0.0000,9.83801,52759.2
7859,130138.7353,128704.3605,1434.3747,0.0000,9.83801,52766.1
7860,130138.7353,128704.3605,1434.3747,0.0000,9.83801,52773.2
7861,130138.7353,128704.3605,1434.3747,0.0000,9.83801,52780.0
7862,130138.7353,128704.3605,1434.3747,0.0000,9.83801,52787.3
7863,130138.7353,128704.3605,1434.3747,0.0000,9.83801,52794.1
7864,130138.7353,128704.3605,1434.3747,0.0000,9.83801,52800.5
7865,130138.7353,128704.3605,1434.3747,0.0000,9.83801,52807.5
7866,130138.7353,128704.3605,1434.3747,0.0000,9.83801,52814.0
7867,130138.7353,128704.3605,1434.3747,0.0000,9.83801,52820.5
7868,130138.7353,128704.3605,1434.3747,0.0000,9.83801,52827.7
7869,130138.7353,128704.3605,1434.3747,0.0000,9.83801,52834.4
7870,130138.7353,128704.3605,1434.3747,0.0000,9.83801,52842.2
7871,130138.7353,128704.3605,1434.3747,0.0000,9.83801,52849.9
7872,130138.7353,128704.3605,1434.3747,0.0000,9.83801,52857.0
7873,130138.7353,128704.3605,1434.3747,0.0000,9.83801,52864.7
7874,130138.7353,128704.3605,1434.3747,0.0000,9.83801,52871.6
7875,130138.7353,128704.3605,1434.3747,0.0000,9.83801,52878.3
7876,130138.7353,128704.3605,1434.3747,0.0000,9.83801,52885.3
7877,130138.7353,128704.3605,1434.3747,0.0000,9.83801,52892.4
7878,130138.7353,128704.3605,1434.3747,0.0000,9.83801,52898.6
7879,130138.7353,128704.3605,1434.3747,0.0000,9.83801,52905.5
7880,130138.7353,128704.3605,1434.3747,0.0000,9.83801,52911.8
7881,130138.7353,128704.3605,1434.3747,0.0000,9.83801,52919.3
7882,130138.7353,128704.3605,1434.3747,0.0000,9.83801,52926.3
7883,130138.7353,128704.3605,1434.3747,0.0000,9.83801,52934.3
7884,130138.7353,128704.3605,1434.3747,0.0000,9.83801,52941.0
7885,130138.7353,128704.3605,1434.3747,0.0000,9.83801,52948.1
7886,130138.7353,128704.3605,1434.3747,0.0000,9.83801,52955.2
7887,130138.7353,128704.3605,1434.3747,0.0000,9.83801,52961.6
7888,130138.7353,128704.3605,1434.3747,0.0000,9.83801,52969.5
7889,130138.7353,128704.3605,1434.3747,0.0185,9.86945,52977.5
7890,130138.7353,128704.3605,1434.3747,0.0185,9.86641,52984.7
7891,130138.7353,128704.3605,1434.3747,0.0000,9.86641,52992.6
7892,130138.7353,128704.3605,1434.3747,0.0000,9.86641,52999.8
7893,130138.7353,128704.3605,1434.3747,0.0000,9.86641,53007.0
7894,130138.7353,128704.3605,1434.3747,0.0000,9.86641,53013.7
7895,130138.7353,128704.3605,1434.3747,0.0000,9.86641,53020.3
7896,130138.7353,128704.3605,1434.3747,0.0000,9.86641,53027.3
7897,130138.7353,128704.3605,1434.3747,0.0000,9.86641,53034.4
7898,130138.7353,128704.3605,1434.3747,0.0185,9.87116,53041.9
7899,130138.7353,128704.3605,1434.3747,0.0000,9.87116,53049.6
7900,130138.7353,128704.3605,1434.3747,0.0000,9.87116,53056.8
7901,130138.7353,128704.3605,1434.3747,0.0000,9.87116,53063.7
7902,130138.7353,128704.3605,1434.3747,0.0000,9.87116,53070.5
7903,130138.7353,128704.3605,1434.3747,0.0000,9.87116,53077.7
7904,130138.7353,128704.3605,1434.3747,0.0000,9.87116,53085.8
7905,130138.7353,128704.3605,1434.3747,0.0000,9.87116,53093.0
7906,130138.7353,128704.3605,1434.3747,0.0000,9.87116,53099.9
7907,130138.7353,128704.3605,1434.3747,0.0000,9.87116,53107.6
7908,130138.7353,128704.3605,1434.3747,0.0000,9.87116,53114.2
7909,130138.7353,128704.3605,1434.3747,0.0000,9.87116,53121.2
7910,130138.7353,128704.3605,1434.3747,0.0000,9.87116,53128.2
7911,130138.7353,128704.3605,1434.3747,0.0000,9.87116,53134.7
7912,130138.7353,128704.3605,1434.3747,0.0000,9.87116,53142.5
7913,130138.7353,128704.3605,1434.3747,0.0000,9.87116,53148.7
7914,130138.7353,128704.3605,1434.3747,0.0000,9.87116,53156.2
7915,130138.7353,128704.3605,1434.3747,0.0185,9.87172,53163.1
7916,130138.7353,128704.3605,1434.3747,0.0000,9.87172,53170.0
7917,130138.7353,128704.3605,1434.3747,0.0000,9.87172,53176.1
7918,130138.7353,128704.3605,1434.3747,0.0000,9.87172,53182.9
7919,130138.7353,128704.3605,1434.3747,0.0000,9.87172,53189.9
7920,130138.7353,128704.3605,1434.3747,0.0000,9.87172,53197.0
7921,130138.7353,128704.3605,1434.3747,0.0000,9.87172,53204.1
7922,130138.7353,128704.3605,1434.3747,0.0000,9.87172,53210.6
7923,130138.7353,128704.3605,1434.3747,0.0000,9.87172,53217.6
7924,130138.7353,128704.3605,1434.3747,0.0000,9.87172,53225.5
7925,130138.7353,128704.3605,1434.3747,0.0000,9.87172,53232.1
7926,130138.7353,128704.3605,1434.3747,0.0000,9.87172,53239.2
7927,130138.7353,128704.3605,1434.3747,0.0000,9.87172,53246.4
7928,130138.7353,128704.3605,1434.3747,0.0000,9.87172,53253.2
7929,130138.7353,128704.3605,1434.3747,0.0000,9.87172,53260.1
7930,130138.7353,128704.3605,1434.3747,0.0185,9.87452,53267.2
7931,130138.7353,128704.3605,1434.3747,0.0000,9.87452,53274.4
7932,130138.7353,128704.3605,1434.3747,0.0000,9.87452,53281.6
7933,130138.7353,128704.3605,1434.3747,0.0000,9.87452,53287.7
7934,130138.7353,128704.3605,1434.3747,0.0000,9.87452,53294.8
7935,130138.7353,128704.3605,1434.3747,0.0000,9.87452,53302.2
7936,130138.7353,128704.3605,1434.3747,0.0000,9.87452,53310.2
7937,130138.7353,128704.3605,1434.3747,0.0000,9.87452,53317.0
7938,130138.7353,128704.3605,1434.3747,0.0000,9.87452,53324.6
7939,130138.7353,128704.3605,1434.3747,0.0000,9.87452,53331.6
7940,130138.7353,128704.3605,1434.3747,0.0000,9.87452,53338.5
7941,130138.7353,128704.3605,1434.3747,0.0000,9.87452,53345.3
7942,130138.7353,128704.3605,1434.3747,0.0000,9.87452,53353.0
7943,130138.7353,128704.3605,1434.3747,0.0000,9.87452,53360.9
7944,130138.7353,128704.3605,1434.3747,0.0185,9.85703,53368.3
7945,130138.7353,128704.3605,1434.3747,0.0000,9.85703,53375.2
7946,130138.7353,128704.3605,1434.3747,0.0000,9.85703,53382.6
7947,130138.7353,128704.3605,1434.3747,0.0000,9.85703,53389.8
7948,130138.7353,128704.3605,1434.3747,0.0000,9.85703,53396.1
7949,130138.7353,128704.3605,1434.3747,0.0000,9.85703,53402.6
7950,130138.7353,128704.3605,1434.3747,0.0000,9.85703,53409.6
7951,130138.7353,128704.3605,1434.3747,0.0000,9.85703,53416.2
7952,130138.7353,128704.3605,1434.3747,0.0000,9.85703,53423.4
7953,130138.7353,128704.3605,1434.3747,0.0000,9.85703,53429.3
7954,130138.7353,128704.3605,1434.3747,0.0000,9.85703,53436.2
7955,130138.7353,128704.3605,1434.3747,0.0000,9.85703,53443.1
7956,130138.7353,128704.3605,1434.3747,0.0000,9.85703,53450.3
7957,130138.7353,128704.3605,1434.3747,0.0185,9.85563,53457.7
7958,130138.7353,128704.3605,1434.3747,0.0000,9.85563,53464.7
7959,130138.7353,128704.3605,1434.3747,0.0000,9.85563,53471.6
7960,130138.7353,128704.3605,1434.3747,0.0000,9.85563,53478.7
7961,130138.7353,128704.3605,1434.3747,0.0000,9.85563,53486.2
7962,130138.7353,128704.3605,1434.3747,0.0000,9.85563,53493.2
7963,130138.7353,128704.3605,1434.3747,0.0000,9.85563,53500.3
7964,130138.7353,128704.3605,1434.3747,0.0000,9.85563,53507.3
7965,130138.7353,128704.3605,1434.3747,0.0000,9.85563,53514.1
7966,130138.7353,128704.3605,1434.3747,0.0000,9.85563,53521.6
7967,130138.7353,128704.3605,1434.3747,0.0000,9.85563,53528.4
7968,130138.7353,128704.3605,1434.3747,0.0000,9.85563,53534.5
7969,130138.7353,128704.3605,1434.3747,0.0000,9.85563,53541.9
7970,130138.7353,128704.3605,1434.3747,0.0000,9.85563,53549.5
7971,130138.7353,128704.3605,1434.3747,0.0000,9.85563,53555.9
7972,130138.7353,128704.3605,1434.3747,0.0000,9.85563,53562.5
7973,130138.7353,128704.3605,1434.3747,0.0000,9.85563,53569.6
7974,130138.7353,128704.3605,1434.3747,0.0000,9.85563,53576.2
7975,130138.7353,128704.3605,1434.3747,0.0000,9.85563,53583.4
7976,130138.7353,128704.3605,1434.3747,0.0000,9.85563,53590.8
7977,130138.7353,128704.3605,1434.3747,0.0000,9.85563,53596.9
7978,130138.7353,128704.3605,1434.3747,0.0185,9.87286,53604.4
7979,130138.7353,128704.3605,1434.3747,0.0000,9.87286,53611.3
7980,130138.7353,128704.3605,1434.3747,0.0000,9.87286,53617.4
7981,130138.7353,128704.3605,1434.3747,0.0000,9.87286,53625.2
7982,130138.7353,128704.3605,1434.3747,0.0000,9.87286,53631.8
7983,130138.7353,128704.3605,1434.3747,0.0000,9.87286,53639.2
7984,130138.7353,128704.3605,1434.3747,0.0000,9.87286,53646.1
7985,130138.7353,128704.3605,1434.3747,0.0000,9.87286,53653.0
7986,130138.7353,128704.3605,1434.3747,0.0000,9.87286,53660.3
7987,130138.7353,128704.3605,1434.3747,0.0000,9.87286,53667.9
7988,130138.7353,128704.3605,1434.3747,0.0000,9.87286,53675.4
7989,130138.7353,128704.3605,1434.3747,0.0000,9.87286,53683.0
7990,130138.7353,128704.3605,1434.3747,0.0000,9.87286,53690.5
7991,130138.7353,128704.3605,1434.3747,0.0000,9.87286,53697.5
7992,130138.7353,128704.3605,1434.3747,0.0000,9.87286,53704.9
7993,130138.7353,128704.3605,1434.3747,0.0000,9.87286,53712.2
7994,130138.7353,128704.3605,1434.3747,0.0000,9.87286,53718.9
7995,130138.7353,128704.3605,1434.3747,0.0000,9.87286,53726.3
7996,130138.7353,128704.3605,1434.3747,0.0000,9.87286,53733.6
7997,130138.7353,128704.3605,1434.3747,0.0000,9.87286,53740.6
7998,130138.7353,128704.3605,1434.3747,0.0000,9.87286,53747.1
7999,130138.7353,128704.3605,1434.3747,0.0000,9.87286,53754.5
8000,130138.7353,128704.3605,1434.3747,0.0000,9.87286,53761.6
8001,130138.7353,128704.3605,1434.3747,0.0000,9.87286,53769.0
8002,130138.7353,128704.3605,1434.3747,0.0000,9.87286,53776.1
8003,130138.7353,128704.3605,1434.3747,0.0000,9.87286,53784.1
8004,130138.7353,128704.3605,1434.3747,0.0000,9.87286,53791.3
8005,130138.7353,128704.3605,1434.3747,0.0000,9.87286,53799.1
8006,130138.7353,128704.3605,1434.3747,0.0000,9.87286,53805.7
8007,130138.7353,128704.3605,1434.3747,0.0000,9.87286,53813.2
8008,130138.7353,128704.3605,1434.3747,0.0000,9.87286,53820.3
8009,130138.7353,128704.3605,1434.3747,0.0000,9.87286,53826.9
8010,130138.7353,128704.3605,1434.3747,0.0000,9.87286,53834.2
8011,130138.7353,128704.3605,1434.3747,0.0000,9.87286,53841.1
8012,130138.7353,128704.3605,1434.3747,0.0000,9.87286,53848.6
8013,130138.7353,128704.3605,1434.3747,0.0000,9.87286,53855.5
8014,130138.7353,128704.3605,1434.3747,0.0000,9.87286,53862.5
8015,130138.7353,128704.3605,1434.3747,0.0000,9.87286,53870.1
8016,130138.7353,128704.3605,1434.3747,0.0000,9.87286,53877.4
8017,130138.7353,128704.3605,1434.3747,0.0000,9.87286,53884.6
8018,130138.7353,128704.3605,1434.3747,0.0000,9.87286,53891.7
8019,130138.7353,128704.3605,1434.3747,0.0000,9.87286,53898.6
8020,130138.7353,128704.3605,1434.3747,0.0000,9.87286,53905.6
8021,130138.7353,128704.3605,1434.3747,0.0000,9.87286,53913.1
8022,130138.7353,128704.3605,1434.3747,0.0000,9.87286,53920.8
8023,130138.7353,128704.3605,1434.3747,0.0000,9.87286,53928.2
8024,130138.7353,128704.3605,1434.3747,0.0000,9.87286,53934.7
8025,130138.7353,128704.3605,1434.3747,0.0000,9.87286,53941.1
8026,130138.7353,128704.3605,1434.3747,0.0000,9.87286,53948.1
8027,130138.7353,128704.3605,1434.3747,0.0000,9.87286,53955.1
8028,130138.7353,128704.3605,1434.3747,0.0000,9.87286,53962.6
8029,130138.7353,128704.3605,1434.3747,0.0000,9.87286,53969.9
8030,130138.7353,128704.3605,1434.3747,0.0185,9.81928,53976.8
8031,130138.7353,128704.3605,1434.3747,0.0000,9.81928,53984.3
8032,130138.7353,128704.3605,1434.3747,0.0000,9.81928,53991.2
8033,130138.7353,128704.3605,1434.3747,0.0185,9.82669,53998.6
8034,130138.7353,128704.3605,1434.3747,0.0000,9.82669,54005.0
8035,130138.7353,128720.6243,1418.1110,0.0185,9.79902,54012.4
8036,130138.7353,128720.6243,1418.1110,0.0000,9.79902,54019.4
8037,130138.7353,128720.6243,1418.1110,0.0000,9.79902,54026.2
8038,130138.7353,128720.6243,1418.1110,0.0000,9.79902,54033.5
8039,130138.7353,128720.6243,1418.1110,0.0000,9.79902,54040.9
8040,130138.7353,128720.6243,1418.1110,0.0000,9.79902,54048.0
8041,130138.7353,128720.6243,1418.1110,0.0000,9.79902,54054.8
8042,130138.7353,128720.6243,1418.1110,0.0000,9.79902,54062.4
8043,130138.7353,128720.6243,1418.1110,0.0000,9.79902,54070.0
8044,130138.7353,128720.6243,1418.1110,0.0000,9.79902,54077.1
8045,130138.7353,128720.6243,1418.1110,0.0000,9.79902,54084.4
8046,130138.7353,128720.6243,1418.1110,0.0000,9.79902,54091.1
8047,130138.7353,128720.6243,1418.1110,0.0000,9.79902,54098.6
8048,130138.7353,128720.6243,1418.1110,0.0000,9.79902,54106.6
8049,130138.7353,128720.6243,1418.1110,0.0000,9.79902,54113.3
8050,130138.7353,128720.6243,1418.1110,0.0000,9.79902,54120.5
8051,130138.7353,128720.6243,1418.1110,0.0185,9.76335,54127.1
8052,130138.7353,128720.6243,1418.1110,0.0000,9.76335,54135.0
8053,130138.7353,128720.6243,1418.1110,0.0000,9.76335,54141.7
8054,130138.7353,128720.6243,1418.1110,0.0000,9.76335,54148.6
8055,130138.7353,128720.6243,1418.1110,0.0000,9.76335,54155.6
8056,130138.7353,128720.6243,1418.1110,0.0000,9.76335,54162.5
8057,130138.7353,128720.6243,1418.1110,0.0000,9.76335,54170.4
8058,130138.7353,128720.6243,1418.1110,0.0185,9.75535,54177.2
8059,130138.7353,128720.6243,1418.1110,0.0000,9.75535,54184.4
8060,130138.7353,128720.6243,1418.1110,0.0000,9.75535,54192.0
8061,130138.7353,128720.6243,1418.1110,0.0000,9.75535,54198.8
8062,130138.7353,128720.6243,1418.1110,0.0000,9.75535,54206.7
8063,130138.7353,128720.6243,1418.1110,0.0000,9.75535,54213.9
8064,130138.7353,128720.6243,1418.1110,0.0000,9.75535,54220.9
8065,130138.7353,128720.6243,1418.1110,0.0000,9.75535,54227.4
8066,130138.7353,128720.6243,1418.1110,0.0000,9.75535,54234.6
8067,130138.7353,128720.6243,1418.1110,0.0000,9.75535,54242.0
8068,130138.7353,128720.6243,1418.1110,0.0000,9.75535,54249.4
8069,130138.7353,128720.6243,1418.1110,0.0185,9.74437,54256.9
8070,130138.7353,128720.6243,1418.1110,0.0000,9.74437,54263.9
8071,130138.7353,128720.6243,1418.1110,0.0000,9.74437,54271.0
8072,130138.7353,128720.6243,1418.1110,0.0000,9.74437,54278.1
8073,130138.7353,128720.6243,1418.1110,0.0000,9.74437,54284.7
8074,130138.7353,128720.6243,1418.1110,0.0000,9.74437,54292.8
8075,130138.7353,128720.6243,1418.1110,0.0000,9.74437,54299.4
8076,130138.7353,128720.6243,1418.1110,0.0000,9.74437,54306.1
8077,130138.7353,128720.6243,1418.1110,0.0000,9.74437,54313.1
8078,130138.7353,128720.6243,1418.1110,0.0000,9.74437,54319.9
8079,130138.7353,128720.6243,1418.1110,0.0000,9.74437,54326.8
8080,130138.7353,128720.6243,1418.1110,0.0000,9.74437,54333.2
8081,130138.7353,128720.6243,1418.1110,0.0000,9.74437,54341.1
8082,130138.7353,128720.6243,1418.1110,0.0000,9.74437,54348.3
8083,130138.7353,128720.6243,1418.1110,0.0000,9.74437,54354.9
8084,130138.7353,128720.6243,1418.1110,0.0000,9.74437,54361.9
8085,130138.7353,128720.6243,1418.1110,0.0000,9.74437,54369.0
8086,130138.7353,128720.6243,1418.1110,0.0000,9.74437,54377.2
8087,130138.7353,128720.6243,1418.1110,0.0000,9.74437,54384.1
8088,130138.7353,128720.6243,1418.1110,0.0000,9.74437,54391.3
8089,130138.7353,128720.6243,1418.1110,0.0000,9.74437,54398.2
8090,130138.7353,128720.6243,1418.1110,0.0185,9.71832,54405.7
8091,130138.7353,128720.6243,1418.1110,0.0000,9.71832,54412.8
8092,130138.7353,128720.6243,1418.1110,0.0000,9.71832,54418.9
8093,130138.7353,128720.6243,1418.1110,0.0000,9.71832,54426.0
8094,130138.7353,128720.6243,1418.1110,0.0000,9.71832,54433.1
8095,130138.7353,128720.6243,1418.1110,0.0000,9.71832,54439.5
8096,130138.7353,128720.6243,1418.1110,0.0000,9.71832,54446.8
8097,130138.7353,128720.6243,1418.1110,0.0000,9.71832,54453.8
8098,130138.7353,128720.6243,1418.1110,0.0000,9.71832,54460.4
8099,130138.7353,128720.6243,1418.1110,0.0000,9.71832,54467.6
8100,130138.7353,128720.6243,1418.1110,0.0000,9.71832,54474.6
8101,130138.7353,128720.6243,1418.1110,0.0000,9.71832,54481.6
8102,130138.7353,128720.6243,1418.1110,0.0000,9.71832,54488.6
8103,130138.7353,128720.6243,1418.1110,0.0000,9.71832,54495.5
8104,130138.7353,128720.6243,1418.1110,0.0000,9.71832,54503.0
8105,130138.7353,128720.6243,1418.1110,0.0000,9.71832,54510.3
8106,130138.7353,128720.6243,1418.1110,0.0000,9.71832,54517.6
8107,130138.7353,128720.6243,1418.1110,0.0185,9.71326,54524.3
8108,130138.7353,128720.6243,1418.1110,0.0000,9.71326,54531.8
8109,130138.7353,128720.6243,1418.1110,0.0000,9.71326,54539.0
8110,130138.7353,128720.6243,1418.1110,0.0000,9.71326,54545.4
8111,130138.7353,128720.6243,1418.1110,0.0000,9.71326,54552.6
8112,130138.7353,128720.6243,1418.1110,0.0000,9.71326,54559.8
8113,130138.7353,128720.6243,1418.1110,0.0000,9.71326,54566.8
8114,130138.7353,128720.6243,1418.1110,0.0000,9.71326,54573.4
8115,130138.7353,128720.6243,1418.1110,0.0000,9.71326,54580.0
8116,130138.7353,128720.6243,1418.1110,0.0000,9.71326,54587.8
8117,130138.7353,128720.6243,1418.1110,0.0000,9.71326,54595.3
8118,130138.7353,128720.6243,1418.1110,0.0185,9.74185,54602.0
8119,130138.7353,128720.6243,1418.1110,0.0000,9.74185,54609.6
8120,130138.7353,128720.6243,1418.1110,0.0000,9.74185,54616.4
8121,130138.7353,128720.6243,1418.1110,0.0000,9.74185,54624.5
8122,130138.7353,128720.6243,1418.1110,0.0000,9.74185,54631.0
8123,130138.7353,128720.6243,1418.1110,0.0000,9.74185,54638.2
8124,130138.7353,128720.6243,1418.1110,0.0000,9.74185,54644.4
8125,130138.7353,128720.6243,1418.1110,0.0370,9.70346,54651.4
8126,130138.7353,128720.6243,1418.1110,0.0000,9.70346,54659.3
8127,130138.7353,128720.6243,1418.1110,0.0000,9.70346,54666.3
8128,130138.7353,128720.6243,1418.1110,0.0185,9.73604,54673.2
8129,130138.7353,128720.6243,1418.1110,0.0000,9.73604,54679.8
8130,130138.7353,128720.6243,1418.1110,0.0000,9.73604,54686.1
8131,130138.7353,128720.6243,1418.1110,0.0000,9.73604,54693.7
8132,130138.7353,128720.6243,1418.1110,0.0000,9.73604,54700.9
8133,130138.7353,128720.6243,1418.1110,0.0000,9.73604,54707.8
8134,130138.7353,128720.6243,1418.1110,0.0000,9.73604,54714.8
8135,130138.7353,128720.6243,1418.1110,0.0000,9.73604,54722.1
8136,130138.7353,128720.6243,1418.1110,0.0000,9.73604,54729.1
8137,130138.7353,128720.6243,1418.1110,0.0000,9.73604,54736.9
8138,130138.7353,128720.6243,1418.1110,0.0000,9.73604,54743.6
8139,130138.7353,128720.6243,1418.1110,0.0000,9.73604,54751.0
8140,130138.7353,128720.6243,1418.1110,0.0185,9.74207,54758.3
8141,130138.7353,128720.6243,1418.1110,0.0000,9.74207,54765.2
8142,130138.7353,128720.6243,1418.1110,0.0000,9.74207,54772.7
8143,130138.7353,128720.6243,1418.1110,0.0000,9.74207,54779.4
8144,130138.7353,128720.6243,1418.1110,0.0000,9.74207,54786.2
8145,130138.7353,128720.6243,1418.1110,0.0000,9.74207,54792.6
8146,130138.7353,128720.6243,1418.1110,0.0000,9.74207,54800.1
8147,130138.7353,128720.6243,1418.1110,0.0000,9.74207,54807.0
8148,130138.7353,128720.6243,1418.1110,0.0000,9.74207,54814.7
8149,130138.7353,128720.6243,1418.1110,0.0000,9.74207,54822.1
8150,130138.7353,128720.6243,1418.1110,0.0000,9.74207,54829.2
8151,130138.7353,128720.6243,1418.1110,0.0000,9.74207,54836.7
8152,130138.7353,128720.6243,1418.1110,0.0000,9.74207,54843.1
8153,130138.7353,128720.6243,1418.1110,0.0000,9.74207,54849.9
8154,130138.7353,128720.6243,1418.1110,0.0000,9.74207,54857.4
8155,130138.7353,128720.6243,1418.1110,0.0000,9.74207,54864.8
8156,130138.7353,128720.6243,1418.1110,0.0000,9.74207,54871.7
8157,130138.7353,128720.6243,1418.1110,0.0000,9.74207,54879.4
8158,130138.7353,128720.6243,1418.1110,0.0000,9.74207,54886.2
8159,130138.7353,128720.6243,1418.1110,0.0000,9.74207,54893.1
8160,130138.7353,128720.6243,1418.1110,0.0000,9.74207,54899.6
8161,130138.7353,128720.6243,1418.1110,0.0000,9.74207,54906.6
8162,130138.7353,128720.6243,1418.1110,0.0000,9.74207,54914.3
8163,130138.7353,128720.6243,1418.1110,0.0000,9.74207,54921.1
8164,130138.7353,128720.6243,1418.1110,0.0000,9.74207,54928.3
8165,130138.7353,128720.6243,1418.1110,0.0000,9.74207,54935.8
8166,130138.7353,128720.6243,1418.1110,0.0185,9.7382,54943.1
8167,130138.7353,128720.6243,1418.1110,0.0000,9.7382,54950.0
8168,130138.7353,128720.6243,1418.1110,0.0000,9.7382,54957.7
8169,130138.7353,128720.6243,1418.1110,0.0000,9.7382,54964.8
8170,130138.7353,128720.6243,1418.1110,0.0000,9.7382,54972.0
8171,130138.7353,128720.6243,1418.1110,0.0000,9.7382,54979.1
8172,130138.7353,128720.6243,1418.1110,0.0000,9.7382,54986.5
8173,130138.7353,128720.6243,1418.1110,0.0000,9.7382,54992.7
8174,130138.7353,128720.6243,1418.1110,0.0000,9.7382,54999.9
8175,130138.7353,128720.6243,1418.1110,0.0000,9.7382,55007.3
8176,130138.7353,128720.6243,1418.1110,0.0000,9.7382,55014.6
8177,130138.7353,128720.6243,1418.1110,0.0185,9.72663,55021.9
8178,130138.7353,128720.6243,1418.1110,0.0000,9.72663,55028.8
8179,130138.7353,128720.6243,1418.1110,0.0000,9.72663,55036.2
8180,130138.7353,128720.6243,1418.1110,0.0000,9.72663,55042.9
8181,130138.7353,128720.6243,1418.1110,0.0000,9.72663,55049.9
8182,130138.7353,128720.6243,1418.1110,0.0185,9.72447,55056.8
8183,130138.7353,128720.6243,1418.1110,0.0000,9.72447,55063.2
8184,130138.7353,128720.6243,1418.1110,0.0000,9.72447,55070.1
8185,130138.7353,128720.6243,1418.1110,0.0000,9.72447,55077.6
8186,130138.7353,128720.6243,1418.1110,0.0000,9.72447,55084.8
8187,130138.7353,128720.6243,1418.1110,0.0000,9.72447,55092.3
8188,130138.7353,128720.6243,1418.1110,0.0000,9.72447,55099.6
8189,130138.7353,128720.6243,1418.1110,0.0000,9.72447,55106.8
8190,130138.7353,128720.6243,1418.1110,0.0000,9.72447,55113.4
8191,130138.7353,128720.6243,1418.1110,0.0000,9.72447,55120.0
8192,130138.7353,128720.6243,1418.1110,0.0000,9.72447,55127.5
8193,130138.7353,128720.6243,1418.1110,0.0000,9.72447,55135.3
8194,130138.7353,128720.6243,1418.1110,0.0000,9.72447,55142.2
8195,130138.7353,128720.6243,1418.1110,0.0000,9.72447,55149.1
8196,130138.7353,128720.6243,1418.1110,0.0000,9.72447,55155.9
8197,130138.7353,128720.6243,1418.1110,0.0000,9.72447,55162.5
8198,130138.7353,128720.6243,1418.1110,0.0000,9.72447,55169.3
8199,130138.7353,128720.6243,1418.1110,0.0000,9.72447,55176.5
8200,130138.7353,128720.6243,1418.1110,0.0000,9.72447,55183.4
8201,130138.7353,128720.6243,1418.1110,0.0000,9.72447,55190.4
8202,130138.7353,128732.1578,1406.5774,0.0185,9.70661,55197.2
8203,130138.7353,128732.1578,1406.5774,0.0000,9.70661,55203.8
8204,130138.7353,128732.1578,1406.5774,0.0000,9.70661,55211.2
8205,130138.7353,128732.1578,1406.5774,0.0000,9.70661,55218.1
8206,130138.7353,128732.1578,1406.5774,0.0000,9.70661,55225.7
8207,130138.7353,128732.1578,1406.5774,0.0000,9.70661,55234.1
8208,130138.7353,128732.1578,1406.5774,0.0000,9.70661,55241.1
8209,130138.7353,128732.1578,1406.5774,0.0000,9.70661,55248.2
8210,130138.7353,128732.1578,1406.5774,0.0000,9.70661,55255.6
8211,130138.7353,128732.1578,1406.5774,0.0000,9.70661,55262.8
8212,130138.7353,128732.1578,1406.5774,0.0000,9.70661,55269.8
8213,130138.7353,128732.1578,1406.5774,0.0000,9.70661,55276.8
8214,130138.7353,128732.1578,1406.5774,0.0000,9.70661,55284.1
8215,130138.7353,128732.1578,1406.5774,0.0000,9.70661,55291.6
8216,130138.7353,128732.1578,1406.5774,0.0000,9.70661,55298.6
8217,130138.7353,128732.1578,1406.5774,0.0000,9.70661,55306.0
8218,130138.7353,128732.1578,1406.5774,0.0000,9.70661,55312.5
8219,130138.7353,128732.1578,1406.5774,0.0000,9.70661,55319.0
8220,130138.7353,128732.1578,1406.5774,0.0000,9.70661,55326.0
8221,130138.7353,128732.1578,1406.5774,0.0000,9.70661,55333.5
8222,130138.7353,128732.1578,1406.5774,0.0000,9.70661,55341.0
8223,130138.7353,128732.1578,1406.5774,0.0000,9.70661,55348.4
8224,130138.7353,128732.1578,1406.5774,0.0000,9.70661,55355.3
8225,130138.7353,128732.1578,1406.5774,0.0000,9.70661,55362.6
8226,130138.7353,128732.1578,1406.5774,0.0000,9.70661,55369.5
8227,130138.7353,128732.1578,1406.5774,0.0000,9.70661,55376.8
8228,130138.7353,128732.1578,1406.5774,0.0000,9.70661,55384.3
8229,130138.7353,128732.1578,1406.5774,0.0000,9.70661,55391.4
8230,130138.7353,128732.1578,1406.5774,0.0000,9.70661,55398.7
8231,130138.7353,128732.1578,1406.5774,0.0000,9.70661,55406.1
8232,130138.7353,128732.1578,1406.5774,0.0000,9.70661,55412.9
8233,130138.7353,128732.1578,1406.5774,0.0000,9.70661,55421.2
8234,130138.7353,128732.1578,1406.5774,0.0000,9.70661,55428.1
8235,130138.7353,128732.1578,1406.5774,0.0185,9.69463,55435.0
8236,130138.7353,128732.1578,1406.5774,0.0000,9.69463,55442.2
8237,130138.7353,128732.1578,1406.5774,0.0000,9.69463,55449.9
8238,130138.7353,128732.1578,1406.5774,0.0000,9.69463,55457.0
8239,130138.7353,128732.1578,1406.5774,0.0000,9.69463,55464.6
8240,130138.7353,128732.1578,1406.5774,0.0000,9.69463,55471.4
8241,130138.7353,128732.1578,1406.5774,0.0000,9.69463,55477.9
8242,130138.7353,128732.1578,1406.5774,0.0000,9.69463,55484.3
8243,130138.7353,128732.1578,1406.5774,0.0000,9.69463,55492.0
8244,130138.7353,128732.1578,1406.5774,0.0000,9.69463,55500.3
8245,130138.7353,128732.1578,1406.5774,0.0000,9.69463,55507.5
8246,130138.7353,128732.1578,1406.5774,0.0000,9.69463,55514.4
8247,130138.7353,128732.1578,1406.5774,0.0000,9.69463,55521.4
8248,130138.7353,128732.1578,1406.5774,0.0000,9.69463,55528.7
8249,130138.7353,128732.1578,1406.5774,0.0000,9.69463,55536.4
8250,130138.7353,128732.1578,1406.5774,0.0000,9.69463,55543.2
8251,130138.7353,128732.1578,1406.5774,0.0000,9.69463,55549.8
8252,130138.7353,128732.1578,1406.5774,0.0000,9.69463,55557.0
8253,130138.7353,128732.1578,1406.5774,0.0000,9.69463,55563.8
8254,130138.7353,128732.1578,1406.5774,0.0000,9.69463,55571.2
8255,130138.7353,128732.1578,1406.5774,0.0000,9.69463,55578.5
8256,130138.7353,128732.1578,1406.5774,0.0000,9.69463,55586.0
8257,130138.7353,128732.1578,1406.5774,0.0000,9.69463,55592.8
8258,130138.7353,128732.1578,1406.5774,0.0000,9.69463,55599.9
8259,130138.7353,128732.1578,1406.5774,0.0000,9.69463,55607.2
8260,130138.7353,128732.1578,1406.5774,0.0000,9.69463,55614.0
8261,130138.7353,128732.1578,1406.5774,0.0185,9.70867,55620.8
8262,130138.7353,128732.1578,1406.5774,0.0000,9.70867,55627.3
8263,130138.7353,128732.1578,1406.5774,0.0000,9.70867,55634.1
8264,130138.7353,128732.1578,1406.5774,0.0185,9.72977,55640.5
8265,130138.7353,128732.1578,1406.5774,0.0000,9.72977,55647.2
8266,130138.7353,128732.1578,1406.5774,0.0000,9.72977,55654.1
8267,130138.7353,128732.1578,1406.5774,0.0000,9.72977,55661.5
8268,130138.7353,128732.1578,1406.5774,0.0000,9.72977,55668.4
8269,130138.7353,128732.1578,1406.5774,0.0000,9.72977,55676.2
8270,130138.7353,128732.1578,1406.5774,0.0000,9.72977,55683.8
8271,130138.7353,128732.1578,1406.5774,0.0000,9.72977,55690.9
8272,130138.7353,128732.1578,1406.5774,0.0000,9.72977,55697.5
8273,130138.7353,128732.1578,1406.5774,0.0000,9.72977,55704.7
8274,130138.7353,128732.1578,1406.5774,0.0000,9.72977,55712.3
8275,130138.7353,128732.1578,1406.5774,0.0000,9.72977,55719.9
8276,130138.7353,128732.1578,1406.5774,0.0000,9.72977,55728.1
8277,130138.7353,128732.1578,1406.5774,0.0000,9.72977,55735.9
8278,130138.7353,128732.1578,1406.5774,0.0000,9.72977,55743.2
8279,130138.7353,128732.1578,1406.5774,0.0000,9.72977,55751.1
8280,130138.7353,128732.1578,1406.5774,0.0000,9.72977,55758.2
8281,130138.7353,128732.1578,1406.5774,0.0000,9.72977,55764.8
8282,130138.7353,128732.1578,1406.5774,0.0000,9.72977,55772.6
8283,130138.7353,128732.1578,1406.5774,0.0000,9.72977,55779.8
8284,130138.7353,128732.1578,1406.5774,0.0000,9.72977,55787.3
8285,130138.7353,128732.1578,1406.5774,0.0000,9.72977,55794.3
8286,130138.7353,128732.1578,1406.5774,0.0000,9.72977,55801.6
8287,130138.7353,128732.1578,1406.5774,0.0000,9.72977,55808.9
8288,130138.7353,128732.1578,1406.5774,0.0000,9.72977,55815.7
8289,130138.7353,128732.1578,1406.5774,0.0000,9.72977,55823.1
8290,130138.7353,128732.1578,1406.5774,0.0000,9.72977,55830.3
8291,130138.7353,128732.1578,1406.5774,0.0000,9.72977,55837.1
8292,130138.7353,128732.1578,1406.5774,0.0000,9.72977,55845.1
8293,130138.7353,128732.1578,1406.5774,0.0000,9.72977,55852.4
8294,130138.7353,128732.1578,1406.5774,0.0000,9.72977,55860.1
8295,130138.7353,128732.1578,1406.5774,0.0000,9.72977,55867.2
8296,130138.7353,128732.1578,1406.5774,0.0000,9.72977,55875.2
8297,130138.7353,128732.1578,1406.5774,0.0000,9.72977,55882.5
8298,130138.7353,128732.1578,1406.5774,0.0000,9.72977,55889.8
8299,130138.7353,128732.1578,1406.5774,0.0000,9.72977,55897.1
8300,130138.7353,128732.1578,1406.5774,0.0000,9.72977,55903.8
8301,130138.7353,128732.1578,1406.5774,0.0000,9.72977,55910.8
8302,130138.7353,128732.1578,1406.5774,0.0000,9.72977,55918.1
8303,130138.7353,128732.1578,1406.5774,0.0000,9.72977,55926.2
8304,130138.7353,128732.1578,1406.5774,0.0000,9.72977,55933.4
8305,130138.7353,128732.1578,1406.5774,0.0000,9.72977,55940.2
8306,130138.7353,128732.1578,1406.5774,0.0000,9.72977,55947.6
8307,130138.7353,128732.1578,1406.5774,0.0000,9.72977,55954.3
8308,130138.7353,128732.1578,1406.5774,0.0000,9.72977,55961.5
8309,130138.7353,128732.1578,1406.5774,0.0000,9.72977,55967.9
8310,130138.7353,128732.1578,1406.5774,0.0000,9.72977,55975.4
8311,130138.7353,128732.1578,1406.5774,0.0000,9.72977,55982.1
8312,130138.7353,128732.1578,1406.5774,0.0000,9.72977,55990.1
8313,130138.7353,128732.1578,1406.5774,0.0000,9.72977,55997.0
8314,130138.7353,128732.1578,1406.5774,0.0000,9.72977,56004.3
8315,130138.7353,128732.1578,1406.5774,0.0000,9.72977,56011.3
8316,130138.7353,128732.1578,1406.5774,0.0000,9.72977,56018.0
8317,130138.7353,128732.1578,1406.5774,0.0000,9.72977,56024.5
8318,130138.7353,128732.1578,1406.5774,0.0000,9.72977,56032.0
8319,130138.7353,128732.1578,1406.5774,0.0000,9.72977,56040.1
8320,130138.7353,128732.1578,1406.5774,0.0000,9.72977,56047.8
8321,130138.7353,128732.1578,1406.5774,0.0000,9.72977,56054.7
8322,130138.7353,128732.1578,1406.5774,0.0000,9.72977,56061.4
8323,130138.7353,128732.1578,1406.5774,0.0000,9.72977,56068.6
8324,130138.7353,128732.1578,1406.5774,0.0000,9.72977,56075.6
8325,130138.7353,128732.1578,1406.5774,0.0000,9.72977,56082.5
8326,130138.7353,128732.1578,1406.5774,0.0000,9.72977,56089.9
8327,130138.7353,128732.1578,1406.5774,0.0000,9.72977,56097.2
8328,130138.7353,128732.1578,1406.5774,0.0000,9.72977,56103.7
8329,130138.7353,128732.1578,1406.5774,0.0000,9.72977,56110.2
8330,130138.7353,128732.1578,1406.5774,0.0000,9.72977,56118.0
8331,130138.7353,128732.1578,1406.5774,0.0000,9.72977,56125.5
8332,130138.7353,128732.1578,1406.5774,0.0000,9.72977,56132.4
8333,130138.7353,128732.1578,1406.5774,0.0000,9.72977,56139.1
8334,130138.7353,128732.1578,1406.5774,0.0000,9.72977,56146.0
8335,130138.7353,128732.1578,1406.5774,0.0000,9.72977,56153.2
8336,130138.7353,128732.1578,1406.5774,0.0000,9.72977,56160.5
8337,130138.7353,128732.1578,1406.5774,0.0000,9.72977,56167.7
8338,130138.7353,128732.1578,1406.5774,0.0000,9.72977,56174.8
8339,130138.7353,128732.1578,1406.5774,0.0000,9.72977,56182.3
8340,130138.7353,128732.1578,1406.5774,0.0000,9.72977,56189.8
8341,130138.7353,128732.1578,1406.5774,0.0000,9.72977,56196.8
8342,130138.7353,128732.1578,1406.5774,0.0000,9.72977,56204.3
8343,130138.7353,128732.1578,1406.5774,0.0000,9.72977,56211.2
8344,130138.7353,128732.1578,1406.5774,0.0000,9.72977,56217.8
8345,130138.7353,128732.1578,1406.5774,0.0000,9.72977,56225.7
8346,130138.7353,128732.1578,1406.5774,0.0000,9.72977,56232.1
8347,130138.7353,128732.1578,1406.5774,0.0000,9.72977,56239.2
8348,130138.7353,128732.1578,1406.5774,0.0000,9.72977,56247.2
8349,130138.7353,128732.1578,1406.5774,0.0000,9.72977,56254.5
8350,130138.7353,128732.1578,1406.5774,0.0000,9.72977,56261.8
8351,130138.7353,128732.1578,1406.5774,0.0185,9.72973,56268.9
8352,130138.7353,128736.2619,1402.4734,0.0185,9.75309,56276.1
8353,130138.7353,128736.2619,1402.4734,0.0000,9.75309,56283.6
8354,130138.7353,128736.2619,1402.4734,0.0000,9.75309,56290.5
8355,130138.7353,128736.2619,1402.4734,0.0000,9.75309,56298.0
8356,130138.7353,128736.2619,1402.4734,0.0000,9.75309,56305.0
8357,130138.7353,128740.3387,1398.3966,0.0185,9.76534,56312.3
8358,130138.7353,128740.3387,1398.3966,0.0000,9.76534,56319.6
8359,130138.7353,128740.3387,1398.3966,0.0000,9.76534,56327.1
8360,130138.7353,128740.3387,1398.3966,0.0000,9.76534,56333.7
8361,130138.7353,128740.3387,1398.3966,0.0000,9.76534,56341.2
8362,130138.7353,128740.3387,1398.3966,0.0000,9.76534,56348.1
8363,130138.7353,128740.3387,1398.3966,0.0000,9.76534,56355.0
8364,130138.7353,128740.3387,1398.3966,0.0000,9.76534,56361.5
8365,130138.7353,128740.3387,1398.3966,0.0000,9.76534,56369.4
8366,130138.7353,128740.3387,1398.3966,0.0000,9.76534,56376.7
8367,130138.7353,128740.3387,1398.3966,0.0000,9.76534,56383.3
8368,130138.7353,128740.3387,1398.3966,0.0000,9.76534,56390.4
8369,130138.7353,128740.3387,1398.3966,0.0000,9.76534,56397.9
8370,130138.7353,128740.3387,1398.3966,0.0000,9.76534,56405.1
8371,130138.7353,128740.3387,1398.3966,0.0000,9.76534,56412.4
8372,130138.7353,128740.3387,1398.3966,0.0000,9.76534,56418.8
8373,130138.7353,128740.3387,1398.3966,0.0000,9.76534,56426.0
8374,130138.7353,128740.3387,1398.3966,0.0000,9.76534,56432.4
8375,130138.7353,128740.3387,1398.3966,0.0000,9.76534,56439.4
8376,130138.7353,128740.3387,1398.3966,0.0000,9.76534,56446.9
8377,130138.7353,128740.3387,1398.3966,0.0000,9.76534,56454.0
8378,130138.7353,128740.3387,1398.3966,0.0000,9.76534,56461.5
8379,130138.7353,128740.3387,1398.3966,0.0000,9.76534,56468.3
8380,130138.7353,128740.3387,1398.3966,0.0000,9.76534,56474.7
8381,130138.7353,128740.3387,1398.3966,0.0000,9.76534,56482.0
8382,130138.7353,128740.3387,1398.3966,0.0000,9.76534,56489.8
8383,130138.7353,128740.3387,1398.3966,0.0000,9.76534,56496.5
8384,130138.7353,128740.3387,1398.3966,0.0185,9.76543,56503.5
8385,130138.7353,128740.3387,1398.3966,0.0000,9.76543,56510.2
8386,130138.7353,128740.3387,1398.3966,0.0000,9.76543,56517.6
8387,130138.7353,128740.3387,1398.3966,0.0000,9.76543,56524.2
8388,130138.7353,128740.3387,1398.3966,0.0000,9.76543,56531.6
8389,130138.7353,128740.3387,1398.3966,0.0185,9.77743,56538.8
8390,130138.7353,128740.3387,1398.3966,0.0000,9.77743,56545.7
8391,130138.7353,128740.3387,1398.3966,0.0000,9.77743,56552.9
8392,130138.7353,128740.3387,1398.3966,0.0000,9.77743,56559.5
8393,130138.7353,128740.3387,1398.3966,0.0000,9.77743,56567.6
8394,130138.7353,128740.3387,1398.3966,0.0000,9.77743,56575.0
8395,130138.7353,128740.3387,1398.3966,0.0000,9.77743,56582.4
8396,130138.7353,128740.3387,1398.3966,0.0000,9.77743,56588.7
8397,130138.7353,128740.3387,1398.3966,0.0000,9.77743,56596.0
8398,130138.7353,128740.3387,1398.3966,0.0000,9.77743,56603.0
8399,130138.7353,128740.3387,1398.3966,0.0000,9.77743,56609.4
8400,130138.7353,128740.3387,1398.3966,0.0000,9.77743,56616.6
8401,130138.7353,128740.3387,1398.3966,0.0000,9.77743,56624.0
8402,130138.7353,128740.3387,1398.3966,0.0000,9.77743,56630.8
8403,130138.7353,128740.3387,1398.3966,0.0000,9.77743,56637.5
8404,130138.7353,128740.3387,1398.3966,0.0000,9.77743,56644.8
8405,130138.7353,128740.3387,1398.3966,0.0000,9.77743,56651.7
8406,130138.7353,128740.3387,1398.3966,0.0000,9.77743,56658.8
8407,130138.7353,128740.3387,1398.3966,0.0000,9.77743,56666.0
8408,130138.7353,128740.3387,1398.3966,0.0000,9.77743,56673.2
8409,130138.7353,128740.3387,1398.3966,0.0000,9.77743,56680.5
8410,130138.7353,128740.3387,1398.3966,0.0000,9.77743,56687.0
8411,130138.7353,128740.3387,1398.3966,0.0000,9.77743,56693.5
8412,130138.7353,128740.3387,1398.3966,0.0000,9.77743,56700.4
8413,130138.7353,128740.3387,1398.3966,0.0000,9.77743,56707.8
8414,130138.7353,128740.3387,1398.3966,0.0000,9.77743,56715.1
8415,130138.7353,128740.3387,1398.3966,0.0000,9.77743,56723.0
8416,130138.7353,128740.3387,1398.3966,0.0000,9.77743,56729.3
8417,130138.7353,128740.3387,1398.3966,0.0000,9.77743,56736.8
8418,130138.7353,128740.3387,1398.3966,0.0000,9.77743,56743.8
8419,130138.7353,128740.3387,1398.3966,0.0000,9.77743,56751.2
8420,130138.7353,128740.3387,1398.3966,0.0000,9.77743,56758.6
8421,130138.7353,128740.3387,1398.3966,0.0000,9.77743,56765.3
8422,130138.7353,128740.3387,1398.3966,0.0000,9.77743,56772.5
8423,130138.7353,128740.3387,1398.3966,0.0000,9.77743,56779.8
8424,130138.7353,128740.3387,1398.3966,0.0000,9.77743,56787.2
8425,130138.7353,128740.3387,1398.3966,0.0000,9.77743,56794.5
8426,130138.7353,128740.3387,1398.3966,0.0000,9.77743,56800.9
8427,130138.7353,128740.3387,1398.3966,0.0000,9.77743,56808.0
8428,130138.7353,128740.3387,1398.3966,0.0000,9.77743,56815.5
8429,130138.7353,128740.3387,1398.3966,0.0000,9.77743,56822.8
8430,130138.7353,128740.3387,1398.3966,0.0000,9.77743,56830.7
8431,130138.7353,128740.3387,1398.3966,0.0000,9.77743,56838.1
8432,130138.7353,128740.3387,1398.3966,0.0000,9.77743,56845.0
8433,130138.7353,128740.3387,1398.3966,0.0000,9.77743,56851.6
8434,130138.7353,128740.3387,1398.3966,0.0000,9.77743,56858.5
8435,130138.7353,128740.3387,1398.3966,0.0000,9.77743,56866.4
8436,130138.7353,128740.3387,1398.3966,0.0000,9.77743,56874.2
8437,130138.7353,128740.3387,1398.3966,0.0000,9.77743,56880.9
8438,130138.7353,128740.3387,1398.3966,0.0000,9.77743,56887.8
8439,130138.7353,128740.3387,1398.3966,0.0000,9.77743,56895.0
8440,130138.7353,128740.3387,1398.3966,0.0000,9.77743,56901.7
8441,130138.7353,128740.3387,1398.3966,0.0000,9.77743,56909.3
8442,130138.7353,128740.3387,1398.3966,0.0000,9.77743,56916.2
8443,130138.7353,128740.3387,1398.3966,0.0000,9.77743,56922.8
8444,130138.7353,128740.3387,1398.3966,0.0000,9.77743,56929.1
8445,130138.7353,128740.3387,1398.3966,0.0000,9.77743,56937.1
8446,130138.7353,128740.3387,1398.3966,0.0000,9.77743,56943.5
8447,130138.7353,128740.3387,1398.3966,0.0000,9.77743,56951.2
8448,130138.7353,128740.3387,1398.3966,0.0000,9.77743,56958.8
8449,130138.7353,128740.3387,1398.3966,0.0000,9.77743,56966.1
8450,130138.7353,128740.3387,1398.3966,0.0000,9.77743,56973.0
8451,130138.7353,128740.3387,1398.3966,0.0000,9.77743,56981.3
8452,130138.7353,128740.3387,1398.3966,0.0000,9.77743,56987.7
8453,130138.7353,128740.3387,1398.3966,0.0000,9.77743,56994.7
8454,130138.7353,128740.3387,1398.3966,0.0000,9.77743,57001.8
8455,130138.7353,128740.3387,1398.3966,0.0000,9.77743,57009.5
8456,130138.7353,128740.3387,1398.3966,0.0000,9.77743,57016.2
8457,130138.7353,128740.3387,1398.3966,0.0000,9.77743,57024.1
8458,130138.7353,128740.3387,1398.3966,0.0000,9.77743,57032.0
8459,130138.7353,128740.3387,1398.3966,0.0000,9.77743,57039.5
8460,130138.7353,128740.3387,1398.3966,0.0000,9.77743,57046.9
8461,130138.7353,128740.3387,1398.3966,0.0000,9.77743,57053.8
8462,130138.7353,128740.3387,1398.3966,0.0185,9.76344,57060.5
8463,130138.7353,128740.3387,1398.3966,0.0000,9.76344,57067.4
8464,130138.7353,128740.3387,1398.3966,0.0000,9.76344,57074.7
8465,130138.7353,128740.3387,1398.3966,0.0000,9.76344,57082.4
8466,130138.7353,128740.3387,1398.3966,0.0000,9.76344,57089.8
8467,130138.7353,128740.3387,1398.3966,0.0000,9.76344,57098.4
8468,130138.7353,128740.3387,1398.3966,0.0000,9.76344,57105.8
8469,130138.7353,128740.3387,1398.3966,0.0000,9.76344,57112.5
8470,130138.7353,128740.3387,1398.3966,0.0000,9.76344,57120.1
8471,130138.7353,128740.3387,1398.3966,0.0000,9.76344,57126.7
8472,130138.7353,128740.3387,1398.3966,0.0000,9.76344,57133.9
8473,130138.7353,128740.3387,1398.3966,0.0000,9.76344,57141.9
8474,130138.7353,128740.3387,1398.3966,0.0000,9.76344,57148.5
8475,130138.7353,128740.3387,1398.3966,0.0000,9.76344,57155.5
8476,130138.7353,128740.3387,1398.3966,0.0000,9.76344,57162.4
8477,130138.7353,128740.3387,1398.3966,0.0000,9.76344,57169.6
8478,130138.7353,128740.3387,1398.3966,0.0000,9.76344,57176.6
8479,130138.7353,128740.3387,1398.3966,0.0000,9.76344,57183.2
8480,130138.7353,128740.3387,1398.3966,0.0000,9.76344,57190.1
8481,130138.7353,128740.3387,1398.3966,0.0000,9.76344,57196.7
8482,130138.7353,128740.3387,1398.3966,0.0000,9.76344,57204.2
8483,130138.7353,128740.3387,1398.3966,0.0000,9.76344,57211.3
8484,130138.7353,128740.3387,1398.3966,0.0000,9.76344,57218.4
8485,130138.7353,128740.3387,1398.3966,0.0000,9.76344,57225.3
8486,130138.7353,128740.3387,1398.3966,0.0000,9.76344,57232.8
8487,130138.7353,128740.3387,1398.3966,0.0000,9.76344,57240.2
8488,130138.7353,128740.3387,1398.3966,0.0000,9.76344,57247.1
8489,130138.7353,128740.3387,1398.3966,0.0185,9.83008,57254.1
8490,130138.7353,128740.3387,1398.3966,0.0000,9.83008,57261.5
8491,130138.7353,128740.3387,1398.3966,0.0000,9.83008,57268.6
8492,130138.7353,128740.3387,1398.3966,0.0000,9.83008,57276.1
8493,130138.7353,128740.3387,1398.3966,0.0000,9.83008,57283.3
8494,130138.7353,128740.3387,1398.3966,0.0000,9.83008,57290.9
8495,130138.7353,128740.3387,1398.3966,0.0000,9.83008,57297.4
8496,130138.7353,128740.3387,1398.3966,0.0000,9.83008,57304.6
8497,130138.7353,128740.3387,1398.3966,0.0000,9.83008,57310.8
8498,130138.7353,128740.3387,1398.3966,0.0185,9.79068,57317.6
8499,130138.7353,128740.3387,1398.3966,0.0000,9.79068,57325.2
8500,130138.7353,128740.3387,1398.3966,0.0000,9.79068,57332.4
8501,130138.7353,128740.3387,1398.3966,0.0000,9.79068,57339.4
8502,130138.7353,128740.3387,1398.3966,0.0000,9.79068,57346.7
8503,130138.7353,128740.3387,1398.3966,0.0000,9.79068,57354.5
8504,130138.7353,128740.3387,1398.3966,0.0000,9.79068,57361.4
8505,130138.7353,128740.3387,1398.3966,0.0000,9.79068,57368.6
8506,130138.7353,128740.3387,1398.3966,0.0000,9.79068,57375.6
8507,130138.7353,128740.3387,1398.3966,0.0000,9.79068,57382.8
8508,130138.7353,128740.3387,1398.3966,0.0000,9.79068,57390.7
8509,130138.7353,128740.3387,1398.3966,0.0000,9.79068,57398.6
8510,130138.7353,128740.3387,1398.3966,0.0000,9.79068,57405.1
8511,130138.7353,128740.3387,1398.3966,0.0000,9.79068,57412.5
8512,130138.7353,128740.3387,1398.3966,0.0000,9.79068,57419.0
8513,130138.7353,128740.3387,1398.3966,0.0000,9.79068,57426.1
8514,130138.7353,128740.3387,1398.3966,0.0000,9.79068,57433.6
8515,130138.7353,128740.3387,1398.3966,0.0185,9.78523,57440.4
8516,130138.7353,128740.3387,1398.3966,0.0000,9.78523,57447.4
8517,130138.7353,128740.3387,1398.3966,0.0000,9.78523,57453.9
8518,130138.7353,128740.3387,1398.3966,0.0185,9.76516,57460.6
8519,130138.7353,128740.3387,1398.3966,0.0000,9.76516,57467.0
8520,130138.7353,128740.3387,1398.3966,0.0000,9.76516,57473.7
8521,130138.7353,128740.3387,1398.3966,0.0000,9.76516,57481.0
8522,130138.7353,128740.3387,1398.3966,0.0000,9.76516,57488.8
8523,130138.7353,128740.3387,1398.3966,0.0000,9.76516,57496.6
8524,130138.7353,128740.3387,1398.3966,0.0000,9.76516,57504.3
8525,130138.7353,128740.3387,1398.3966,0.0000,9.76516,57510.9
8526,130138.7353,128740.3387,1398.3966,0.0000,9.76516,57518.2
8527,130138.7353,128740.3387,1398.3966,0.0185,9.7748,57526.2
8528,130138.7353,128740.3387,1398.3966,0.0000,9.7748,57533.0
8529,130138.7353,128740.3387,1398.3966,0.0000,9.7748,57539.9
8530,130138.7353,128740.3387,1398.3966,0.0000,9.7748,57546.8
8531,130138.7353,128740.3387,1398.3966,0.0000,9.7748,57553.5
8532,130138.7353,128740.3387,1398.3966,0.0000,9.7748,57560.0
8533,130138.7353,128740.3387,1398.3966,0.0000,9.7748,57566.6
8534,130138.7353,128740.3387,1398.3966,0.0000,9.7748,57573.8
8535,130138.7353,128740.3387,1398.3966,0.0000,9.7748,57581.6
8536,130138.7353,128740.3387,1398.3966,0.0000,9.7748,57588.6
8537,130138.7353,128740.3387,1398.3966,0.0000,9.7748,57596.1
8538,130138.7353,128740.3387,1398.3966,0.0000,9.7748,57603.3
8539,130138.7353,128740.3387,1398.3966,0.0000,9.7748,57610.9
8540,130138.7353,128740.3387,1398.3966,0.0000,9.7748,57617.6
8541,130138.7353,128740.3387,1398.3966,0.0185,9.78374,57625.8
8542,130138.7353,128740.3387,1398.3966,0.0000,9.78374,57633.4
8543,130138.7353,128740.3387,1398.3966,0.0000,9.78374,57640.5
8544,130138.7353,128740.3387,1398.3966,0.0000,9.78374,57647.5
8545,130138.7353,128740.3387,1398.3966,0.0000,9.78374,57655.0
8546,130138.7353,128740.3387,1398.3966,0.0000,9.78374,57662.0
8547,130138.7353,128740.3387,1398.3966,0.0000,9.78374,57669.0
8548,130138.7353,128740.3387,1398.3966,0.0000,9.78374,57676.2
8549,130138.7353,128740.3387,1398.3966,0.0000,9.78374,57683.9
8550,130138.7353,128740.3387,1398.3966,0.0000,9.78374,57690.2
8551,130138.7353,128740.3387,1398.3966,0.0000,9.78374,57697.1
8552,130138.7353,128740.3387,1398.3966,0.0000,9.78374,57704.1
8553,130138.7353,128740.3387,1398.3966,0.0000,9.78374,57710.9
8554,130138.7353,128740.3387,1398.3966,0.0000,9.78374,57718.0
8555,130138.7353,128740.3387,1398.3966,0.0000,9.78374,57725.1
8556,130138.7353,128740.3387,1398.3966,0.0000,9.78374,57732.5
8557,130138.7353,128740.3387,1398.3966,0.0000,9.78374,57739.4
8558,130138.7353,128740.3387,1398.3966,0.0000,9.78374,57747.3
8559,130138.7353,128740.3387,1398.3966,0.0000,9.78374,57755.1
8560,130138.7353,128740.3387,1398.3966,0.0000,9.78374,57762.5
8561,130138.7353,128740.3387,1398.3966,0.0000,9.78374,57768.6
8562,130138.7353,128740.3387,1398.3966,0.0000,9.78374,57775.3
8563,130138.7353,128740.3387,1398.3966,0.0000,9.78374,57782.9
8564,130138.7353,128740.3387,1398.3966,0.0000,9.78374,57791.1
8565,130138.7353,128740.3387,1398.3966,0.0000,9.78374,57797.7
8566,130138.7353,128740.3387,1398.3966,0.0000,9.78374,57804.9
8567,130138.7353,128740.3387,1398.3966,0.0000,9.78374,57811.4
8568,130138.7353,128740.3387,1398.3966,0.0000,9.78374,57818.0
8569,130138.7353,128740.3387,1398.3966,0.0000,9.78374,57825.4
8570,130138.7353,128740.3387,1398.3966,0.0000,9.78374,57833.2
8571,130138.7353,128740.3387,1398.3966,0.0000,9.78374,57841.3
8572,130138.7353,128740.3387,1398.3966,0.0000,9.78374,57848.4
8573,130138.7353,128740.3387,1398.3966,0.0000,9.78374,57854.8
8574,130138.7353,128740.3387,1398.3966,0.0000,9.78374,57861.5
8575,130138.7353,128740.3387,1398.3966,0.0000,9.78374,57868.5
8576,130138.7353,128740.3387,1398.3966,0.0000,9.78374,57875.7
8577,130138.7353,128740.3387,1398.3966,0.0000,9.78374,57884.0
8578,130138.7353,128740.3387,1398.3966,0.0000,9.78374,57891.5
8579,130138.7353,128740.3387,1398.3966,0.0000,9.78374,57899.2
8580,130138.7353,128740.3387,1398.3966,0.0000,9.78374,57906.2
8581,130138.7353,128740.3387,1398.3966,0.0185,9.79135,57912.9
8582,130138.7353,128740.3387,1398.3966,0.0185,9.79612,57920.5
8583,130138.7353,128740.3387,1398.3966,0.0000,9.79612,57927.7
8584,130138.7353,128740.3387,1398.3966,0.0185,9.80966,57935.4
8585,130138.7353,128740.3387,1398.3966,0.0000,9.80966,57942.7
8586,130138.7353,128740.3387,1398.3966,0.0000,9.80966,57950.3
8587,130138.7353,128740.3387,1398.3966,0.0000,9.80966,57957.5
8588,130138.7353,128740.3387,1398.3966,0.0000,9.80966,57964.5
8589,130138.7353,128740.3387,1398.3966,0.0000,9.80966,57971.6
8590,130138.7353,128740.3387,1398.3966,0.0000,9.80966,57978.2
8591,130138.7353,128740.3387,1398.3966,0.0000,9.80966,57985.4
8592,130138.7353,128740.3387,1398.3966,0.0185,9.81409,57992.8
8593,130138.7353,128740.3387,1398.3966,0.0000,9.81409,58000.0
8594,130138.7353,128740.3387,1398.3966,0.0000,9.81409,58007.8
8595,130138.7353,128740.3387,1398.3966,0.0000,9.81409,58014.8
8596,130138.7353,128740.3387,1398.3966,0.0185,9.83965,58021.6
8597,130138.7353,128740.3387,1398.3966,0.0000,9.83965,58028.6
8598,130138.7353,128740.3387,1398.3966,0.0000,9.83965,58035.3
8599,130138.7353,128740.3387,1398.3966,0.0000,9.83965,58042.1
8600,130138.7353,128740.3387,1398.3966,0.0000,9.83965,58049.4
8601,130138.7353,128740.3387,1398.3966,0.0000,9.83965,58057.2
8602,130138.7353,128740.3387,1398.3966,0.0000,9.83965,58063.2
8603,130138.7353,128740.3387,1398.3966,0.0000,9.83965,58070.2
8604,130138.7353,128740.3387,1398.3966,0.0000,9.83965,58077.5
8605,130138.7353,128740.3387,1398.3966,0.0000,9.83965,58084.6
8606,130138.7353,128740.3387,1398.3966,0.0000,9.83965,58091.8
8607,130138.7353,128740.3387,1398.3966,0.0000,9.83965,58098.7
8608,130138.7353,128740.3387,1398.3966,0.0000,9.83965,58106.3
8609,130138.7353,128740.3387,1398.3966,0.0000,9.83965,58112.8
8610,130138.7353,128740.3387,1398.3966,0.0000,9.83965,58119.3
8611,130138.7353,128740.3387,1398.3966,0.0000,9.83965,58126.7
8612,130138.7353,128740.3387,1398.3966,0.0000,9.83965,58134.0
8613,130138.7353,128740.3387,1398.3966,0.0000,9.83965,58141.8
8614,130138.7353,128740.3387,1398.3966,0.0000,9.83965,58148.9
8615,130138.7353,128740.3387,1398.3966,0.0000,9.83965,58156.6
8616,130138.7353,128740.3387,1398.3966,0.0000,9.83965,58164.4
8617,130138.7353,128740.3387,1398.3966,0.0000,9.83965,58172.0
8618,130138.7353,128740.3387,1398.3966,0.0000,9.83965,58179.5
8619,130138.7353,128740.3387,1398.3966,0.0000,9.83965,58186.2
8620,130138.7353,128740.3387,1398.3966,0.0000,9.83965,58192.5
8621,130138.7353,128740.3387,1398.3966,0.0000,9.83965,58200.1
8622,130138.7353,128740.3387,1398.3966,0.0000,9.83965,58206.8
8623,130138.7353,128740.3387,1398.3966,0.0000,9.83965,58213.8
8624,130138.7353,128740.3387,1398.3966,0.0000,9.83965,58220.5
8625,130138.7353,128740.3387,1398.3966,0.0000,9.83965,58227.1
8626,130138.7353,128740.3387,1398.3966,0.0000,9.83965,58234.8
8627,130138.7353,128740.3387,1398.3966,0.0000,9.83965,58241.3
8628,130138.7353,128740.3387,1398.3966,0.0000,9.83965,58248.8
8629,130138.7353,128740.3387,1398.3966,0.0000,9.83965,58256.1
8630,130138.7353,128740.3387,1398.3966,0.0000,9.83965,58263.4
8631,130138.7353,128740.3387,1398.3966,0.0000,9.83965,58271.1
8632,130138.7353,128740.3387,1398.3966,0.0000,9.83965,58278.3
8633,130138.7353,128740.3387,1398.3966,0.0000,9.83965,58285.6
8634,130138.7353,128740.3387,1398.3966,0.0000,9.83965,58292.0
8635,130138.7353,128740.3387,1398.3966,0.0000,9.83965,58298.8
8636,130138.7353,128740.3387,1398.3966,0.0000,9.83965,58306.6
8637,130138.7353,128740.3387,1398.3966,0.0000,9.83965,58313.0
8638,130138.7353,128740.3387,1398.3966,0.0000,9.83965,58319.3
8639,130138.7353,128740.3387,1398.3966,0.0000,9.83965,58327.2
8640,130138.7353,128740.3387,1398.3966,0.0000,9.83965,58334.7
8641,130138.7353,128740.3387,1398.3966,0.0000,9.83965,58342.1
8642,130138.7353,128740.3387,1398.3966,0.0000,9.83965,58349.2
8643,130138.7353,128740.3387,1398.3966,0.0000,9.83965,58356.8
8644,130138.7353,128740.3387,1398.3966,0.0000,9.83965,58363.4
8645,130138.7353,128740.3387,1398.3966,0.0000,9.83965,58369.9
8646,130138.7353,128740.3387,1398.3966,0.0000,9.83965,58377.3
8647,130138.7353,128740.3387,1398.3966,0.0000,9.83965,58384.9
8648,130138.7353,128740.3387,1398.3966,0.0000,9.83965,58391.9
8649,130138.7353,128740.3387,1398.3966,0.0000,9.83965,58399.7
8650,130138.7353,128740.3387,1398.3966,0.0000,9.83965,58406.4
8651,130138.7353,128740.3387,1398.3966,0.0000,9.83965,58414.2
8652,130138.7353,128740.3387,1398.3966,0.0000,9.83965,58421.1
8653,130138.7353,128740.3387,1398.3966,0.0000,9.83965,58428.1
8654,130138.7353,128740.3387,1398.3966,0.0000,9.83965,58435.1
8655,130138.7353,128740.3387,1398.3966,0.0000,9.83965,58442.5
8656,130138.7353,128740.3387,1398.3966,0.0000,9.83965,58448.6
8657,130138.7353,128740.3387,1398.3966,0.0000,9.83965,58456.3
8658,130138.7353,128740.3387,1398.3966,0.0000,9.83965,58464.3
8659,130138.7353,128740.3387,1398.3966,0.0000,9.83965,58470.7
8660,130138.7353,128740.3387,1398.3966,0.0000,9.83965,58478.0
8661,130138.7353,128740.3387,1398.3966,0.0185,9.85605,58484.1
8662,130138.7353,128740.3387,1398.3966,0.0000,9.85605,58491.3
8663,130138.7353,128740.3387,1398.3966,0.0000,9.85605,58498.1
8664,130138.7353,128740.3387,1398.3966,0.0000,9.85605,58505.2
8665,130138.7353,128740.3387,1398.3966,0.0000,9.85605,58513.0
8666,130138.7353,128740.3387,1398.3966,0.0000,9.85605,58520.6
8667,130138.7353,128740.3387,1398.3966,0.0000,9.85605,58528.4
8668,130138.7353,128740.3387,1398.3966,0.0000,9.85605,58535.4
8669,130138.7353,128740.3387,1398.3966,0.0000,9.85605,58543.3
8670,130138.7353,128740.3387,1398.3966,0.0000,9.85605,58551.8
8671,130138.7353,128740.3387,1398.3966,0.0000,9.85605,58559.4
8672,130138.7353,128740.3387,1398.3966,0.0000,9.85605,58566.7
8673,130138.7353,128740.3387,1398.3966,0.0000,9.85605,58573.9
8674,130138.7353,128740.3387,1398.3966,0.0185,9.85143,58580.7
8675,130138.7353,128740.3387,1398.3966,0.0000,9.85143,58587.9
8676,130138.7353,128740.3387,1398.3966,0.0000,9.85143,58595.2
8677,130138.7353,128740.3387,1398.3966,0.0000,9.85143,58602.4
8678,130138.7353,128740.3387,1398.3966,0.0000,9.85143,58610.4
8679,130138.7353,128740.3387,1398.3966,0.0000,9.85143,58617.5
8680,130138.7353,128740.3387,1398.3966,0.0000,9.85143,58625.1
8681,130138.7353,128740.3387,1398.3966,0.0000,9.85143,58632.7
8682,130138.7353,128740.3387,1398.3966,0.0000,9.85143,58639.5
8683,130138.7353,128740.3387,1398.3966,0.0000,9.85143,58646.3
8684,130138.7353,128740.3387,1398.3966,0.0000,9.85143,58653.6
8685,130138.7353,128740.3387,1398.3966,0.0000,9.85143,58661.3
8686,130138.7353,128740.3387,1398.3966,0.0000,9.85143,58668.5
8687,130138.7353,128740.3387,1398.3966,0.0000,9.85143,58675.7
8688,130138.7353,128740.3387,1398.3966,0.0000,9.85143,58682.9
8689,130138.7353,128740.3387,1398.3966,0.0000,9.85143,58689.6
8690,130138.7353,128740.3387,1398.3966,0.0000,9.85143,58696.8
8691,130138.7353,128740.3387,1398.3966,0.0000,9.85143,58704.4
8692,130138.7353,128740.3387,1398.3966,0.0000,9.85143,58711.5
8693,130138.7353,128740.3387,1398.3966,0.0000,9.85143,58718.1
8694,130138.7353,128740.3387,1398.3966,0.0000,9.85143,58725.7
8695,130138.7353,128740.3387,1398.3966,0.0000,9.85143,58732.6
8696,130138.7353,128740.3387,1398.3966,0.0000,9.85143,58740.7
8697,130138.7353,128740.3387,1398.3966,0.0000,9.85143,58748.7
8698,130138.7353,128740.3387,1398.3966,0.0000,9.85143,58755.5
8699,130138.7353,128740.3387,1398.3966,0.0000,9.85143,58762.1
8700,130138.7353,128740.3387,1398.3966,0.0000,9.85143,58768.1
8701,130138.7353,128740.3387,1398.3966,0.0000,9.85143,58775.5
8702,130138.7353,128740.3387,1398.3966,0.0000,9.85143,58782.7
8703,130138.7353,128740.3387,1398.3966,0.0000,9.85143,58789.3
8704,130138.7353,128740.3387,1398.3966,0.0000,9.85143,58796.9
8705,130138.7353,128740.3387,1398.3966,0.0000,9.85143,58804.2
8706,130138.7353,128740.3387,1398.3966,0.0000,9.85143,58811.8
8707,130138.7353,128740.3387,1398.3966,0.0000,9.85143,58818.4
8708,130138.7353,128740.3387,1398.3966,0.0185,9.8549,58824.9
8709,130138.7353,128740.3387,1398.3966,0.0000,9.8549,58831.9
8710,130138.7353,128740.3387,1398.3966,0.0000,9.8549,58839.1
8711,130138.7353,128740.3387,1398.3966,0.0000,9.8549,58846.0
8712,130138.7353,128740.3387,1398.3966,0.0000,9.8549,58852.5
8713,130138.7353,128740.3387,1398.3966,0.0000,9.8549,58859.0
8714,130138.7353,128740.3387,1398.3966,0.0000,9.8549,58866.4
8715,130138.7353,128740.3387,1398.3966,0.0000,9.8549,58872.9
8716,130138.7353,128740.3387,1398.3966,0.0000,9.8549,58879.3
8717,130138.7353,128740.3387,1398.3966,0.0000,9.8549,58886.5
8718,130138.7353,128740.3387,1398.3966,0.0000,9.8549,58893.6
8719,130138.7353,128740.3387,1398.3966,0.0000,9.8549,58900.4
8720,130138.7353,128740.3387,1398.3966,0.0000,9.8549,58908.0
8721,130138.7353,128740.3387,1398.3966,0.0000,9.8549,58915.0
8722,130138.7353,128740.3387,1398.3966,0.0000,9.8549,58922.2
8723,130138.7353,128740.3387,1398.3966,0.0000,9.8549,58929.1
8724,130138.7353,128740.3387,1398.3966,0.0000,9.8549,58936.1
8725,130138.7353,128740.3387,1398.3966,0.0000,9.8549,58943.0
8726,130138.7353,128740.3387,1398.3966,0.0000,9.8549,58950.4
8727,130138.7353,128801.5972,1337.1381,0.0185,9.85964,58957.3
8728,130138.7353,128801.5972,1337.1381,0.0000,9.85964,58964.3
8729,130138.7353,128801.5972,1337.1381,0.0000,9.85964,58971.7
8730,130138.7353,128801.5972,1337.1381,0.0000,9.85964,58979.4
8731,130138.7353,128801.5972,1337.1381,0.0000,9.85964,58986.5
8732,130138.7353,128801.5972,1337.1381,0.0000,9.85964,58994.4
8733,130138.7353,128801.5972,1337.1381,0.0000,9.85964,59001.1
8734,130138.7353,128801.5972,1337.1381,0.0000,9.85964,59008.1
8735,130138.7353,128801.5972,1337.1381,0.0000,9.85964,59015.6
8736,130138.7353,128801.5972,1337.1381,0.0000,9.85964,59022.6
8737,130138.7353,128801.5972,1337.1381,0.0000,9.85964,59029.8
8738,130138.7353,128801.5972,1337.1381,0.0000,9.85964,59037.8
8739,130138.7353,128801.5972,1337.1381,0.0000,9.85964,59045.0
8740,130138.7353,128801.5972,1337.1381,0.0000,9.85964,59052.4
8741,130138.7353,128801.5972,1337.1381,0.0000,9.85964,59060.1
8742,130138.7353,128801.5972,1337.1381,0.0000,9.85964,59067.1
8743,130138.7353,128801.5972,1337.1381,0.0000,9.85964,59074.3
8744,130138.7353,128801.5972,1337.1381,0.0000,9.85964,59081.6
8745,130138.7353,128801.5972,1337.1381,0.0000,9.85964,59088.4
8746,130138.7353,128801.5972,1337.1381,0.0000,9.85964,59095.3
8747,130138.7353,128801.5972,1337.1381,0.0000,9.85964,59102.5
8748,130138.7353,128801.5972,1337.1381,0.0000,9.85964,59110.6
8749,130138.7353,128801.5972,1337.1381,0.0000,9.85964,59117.9
8750,130138.7353,128801.5972,1337.1381,0.0000,9.85964,59125.1
8751,130138.7353,128801.5972,1337.1381,0.0000,9.85964,59132.3
8752,130138.7353,128801.5972,1337.1381,0.0000,9.85964,59140.5
8753,130138.7353,128801.5972,1337.1381,0.0000,9.85964,59147.6
8754,130138.7353,128801.5972,1337.1381,0.0000,9.85964,59154.8
8755,130138.7353,128801.5972,1337.1381,0.0000,9.85964,59161.9
8756,130138.7353,128801.5972,1337.1381,0.0000,9.85964,59169.0
8757,130138.7353,128801.5972,1337.1381,0.0000,9.85964,59176.2
8758,130138.7353,128801.5972,1337.1381,0.0000,9.85964,59183.6
8759,130138.7353,128801.5972,1337.1381,0.0000,9.85964,59191.1
8760,130138.7353,128801.5972,1337.1381,0.0000,9.85964,59198.5
8761,130138.7353,128801.5972,1337.1381,0.0000,9.85964,59205.3
8762,130138.7353,128801.5972,1337.1381,0.0000,9.85964,59212.2
8763,130138.7353,128801.5972,1337.1381,0.0185,9.86075,59219.8
8764,130138.7353,128801.5972,1337.1381,0.0000,9.86075,59227.1
8765,130138.7353,128801.5972,1337.1381,0.0000,9.86075,59234.6
8766,130138.7353,128801.5972,1337.1381,0.0000,9.86075,59242.1
8767,130138.7353,128801.5972,1337.1381,0.0000,9.86075,59249.1
8768,130138.7353,128801.5972,1337.1381,0.0000,9.86075,59256.2
8769,130138.7353,128801.5972,1337.1381,0.0000,9.86075,59263.9
8770,130138.7353,128801.5972,1337.1381,0.0000,9.86075,59271.2
8771,130138.7353,128801.5972,1337.1381,0.0000,9.86075,59278.1
8772,130138.7353,128801.5972,1337.1381,0.0000,9.86075,59285.4
8773,130138.7353,128801.5972,1337.1381,0.0000,9.86075,59294.5
8774,130138.7353,128801.5972,1337.1381,0.0000,9.86075,59302.0
8775,130138.7353,128801.5972,1337.1381,0.0000,9.86075,59309.9
8776,130138.7353,128801.5972,1337.1381,0.0000,9.86075,59317.1
8777,130138.7353,128801.5972,1337.1381,0.0000,9.86075,59324.7
8778,130138.7353,128801.5972,1337.1381,0.0000,9.86075,59332.2
8779,130138.7353,128801.5972,1337.1381,0.0000,9.86075,59338.8
8780,130138.7353,128801.5972,1337.1381,0.0000,9.86075,59346.0
8781,130138.7353,128801.5972,1337.1381,0.0185,9.84568,59352.5
8782,130138.7353,128803.5305,1335.2048,0.0185,9.87263,59359.8
8783,130138.7353,128803.5305,1335.2048,0.0000,9.87263,59366.9
8784,130138.7353,128803.5305,1335.2048,0.0000,9.87263,59373.7
8785,130138.7353,128803.5305,1335.2048,0.0000,9.87263,59380.2
8786,130138.7353,128803.5305,1335.2048,0.0000,9.87263,59386.9
8787,130138.7353,128803.5305,1335.2048,0.0000,9.87263,59393.4
8788,130138.7353,128803.5305,1335.2048,0.0185,9.86713,59400.8
8789,130138.7353,128803.5305,1335.2048,0.0000,9.86713,59408.5
8790,130138.7353,128803.5305,1335.2048,0.0000,9.86713,59416.1
8791,130138.7353,128803.5305,1335.2048,0.0000,9.86713,59424.4
8792,130138.7353,128803.5305,1335.2048,0.0185,9.90989,59431.2
8793,130138.7353,128803.5305,1335.2048,0.0000,9.90989,59438.5
8794,130138.7353,128803.5305,1335.2048,0.0000,9.90989,59445.7
8795,130138.7353,128803.5305,1335.2048,0.0000,9.90989,59454.0
8796,130138.7353,128803.5305,1335.2048,0.0000,9.90989,59461.1
8797,130138.7353,128803.5305,1335.2048,0.0000,9.90989,59468.5
8798,130138.7353,128803.5305,1335.2048,0.0000,9.90989,59475.6
8799,130138.7353,128803.5305,1335.2048,0.0185,9.92084,59482.0
8800,130138.7353,128803.5305,1335.2048,0.0000,9.92084,59489.5
8801,130138.7353,128803.5305,1335.2048,0.0000,9.92084,59497.3
8802,130138.7353,128803.5305,1335.2048,0.0000,9.92084,59504.6
8803,130138.7353,128803.5305,1335.2048,0.0000,9.92084,59512.2
8804,130138.7353,128803.5305,1335.2048,0.0000,9.92084,59519.1
8805,130138.7353,128803.5305,1335.2048,0.0000,9.92084,59525.7
8806,130138.7353,128803.5305,1335.2048,0.0000,9.92084,59532.7
8807,130138.7353,128803.5305,1335.2048,0.0000,9.92084,59539.9
8808,130138.7353,128803.5305,1335.2048,0.0000,9.92084,59547.0
8809,130138.7353,128803.5305,1335.2048,0.0000,9.92084,59553.1
8810,130138.7353,128803.5305,1335.2048,0.0000,9.92084,59560.5
8811,130138.7353,128803.5305,1335.2048,0.0000,9.92084,59567.3
8812,130138.7353,128803.5305,1335.2048,0.0000,9.92084,59574.7
8813,130138.7353,128803.5305,1335.2048,0.0000,9.92084,59580.9
8814,130138.7353,128803.5305,1335.2048,0.0185,9.9171,59587.8
8815,130138.7353,128803.5305,1335.2048,0.0000,9.9171,59595.4
8816,130138.7353,128803.5305,1335.2048,0.0000,9.9171,59603.1
8817,130138.7353,128803.5305,1335.2048,0.0000,9.9171,59609.5
8818,130138.7353,128803.5305,1335.2048,0.0000,9.9171,59615.8
8819,130138.7353,128803.5305,1335.2048,0.0000,9.9171,59623.4
8820,130138.7353,128803.5305,1335.2048,0.0000,9.9171,59631.3
8821,130138.7353,128803.5305,1335.2048,0.0000,9.9171,59638.0
8822,130138.7353,128803.5305,1335.2048,0.0000,9.9171,59645.1
8823,130138.7353,128803.5305,1335.2048,0.0000,9.9171,59652.2
8824,130138.7353,128803.5305,1335.2048,0.0000,9.9171,59659.2
8825,130138.7353,128803.5305,1335.2048,0.0000,9.9171,59666.9
8826,130138.7353,128803.5305,1335.2048,0.0000,9.9171,59674.2
8827,130138.7353,128803.5305,1335.2048,0.0000,9.9171,59681.9
8828,130138.7353,128803.5305,1335.2048,0.0000,9.9171,59689.0
8829,130138.7353,128803.5305,1335.2048,0.0000,9.9171,59696.6
8830,130138.7353,128803.5305,1335.2048,0.0000,9.9171,59704.1
8831,130138.7353,128803.5305,1335.2048,0.0000,9.9171,59711.5
8832,130138.7353,128803.5305,1335.2048,0.0000,9.9171,59718.9
8833,130138.7353,128803.5305,1335.2048,0.0000,9.9171,59724.9
8834,130138.7353,128803.5305,1335.2048,0.0000,9.9171,59731.8
8835,130138.7353,128803.5305,1335.2048,0.0000,9.9171,59739.1
8836,130138.7353,128803.5305,1335.2048,0.0000,9.9171,59746.7
8837,130138.7353,128803.5305,1335.2048,0.0000,9.9171,59753.6
8838,130138.7353,128803.5305,1335.2048,0.0000,9.9171,59761.1
8839,130138.7353,128803.5305,1335.2048,0.0000,9.9171,59768.7
8840,130138.7353,128803.5305,1335.2048,0.0000,9.9171,59776.0
8841,130138.7353,128803.5305,1335.2048,0.0000,9.9171,59782.8
8842,130138.7353,128803.5305,1335.2048,0.0000,9.9171,59789.9
8843,130138.7353,128803.5305,1335.2048,0.0000,9.9171,59797.1
8844,130138.7353,128803.5305,1335.2048,0.0000,9.9171,59804.1
8845,130138.7353,128803.5305,1335.2048,0.0000,9.9171,59811.5
8846,130138.7353,128803.5305,1335.2048,0.0000,9.9171,59819.0
8847,130138.7353,128803.5305,1335.2048,0.0000,9.9171,59826.3
8848,130138.7353,128803.5305,1335.2048,0.0000,9.9171,59833.2
8849,130138.7353,128803.5305,1335.2048,0.0000,9.9171,59840.1
8850,130138.7353,128803.5305,1335.2048,0.0000,9.9171,59848.0
8851,130138.7353,128803.5305,1335.2048,0.0000,9.9171,59855.6
8852,130138.7353,128803.5305,1335.2048,0.0000,9.9171,59862.4
8853,130138.7353,128803.5305,1335.2048,0.0000,9.9171,59869.3
8854,130138.7353,128803.5305,1335.2048,0.0000,9.9171,59876.0
8855,130138.7353,128803.5305,1335.2048,0.0000,9.9171,59883.2
8856,130138.7353,128803.5305,1335.2048,0.0000,9.9171,59890.1
8857,130138.7353,128803.5305,1335.2048,0.0000,9.9171,59897.7
8858,130138.7353,128803.5305,1335.2048,0.0000,9.9171,59904.6
8859,130138.7353,128803.5305,1335.2048,0.0000,9.9171,59910.7
8860,130138.7353,128803.5305,1335.2048,0.0000,9.9171,59918.6
8861,130138.7353,128803.5305,1335.2048,0.0000,9.9171,59926.6
8862,130138.7353,128803.5305,1335.2048,0.0000,9.9171,59933.0
8863,130138.7353,128803.5305,1335.2048,0.0000,9.9171,59940.0
8864,130138.7353,128803.5305,1335.2048,0.0000,9.9171,59947.8
8865,130138.7353,128803.5305,1335.2048,0.0000,9.9171,59954.7
8866,130138.7353,128803.5305,1335.2048,0.0000,9.9171,59962.5
8867,130138.7353,128803.5305,1335.2048,0.0000,9.9171,59969.3
8868,130138.7353,128803.5305,1335.2048,0.0000,9.9171,59976.1
8869,130138.7353,128803.5305,1335.2048,0.0000,9.9171,59983.7
8870,130138.7353,128803.5305,1335.2048,0.0000,9.9171,59991.1
8871,130138.7353,128803.5305,1335.2048,0.0000,9.9171,59998.1
8872,130138.7353,128803.5305,1335.2048,0.0000,9.9171,60005.5
8873,130138.7353,128803.5305,1335.2048,0.0000,9.9171,60012.7
8874,130138.7353,128803.5305,1335.2048,0.0000,9.9171,60020.4
8875,130138.7353,128803.5305,1335.2048,0.0185,9.94212,60028.3
8876,130138.7353,128803.5305,1335.2048,0.0000,9.94212,60035.5
8877,130138.7353,128816.9510,1321.7843,0.0185,9.95841,60042.2
8878,130138.7353,128816.9510,1321.7843,0.0000,9.95841,60049.7
8879,130138.7353,128816.9510,1321.7843,0.0000,9.95841,60056.0
8880,130138.7353,128816.9510,1321.7843,0.0000,9.95841,60062.9
8881,130138.7353,128816.9510,1321.7843,0.0000,9.95841,60070.4
8882,130138.7353,128816.9510,1321.7843,0.0000,9.95841,60077.6
8883,130138.7353,128816.9510,1321.7843,0.0000,9.95841,60084.6
8884,130138.7353,128816.9510,1321.7843,0.0000,9.95841,60092.4
8885,130138.7353,128816.9510,1321.7843,0.0000,9.95841,60099.6
8886,130138.7353,128816.9510,1321.7843,0.0000,9.95841,60106.4
8887,130138.7353,128816.9510,1321.7843,0.0000,9.95841,60113.2
8888,130138.7353,128816.9510,1321.7843,0.0000,9.95841,60120.3
8889,130138.7353,128816.9510,1321.7843,0.0000,9.95841,60127.5
8890,130138.7353,128816.9510,1321.7843,0.0000,9.95841,60134.4
8891,130138.7353,128816.9510,1321.7843,0.0000,9.95841,60140.8
8892,130138.7353,128816.9510,1321.7843,0.0000,9.95841,60147.3
8893,130138.7353,128816.9510,1321.7843,0.0000,9.95841,60154.4
8894,130138.7353,128816.9510,1321.7843,0.0000,9.95841,60162.2
8895,130138.7353,128816.9510,1321.7843,0.0000,9.95841,60169.5
8896,130138.7353,128816.9510,1321.7843,0.0370,9.95216,60176.1
8897,130138.7353,128816.9510,1321.7843,0.0000,9.95216,60184.3
8898,130138.7353,128816.9510,1321.7843,0.0000,9.95216,60192.0
8899,130138.7353,128816.9510,1321.7843,0.0000,9.95216,60198.8
8900,130138.7353,128816.9510,1321.7843,0.0000,9.95216,60205.5
8901,130138.7353,128816.9510,1321.7843,0.0000,9.95216,60212.8
8902,130138.7353,128816.9510,1321.7843,0.0185,9.94997,60220.0
8903,130138.7353,128816.9510,1321.7843,0.0000,9.94997,60227.6
8904,130138.7353,128816.9510,1321.7843,0.0000,9.94997,60234.7
8905,130138.7353,128816.9510,1321.7843,0.0000,9.94997,60241.6
8906,130138.7353,128816.9510,1321.7843,0.0000,9.94997,60249.5
8907,130138.7353,128816.9510,1321.7843,0.0000,9.94997,60256.3
8908,130138.7353,128816.9510,1321.7843,0.0000,9.94997,60263.3
8909,130138.7353,128816.9510,1321.7843,0.0000,9.94997,60271.4
8910,130138.7353,128816.9510,1321.7843,0.0000,9.94997,60278.6
8911,130138.7353,128816.9510,1321.7843,0.0000,9.94997,60285.6
8912,130138.7353,128816.9510,1321.7843,0.0000,9.94997,60293.0
8913,130138.7353,128816.9510,1321.7843,0.0000,9.94997,60300.1
8914,130138.7353,128816.9510,1321.7843,0.0000,9.94997,60307.3
8915,130138.7353,128816.9510,1321.7843,0.0000,9.94997,60314.4
8916,130138.7353,128816.9510,1321.7843,0.0000,9.94997,60322.1
8917,130138.7353,128816.9510,1321.7843,0.0000,9.94997,60329.0
8918,130138.7353,128816.9510,1321.7843,0.0000,9.94997,60335.9
8919,130138.7353,128816.9510,1321.7843,0.0000,9.94997,60342.6
8920,130138.7353,128816.9510,1321.7843,0.0000,9.94997,60350.1
8921,130138.7353,128816.9510,1321.7843,0.0000,9.94997,60356.6
8922,130138.7353,128816.9510,1321.7843,0.0000,9.94997,60362.9
8923,130138.7353,128816.9510,1321.7843,0.0000,9.94997,60369.8
8924,130138.7353,128816.9510,1321.7843,0.0000,9.94997,60377.0
8925,130138.7353,128816.9510,1321.7843,0.0000,9.94997,60384.6
8926,130138.7353,128816.9510,1321.7843,0.0000,9.94997,60391.7
8927,130138.7353,128816.9510,1321.7843,0.0000,9.94997,60399.5
8928,130138.7353,128816.9510,1321.7843,0.0000,9.94997,60407.4
8929,130138.7353,128816.9510,1321.7843,0.0000,9.94997,60415.6
8930,130138.7353,128816.9510,1321.7843,0.0000,9.94997,60422.6
8931,130138.7353,128816.9510,1321.7843,0.0000,9.94997,60430.4
8932,130138.7353,128816.9510,1321.7843,0.0000,9.94997,60437.6
8933,130138.7353,128816.9510,1321.7843,0.0000,9.94997,60445.1
8934,130138.7353,128816.9510,1321.7843,0.0000,9.94997,60452.4
8935,130138.7353,128816.9510,1321.7843,0.0000,9.94997,60460.6
8936,130138.7353,128816.9510,1321.7843,0.0000,9.94997,60467.1
8937,130138.7353,128816.9510,1321.7843,0.0000,9.94997,60474.4
8938,130138.7353,128816.9510,1321.7843,0.0000,9.94997,60481.4
8939,130138.7353,128816.9510,1321.7843,0.0000,9.94997,60488.7
8940,130138.7353,128816.9510,1321.7843,0.0000,9.94997,60495.9
8941,130138.7353,128816.9510,1321.7843,0.0000,9.94997,60503.7
8942,130138.7353,128816.9510,1321.7843,0.0000,9.94997,60510.1
8943,130138.7353,128816.9510,1321.7843,0.0000,9.94997,60517.2
8944,130138.7353,128816.9510,1321.7843,0.0000,9.94997,60524.2
8945,130138.7353,128816.9510,1321.7843,0.0000,9.94997,60531.1
8946,130138.7353,128816.9510,1321.7843,0.0000,9.94997,60538.8
8947,130138.7353,128816.9510,1321.7843,0.0000,9.94997,60546.1
8948,130138.7353,128816.9510,1321.7843,0.0000,9.94997,60553.6
8949,130138.7353,128816.9510,1321.7843,0.0000,9.94997,60560.8
8950,130138.7353,128816.9510,1321.7843,0.0000,9.94997,60567.9
8951,130138.7353,128816.9510,1321.7843,0.0000,9.94997,60575.5
8952,130138.7353,128816.9510,1321.7843,0.0000,9.94997,60583.0
8953,130138.7353,128816.9510,1321.7843,0.0000,9.94997,60589.6
8954,130138.7353,128816.9510,1321.7843,0.0000,9.94997,60597.0
8955,130138.7353,128816.9510,1321.7843,0.0000,9.94997,60604.3
8956,130138.7353,128816.9510,1321.7843,0.0000,9.94997,60612.0
8957,130138.7353,128816.9510,1321.7843,0.0185,10.0982,60619.4
8958,130138.7353,128816.9510,1321.7843,0.0000,10.0982,60627.2
8959,130138.7353,128816.9510,1321.7843,0.0185,9.90795,60633.4
8960,130138.7353,128816.9510,1321.7843,0.0000,9.90795,60641.4
8961,130138.7353,128816.9510,1321.7843,0.0000,9.90795,60648.6
8962,130138.7353,128816.9510,1321.7843,0.0000,9.90795,60655.3
8963,130138.7353,128816.9510,1321.7843,0.0000,9.90795,60662.3
8964,130138.7353,128816.9510,1321.7843,0.0185,9.89789,60669.5
8965,130138.7353,128816.9510,1321.7843,0.0000,9.89789,60676.7
8966,130138.7353,128816.9510,1321.7843,0.0000,9.89789,60683.6
8967,130138.7353,128816.9510,1321.7843,0.0000,9.89789,60691.0
8968,130138.7353,128816.9510,1321.7843,0.0000,9.89789,60697.7
8969,130138.7353,128816.9510,1321.7843,0.0000,9.89789,60704.0
8970,130138.7353,128816.9510,1321.7843,0.0000,9.89789,60711.4
8971,130138.7353,128816.9510,1321.7843,0.0000,9.89789,60718.6
8972,130138.7353,128816.9510,1321.7843,0.0000,9.89789,60725.1
8973,130138.7353,128816.9510,1321.7843,0.0000,9.89789,60732.4
8974,130138.7353,128816.9510,1321.7843,0.0000,9.89789,60740.7
8975,130138.7353,128816.9510,1321.7843,0.0000,9.89789,60747.7
8976,130138.7353,128816.9510,1321.7843,0.0000,9.89789,60755.4
8977,130138.7353,128816.9510,1321.7843,0.0000,9.89789,60762.0
8978,130138.7353,128816.9510,1321.7843,0.0000,9.89789,60769.1
8979,130138.7353,128816.9510,1321.7843,0.0000,9.89789,60775.8
8980,130138.7353,128816.9510,1321.7843,0.0000,9.89789,60783.3
8981,130138.7353,128816.9510,1321.7843,0.0000,9.89789,60791.0
8982,130138.7353,128816.9510,1321.7843,0.0000,9.89789,60798.1
8983,130138.7353,128816.9510,1321.7843,0.0000,9.89789,60805.4
8984,130138.7353,128816.9510,1321.7843,0.0000,9.89789,60812.7
8985,130138.7353,128816.9510,1321.7843,0.0000,9.89789,60820.2
8986,130138.7353,128816.9510,1321.7843,0.0000,9.89789,60827.9
8987,130138.7353,128816.9510,1321.7843,0.0000,9.89789,60835.7
8988,130138.7353,128816.9510,1321.7843,0.0000,9.89789,60843.3
8989,130138.7353,128816.9510,1321.7843,0.0000,9.89789,60851.6
8990,130138.7353,128816.9510,1321.7843,0.0000,9.89789,60859.1
8991,130138.7353,128816.9510,1321.7843,0.0000,9.89789,60865.6
8992,130138.7353,128816.9510,1321.7843,0.0000,9.89789,60872.7
8993,130138.7353,128816.9510,1321.7843,0.0000,9.89789,60879.9
8994,130138.7353,128816.9510,1321.7843,0.0000,9.89789,60887.5
8995,130138.7353,128816.9510,1321.7843,0.0000,9.89789,60894.7
8996,130138.7353,128816.9510,1321.7843,0.0000,9.89789,60902.8
8997,130138.7353,128816.9510,1321.7843,0.0000,9.89789,60910.3
8998,130138.7353,128816.9510,1321.7843,0.0000,9.89789,60917.1
8999,130138.7353,128816.9510,1321.7843,0.0000,9.89789,60924.8
9000,130138.7353,128816.9510,1321.7843,0.0000,9.89789,60931.7
9001,130138.7353,128816.9510,1321.7843,0.0000,9.89789,60939.1
9002,130138.7353,128816.9510,1321.7843,0.0000,9.89789,60945.9
9003,130138.7353,128816.9510,1321.7843,0.0000,9.89789,60953.4
9004,130138.7353,128816.9510,1321.7843,0.0000,9.89789,60960.8
9005,130138.7353,128816.9510,1321.7843,0.0000,9.89789,60968.1
9006,130138.7353,128816.9510,1321.7843,0.0000,9.89789,60974.4
9007,130138.7353,128816.9510,1321.7843,0.0000,9.89789,60982.0
9008,130138.7353,128816.9510,1321.7843,0.0000,9.89789,60989.3
9009,130138.7353,128816.9510,1321.7843,0.0000,9.89789,60997.3
9010,130138.7353,128816.9510,1321.7843,0.0185,9.89287,61004.7
9011,130138.7353,128816.9510,1321.7843,0.0185,9.87919,61012.0
9012,130138.7353,128816.9510,1321.7843,0.0000,9.87919,61019.1
9013,130138.7353,128816.9510,1321.7843,0.0000,9.87919,61026.7
9014,130138.7353,128816.9510,1321.7843,0.0000,9.87919,61033.5
9015,130138.7353,128816.9510,1321.7843,0.0000,9.87919,61040.3
9016,130138.7353,128816.9510,1321.7843,0.0000,9.87919,61047.6
9017,130138.7353,128816.9510,1321.7843,0.0000,9.87919,61053.9
9018,130138.7353,128816.9510,1321.7843,0.0000,9.87919,61061.1
9019,130138.7353,128816.9510,1321.7843,0.0000,9.87919,61068.2
9020,130138.7353,128816.9510,1321.7843,0.0000,9.87919,61074.9
9021,130138.7353,128816.9510,1321.7843,0.0000,9.87919,61081.8
9022,130138.7353,128816.9510,1321.7843,0.0000,9.87919,61088.6
9023,130138.7353,128816.9510,1321.7843,0.0000,9.87919,61095.7
9024,130138.7353,128816.9510,1321.7843,0.0000,9.87919,61103.0
9025,130138.7353,128816.9510,1321.7843,0.0000,9.87919,61110.0
9026,130138.7353,128816.9510,1321.7843,0.0000,9.87919,61116.4
9027,130138.7353,128816.9510,1321.7843,0.0000,9.87919,61123.1
9028,130138.7353,128816.9510,1321.7843,0.0000,9.87919,61129.7
9029,130138.7353,128816.9510,1321.7843,0.0000,9.87919,61137.0
9030,130138.7353,128816.9510,1321.7843,0.0185,9.88601,61144.8
9031,130138.7353,128816.9510,1321.7843,0.0000,9.88601,61152.3
9032,130138.7353,128816.9510,1321.7843,0.0000,9.88601,61159.8
9033,130138.7353,128816.9510,1321.7843,0.0000,9.88601,61167.3
9034,130138.7353,128816.9510,1321.7843,0.0000,9.88601,61174.9
9035,130138.7353,128816.9510,1321.7843,0.0000,9.88601,61182.1
9036,130138.7353,128816.9510,1321.7843,0.0000,9.88601,61189.1
9037,130138.7353,128831.7887,1306.9466,0.0185,9.90007,61196.1
9038,130138.7353,128831.7887,1306.9466,0.0000,9.90007,61203.0
9039,130138.7353,128831.7887,1306.9466,0.0000,9.90007,61210.2
9040,130138.7353,128831.7887,1306.9466,0.0000,9.90007,61217.4
9041,130138.7353,128831.7887,1306.9466,0.0000,9.90007,61224.9
9042,130138.7353,128831.7887,1306.9466,0.0000,9.90007,61231.5
9043,130138.7353,128831.7887,1306.9466,0.0000,9.90007,61239.3
9044,130138.7353,128831.7887,1306.9466,0.0185,9.93352,61246.5
9045,130138.7353,128831.7887,1306.9466,0.0000,9.93352,61254.3
9046,130138.7353,128831.7887,1306.9466,0.0000,9.93352,61260.9
9047,130138.7353,128831.7887,1306.9466,0.0000,9.93352,61268.5
9048,130138.7353,128831.7887,1306.9466,0.0000,9.93352,61275.7
9049,130138.7353,128831.7887,1306.9466,0.0000,9.93352,61283.2
9050,130138.7353,128831.7887,1306.9466,0.0000,9.93352,61289.3
9051,130138.7353,128831.7887,1306.9466,0.0000,9.93352,61295.9
9052,130138.7353,128831.7887,1306.9466,0.0000,9.93352,61303.5
9053,130138.7353,128831.7887,1306.9466,0.0000,9.93352,61310.4
9054,130138.7353,128831.7887,1306.9466,0.0000,9.93352,61317.7
9055,130138.7353,128831.7887,1306.9466,0.0000,9.93352,61324.8
9056,130138.7353,128831.7887,1306.9466,0.0000,9.93352,61332.0
9057,130138.7353,128831.7887,1306.9466,0.0000,9.93352,61339.6
9058,130138.7353,128831.7887,1306.9466,0.0000,9.93352,61346.2
9059,130138.7353,128831.7887,1306.9466,0.0000,9.93352,61353.6
9060,130138.7353,128831.7887,1306.9466,0.0000,9.93352,61360.3
9061,130138.7353,128831.7887,1306.9466,0.0000,9.93352,61367.9
9062,130138.7353,128831.7887,1306.9466,0.0185,9.92171,61374.6
9063,130138.7353,128831.7887,1306.9466,0.0000,9.92171,61381.4
9064,130138.7353,128831.7887,1306.9466,0.0000,9.92171,61389.2
9065,130138.7353,128831.7887,1306.9466,0.0000,9.92171,61396.2
9066,130138.7353,128831.7887,1306.9466,0.0000,9.92171,61403.1
9067,130138.7353,128831.7887,1306.9466,0.0000,9.92171,61409.8
9068,130138.7353,128831.7887,1306.9466,0.0000,9.92171,61416.2
9069,130138.7353,128831.7887,1306.9466,0.0000,9.92171,61425.2
9070,130138.7353,128831.7887,1306.9466,0.0000,9.92171,61432.0
9071,130138.7353,128831.7887,1306.9466,0.0000,9.92171,61439.6
9072,130138.7353,128831.7887,1306.9466,0.0000,9.92171,61446.7
9073,130138.7353,128831.7887,1306.9466,0.0000,9.92171,61454.1
9074,130138.7353,128831.7887,1306.9466,0.0000,9.92171,61461.8
9075,130138.7353,128831.7887,1306.9466,0.0185,9.89961,61468.9
9076,130138.7353,128831.7887,1306.9466,0.0000,9.89961,61476.5
9077,130138.7353,128831.7887,1306.9466,0.0000,9.89961,61483.4
9078,130138.7353,128831.7887,1306.9466,0.0000,9.89961,61490.2
9079,130138.7353,128831.7887,1306.9466,0.0000,9.89961,61497.3
9080,130138.7353,128831.7887,1306.9466,0.0000,9.89961,61504.8
9081,130138.7353,128831.7887,1306.9466,0.0000,9.89961,61511.2
9082,130138.7353,128831.7887,1306.9466,0.0000,9.89961,61517.6
9083,130138.7353,128831.7887,1306.9466,0.0185,9.84777,61524.9
9084,130138.7353,128831.7887,1306.9466,0.0000,9.84777,61531.2
9085,130138.7353,128831.7887,1306.9466,0.0000,9.84777,61539.0
9086,130138.7353,128831.7887,1306.9466,0.0000,9.84777,61545.6
9087,130138.7353,128831.7887,1306.9466,0.0000,9.84777,61553.6
9088,130138.7353,128831.7887,1306.9466,0.0000,9.84777,61560.5
9089,130138.7353,128831.7887,1306.9466,0.0000,9.84777,61568.3
9090,130138.7353,128831.7887,1306.9466,0.0370,9.8248,61575.5
9091,130138.7353,128831.7887,1306.9466,0.0000,9.8248,61582.4
9092,130138.7353,128831.7887,1306.9466,0.0000,9.8248,61590.2
9093,130138.7353,128831.7887,1306.9466,0.0000,9.8248,61597.1
9094,130138.7353,128831.7887,1306.9466,0.0000,9.8248,61604.2
9095,130138.7353,128831.7887,1306.9466,0.0000,9.8248,61611.8
9096,130138.7353,128831.7887,1306.9466,0.0000,9.8248,61619.7
9097,130138.7353,128831.7887,1306.9466,0.0000,9.8248,61626.6
9098,130138.7353,128831.7887,1306.9466,0.0000,9.8248,61633.6
9099,130138.7353,128831.7887,1306.9466,0.0000,9.8248,61640.5
9100,130138.7353,128831.7887,1306.9466,0.0000,9.8248,61647.1
9101,130138.7353,128831.7887,1306.9466,0.0000,9.8248,61655.1
9102,130138.7353,128831.7887,1306.9466,0.0000,9.8248,61661.8
9103,130138.7353,128831.7887,1306.9466,0.0000,9.8248,61667.9
9104,130138.7353,128831.7887,1306.9466,0.0000,9.8248,61675.4
9105,130138.7353,128831.7887,1306.9466,0.0000,9.8248,61683.0
9106,130138.7353,128831.7887,1306.9466,0.0000,9.8248,61690.7
9107,130138.7353,128831.7887,1306.9466,0.0000,9.8248,61697.7
9108,130138.7353,128831.7887,1306.9466,0.0000,9.8248,61705.0
9109,130138.7353,128831.7887,1306.9466,0.0000,9.8248,61712.2
9110,130138.7353,128831.7887,1306.9466,0.0000,9.8248,61718.4
9111,130138.7353,128831.7887,1306.9466,0.0000,9.8248,61726.0
9112,130138.7353,128831.7887,1306.9466,0.0000,9.8248,61733.4
9113,130138.7353,128831.7887,1306.9466,0.0000,9.8248,61740.6
9114,130138.7353,128831.7887,1306.9466,0.0000,9.8248,61747.3
9115,130138.7353,128831.7887,1306.9466,0.0000,9.8248,61754.2
9116,130138.7353,128831.7887,1306.9466,0.0000,9.8248,61761.3
9117,130138.7353,128831.7887,1306.9466,0.0000,9.8248,61768.3
9118,130138.7353,128831.7887,1306.9466,0.0185,9.79791,61774.6
9119,130138.7353,128831.7887,1306.9466,0.0000,9.79791,61781.5
9120,130138.7353,128831.7887,1306.9466,0.0000,9.79791,61789.8
9121,130138.7353,128831.7887,1306.9466,0.0000,9.79791,61796.0
9122,130138.7353,128831.7887,1306.9466,0.0000,9.79791,61803.2
9123,130138.7353,128831.7887,1306.9466,0.0000,9.79791,61810.5
9124,130138.7353,128831.7887,1306.9466,0.0000,9.79791,61817.8
9125,130138.7353,128831.7887,1306.9466,0.0000,9.79791,61825.7
9126,130138.7353,128831.7887,1306.9466,0.0000,9.79791,61833.3
9127,130138.7353,128831.7887,1306.9466,0.0000,9.79791,61840.3
9128,130138.7353,128831.7887,1306.9466,0.0000,9.79791,61847.1
9129,130138.7353,128831.7887,1306.9466,0.0000,9.79791,61854.5
9130,130138.7353,128831.7887,1306.9466,0.0000,9.79791,61862.6
9131,130138.7353,128831.7887,1306.9466,0.0000,9.79791,61869.9
9132,130138.7353,128831.7887,1306.9466,0.0185,9.79639,61876.9
9133,130138.7353,128831.7887,1306.9466,0.0000,9.79639,61884.3
9134,130138.7353,128831.7887,1306.9466,0.0000,9.79639,61891.2
9135,130138.7353,128831.7887,1306.9466,0.0000,9.79639,61899.0
9136,130138.7353,128831.7887,1306.9466,0.0000,9.79639,61905.8
9137,130138.7353,128831.7887,1306.9466,0.0000,9.79639,61913.2
9138,130138.7353,128831.7887,1306.9466,0.0000,9.79639,61919.9
9139,130138.7353,128831.7887,1306.9466,0.0000,9.79639,61926.8
9140,130138.7353,128831.7887,1306.9466,0.0000,9.79639,61935.0
9141,130138.7353,128831.7887,1306.9466,0.0000,9.79639,61942.0
9142,130138.7353,128831.7887,1306.9466,0.0000,9.79639,61949.2
9143,130138.7353,128831.7887,1306.9466,0.0000,9.79639,61956.3
9144,130138.7353,128831.7887,1306.9466,0.0000,9.79639,61964.0
9145,130138.7353,128831.7887,1306.9466,0.0000,9.79639,61972.3
9146,130138.7353,128831.7887,1306.9466,0.0000,9.79639,61980.2
9147,130138.7353,128831.7887,1306.9466,0.0000,9.79639,61987.1
9148,130138.7353,128831.7887,1306.9466,0.0000,9.79639,61994.4
9149,130138.7353,128831.7887,1306.9466,0.0000,9.79639,62001.9
9150,130138.7353,128831.7887,1306.9466,0.0000,9.79639,62009.1
9151,130138.7353,128831.7887,1306.9466,0.0000,9.79639,62016.4
9152,130138.7353,128831.7887,1306.9466,0.0000,9.79639,62023.2
9153,130138.7353,128831.7887,1306.9466,0.0000,9.79639,62030.6
9154,130138.7353,128831.7887,1306.9466,0.0185,9.81925,62037.3
9155,130138.7353,128831.7887,1306.9466,0.0000,9.81925,62044.7
9156,130138.7353,128831.7887,1306.9466,0.0000,9.81925,62051.6
9157,130138.7353,128831.7887,1306.9466,0.0000,9.81925,62057.9
9158,130138.7353,128831.7887,1306.9466,0.0000,9.81925,62065.0
9159,130138.7353,128831.7887,1306.9466,0.0000,9.81925,62071.9
9160,130138.7353,128831.7887,1306.9466,0.0000,9.81925,62079.2
9161,130138.7353,128831.7887,1306.9466,0.0000,9.81925,62086.2
9162,130138.7353,128831.7887,1306.9466,0.0000,9.81925,62093.5
9163,130138.7353,128831.7887,1306.9466,0.0000,9.81925,62100.7
9164,130138.7353,128831.7887,1306.9466,0.0000,9.81925,62107.2
9165,130138.7353,128831.7887,1306.9466,0.0000,9.81925,62114.7
9166,130138.7353,128831.7887,1306.9466,0.0000,9.81925,62122.2
9167,130138.7353,128831.7887,1306.9466,0.0000,9.81925,62130.0
9168,130138.7353,128831.7887,1306.9466,0.0000,9.81925,62137.2
9169,130138.7353,128831.7887,1306.9466,0.0000,9.81925,62143.4
9170,130138.7353,128831.7887,1306.9466,0.0000,9.81925,62150.1
9171,130138.7353,128831.7887,1306.9466,0.0000,9.81925,62157.4
9172,130138.7353,128831.7887,1306.9466,0.0185,9.8093,62164.1
9173,130138.7353,128831.7887,1306.9466,0.0000,9.8093,62170.8
9174,130138.7353,128831.7887,1306.9466,0.0000,9.8093,62178.0
9175,130138.7353,128831.7887,1306.9466,0.0000,9.8093,62185.3
9176,130138.7353,128831.7887,1306.9466,0.0000,9.8093,62191.4
9177,130138.7353,128831.7887,1306.9466,0.0000,9.8093,62198.9
9178,130138.7353,128831.7887,1306.9466,0.0000,9.8093,62207.0
9179,130138.7353,128831.7887,1306.9466,0.0000,9.8093,62214.3
9180,130138.7353,128831.7887,1306.9466,0.0000,9.8093,62222.0
9181,130138.7353,128831.7887,1306.9466,0.0000,9.8093,62229.4
9182,130138.7353,128831.7887,1306.9466,0.0000,9.8093,62236.7
9183,130138.7353,128831.7887,1306.9466,0.0000,9.8093,62243.6
9184,130138.7353,128831.7887,1306.9466,0.0185,9.8085,62250.6
9185,130138.7353,128831.7887,1306.9466,0.0000,9.8085,62257.4
9186,130138.7353,128831.7887,1306.9466,0.0000,9.8085,62264.2
9187,130138.7353,128831.7887,1306.9466,0.0000,9.8085,62271.6
9188,130138.7353,128831.7887,1306.9466,0.0000,9.8085,62278.7
9189,130138.7353,128831.7887,1306.9466,0.0000,9.8085,62285.8
9190,130138.7353,128831.7887,1306.9466,0.0000,9.8085,62293.1
9191,130138.7353,128831.7887,1306.9466,0.0000,9.8085,62300.5
9192,130138.7353,128831.7887,1306.9466,0.0000,9.8085,62307.3
9193,130138.7353,128831.7887,1306.9466,0.0000,9.8085,62313.8
9194,130138.7353,128831.7887,1306.9466,0.0000,9.8085,62320.8
9195,130138.7353,128831.7887,1306.9466,0.0000,9.8085,62327.9
9196,130138.7353,128831.7887,1306.9466,0.0000,9.8085,62334.6
9197,130138.7353,128831.7887,1306.9466,0.0000,9.8085,62341.5
9198,130138.7353,128831.7887,1306.9466,0.0000,9.8085,62348.4
9199,130138.7353,128831.7887,1306.9466,0.0185,9.87058,62355.8
9200,130138.7353,128831.7887,1306.9466,0.0000,9.87058,62362.4
9201,130138.7353,128831.7887,1306.9466,0.0000,9.87058,62370.2
9202,130138.7353,128831.7887,1306.9466,0.0000,9.87058,62377.3
9203,130138.7353,128831.7887,1306.9466,0.0000,9.87058,62384.4
9204,130138.7353,128831.7887,1306.9466,0.0000,9.87058,62391.4
9205,130138.7353,128831.7887,1306.9466,0.0000,9.87058,62397.9
9206,130138.7353,128831.7887,1306.9466,0.0000,9.87058,62405.0
9207,130138.7353,128831.7887,1306.9466,0.0000,9.87058,62411.6
9208,130138.7353,128831.7887,1306.9466,0.0000,9.87058,62418.8
9209,130138.7353,128831.7887,1306.9466,0.0000,9.87058,62425.9
9210,130138.7353,128831.7887,1306.9466,0.0000,9.87058,62433.2
9211,130138.7353,128831.7887,1306.9466,0.0000,9.87058,62440.7
9212,130138.7353,128831.7887,1306.9466,0.0000,9.87058,62447.9
9213,130138.7353,128831.7887,1306.9466,0.0000,9.87058,62454.8
9214,130138.7353,128831.7887,1306.9466,0.0000,9.87058,62461.8
9215,130138.7353,128831.7887,1306.9466,0.0000,9.87058,62468.7
9216,130138.7353,128831.7887,1306.9466,0.0000,9.87058,62476.5
9217,130138.7353,128831.7887,1306.9466,0.0000,9.87058,62484.2
9218,130138.7353,128831.7887,1306.9466,0.0000,9.87058,62491.1
9219,130138.7353,128831.7887,1306.9466,0.0000,9.87058,62498.0
9220,130138.7353,128831.7887,1306.9466,0.0000,9.87058,62505.4
9221,130138.7353,128831.7887,1306.9466,0.0000,9.87058,62512.0
9222,130138.7353,128831.7887,1306.9466,0.0000,9.87058,62519.6
9223,130138.7353,128831.7887,1306.9466,0.0000,9.87058,62527.6
9224,130138.7353,128831.7887,1306.9466,0.0000,9.87058,62535.3
9225,130138.7353,128831.7887,1306.9466,0.0000,9.87058,62543.5
9226,130138.7353,128831.7887,1306.9466,0.0000,9.87058,62549.9
9227,130138.7353,128831.7887,1306.9466,0.0000,9.87058,62556.9
9228,130138.7353,128831.7887,1306.9466,0.0000,9.87058,62563.7
9229,130138.7353,128831.7887,1306.9466,0.0000,9.87058,62571.6
9230,130138.7353,128831.7887,1306.9466,0.0000,9.87058,62579.3
9231,130138.7353,128831.7887,1306.9466,0.0000,9.87058,62586.9
9232,130138.7353,128831.7887,1306.9466,0.0000,9.87058,62593.8
9233,130138.7353,128831.7887,1306.9466,0.0000,9.87058,62601.5
9234,130138.7353,128831.7887,1306.9466,0.0000,9.87058,62608.2
9235,130138.7353,128831.7887,1306.9466,0.0000,9.87058,62614.9
9236,130138.7353,128831.7887,1306.9466,0.0000,9.87058,62622.5
9237,130138.7353,128831.7887,1306.9466,0.0000,9.87058,62629.5
9238,130138.7353,128831.7887,1306.9466,0.0000,9.87058,62636.9
9239,130138.7353,128831.7887,1306.9466,0.0000,9.87058,62644.2
9240,130138.7353,128831.7887,1306.9466,0.0000,9.87058,62651.7
9241,130138.7353,128831.7887,1306.9466,0.0000,9.87058,62660.1
9242,130138.7353,128831.7887,1306.9466,0.0000,9.87058,62667.5
9243,130138.7353,128831.7887,1306.9466,0.0000,9.87058,62674.1
9244,130138.7353,128831.7887,1306.9466,0.0000,9.87058,62680.6
9245,130138.7353,128831.7887,1306.9466,0.0000,9.87058,62686.9
9246,130138.7353,128831.7887,1306.9466,0.0000,9.87058,62694.8
9247,130138.7353,128831.7887,1306.9466,0.0000,9.87058,62702.1
9248,130138.7353,128831.7887,1306.9466,0.0000,9.87058,62709.4
9249,130138.7353,128831.7887,1306.9466,0.0000,9.87058,62716.5
9250,130138.7353,128831.7887,1306.9466,0.0000,9.87058,62723.9
9251,130138.7353,128831.7887,1306.9466,0.0000,9.87058,62730.6
9252,130138.7353,128831.7887,1306.9466,0.0000,9.87058,62738.3
9253,130138.7353,128831.7887,1306.9466,0.0000,9.87058,62745.5
9254,130138.7353,128831.7887,1306.9466,0.0000,9.87058,62752.2
9255,130138.7353,128831.7887,1306.9466,0.0000,9.87058,62759.9
9256,130138.7353,128831.7887,1306.9466,0.0000,9.87058,62767.4
9257,130138.7353,128831.7887,1306.9466,0.0000,9.87058,62775.2
9258,130138.7353,128831.7887,1306.9466,0.0000,9.87058,62782.4
9259,130138.7353,128831.7887,1306.9466,0.0000,9.87058,62789.4
9260,130138.7353,128831.7887,1306.9466,0.0000,9.87058,62796.6
9261,130138.7353,128831.7887,1306.9466,0.0000,9.87058,62804.4
9262,130138.7353,128831.7887,1306.9466,0.0000,9.87058,62811.6
9263,130138.7353,128831.7887,1306.9466,0.0000,9.87058,62819.1
9264,130138.7353,128831.7887,1306.9466,0.0000,9.87058,62826.6
9265,130138.7353,128831.7887,1306.9466,0.0000,9.87058,62833.3
9266,130138.7353,128831.7887,1306.9466,0.0000,9.87058,62840.6
9267,130138.7353,128831.7887,1306.9466,0.0000,9.87058,62848.1
9268,130138.7353,128831.7887,1306.9466,0.0000,9.87058,62855.6
9269,130138.7353,128831.7887,1306.9466,0.0000,9.87058,62863.8
9270,130138.7353,128831.7887,1306.9466,0.0000,9.87058,62870.2
9271,130138.7353,128831.7887,1306.9466,0.0000,9.87058,62877.1
9272,130138.7353,128831.7887,1306.9466,0.0000,9.87058,62884.2
9273,130138.7353,128831.7887,1306.9466,0.0000,9.87058,62892.2
9274,130138.7353,128831.7887,1306.9466,0.0000,9.87058,62899.2
9275,130138.7353,128831.7887,1306.9466,0.0000,9.87058,62906.5
9276,130138.7353,128831.7887,1306.9466,0.0185,9.86736,62914.2
9277,130138.7353,128831.7887,1306.9466,0.0000,9.86736,62922.2
9278,130138.7353,128831.7887,1306.9466,0.0000,9.86736,62929.6
9279,130138.7353,128831.7887,1306.9466,0.0000,9.86736,62937.9
9280,130138.7353,128831.7887,1306.9466,0.0000,9.86736,62945.5
9281,130138.7353,128831.7887,1306.9466,0.0000,9.86736,62953.1
9282,130138.7353,128831.7887,1306.9466,0.0000,9.86736,62959.9
9283,130138.7353,128831.7887,1306.9466,0.0000,9.86736,62967.2
9284,130138.7353,128831.7887,1306.9466,0.0000,9.86736,62973.9
9285,130138.7353,128831.7887,1306.9466,0.0000,9.86736,62980.8
9286,130138.7353,128831.7887,1306.9466,0.0000,9.86736,62987.7
9287,130138.7353,128831.7887,1306.9466,0.0000,9.86736,62995.3
9288,130138.7353,128831.7887,1306.9466,0.0000,9.86736,63002.6
9289,130138.7353,128831.7887,1306.9466,0.0000,9.86736,63010.0
9290,130138.7353,128831.7887,1306.9466,0.0000,9.86736,63017.1
9291,130138.7353,128831.7887,1306.9466,0.0000,9.86736,63023.5
9292,130138.7353,128831.7887,1306.9466,0.0000,9.86736,63031.2
9293,130138.7353,128831.7887,1306.9466,0.0000,9.86736,63038.4
9294,130138.7353,128831.7887,1306.9466,0.0000,9.86736,63044.9
9295,130138.7353,128831.7887,1306.9466,0.0000,9.86736,63051.2
9296,130138.7353,128831.7887,1306.9466,0.0000,9.86736,63057.7
9297,130138.7353,128831.7887,1306.9466,0.0000,9.86736,63064.8
9298,130138.7353,128831.7887,1306.9466,0.0000,9.86736,63071.8
9299,130138.7353,128831.7887,1306.9466,0.0000,9.86736,63079.0
9300,130138.7353,128831.7887,1306.9466,0.0000,9.86736,63086.5
9301,130138.7353,128831.7887,1306.9466,0.0000,9.86736,63093.3
9302,130138.7353,128831.7887,1306.9466,0.0000,9.86736,63100.8
9303,130138.7353,128831.7887,1306.9466,0.0000,9.86736,63108.9
9304,130138.7353,128831.7887,1306.9466,0.0185,9.87469,63116.1
9305,130138.7353,128831.7887,1306.9466,0.0000,9.87469,63123.5
9306,130138.7353,128831.7887,1306.9466,0.0000,9.87469,63130.5
9307,130138.7353,128831.7887,1306.9466,0.0000,9.87469,63138.0
9308,130138.7353,128831.7887,1306.9466,0.0000,9.87469,63145.3
9309,130138.7353,128831.7887,1306.9466,0.0000,9.87469,63151.9
9310,130138.7353,128831.7887,1306.9466,0.0000,9.87469,63158.7
9311,130138.7353,128831.7887,1306.9466,0.0000,9.87469,63165.8
9312,130138.7353,128831.7887,1306.9466,0.0000,9.87469,63173.8
9313,130138.7353,128831.7887,1306.9466,0.0370,9.85495,63181.4
9314,130138.7353,128831.7887,1306.9466,0.0000,9.85495,63188.3
9315,130138.7353,128831.7887,1306.9466,0.0000,9.85495,63195.6
9316,130138.7353,128831.7887,1306.9466,0.0000,9.85495,63202.8
9317,130138.7353,128831.7887,1306.9466,0.0000,9.85495,63210.7
9318,130138.7353,128831.7887,1306.9466,0.0000,9.85495,63217.7
9319,130138.7353,128831.7887,1306.9466,0.0000,9.85495,63225.3
9320,130138.7353,128831.7887,1306.9466,0.0000,9.85495,63231.9
9321,130138.7353,128831.7887,1306.9466,0.0000,9.85495,63239.1
9322,130138.7353,128831.7887,1306.9466,0.0000,9.85495,63245.9
9323,130138.7353,128831.7887,1306.9466,0.0000,9.85495,63252.3
9324,130138.7353,128831.7887,1306.9466,0.0000,9.85495,63259.5
9325,130138.7353,128831.7887,1306.9466,0.0000,9.85495,63267.5
9326,130138.7353,128831.7887,1306.9466,0.0000,9.85495,63274.7
9327,130138.7353,128831.7887,1306.9466,0.0000,9.85495,63281.9
9328,130138.7353,128831.7887,1306.9466,0.0000,9.85495,63289.4
9329,130138.7353,128831.7887,1306.9466,0.0000,9.85495,63296.0
9330,130138.7353,128831.7887,1306.9466,0.0000,9.85495,63303.1
9331,130138.7353,128831.7887,1306.9466,0.0000,9.85495,63310.9
9332,130138.7353,128831.7887,1306.9466,0.0185,9.85317,63318.0
9333,130138.7353,128831.7887,1306.9466,0.0000,9.85317,63325.0
9334,130138.7353,128831.7887,1306.9466,0.0000,9.85317,63332.2
9335,130138.7353,128831.7887,1306.9466,0.0185,9.89893,63338.7
9336,130138.7353,128831.7887,1306.9466,0.0000,9.89893,63346.2
9337,130138.7353,128831.7887,1306.9466,0.0000,9.89893,63354.1
9338,130138.7353,128831.7887,1306.9466,0.0000,9.89893,63361.2
9339,130138.7353,128831.7887,1306.9466,0.0000,9.89893,63369.1
9340,130138.7353,128831.7887,1306.9466,0.0000,9.89893,63376.9
9341,130138.7353,128831.7887,1306.9466,0.0000,9.89893,63384.1
9342,130138.7353,128831.7887,1306.9466,0.0000,9.89893,63391.6
9343,130138.7353,128831.7887,1306.9466,0.0000,9.89893,63398.3
9344,130138.7353,128831.7887,1306.9466,0.0000,9.89893,63405.2
9345,130138.7353,128831.7887,1306.9466,0.0000,9.89893,63412.9
9346,130138.7353,128831.7887,1306.9466,0.0000,9.89893,63419.9
9347,130138.7353,128831.7887,1306.9466,0.0000,9.89893,63427.5
9348,130138.7353,128831.7887,1306.9466,0.0000,9.89893,63435.2
9349,130138.7353,128831.7887,1306.9466,0.0000,9.89893,63441.9
9350,130138.7353,128831.7887,1306.9466,0.0000,9.89893,63449.8
9351,130138.7353,128831.7887,1306.9466,0.0000,9.89893,63457.8
9352,130138.7353,128831.7887,1306.9466,0.0000,9.89893,63465.9
9353,130138.7353,128831.7887,1306.9466,0.0000,9.89893,63472.3
9354,130138.7353,128831.7887,1306.9466,0.0000,9.89893,63480.6
9355,130138.7353,128831.7887,1306.9466,0.0000,9.89893,63487.7
9356,130138.7353,128831.7887,1306.9466,0.0000,9.89893,63495.5
9357,130138.7353,128831.7887,1306.9466,0.0000,9.89893,63502.4
9358,130138.7353,128831.7887,1306.9466,0.0000,9.89893,63509.8
9359,130138.7353,128831.7887,1306.9466,0.0000,9.89893,63516.7
9360,130138.7353,128831.7887,1306.9466,0.0000,9.89893,63523.8
9361,130138.7353,128831.7887,1306.9466,0.0000,9.89893,63531.5
9362,130138.7353,128831.7887,1306.9466,0.0000,9.89893,63538.2
9363,130138.7353,128831.7887,1306.9466,0.0000,9.89893,63545.5
9364,130138.7353,128831.7887,1306.9466,0.0000,9.89893,63552.7
9365,130138.7353,128831.7887,1306.9466,0.0000,9.89893,63560.4
9366,130138.7353,128831.7887,1306.9466,0.0000,9.89893,63567.7
9367,130138.7353,128831.7887,1306.9466,0.0000,9.89893,63574.1
9368,130138.7353,128831.7887,1306.9466,0.0000,9.89893,63581.0
9369,130138.7353,128831.7887,1306.9466,0.0000,9.89893,63588.2
9370,130138.7353,128831.7887,1306.9466,0.0000,9.89893,63596.9
9371,130138.7353,128831.7887,1306.9466,0.0000,9.89893,63604.3
9372,130138.7353,128831.7887,1306.9466,0.0000,9.89893,63611.3
9373,130138.7353,128831.7887,1306.9466,0.0000,9.89893,63618.2
9374,130138.7353,128831.7887,1306.9466,0.0000,9.89893,63626.2
9375,130138.7353,128831.7887,1306.9466,0.0000,9.89893,63634.2
9376,130138.7353,128831.7887,1306.9466,0.0000,9.89893,63641.2
9377,130138.7353,128831.7887,1306.9466,0.0000,9.89893,63648.5
9378,130138.7353,128831.7887,1306.9466,0.0000,9.89893,63655.5
9379,130138.7353,128831.7887,1306.9466,0.0000,9.89893,63662.8
9380,130138.7353,128831.7887,1306.9466,0.0000,9.89893,63669.9
9381,130138.7353,128831.7887,1306.9466,0.0185,9.89777,63676.6
9382,130138.7353,128831.7887,1306.9466,0.0000,9.89777,63683.7
9383,130138.7353,128831.7887,1306.9466,0.0000,9.89777,63690.8
9384,130138.7353,128831.7887,1306.9466,0.0185,9.90945,63697.3
9385,130138.7353,128831.7887,1306.9466,0.0000,9.90945,63704.4
9386,130138.7353,128831.7887,1306.9466,0.0185,9.92022,63711.5
9387,130138.7353,128831.7887,1306.9466,0.0000,9.92022,63718.6
9388,130138.7353,128831.7887,1306.9466,0.0000,9.92022,63725.0
9389,130138.7353,128831.7887,1306.9466,0.0000,9.92022,63732.3
9390,130138.7353,128831.7887,1306.9466,0.0000,9.92022,63739.6
9391,130138.7353,128831.7887,1306.9466,0.0000,9.92022,63746.6
9392,130138.7353,128831.7887,1306.9466,0.0185,9.91174,63753.3
9393,130138.7353,128831.7887,1306.9466,0.0000,9.91174,63760.2
9394,130138.7353,128831.7887,1306.9466,0.0000,9.91174,63767.9
9395,130138.7353,128831.7887,1306.9466,0.0000,9.91174,63775.1
9396,130138.7353,128831.7887,1306.9466,0.0000,9.91174,63782.3
9397,130138.7353,128831.7887,1306.9466,0.0000,9.91174,63789.5
9398,130138.7353,128831.7887,1306.9466,0.0185,9.90862,63797.3
9399,130138.7353,128831.7887,1306.9466,0.0000,9.90862,63804.4
9400,130138.7353,128831.7887,1306.9466,0.0000,9.90862,63810.9
9401,130138.7353,128831.7887,1306.9466,0.0000,9.90862,63818.1
9402,130138.7353,128831.7887,1306.9466,0.0000,9.90862,63825.1
9403,130138.7353,128831.7887,1306.9466,0.0000,9.90862,63832.3
9404,130138.7353,128831.7887,1306.9466,0.0000,9.90862,63839.4
9405,130138.7353,128831.7887,1306.9466,0.0000,9.90862,63846.3
9406,130138.7353,128831.7887,1306.9466,0.0000,9.90862,63852.9
9407,130138.7353,128831.7887,1306.9466,0.0000,9.90862,63860.1
9408,130138.7353,128831.7887,1306.9466,0.0000,9.90862,63867.0
9409,130138.7353,128831.7887,1306.9466,0.0000,9.90862,63874.2
9410,130138.7353,128831.7887,1306.9466,0.0000,9.90862,63881.4
9411,130138.7353,128831.7887,1306.9466,0.0185,9.91581,63889.3
9412,130138.7353,128831.7887,1306.9466,0.0000,9.91581,63897.4
9413,130138.7353,128831.7887,1306.9466,0.0000,9.91581,63905.2
9414,130138.7353,128831.7887,1306.9466,0.0000,9.91581,63913.0
9415,130138.7353,128831.7887,1306.9466,0.0000,9.91581,63920.4
9416,130138.7353,128831.7887,1306.9466,0.0000,9.91581,63927.8
9417,130138.7353,128831.7887,1306.9466,0.0000,9.91581,63934.4
9418,130138.7353,128831.7887,1306.9466,0.0000,9.91581,63941.7
9419,130138.7353,128831.7887,1306.9466,0.0000,9.91581,63949.1
9420,130138.7353,128831.7887,1306.9466,0.0000,9.91581,63956.7
9421,130138.7353,128831.7887,1306.9466,0.0000,9.91581,63964.3
9422,130138.7353,128831.7887,1306.9466,0.0000,9.91581,63971.1
9423,130138.7353,128831.7887,1306.9466,0.0000,9.91581,63977.5
9424,130138.7353,128831.7887,1306.9466,0.0000,9.91581,63985.2
9425,130138.7353,128831.7887,1306.9466,0.0000,9.91581,63992.4
9426,130138.7353,128831.7887,1306.9466,0.0000,9.91581,63999.4
9427,130138.7353,128831.7887,1306.9466,0.0000,9.91581,64006.4
9428,130138.7353,128831.7887,1306.9466,0.0000,9.91581,64013.5
9429,130138.7353,128831.7887,1306.9466,0.0000,9.91581,64020.2
9430,130138.7353,128831.7887,1306.9466,0.0000,9.91581,64028.4
9431,130138.7353,128831.7887,1306.9466,0.0000,9.91581,64035.7
9432,130138.7353,128831.7887,1306.9466,0.0000,9.91581,64043.1
9433,130138.7353,128831.7887,1306.9466,0.0000,9.91581,64050.1
9434,130138.7353,128831.7887,1306.9466,0.0000,9.91581,64057.1
9435,130138.7353,128831.7887,1306.9466,0.0000,9.91581,64064.6
9436,130138.7353,128831.7887,1306.9466,0.0000,9.91581,64071.9
9437,130138.7353,128831.7887,1306.9466,0.0000,9.91581,64078.7
9438,130138.7353,128831.7887,1306.9466,0.0000,9.91581,64086.2
9439,130138.7353,128831.7887,1306.9466,0.0185,9.9066,64092.9
9440,130138.7353,128831.7887,1306.9466,0.0000,9.9066,64100.4
9441,130138.7353,128831.7887,1306.9466,0.0000,9.9066,64107.9
9442,130138.7353,128831.7887,1306.9466,0.0000,9.9066,64115.8
9443,130138.7353,128831.7887,1306.9466,0.0000,9.9066,64123.0
9444,130138.7353,128831.7887,1306.9466,0.0000,9.9066,64129.5
9445,130138.7353,128831.7887,1306.9466,0.0000,9.9066,64137.1
9446,130138.7353,128831.7887,1306.9466,0.0000,9.9066,64144.8
9447,130138.7353,128831.7887,1306.9466,0.0000,9.9066,64151.7
9448,130138.7353,128831.7887,1306.9466,0.0000,9.9066,64158.8
9449,130138.7353,128831.7887,1306.9466,0.0000,9.9066,64166.2
9450,130138.7353,128831.7887,1306.9466,0.0000,9.9066,64172.9
9451,130138.7353,128831.7887,1306.9466,0.0000,9.9066,64179.6
9452,130138.7353,128831.7887,1306.9466,0.0000,9.9066,64187.1
9453,130138.7353,128831.7887,1306.9466,0.0000,9.9066,64194.0
9454,130138.7353,128831.7887,1306.9466,0.0000,9.9066,64200.8
9455,130138.7353,128831.7887,1306.9466,0.0000,9.9066,64208.6
9456,130138.7353,128831.7887,1306.9466,0.0000,9.9066,64215.8
9457,130138.7353,128831.7887,1306.9466,0.0000,9.9066,64223.7
9458,130138.7353,128831.7887,1306.9466,0.0000,9.9066,64229.8
9459,130138.7353,128831.7887,1306.9466,0.0000,9.9066,64237.7
9460,130138.7353,128831.7887,1306.9466,0.0000,9.9066,64244.9
9461,130138.7353,128831.7887,1306.9466,0.0185,9.90893,64252.5
9462,130138.7353,128831.7887,1306.9466,0.0000,9.90893,64259.6
9463,130138.7353,128831.7887,1306.9466,0.0000,9.90893,64267.2
9464,130138.7353,128831.7887,1306.9466,0.0000,9.90893,64275.2
9465,130138.7353,128831.7887,1306.9466,0.0000,9.90893,64282.1
9466,130138.7353,128831.7887,1306.9466,0.0000,9.90893,64289.6
9467,130138.7353,128831.7887,1306.9466,0.0000,9.90893,64296.4
9468,130138.7353,128831.7887,1306.9466,0.0000,9.90893,64303.9
9469,130138.7353,128831.7887,1306.9466,0.0000,9.90893,64311.1
9470,130138.7353,128831.7887,1306.9466,0.0000,9.90893,64318.0
9471,130138.7353,128831.7887,1306.9466,0.0185,9.90799,64326.3
9472,130138.7353,128831.7887,1306.9466,0.0000,9.90799,64333.7
9473,130138.7353,128831.7887,1306.9466,0.0000,9.90799,64341.5
9474,130138.7353,128831.7887,1306.9466,0.0000,9.90799,64348.7
9475,130138.7353,128831.7887,1306.9466,0.0000,9.90799,64355.5
9476,130138.7353,128831.7887,1306.9466,0.0000,9.90799,64362.3
9477,130138.7353,128831.7887,1306.9466,0.0000,9.90799,64369.3
9478,130138.7353,128831.7887,1306.9466,0.0000,9.90799,64376.2
9479,130138.7353,128831.7887,1306.9466,0.0000,9.90799,64382.7
9480,130138.7353,128831.7887,1306.9466,0.0000,9.90799,64389.7
9481,130138.7353,128831.7887,1306.9466,0.0000,9.90799,64397.4
9482,130138.7353,128831.7887,1306.9466,0.0000,9.90799,64405.4
9483,130138.7353,128831.7887,1306.9466,0.0000,9.90799,64412.0
9484,130138.7353,128831.7887,1306.9466,0.0000,9.90799,64419.5
9485,130138.7353,128831.7887,1306.9466,0.0000,9.90799,64426.4
9486,130138.7353,128831.7887,1306.9466,0.0000,9.90799,64434.3
9487,130138.7353,128831.7887,1306.9466,0.0000,9.90799,64440.8
9488,130138.7353,128831.7887,1306.9466,0.0000,9.90799,64447.9
9489,130138.7353,128831.7887,1306.9466,0.0000,9.90799,64455.0
9490,130138.7353,128831.7887,1306.9466,0.0000,9.90799,64462.0
9491,130138.7353,128831.7887,1306.9466,0.0000,9.90799,64468.0
9492,130138.7353,128831.7887,1306.9466,0.0000,9.90799,64476.0
9493,130138.7353,128831.7887,1306.9466,0.0000,9.90799,64483.3
9494,130138.7353,128831.7887,1306.9466,0.0000,9.90799,64490.6
9495,130138.7353,128831.7887,1306.9466,0.0000,9.90799,64497.9
9496,130138.7353,128831.7887,1306.9466,0.0000,9.90799,64506.0
9497,130138.7353,128831.7887,1306.9466,0.0000,9.90799,64513.6
9498,130138.7353,128831.7887,1306.9466,0.0000,9.90799,64519.9
9499,130138.7353,128831.7887,1306.9466,0.0000,9.90799,64525.8
9500,130138.7353,128831.7887,1306.9466,0.0000,9.90799,64533.2
9501,130138.7353,128831.7887,1306.9466,0.0000,9.90799,64540.2
9502,130138.7353,128831.7887,1306.9466,0.0000,9.90799,64546.4
9503,130138.7353,128831.7887,1306.9466,0.0000,9.90799,64554.4
9504,130138.7353,128831.7887,1306.9466,0.0185,9.89412,64560.9
9505,130138.7353,128831.7887,1306.9466,0.0000,9.89412,64567.5
9506,130138.7353,128831.7887,1306.9466,0.0000,9.89412,64574.6
9507,130138.7353,128831.7887,1306.9466,0.0000,9.89412,64581.9
9508,130138.7353,128831.7887,1306.9466,0.0000,9.89412,64588.8
9509,130138.7353,128831.7887,1306.9466,0.0000,9.89412,64596.5
9510,130138.7353,128831.7887,1306.9466,0.0000,9.89412,64603.6
9511,130138.7353,128831.7887,1306.9466,0.0185,9.87419,64611.0
9512,130138.7353,128831.7887,1306.9466,0.0000,9.87419,64617.7
9513,130138.7353,128831.7887,1306.9466,0.0000,9.87419,64624.4
9514,130138.7353,128831.7887,1306.9466,0.0000,9.87419,64630.8
9515,130138.7353,128831.7887,1306.9466,0.0000,9.87419,64638.0
9516,130138.7353,128831.7887,1306.9466,0.0000,9.87419,64645.1
9517,130138.7353,128831.7887,1306.9466,0.0000,9.87419,64652.0
9518,130138.7353,128831.7887,1306.9466,0.0000,9.87419,64659.4
9519,130138.7353,128831.7887,1306.9466,0.0000,9.87419,64666.9
9520,130138.7353,128831.7887,1306.9466,0.0000,9.87419,64673.9
9521,130138.7353,128831.7887,1306.9466,0.0000,9.87419,64681.2
9522,130138.7353,128831.7887,1306.9466,0.0000,9.87419,64689.0
9523,130138.7353,128831.7887,1306.9466,0.0000,9.87419,64696.9
9524,130138.7353,128831.7887,1306.9466,0.0000,9.87419,64703.7
9525,130138.7353,128831.7887,1306.9466,0.0000,9.87419,64711.0
9526,130138.7353,128831.7887,1306.9466,0.0185,9.89445,64717.7
9527,130138.7353,128831.7887,1306.9466,0.0000,9.89445,64725.4
9528,130138.7353,128831.7887,1306.9466,0.0000,9.89445,64733.6
9529,130138.7353,128831.7887,1306.9466,0.0000,9.89445,64740.5
9530,130138.7353,128831.7887,1306.9466,0.0000,9.89445,64747.6
9531,130138.7353,128831.7887,1306.9466,0.0185,9.89741,64754.9
9532,130138.7353,128831.7887,1306.9466,0.0000,9.89741,64761.5
9533,130138.7353,128831.7887,1306.9466,0.0000,9.89741,64768.8
9534,130138.7353,128831.7887,1306.9466,0.0000,9.89741,64776.1
9535,130138.7353,128831.7887,1306.9466,0.0000,9.89741,64783.3
9536,130138.7353,128831.7887,1306.9466,0.0000,9.89741,64790.4
9537,130138.7353,128831.7887,1306.9466,0.0000,9.89741,64797.5
9538,130138.7353,128831.7887,1306.9466,0.0000,9.89741,64804.4
9539,130138.7353,128831.7887,1306.9466,0.0000,9.89741,64811.5
9540,130138.7353,128831.7887,1306.9466,0.0000,9.89741,64818.7
9541,130138.7353,128831.7887,1306.9466,0.0000,9.89741,64825.8
9542,130138.7353,128831.7887,1306.9466,0.0000,9.89741,64833.3
9543,130138.7353,128831.7887,1306.9466,0.0000,9.89741,64840.9
9544,130138.7353,128831.7887,1306.9466,0.0000,9.89741,64848.4
9545,130138.7353,128831.7887,1306.9466,0.0000,9.89741,64855.1
9546,130138.7353,128831.7887,1306.9466,0.0000,9.89741,64862.8
9547,130138.7353,128831.7887,1306.9466,0.0000,9.89741,64869.7
9548,130138.7353,128831.7887,1306.9466,0.0000,9.89741,64876.8
9549,130138.7353,128831.7887,1306.9466,0.0000,9.89741,64884.8
9550,130138.7353,128831.7887,1306.9466,0.0000,9.89741,64891.7
9551,130138.7353,128831.7887,1306.9466,0.0000,9.89741,64899.1
9552,130138.7353,128831.7887,1306.9466,0.0000,9.89741,64906.4
9553,130138.7353,128831.7887,1306.9466,0.0000,9.89741,64913.6
9554,130138.7353,128831.7887,1306.9466,0.0000,9.89741,64921.2
9555,130138.7353,128831.7887,1306.9466,0.0000,9.89741,64929.1
9556,130138.7353,128831.7887,1306.9466,0.0000,9.89741,64936.4
9557,130138.7353,128831.7887,1306.9466,0.0000,9.89741,64944.0
9558,130138.7353,128831.7887,1306.9466,0.0000,9.89741,64951.3
9559,130138.7353,128831.7887,1306.9466,0.0000,9.89741,64958.0
9560,130138.7353,128831.7887,1306.9466,0.0000,9.89741,64966.4
9561,130138.7353,128831.7887,1306.9466,0.0000,9.89741,64973.4
9562,130138.7353,128831.7887,1306.9466,0.0000,9.89741,64980.8
9563,130138.7353,128831.7887,1306.9466,0.0000,9.89741,64988.7
9564,130138.7353,128831.7887,1306.9466,0.0000,9.89741,64995.8
9565,130138.7353,128831.7887,1306.9466,0.0000,9.89741,65003.6
9566,130138.7353,128831.7887,1306.9466,0.0000,9.89741,65010.5
9567,130138.7353,128831.7887,1306.9466,0.0000,9.89741,65017.5
9568,130138.7353,128831.7887,1306.9466,0.0000,9.89741,65024.7
9569,130138.7353,128831.7887,1306.9466,0.0000,9.89741,65031.2
9570,130138.7353,128831.7887,1306.9466,0.0000,9.89741,65037.8
9571,130138.7353,128831.7887,1306.9466,0.0000,9.89741,65044.9
9572,130138.7353,128831.7887,1306.9466,0.0000,9.89741,65051.8
9573,130138.7353,128831.7887,1306.9466,0.0000,9.89741,65059.1
9574,130138.7353,128831.7887,1306.9466,0.0000,9.89741,65066.1
9575,130138.7353,128831.7887,1306.9466,0.0000,9.89741,65074.1
9576,130138.7353,128831.7887,1306.9466,0.0000,9.89741,65081.8
9577,130138.7353,128831.7887,1306.9466,0.0185,10.0224,65088.6
9578,130138.7353,128831.7887,1306.9466,0.0000,10.0224,65095.4
9579,130138.7353,128831.7887,1306.9466,0.0000,10.0224,65102.7
9580,130138.7353,128831.7887,1306.9466,0.0000,10.0224,65109.8
9581,130138.7353,128831.7887,1306.9466,0.0000,10.0224,65117.2
9582,130138.7353,128831.7887,1306.9466,0.0000,10.0224,65125.1
9583,130138.7353,128831.7887,1306.9466,0.0000,10.0224,65132.3
9584,130138.7353,128831.7887,1306.9466,0.0000,10.0224,65139.0
9585,130138.7353,128831.7887,1306.9466,0.0000,10.0224,65146.1
9586,130138.7353,128831.7887,1306.9466,0.0000,10.0224,65152.9
9587,130138.7353,128831.7887,1306.9466,0.0000,10.0224,65160.5
9588,130138.7353,128831.7887,1306.9466,0.0000,10.0224,65167.6
9589,130138.7353,128831.7887,1306.9466,0.0000,10.0224,65174.3
9590,130138.7353,128831.7887,1306.9466,0.0000,10.0224,65181.6
9591,130138.7353,128831.7887,1306.9466,0.0000,10.0224,65188.6
9592,130138.7353,128831.7887,1306.9466,0.0000,10.0224,65195.6
9593,130138.7353,128831.7887,1306.9466,0.0000,10.0224,65202.6
9594,130138.7353,128831.7887,1306.9466,0.0000,10.0224,65209.6
9595,130138.7353,128831.7887,1306.9466,0.0000,10.0224,65217.0
9596,130138.7353,128831.7887,1306.9466,0.0185,10.0141,65224.2
9597,130138.7353,128831.7887,1306.9466,0.0000,10.0141,65231.9
9598,130138.7353,128831.7887,1306.9466,0.0000,10.0141,65240.3
9599,130138.7353,128831.7887,1306.9466,0.0000,10.0141,65247.8
9600,130138.7353,128831.7887,1306.9466,0.0000,10.0141,65254.2
9601,130138.7353,128831.7887,1306.9466,0.0000,10.0141,65261.8
9602,130138.7353,128831.7887,1306.9466,0.0000,10.0141,65269.1
9603,130138.7353,128831.7887,1306.9466,0.0000,10.0141,65276.5
9604,130138.7353,128831.7887,1306.9466,0.0000,10.0141,65284.0
9605,130138.7353,128831.7887,1306.9466,0.0000,10.0141,65291.8
9606,130138.7353,128831.7887,1306.9466,0.0000,10.0141,65298.6
9607,130138.7353,128831.7887,1306.9466,0.0000,10.0141,65305.6
9608,130138.7353,128831.7887,1306.9466,0.0185,10.0315,65313.5
9609,130138.7353,128831.7887,1306.9466,0.0000,10.0315,65320.0
9610,130138.7353,128831.7887,1306.9466,0.0000,10.0315,65327.3
9611,130138.7353,128831.7887,1306.9466,0.0000,10.0315,65334.2
9612,130138.7353,128831.7887,1306.9466,0.0000,10.0315,65341.4
9613,130138.7353,128831.7887,1306.9466,0.0000,10.0315,65349.0
9614,130138.7353,128831.7887,1306.9466,0.0000,10.0315,65356.3
9615,130138.7353,128831.7887,1306.9466,0.0000,10.0315,65363.6
9616,130138.7353,128831.7887,1306.9466,0.0000,10.0315,65371.6
9617,130138.7353,128831.7887,1306.9466,0.0000,10.0315,65379.1
9618,130138.7353,128831.7887,1306.9466,0.0000,10.0315,65385.9
9619,130138.7353,128831.7887,1306.9466,0.0000,10.0315,65393.0
9620,130138.7353,128831.7887,1306.9466,0.0000,10.0315,65399.9
9621,130138.7353,128831.7887,1306.9466,0.0000,10.0315,65407.0
9622,130138.7353,128831.7887,1306.9466,0.0000,10.0315,65413.4
9623,130138.7353,128831.7887,1306.9466,0.0000,10.0315,65421.0
9624,130138.7353,128831.7887,1306.9466,0.0000,10.0315,65428.7
9625,130138.7353,128831.7887,1306.9466,0.0000,10.0315,65436.3
9626,130138.7353,128831.7887,1306.9466,0.0000,10.0315,65444.8
9627,130138.7353,128831.7887,1306.9466,0.0000,10.0315,65451.9
9628,130138.7353,128831.7887,1306.9466,0.0000,10.0315,65458.9
9629,130138.7353,128831.7887,1306.9466,0.0000,10.0315,65466.6
9630,130138.7353,128831.7887,1306.9466,0.0000,10.0315,65473.3
9631,130138.7353,128832.6462,1306.0891,0.0185,10.0284,65480.6
9632,130138.7353,128832.6462,1306.0891,0.0000,10.0284,65487.9
9633,130138.7353,128832.6462,1306.0891,0.0000,10.0284,65495.2
9634,130138.7353,128832.6462,1306.0891,0.0000,10.0284,65501.8
9635,130138.7353,128832.6462,1306.0891,0.0000,10.0284,65509.6
9636,130138.7353,128832.6462,1306.0891,0.0000,10.0284,65517.0
9637,130138.7353,128832.6462,1306.0891,0.0000,10.0284,65523.7
9638,130138.7353,128832.6462,1306.0891,0.0000,10.0284,65530.7
9639,130138.7353,128832.6462,1306.0891,0.0000,10.0284,65538.2
9640,130138.7353,128832.6462,1306.0891,0.0000,10.0284,65545.5
9641,130138.7353,128832.6462,1306.0891,0.0000,10.0284,65553.1
9642,130138.7353,128832.6462,1306.0891,0.0000,10.0284,65560.6
9643,130138.7353,128832.6462,1306.0891,0.0000,10.0284,65568.6
9644,130138.7353,128832.6462,1306.0891,0.0000,10.0284,65575.9
9645,130138.7353,128832.6462,1306.0891,0.0000,10.0284,65583.0
9646,130138.7353,128832.6462,1306.0891,0.0000,10.0284,65590.6
9647,130138.7353,128832.6462,1306.0891,0.0185,10.0281,65598.5
9648,130138.7353,128832.6462,1306.0891,0.0000,10.0281,65605.4
9649,130138.7353,128832.6462,1306.0891,0.0000,10.0281,65612.2
9650,130138.7353,128832.6462,1306.0891,0.0000,10.0281,65619.8
9651,130138.7353,128832.6462,1306.0891,0.0000,10.0281,65626.6
9652,130138.7353,128832.6462,1306.0891,0.0000,10.0281,65633.7
9653,130138.7353,128832.6462,1306.0891,0.0000,10.0281,65640.9
9654,130138.7353,128832.6462,1306.0891,0.0000,10.0281,65648.1
9655,130138.7353,128832.6462,1306.0891,0.0000,10.0281,65655.0
9656,130138.7353,128832.6462,1306.0891,0.0000,10.0281,65662.0
9657,130138.7353,128832.6462,1306.0891,0.0000,10.0281,65668.8
9658,130138.7353,128832.6462,1306.0891,0.0000,10.0281,65676.6
9659,130138.7353,128832.6462,1306.0891,0.0000,10.0281,65684.2
9660,130138.7353,128832.6462,1306.0891,0.0000,10.0281,65691.3
9661,130138.7353,128832.6462,1306.0891,0.0000,10.0281,65698.9
9662,130138.7353,128832.6462,1306.0891,0.0000,10.0281,65707.2
9663,130138.7353,128832.6462,1306.0891,0.0000,10.0281,65714.1
9664,130138.7353,128832.6462,1306.0891,0.0000,10.0281,65721.0
9665,130138.7353,128832.6462,1306.0891,0.0000,10.0281,65728.1
9666,130138.7353,128832.6462,1306.0891,0.0000,10.0281,65735.3
9667,130138.7353,128832.6462,1306.0891,0.0000,10.0281,65742.8
9668,130138.7353,128832.6462,1306.0891,0.0000,10.0281,65749.8
9669,130138.7353,128832.6462,1306.0891,0.0000,10.0281,65757.8
9670,130138.7353,128832.6462,1306.0891,0.0000,10.0281,65765.1
9671,130138.7353,128832.6462,1306.0891,0.0000,10.0281,65773.0
9672,130138.7353,128832.6462,1306.0891,0.0000,10.0281,65780.1
9673,130138.7353,128832.6462,1306.0891,0.0000,10.0281,65786.9
9674,130138.7353,128832.6462,1306.0891,0.0000,10.0281,65794.5
9675,130138.7353,128832.6462,1306.0891,0.0000,10.0281,65801.7
9676,130138.7353,128832.6462,1306.0891,0.0000,10.0281,65809.2
9677,130138.7353,128832.6462,1306.0891,0.0000,10.0281,65816.2
9678,130138.7353,128832.6462,1306.0891,0.0000,10.0281,65822.9
9679,130138.7353,128832.6462,1306.0891,0.0000,10.0281,65829.6
9680,130138.7353,128832.6462,1306.0891,0.0000,10.0281,65836.9
9681,130138.7353,128832.6462,1306.0891,0.0000,10.0281,65844.7
9682,130138.7353,128832.6462,1306.0891,0.0000,10.0281,65851.6
9683,130138.7353,128832.6462,1306.0891,0.0000,10.0281,65858.9
9684,130138.7353,128832.6462,1306.0891,0.0000,10.0281,65865.6
9685,130138.7353,128832.6462,1306.0891,0.0000,10.0281,65873.3
9686,130138.7353,128832.6462,1306.0891,0.0000,10.0281,65881.8
9687,130138.7353,128832.6462,1306.0891,0.0185,10.0281,65889.9
9688,130138.7353,128832.6462,1306.0891,0.0000,10.0281,65897.2
9689,130138.7353,128832.6462,1306.0891,0.0000,10.0281,65904.1
9690,130138.7353,128832.6462,1306.0891,0.0000,10.0281,65911.4
9691,130138.7353,128832.6462,1306.0891,0.0000,10.0281,65918.9
9692,130138.7353,128832.6462,1306.0891,0.0000,10.0281,65926.2
9693,130138.7353,128832.6462,1306.0891,0.0000,10.0281,65933.5
9694,130138.7353,128832.6462,1306.0891,0.0000,10.0281,65940.7
9695,130138.7353,128832.6462,1306.0891,0.0000,10.0281,65947.3
9696,130138.7353,128832.6462,1306.0891,0.0000,10.0281,65954.9
9697,130138.7353,128832.6462,1306.0891,0.0185,10.0098,65962.5
9698,130138.7353,128832.6462,1306.0891,0.0000,10.0098,65969.0
9699,130138.7353,128832.6462,1306.0891,0.0000,10.0098,65976.2
9700,130138.7353,128832.6462,1306.0891,0.0000,10.0098,65984.0
9701,130138.7353,128832.6462,1306.0891,0.0000,10.0098,65991.3
9702,130138.7353,128832.6462,1306.0891,0.0000,10.0098,65998.0
9703,130138.7353,128832.6462,1306.0891,0.0000,10.0098,66005.3
9704,130138.7353,128832.6462,1306.0891,0.0000,10.0098,66012.0
9705,130138.7353,128832.6462,1306.0891,0.0000,10.0098,66019.3
9706,130138.7353,128832.6462,1306.0891,0.0000,10.0098,66026.4
9707,130138.7353,128832.6462,1306.0891,0.0000,10.0098,66033.0
9708,130138.7353,128832.6462,1306.0891,0.0000,10.0098,66039.2
9709,130138.7353,128832.6462,1306.0891,0.0000,10.0098,66046.2
9710,130138.7353,128832.6462,1306.0891,0.0185,10.0008,66053.3
9711,130138.7353,128832.6462,1306.0891,0.0000,10.0008,66060.1
9712,130138.7353,128832.6462,1306.0891,0.0000,10.0008,66067.6
9713,130138.7353,128832.6462,1306.0891,0.0000,10.0008,66074.6
9714,130138.7353,128832.6462,1306.0891,0.0000,10.0008,66082.0
9715,130138.7353,128832.6462,1306.0891,0.0000,10.0008,66089.4
9716,130138.7353,128832.6462,1306.0891,0.0000,10.0008,66096.6
9717,130138.7353,128832.6462,1306.0891,0.0185,9.98378,66104.2
9718,130138.7353,128832.6462,1306.0891,0.0000,9.98378,66111.0
9719,130138.7353,128832.6462,1306.0891,0.0000,9.98378,66118.6
9720,130138.7353,128832.6462,1306.0891,0.0000,9.98378,66125.7
9721,130138.7353,128832.6462,1306.0891,0.0000,9.98378,66133.3
9722,130138.7353,128832.6462,1306.0891,0.0000,9.98378,66140.3
9723,130138.7353,128832.6462,1306.0891,0.0000,9.98378,66147.6
9724,130138.7353,128832.6462,1306.0891,0.0000,9.98378,66155.4
9725,130138.7353,128832.6462,1306.0891,0.0000,9.98378,66162.0
9726,130138.7353,128832.6462,1306.0891,0.0000,9.98378,66168.9
9727,130138.7353,128832.6462,1306.0891,0.0000,9.98378,66176.1
9728,130138.7353,128832.6462,1306.0891,0.0000,9.98378,66183.0
9729,130138.7353,128832.6462,1306.0891,0.0000,9.98378,66190.4
9730,130138.7353,128832.6462,1306.0891,0.0000,9.98378,66197.2
9731,130138.7353,128832.6462,1306.0891,0.0000,9.98378,66204.4
9732,130138.7353,128832.6462,1306.0891,0.0000,9.98378,66212.1
9733,130138.7353,128832.6462,1306.0891,0.0000,9.98378,66219.0
9734,130138.7353,128832.6462,1306.0891,0.0000,9.98378,66226.6
9735,130138.7353,128832.6462,1306.0891,0.0000,9.98378,66233.2
9736,130138.7353,128832.6462,1306.0891,0.0000,9.98378,66240.6
9737,130138.7353,128832.6462,1306.0891,0.0000,9.98378,66247.5
9738,130138.7353,128832.6462,1306.0891,0.0000,9.98378,66255.2
9739,130138.7353,128832.6462,1306.0891,0.0000,9.98378,66262.8
9740,130138.7353,128832.6462,1306.0891,0.0000,9.98378,66270.5
9741,130138.7353,128832.6462,1306.0891,0.0000,9.98378,66277.4
9742,130138.7353,128832.6462,1306.0891,0.0000,9.98378,66285.0
9743,130138.7353,128832.6462,1306.0891,0.0000,9.98378,66291.7
9744,130138.7353,128832.6462,1306.0891,0.0000,9.98378,66298.4
9745,130138.7353,128832.6462,1306.0891,0.0000,9.98378,66305.8
9746,130138.7353,128832.6462,1306.0891,0.0000,9.98378,66312.8
9747,130138.7353,128832.6462,1306.0891,0.0000,9.98378,66320.3
9748,130138.7353,128832.6462,1306.0891,0.0000,9.98378,66327.5
9749,130138.7353,128832.6462,1306.0891,0.0000,9.98378,66335.2
9750,130138.7353,128832.6462,1306.0891,0.0000,9.98378,66342.8
9751,130138.7353,128832.6462,1306.0891,0.0000,9.98378,66350.3
9752,130138.7353,128832.6462,1306.0891,0.0000,9.98378,66357.1
9753,130138.7353,128832.6462,1306.0891,0.0000,9.98378,66364.4
9754,130138.7353,128832.6462,1306.0891,0.0000,9.98378,66371.3
9755,130138.7353,128832.6462,1306.0891,0.0000,9.98378,66378.0
9756,130138.7353,128832.6462,1306.0891,0.0000,9.98378,66384.8
9757,130138.7353,128832.6462,1306.0891,0.0000,9.98378,66391.8
9758,130138.7353,128832.6462,1306.0891,0.0000,9.98378,66399.1
9759,130138.7353,128832.6462,1306.0891,0.0000,9.98378,66405.7
9760,130138.7353,128832.6462,1306.0891,0.0000,9.98378,66413.2
9761,130138.7353,128832.6462,1306.0891,0.0000,9.98378,66420.4
9762,130138.7353,128832.6462,1306.0891,0.0185,9.963,66427.5
9763,130138.7353,128832.6462,1306.0891,0.0000,9.963,66434.6
9764,130138.7353,128832.6462,1306.0891,0.0000,9.963,66441.1
9765,130138.7353,128832.6462,1306.0891,0.0000,9.963,66448.5
9766,130138.7353,128832.6462,1306.0891,0.0000,9.963,66456.6
9767,130138.7353,128832.6462,1306.0891,0.0000,9.963,66463.3
9768,130138.7353,128832.6462,1306.0891,0.0000,9.963,66470.0
9769,130138.7353,128832.6462,1306.0891,0.0000,9.963,66476.9
9770,130138.7353,128832.6462,1306.0891,0.0000,9.963,66484.6
9771,130138.7353,128832.6462,1306.0891,0.0000,9.963,66492.1
9772,130138.7353,128832.6462,1306.0891,0.0000,9.963,66499.8
9773,130138.7353,128832.6462,1306.0891,0.0000,9.963,66507.3
9774,130138.7353,128832.6462,1306.0891,0.0000,9.963,66514.1
9775,130138.7353,128832.6462,1306.0891,0.0185,9.97311,66521.0
9776,130138.7353,128832.6462,1306.0891,0.0000,9.97311,66527.9
9777,130138.7353,128832.6462,1306.0891,0.0000,9.97311,66534.3
9778,130138.7353,128832.6462,1306.0891,0.0000,9.97311,66541.8
9779,130138.7353,128832.6462,1306.0891,0.0000,9.97311,66548.7
9780,130138.7353,128832.6462,1306.0891,0.0000,9.97311,66555.9
9781,130138.7353,128832.6462,1306.0891,0.0000,9.97311,66563.7
9782,130138.7353,128832.6462,1306.0891,0.0000,9.97311,66570.5
9783,130138.7353,128832.6462,1306.0891,0.0185,9.97577,66577.7
9784,130138.7353,128832.6462,1306.0891,0.0000,9.97577,66584.7
9785,130138.7353,128832.6462,1306.0891,0.0000,9.97577,66592.2
9786,130138.7353,128832.6462,1306.0891,0.0000,9.97577,66599.7
9787,130138.7353,128832.6462,1306.0891,0.0000,9.97577,66607.2
9788,130138.7353,128832.6462,1306.0891,0.0000,9.97577,66613.8
9789,130138.7353,128832.6462,1306.0891,0.0000,9.97577,66620.6
9790,130138.7353,128832.6462,1306.0891,0.0000,9.97577,66627.5
9791,130138.7353,128832.6462,1306.0891,0.0000,9.97577,66634.6
9792,130138.7353,128832.6462,1306.0891,0.0000,9.97577,66642.1
9793,130138.7353,128832.6462,1306.0891,0.0000,9.97577,66649.0
9794,130138.7353,128832.6462,1306.0891,0.0000,9.97577,66655.4
9795,130138.7353,128832.6462,1306.0891,0.0000,9.97577,66662.3
9796,130138.7353,128832.6462,1306.0891,0.0000,9.97577,66669.3
9797,130138.7353,128832.6462,1306.0891,0.0000,9.97577,66677.0
9798,130138.7353,128832.6462,1306.0891,0.0000,9.97577,66684.0
9799,130138.7353,128832.6462,1306.0891,0.0000,9.97577,66691.0
9800,130138.7353,128832.6462,1306.0891,0.0000,9.97577,66698.4
9801,130138.7353,128832.6462,1306.0891,0.0000,9.97577,66706.1
9802,130138.7353,128832.6462,1306.0891,0.0000,9.97577,66714.2
9803,130138.7353,128832.6462,1306.0891,0.0000,9.97577,66721.5
9804,130138.7353,128832.6462,1306.0891,0.0370,9.98568,66728.6
9805,130138.7353,128832.6462,1306.0891,0.0000,9.98568,66735.6
9806,130138.7353,128832.6462,1306.0891,0.0000,9.98568,66742.8
9807,130138.7353,128832.6462,1306.0891,0.0000,9.98568,66750.6
9808,130138.7353,128832.6462,1306.0891,0.0000,9.98568,66757.1
9809,130138.7353,128832.6462,1306.0891,0.0185,9.97187,66763.9
9810,130138.7353,128832.6462,1306.0891,0.0000,9.97187,66770.6
9811,130138.7353,128832.6462,1306.0891,0.0000,9.97187,66778.0
9812,130138.7353,128832.6462,1306.0891,0.0000,9.97187,66785.3
9813,130138.7353,128832.6462,1306.0891,0.0000,9.97187,66791.8
9814,130138.7353,128832.6462,1306.0891,0.0000,9.97187,66798.5
9815,130138.7353,128832.6462,1306.0891,0.0000,9.97187,66805.5
9816,130138.7353,128832.6462,1306.0891,0.0000,9.97187,66812.4
9817,130138.7353,128832.6462,1306.0891,0.0000,9.97187,66819.5
9818,130138.7353,128832.6462,1306.0891,0.0000,9.97187,66826.9
9819,130138.7353,128832.6462,1306.0891,0.0000,9.97187,66833.6
9820,130138.7353,128832.6462,1306.0891,0.0000,9.97187,66840.0
9821,130138.7353,128832.6462,1306.0891,0.0000,9.97187,66847.0
9822,130138.7353,128832.6462,1306.0891,0.0000,9.97187,66854.7
9823,130138.7353,128832.6462,1306.0891,0.0000,9.97187,66862.2
9824,130138.7353,128832.6462,1306.0891,0.0000,9.97187,66869.6
9825,130138.7353,128832.6462,1306.0891,0.0000,9.97187,66876.4
9826,130138.7353,128832.6462,1306.0891,0.0000,9.97187,66883.4
9827,130138.7353,128832.6462,1306.0891,0.0000,9.97187,66889.9
9828,130138.7353,128832.6462,1306.0891,0.0000,9.97187,66896.2
9829,130138.7353,128832.6462,1306.0891,0.0000,9.97187,66904.4
9830,130138.7353,128832.6462,1306.0891,0.0000,9.97187,66911.4
9831,130138.7353,128832.6462,1306.0891,0.0000,9.97187,66918.5
9832,130138.7353,128832.6462,1306.0891,0.0000,9.97187,66925.3
9833,130138.7353,128832.6462,1306.0891,0.0000,9.97187,66932.8
9834,130138.7353,128832.6462,1306.0891,0.0000,9.97187,66940.9
9835,130138.7353,128832.6462,1306.0891,0.0000,9.97187,66948.3
9836,130138.7353,128832.6462,1306.0891,0.0000,9.97187,66955.0
9837,130138.7353,128832.6462,1306.0891,0.0000,9.97187,66962.0
9838,130138.7353,128832.6462,1306.0891,0.0000,9.97187,66969.1
9839,130138.7353,128832.6462,1306.0891,0.0000,9.97187,66977.0
9840,130138.7353,128832.6462,1306.0891,0.0000,9.97187,66984.9
9841,130138.7353,128832.6462,1306.0891,0.0000,9.97187,66992.5
9842,130138.7353,128832.6462,1306.0891,0.0000,9.97187,66999.2
9843,130138.7353,128832.6462,1306.0891,0.0000,9.97187,67007.5
9844,130138.7353,128832.6462,1306.0891,0.0000,9.97187,67014.5
9845,130138.7353,128832.6462,1306.0891,0.0000,9.97187,67022.0
9846,130138.7353,128832.6462,1306.0891,0.0000,9.97187,67029.1
9847,130138.7353,128832.6462,1306.0891,0.0000,9.97187,67036.2
9848,130138.7353,128832.6462,1306.0891,0.0000,9.97187,67043.2
9849,130138.7353,128832.6462,1306.0891,0.0000,9.97187,67050.2
9850,130138.7353,128832.6462,1306.0891,0.0000,9.97187,67057.8
9851,130138.7353,128832.6462,1306.0891,0.0000,9.97187,67066.0
9852,130138.7353,128832.6462,1306.0891,0.0000,9.97187,67072.9
9853,130138.7353,128832.6462,1306.0891,0.0185,9.97903,67080.7
9854,130138.7353,128832.6462,1306.0891,0.0000,9.97903,67088.3
9855,130138.7353,128832.6462,1306.0891,0.0000,9.97903,67095.3
9856,130138.7353,128832.6462,1306.0891,0.0000,9.97903,67102.9
9857,130138.7353,128832.6462,1306.0891,0.0000,9.97903,67109.8
9858,130138.7353,128832.6462,1306.0891,0.0000,9.97903,67116.9
9859,130138.7353,128832.6462,1306.0891,0.0000,9.97903,67123.5
9860,130138.7353,128832.6462,1306.0891,0.0000,9.97903,67130.2
9861,130138.7353,128832.6462,1306.0891,0.0000,9.97903,67137.5
9862,130138.7353,128832.6462,1306.0891,0.0000,9.97903,67143.8
9863,130138.7353,128832.6462,1306.0891,0.0000,9.97903,67150.9
9864,130138.7353,128832.6462,1306.0891,0.0000,9.97903,67158.3
9865,130138.7353,128832.6462,1306.0891,0.0000,9.97903,67165.0
9866,130138.7353,128832.6462,1306.0891,0.0000,9.97903,67171.7
9867,130138.7353,128832.6462,1306.0891,0.0185,9.98347,67178.6
9868,130138.7353,128832.6462,1306.0891,0.0000,9.98347,67185.4
9869,130138.7353,128832.6462,1306.0891,0.0000,9.98347,67192.6
9870,130138.7353,128832.6462,1306.0891,0.0185,9.99425,67199.9
9871,130138.7353,128832.6462,1306.0891,0.0000,9.99425,67207.2
9872,130138.7353,128832.6462,1306.0891,0.0000,9.99425,67214.8
9873,130138.7353,128832.6462,1306.0891,0.0000,9.99425,67222.2
9874,130138.7353,128832.6462,1306.0891,0.0000,9.99425,67229.2
9875,130138.7353,128832.6462,1306.0891,0.0000,9.99425,67235.1
9876,130138.7353,128832.6462,1306.0891,0.0000,9.99425,67242.1
9877,130138.7353,128832.6462,1306.0891,0.0000,9.99425,67250.0
9878,130138.7353,128832.6462,1306.0891,0.0000,9.99425,67256.8
9879,130138.7353,128832.6462,1306.0891,0.0000,9.99425,67263.9
9880,130138.7353,128832.6462,1306.0891,0.0000,9.99425,67271.1
9881,130138.7353,128832.6462,1306.0891,0.0000,9.99425,67278.4
9882,130138.7353,128832.6462,1306.0891,0.0000,9.99425,67285.5
9883,130138.7353,128832.6462,1306.0891,0.0000,9.99425,67292.7
9884,130138.7353,128832.6462,1306.0891,0.0000,9.99425,67299.6
9885,130138.7353,128832.6462,1306.0891,0.0000,9.99425,67306.2
9886,130138.7353,128832.6462,1306.0891,0.0000,9.99425,67313.6
9887,130138.7353,128832.6462,1306.0891,0.0000,9.99425,67320.6
9888,130138.7353,128832.6462,1306.0891,0.0000,9.99425,67327.3
9889,130138.7353,128832.6462,1306.0891,0.0000,9.99425,67334.2
9890,130138.7353,128832.6462,1306.0891,0.0000,9.99425,67341.8
9891,130138.7353,128832.6462,1306.0891,0.0000,9.99425,67348.5
9892,130138.7353,128832.6462,1306.0891,0.0000,9.99425,67355.1
9893,130138.7353,128832.6462,1306.0891,0.0000,9.99425,67362.0
9894,130138.7353,128832.6462,1306.0891,0.0000,9.99425,67368.7
9895,130138.7353,128832.6462,1306.0891,0.0000,9.99425,67376.4
9896,130138.7353,128832.6462,1306.0891,0.0000,9.99425,67384.0
9897,130138.7353,128832.6462,1306.0891,0.0000,9.99425,67391.8
9898,130138.7353,128832.6462,1306.0891,0.0000,9.99425,67399.0
9899,130138.7353,128832.6462,1306.0891,0.0000,9.99425,67405.9
9900,130138.7353,128832.6462,1306.0891,0.0000,9.99425,67412.1
9901,130138.7353,128832.6462,1306.0891,0.0000,9.99425,67419.5
9902,130138.7353,128832.6462,1306.0891,0.0000,9.99425,67426.3
9903,130138.7353,128832.6462,1306.0891,0.0000,9.99425,67433.3
9904,130138.7353,128832.6462,1306.0891,0.0000,9.99425,67439.9
9905,130138.7353,128832.6462,1306.0891,0.0000,9.99425,67447.1
9906,130138.7353,128832.6462,1306.0891,0.0000,9.99425,67453.7
9907,130138.7353,128832.6462,1306.0891,0.0000,9.99425,67460.8
9908,130138.7353,128832.6462,1306.0891,0.0370,9.99012,67467.8
9909,130138.7353,128832.6462,1306.0891,0.0000,9.99012,67475.2
9910,130138.7353,128832.6462,1306.0891,0.0000,9.99012,67482.0
9911,130138.7353,128832.6462,1306.0891,0.0000,9.99012,67489.1
9912,130138.7353,128832.6462,1306.0891,0.0000,9.99012,67496.5
9913,130138.7353,128832.6462,1306.0891,0.0000,9.99012,67504.5
9914,130138.7353,128832.6462,1306.0891,0.0000,9.99012,67511.2
9915,130138.7353,128832.6462,1306.0891,0.0185,9.96606,67518.9
9916,130138.7353,128832.6462,1306.0891,0.0185,9.96912,67526.2
9917,130138.7353,128832.6462,1306.0891,0.0185,9.96828,67533.7
9918,130138.7353,128832.6462,1306.0891,0.0000,9.96828,67541.2
9919,130138.7353,128832.6462,1306.0891,0.0000,9.96828,67547.9
9920,130138.7353,128832.6462,1306.0891,0.0000,9.96828,67555.2
9921,130138.7353,128832.6462,1306.0891,0.0000,9.96828,67562.2
9922,130138.7353,128832.6462,1306.0891,0.0000,9.96828,67569.6
9923,130138.7353,128832.6462,1306.0891,0.0000,9.96828,67576.6
9924,130138.7353,128832.6462,1306.0891,0.0000,9.96828,67584.7
9925,130138.7353,128832.6462,1306.0891,0.0000,9.96828,67591.8
9926,130138.7353,128832.6462,1306.0891,0.0000,9.96828,67599.5
9927,130138.7353,128832.6462,1306.0891,0.0000,9.96828,67607.4
9928,130138.7353,128832.6462,1306.0891,0.0000,9.96828,67614.5
9929,130138.7353,128832.6462,1306.0891,0.0185,9.96755,67621.8
9930,130138.7353,128832.6462,1306.0891,0.0000,9.96755,67628.6
9931,130138.7353,128832.6462,1306.0891,0.0000,9.96755,67636.3
9932,130138.7353,128832.6462,1306.0891,0.0000,9.96755,67643.3
9933,130138.7353,128832.6462,1306.0891,0.0000,9.96755,67650.7
9934,130138.7353,128832.6462,1306.0891,0.0000,9.96755,67657.3
9935,130138.7353,128832.6462,1306.0891,0.0000,9.96755,67664.7
9936,130138.7353,128832.6462,1306.0891,0.0000,9.96755,67670.9
9937,130138.7353,128832.6462,1306.0891,0.0185,9.99501,67677.3
9938,130138.7353,128832.6462,1306.0891,0.0000,9.99501,67684.4
9939,130138.7353,128832.6462,1306.0891,0.0000,9.99501,67691.9
9940,130138.7353,128832.6462,1306.0891,0.0000,9.99501,67698.6
9941,130138.7353,128832.6462,1306.0891,0.0000,9.99501,67705.3
9942,130138.7353,128832.6462,1306.0891,0.0000,9.99501,67712.1
9943,130138.7353,128832.6462,1306.0891,0.0000,9.99501,67719.3
9944,130138.7353,128832.6462,1306.0891,0.0000,9.99501,67727.3
9945,130138.7353,128832.6462,1306.0891,0.0000,9.99501,67734.4
9946,130138.7353,128832.6462,1306.0891,0.0000,9.99501,67741.7
9947,130138.7353,128832.6462,1306.0891,0.0000,9.99501,67749.1
9948,130138.7353,128832.6462,1306.0891,0.0000,9.99501,67755.7
9949,130138.7353,128832.6462,1306.0891,0.0000,9.99501,67762.1
9950,130138.7353,128832.6462,1306.0891,0.0000,9.99501,67769.2
9951,130138.7353,128832.6462,1306.0891,0.0000,9.99501,67775.8
9952,130138.7353,128832.6462,1306.0891,0.0000,9.99501,67783.0
9953,130138.7353,128832.6462,1306.0891,0.0000,9.99501,67790.6
9954,130138.7353,128832.6462,1306.0891,0.0000,9.99501,67797.5
9955,130138.7353,128832.6462,1306.0891,0.0000,9.99501,67804.3
9956,130138.7353,128832.6462,1306.0891,0.0000,9.99501,67811.5
9957,130138.7353,128832.6462,1306.0891,0.0000,9.99501,67818.4
9958,130138.7353,128832.6462,1306.0891,0.0000,9.99501,67825.1
9959,130138.7353,128832.6462,1306.0891,0.0000,9.99501,67833.1
9960,130138.7353,128832.6462,1306.0891,0.0000,9.99501,67839.9
9961,130138.7353,128832.6462,1306.0891,0.0000,9.99501,67847.2
9962,130138.7353,128832.6462,1306.0891,0.0000,9.99501,67854.5
9963,130138.7353,128832.6462,1306.0891,0.0000,9.99501,67862.5
9964,130138.7353,128832.6462,1306.0891,0.0185,10.0162,67870.2
9965,130138.7353,128832.6462,1306.0891,0.0000,10.0162,67877.1
9966,130138.7353,128832.6462,1306.0891,0.0000,10.0162,67885.3
9967,130138.7353,128832.6462,1306.0891,0.0000,10.0162,67891.9
9968,130138.7353,128832.6462,1306.0891,0.0000,10.0162,67898.8
9969,130138.7353,128832.6462,1306.0891,0.0000,10.0162,67906.0
9970,130138.7353,128832.6462,1306.0891,0.0000,10.0162,67912.9
9971,130138.7353,128832.6462,1306.0891,0.0185,10.0484,67920.1
9972,130138.7353,128832.6462,1306.0891,0.0000,10.0484,67927.5
9973,130138.7353,128832.6462,1306.0891,0.0000,10.0484,67934.5
9974,130138.7353,128832.6462,1306.0891,0.0000,10.0484,67941.8
9975,130138.7353,128832.6462,1306.0891,0.0000,10.0484,67948.1
9976,130138.7353,128832.6462,1306.0891,0.0000,10.0484,67955.2
9977,130138.7353,128832.6462,1306.0891,0.0000,10.0484,67962.8
9978,130138.7353,128832.6462,1306.0891,0.0000,10.0484,67969.6
9979,130138.7353,128832.6462,1306.0891,0.0185,10.0515,67976.6
9980,130138.7353,128832.6462,1306.0891,0.0000,10.0515,67984.2
9981,130138.7353,128832.6462,1306.0891,0.0000,10.0515,67990.3
9982,130138.7353,128832.6462,1306.0891,0.0000,10.0515,67996.6
9983,130138.7353,128832.6462,1306.0891,0.0000,10.0515,68003.4
9984,130138.7353,128832.6462,1306.0891,0.0000,10.0515,68010.5
9985,130138.7353,128832.6462,1306.0891,0.0000,10.0515,68018.3
9986,130138.7353,128832.6462,1306.0891,0.0000,10.0515,68025.4
9987,130138.7353,128832.6462,1306.0891,0.0000,10.0515,68033.0
9988,130138.7353,128832.6462,1306.0891,0.0000,10.0515,68040.0
9989,130138.7353,128832.6462,1306.0891,0.0000,10.0515,68046.4
9990,130138.7353,128832.6462,1306.0891,0.0000,10.0515,68054.2
9991,130138.7353,128832.6462,1306.0891,0.0000,10.0515,68061.8
9992,130138.7353,128832.6462,1306.0891,0.0000,10.0515,68068.8
9993,130138.7353,128832.6462,1306.0891,0.0000,10.0515,68075.0
9994,130138.7353,128832.6462,1306.0891,0.0000,10.0515,68082.0
9995,130138.7353,128832.6462,1306.0891,0.0000,10.0515,68089.6
9996,130138.7353,128832.6462,1306.0891,0.0000,10.0515,68097.0
9997,130138.7353,128832.6462,1306.0891,0.0000,10.0515,68103.9
9998,130138.7353,128832.6462,1306.0891,0.0000,10.0515,68110.2
9999,130138.7353,128832.6462,1306.0891,0.0000,10.0515,68117.5
10000,130138.7353,128832.6462,1306.0891,0.0000,10.0515,68124.8
10001,130138.7353,128832.6462,1306.0891,0.0000,10.0515,68132.0
10002,130138.7353,128832.6462,1306.0891,0.0000,10.0515,68139.1
10003,130138.7353,128832.6462,1306.0891,0.0000,10.0515,68146.2
10004,130138.7353,128832.6462,1306.0891,0.0000,10.0515,68153.2
10005,130138.7353,128832.6462,1306.0891,0.0000,10.0515,68160.6
10006,130138.7353,128832.6462,1306.0891,0.0000,10.0515,68166.6
10007,130138.7353,128832.6462,1306.0891,0.0000,10.0515,68172.9
10008,130138.7353,128832.6462,1306.0891,0.0000,10.0515,68180.8
10009,130138.7353,128832.6462,1306.0891,0.0000,10.0515,68188.2
10010,130138.7353,128832.6462,1306.0891,0.0000,10.0515,68194.9
10011,130138.7353,128832.6462,1306.0891,0.0000,10.0515,68202.3
10012,130138.7353,128832.6462,1306.0891,0.0000,10.0515,68209.7
10013,130138.7353,128832.6462,1306.0891,0.0000,10.0515,68215.9
10014,130138.7353,128832.6462,1306.0891,0.0000,10.0515,68223.8
10015,130138.7353,128832.6462,1306.0891,0.0000,10.0515,68230.3
10016,130138.7353,128832.6462,1306.0891,0.0000,10.0515,68237.8
10017,130138.7353,128832.6462,1306.0891,0.0000,10.0515,68245.0
10018,130138.7353,128832.6462,1306.0891,0.0000,10.0515,68252.4
10019,130138.7353,128832.6462,1306.0891,0.0000,10.0515,68259.5
10020,130138.7353,128832.6462,1306.0891,0.0000,10.0515,68266.7
10021,130138.7353,128832.6462,1306.0891,0.0000,10.0515,68273.4
10022,130138.7353,128832.6462,1306.0891,0.0000,10.0515,68281.3
10023,130138.7353,128832.6462,1306.0891,0.0000,10.0515,68288.9
10024,130138.7353,128832.6462,1306.0891,0.0000,10.0515,68295.1
10025,130138.7353,128832.6462,1306.0891,0.0000,10.0515,68302.2
10026,130138.7353,128876.5788,1262.1565,0.0185,10.0665,68309.2
10027,130138.7353,128876.5788,1262.1565,0.0000,10.0665,68316.7
10028,130138.7353,128876.5788,1262.1565,0.0000,10.0665,68323.3
10029,130138.7353,128876.5788,1262.1565,0.0000,10.0665,68330.2
10030,130138.7353,128876.5788,1262.1565,0.0000,10.0665,68337.1
10031,130138.7353,128876.5788,1262.1565,0.0000,10.0665,68344.1
10032,130138.7353,128876.5788,1262.1565,0.0000,10.0665,68351.2
10033,130138.7353,128876.5788,1262.1565,0.0000,10.0665,68358.9
10034,130138.7353,128876.5788,1262.1565,0.0000,10.0665,68366.2
10035,130138.7353,128876.5788,1262.1565,0.0000,10.0665,68373.7
10036,130138.7353,128876.5788,1262.1565,0.0000,10.0665,68381.0
10037,130138.7353,128876.5788,1262.1565,0.0000,10.0665,68388.3
10038,130138.7353,128876.5788,1262.1565,0.0000,10.0665,68395.7
10039,130138.7353,128876.5788,1262.1565,0.0000,10.0665,68403.0
10040,130138.7353,128876.5788,1262.1565,0.0000,10.0665,68411.3
10041,130138.7353,128876.5788,1262.1565,0.0000,10.0665,68418.6
10042,130138.7353,128906.7319,1232.0034,0.0185,10.0722,68425.9
10043,130138.7353,128906.7319,1232.0034,0.0000,10.0722,68433.2
10044,130138.7353,128906.7319,1232.0034,0.0000,10.0722,68440.8
10045,130138.7353,128906.7319,1232.0034,0.0000,10.0722,68448.1
10046,130138.7353,128906.7319,1232.0034,0.0000,10.0722,68455.9
10047,130138.7353,128906.7319,1232.0034,0.0000,10.0722,68462.7
10048,130138.7353,128906.7319,1232.0034,0.0000,10.0722,68470.3
10049,130138.7353,128906.7319,1232.0034,0.0000,10.0722,68477.4
10050,130138.7353,128906.7319,1232.0034,0.0000,10.0722,68484.1
10051,130138.7353,128906.7319,1232.0034,0.0000,10.0722,68491.2
10052,130138.7353,128906.7319,1232.0034,0.0000,10.0722,68498.1
10053,130138.7353,128906.7319,1232.0034,0.0000,10.0722,68506.0
10054,130138.7353,128906.7319,1232.0034,0.0000,10.0722,68513.0
10055,130138.7353,128906.7319,1232.0034,0.0000,10.0722,68520.1
10056,130138.7353,128906.7319,1232.0034,0.0000,10.0722,68526.5
10057,130138.7353,128906.7319,1232.0034,0.0000,10.0722,68533.9
10058,130138.7353,128906.7319,1232.0034,0.0000,10.0722,68540.4
10059,130138.7353,128906.7319,1232.0034,0.0000,10.0722,68547.6
10060,130138.7353,128906.7319,1232.0034,0.0185,10.1057,68555.3
10061,130138.7353,128906.7319,1232.0034,0.0000,10.1057,68563.1
10062,130138.7353,128906.7319,1232.0034,0.0000,10.1057,68569.5
10063,130138.7353,128906.7319,1232.0034,0.0000,10.1057,68576.3
10064,130138.7353,128906.7319,1232.0034,0.0185,10.1113,68583.9
10065,130138.7353,128906.7319,1232.0034,0.0000,10.1113,68591.3
10066,130138.7353,128906.7319,1232.0034,0.0000,10.1113,68598.8
10067,130138.7353,128906.7319,1232.0034,0.0000,10.1113,68606.5
10068,130138.7353,128906.7319,1232.0034,0.0000,10.1113,68613.8
10069,130138.7353,128906.7319,1232.0034,0.0000,10.1113,68621.2
10070,130138.7353,128906.7319,1232.0034,0.0000,10.1113,68628.5
10071,130138.7353,128906.7319,1232.0034,0.0000,10.1113,68635.7
10072,130138.7353,128906.7319,1232.0034,0.0000,10.1113,68642.5
10073,130138.7353,128906.7319,1232.0034,0.0000,10.1113,68649.4
10074,130138.7353,128906.7319,1232.0034,0.0000,10.1113,68655.9
10075,130138.7353,128906.7319,1232.0034,0.0185,10.1054,68663.5
10076,130138.7353,128906.7319,1232.0034,0.0000,10.1054,68671.2
10077,130138.7353,128906.7319,1232.0034,0.0000,10.1054,68678.9
10078,130138.7353,128906.7319,1232.0034,0.0000,10.1054,68686.5
10079,130138.7353,128906.7319,1232.0034,0.0000,10.1054,68693.3
10080,130138.7353,128906.7319,1232.0034,0.0000,10.1054,68699.6
10081,130138.7353,128906.7319,1232.0034,0.0370,10.0953,68706.7
10082,130138.7353,128906.7319,1232.0034,0.0000,10.0953,68713.7
10083,130138.7353,128906.7319,1232.0034,0.0000,10.0953,68720.7
10084,130138.7353,128906.7319,1232.0034,0.0000,10.0953,68728.8
10085,130138.7353,128906.7319,1232.0034,0.0000,10.0953,68735.7
10086,130138.7353,128906.7319,1232.0034,0.0000,10.0953,68743.3
10087,130138.7353,128906.7319,1232.0034,0.0000,10.0953,68750.3
10088,130138.7353,128906.7319,1232.0034,0.0000,10.0953,68758.4
10089,130138.7353,128906.7319,1232.0034,0.0000,10.0953,68766.0
10090,130138.7353,128906.7319,1232.0034,0.0185,10.1401,68773.7
10091,130138.7353,128906.7319,1232.0034,0.0000,10.1401,68781.1
10092,130138.7353,128906.7319,1232.0034,0.0000,10.1401,68787.7
10093,130138.7353,128906.7319,1232.0034,0.0185,10.1347,68794.7
10094,130138.7353,128906.7319,1232.0034,0.0000,10.1347,68801.3
10095,130138.7353,128906.7319,1232.0034,0.0000,10.1347,68808.6
10096,130138.7353,128906.7319,1232.0034,0.0000,10.1347,68815.9
10097,130138.7353,128906.7319,1232.0034,0.0000,10.1347,68822.7
10098,130138.7353,128906.7319,1232.0034,0.0000,10.1347,68828.9
10099,130138.7353,128906.7319,1232.0034,0.0000,10.1347,68836.4
10100,130138.7353,128906.7319,1232.0034,0.0000,10.1347,68843.2
10101,130138.7353,128906.7319,1232.0034,0.0000,10.1347,68849.8
10102,130138.7353,128906.7319,1232.0034,0.0000,10.1347,68857.0
10103,130138.7353,128906.7319,1232.0034,0.0000,10.1347,68864.7
10104,130138.7353,128906.7319,1232.0034,0.0000,10.1347,68871.8
10105,130138.7353,128906.7319,1232.0034,0.0000,10.1347,68879.9
10106,130138.7353,128906.7319,1232.0034,0.0000,10.1347,68886.8
10107,130138.7353,128906.7319,1232.0034,0.0000,10.1347,68892.9
10108,130138.7353,128906.7319,1232.0034,0.0000,10.1347,68900.0
10109,130138.7353,128906.7319,1232.0034,0.0000,10.1347,68907.2
10110,130138.7353,128906.7319,1232.0034,0.0000,10.1347,68914.3
10111,130138.7353,128906.7319,1232.0034,0.0000,10.1347,68921.9
10112,130138.7353,128906.7319,1232.0034,0.0000,10.1347,68929.6
10113,130138.7353,128906.7319,1232.0034,0.0000,10.1347,68937.1
10114,130138.7353,128906.7319,1232.0034,0.0000,10.1347,68943.5
10115,130138.7353,128906.7319,1232.0034,0.0000,10.1347,68950.8
10116,130138.7353,128906.7319,1232.0034,0.0000,10.1347,68958.3
10117,130138.7353,128906.7319,1232.0034,0.0000,10.1347,68965.8
10118,130138.7353,128906.7319,1232.0034,0.0000,10.1347,68972.2
10119,130138.7353,128906.7319,1232.0034,0.0000,10.1347,68980.1
10120,130138.7353,128906.7319,1232.0034,0.0000,10.1347,68987.8
10121,130138.7353,128906.7319,1232.0034,0.0000,10.1347,68994.6
10122,130138.7353,128906.7319,1232.0034,0.0000,10.1347,69001.7
10123,130138.7353,128906.7319,1232.0034,0.0000,10.1347,69009.7
10124,130138.7353,128906.7319,1232.0034,0.0000,10.1347,69016.7
10125,130138.7353,128906.7319,1232.0034,0.0000,10.1347,69024.1
10126,130138.7353,128906.7319,1232.0034,0.0000,10.1347,69030.6
10127,130138.7353,128906.7319,1232.0034,0.0000,10.1347,69037.7
10128,130138.7353,128906.7319,1232.0034,0.0000,10.1347,69044.3
10129,130138.7353,128906.7319,1232.0034,0.0185,10.1495,69051.4
10130,130138.7353,128906.7319,1232.0034,0.0000,10.1495,69057.7
10131,130138.7353,128906.7319,1232.0034,0.0000,10.1495,69065.8
10132,130138.7353,128906.7319,1232.0034,0.0000,10.1495,69073.0
10133,130138.7353,128906.7319,1232.0034,0.0185,10.1478,69080.0
10134,130138.7353,128906.7319,1232.0034,0.0000,10.1478,69087.7
10135,130138.7353,128906.7319,1232.0034,0.0000,10.1478,69095.0
10136,130138.7353,128906.7319,1232.0034,0.0185,10.1391,69103.1
10137,130138.7353,128906.7319,1232.0034,0.0000,10.1391,69110.0
10138,130138.7353,128906.7319,1232.0034,0.0000,10.1391,69117.1
10139,130138.7353,128906.7319,1232.0034,0.0000,10.1391,69124.5
10140,130138.7353,128906.7319,1232.0034,0.0000,10.1391,69131.9
10141,130138.7353,128906.7319,1232.0034,0.0000,10.1391,69138.8
10142,130138.7353,128906.7319,1232.0034,0.0000,10.1391,69145.7
10143,130138.7353,128906.7319,1232.0034,0.0000,10.1391,69152.7
10144,130138.7353,128906.7319,1232.0034,0.0000,10.1391,69160.2
10145,130138.7353,128906.7319,1232.0034,0.0000,10.1391,69167.3
10146,130138.7353,128906.7319,1232.0034,0.0000,10.1391,69174.3
10147,130138.7353,128906.7319,1232.0034,0.0000,10.1391,69181.9
10148,130138.7353,128906.7319,1232.0034,0.0000,10.1391,69188.6
10149,130138.7353,128906.7319,1232.0034,0.0000,10.1391,69195.3
10150,130138.7353,128906.7319,1232.0034,0.0000,10.1391,69202.6
10151,130138.7353,128906.7319,1232.0034,0.0000,10.1391,69209.4
10152,130138.7353,128906.7319,1232.0034,0.0000,10.1391,69217.1
10153,130138.7353,128906.7319,1232.0034,0.0185,10.137,69224.1
10154,130138.7353,128906.7319,1232.0034,0.0000,10.137,69231.2
10155,130138.7353,128906.7319,1232.0034,0.0000,10.137,69239.1
10156,130138.7353,128906.7319,1232.0034,0.0000,10.137,69246.1
10157,130138.7353,128906.7319,1232.0034,0.0000,10.137,69252.8
10158,130138.7353,128906.7319,1232.0034,0.0000,10.137,69260.5
10159,130138.7353,128906.7319,1232.0034,0.0000,10.137,69267.4
10160,130138.7353,128906.7319,1232.0034,0.0000,10.137,69274.3
10161,130138.7353,128906.7319,1232.0034,0.0000,10.137,69281.8
10162,130138.7353,128906.7319,1232.0034,0.0000,10.137,69288.6
10163,130138.7353,128906.7319,1232.0034,0.0000,10.137,69295.5
10164,130138.7353,128906.7319,1232.0034,0.0185,10.1251,69302.6
10165,130138.7353,128906.7319,1232.0034,0.0000,10.1251,69309.5
10166,130138.7353,128906.7319,1232.0034,0.0000,10.1251,69316.5
10167,130138.7353,128906.7319,1232.0034,0.0000,10.1251,69323.7
10168,130138.7353,128906.7319,1232.0034,0.0000,10.1251,69330.8
10169,130138.7353,128906.7319,1232.0034,0.0000,10.1251,69337.7
10170,130138.7353,128906.7319,1232.0034,0.0000,10.1251,69344.6
10171,130138.7353,128906.7319,1232.0034,0.0000,10.1251,69351.9
10172,130138.7353,128906.7319,1232.0034,0.0000,10.1251,69358.4
10173,130138.7353,128906.7319,1232.0034,0.0000,10.1251,69365.5
10174,130138.7353,128906.7319,1232.0034,0.0000,10.1251,69372.6
10175,130138.7353,128906.7319,1232.0034,0.0185,10.098,69379.5
10176,130138.7353,128906.7319,1232.0034,0.0000,10.098,69386.2
10177,130138.7353,128906.7319,1232.0034,0.0000,10.098,69393.2
10178,130138.7353,128906.7319,1232.0034,0.0000,10.098,69400.3
10179,130138.7353,128906.7319,1232.0034,0.0000,10.098,69407.3
10180,130138.7353,128906.7319,1232.0034,0.0000,10.098,69415.0
10181,130138.7353,128906.7319,1232.0034,0.0000,10.098,69422.6
10182,130138.7353,128906.7319,1232.0034,0.0000,10.098,69429.5
10183,130138.7353,128906.7319,1232.0034,0.0000,10.098,69436.7
10184,130138.7353,128906.7319,1232.0034,0.0000,10.098,69445.2
10185,130138.7353,128906.7319,1232.0034,0.0185,10.0952,69452.8
10186,130138.7353,128906.7319,1232.0034,0.0000,10.0952,69460.3
10187,130138.7353,128906.7319,1232.0034,0.0000,10.0952,69466.6
10188,130138.7353,128906.7319,1232.0034,0.0000,10.0952,69474.4
10189,130138.7353,128906.7319,1232.0034,0.0000,10.0952,69481.4
10190,130138.7353,128906.7319,1232.0034,0.0000,10.0952,69488.1
10191,130138.7353,128906.7319,1232.0034,0.0000,10.0952,69494.4
10192,130138.7353,128906.7319,1232.0034,0.0000,10.0952,69501.2
10193,130138.7353,128906.7319,1232.0034,0.0000,10.0952,69508.6
10194,130138.7353,128906.7319,1232.0034,0.0000,10.0952,69516.7
10195,130138.7353,128906.7319,1232.0034,0.0000,10.0952,69523.8
10196,130138.7353,128906.7319,1232.0034,0.0000,10.0952,69530.9
10197,130138.7353,128906.7319,1232.0034,0.0000,10.0952,69538.0
10198,130138.7353,128906.7319,1232.0034,0.0000,10.0952,69546.6
10199,130138.7353,128906.7319,1232.0034,0.0000,10.0952,69554.0
10200,130138.7353,128906.7319,1232.0034,0.0000,10.0952,69561.1
10201,130138.7353,128906.7319,1232.0034,0.0000,10.0952,69568.4
10202,130138.7353,128906.7319,1232.0034,0.0000,10.0952,69575.7
10203,130138.7353,128906.7319,1232.0034,0.0000,10.0952,69582.8
10204,130138.7353,128906.7319,1232.0034,0.0000,10.0952,69589.6
10205,130138.7353,128906.7319,1232.0034,0.0000,10.0952,69596.1
10206,130138.7353,128906.7319,1232.0034,0.0000,10.0952,69603.8
10207,130138.7353,128906.7319,1232.0034,0.0000,10.0952,69611.6
10208,130138.7353,128906.7319,1232.0034,0.0000,10.0952,69618.7
10209,130138.7353,128906.7319,1232.0034,0.0000,10.0952,69625.9
10210,130138.7353,128906.7319,1232.0034,0.0000,10.0952,69632.9
10211,130138.7353,128906.7319,1232.0034,0.0000,10.0952,69640.1
10212,130138.7353,128906.7319,1232.0034,0.0000,10.0952,69646.5
10213,130138.7353,128906.7319,1232.0034,0.0000,10.0952,69653.7
10214,130138.7353,128906.7319,1232.0034,0.0000,10.0952,69660.3
10215,130138.7353,128906.7319,1232.0034,0.0000,10.0952,69667.5
10216,130138.7353,128906.7319,1232.0034,0.0000,10.0952,69674.8
10217,130138.7353,128906.7319,1232.0034,0.0000,10.0952,69681.6
10218,130138.7353,128906.7319,1232.0034,0.0000,10.0952,69688.8
10219,130138.7353,128906.7319,1232.0034,0.0000,10.0952,69695.7
10220,130138.7353,128906.7319,1232.0034,0.0000,10.0952,69702.4
10221,130138.7353,128906.7319,1232.0034,0.0000,10.0952,69709.8
10222,130138.7353,128906.7319,1232.0034,0.0000,10.0952,69717.2
10223,130138.7353,128906.7319,1232.0034,0.0000,10.0952,69724.1
10224,130138.7353,128906.7319,1232.0034,0.0185,10.0902,69731.2
10225,130138.7353,128906.7319,1232.0034,0.0000,10.0902,69738.1
10226,130138.7353,128906.7319,1232.0034,0.0000,10.0902,69745.5
10227,130138.7353,128906.7319,1232.0034,0.0000,10.0902,69752.4
10228,130138.7353,128906.7319,1232.0034,0.0000,10.0902,69759.5
10229,130138.7353,128906.7319,1232.0034,0.0000,10.0902,69767.5
10230,130138.7353,128906.7319,1232.0034,0.0000,10.0902,69774.1
10231,130138.7353,128906.7319,1232.0034,0.0000,10.0902,69781.9
10232,130138.7353,128906.7319,1232.0034,0.0000,10.0902,69788.8
10233,130138.7353,128906.7319,1232.0034,0.0000,10.0902,69796.2
10234,130138.7353,128906.7319,1232.0034,0.0000,10.0902,69803.3
10235,130138.7353,128906.7319,1232.0034,0.0000,10.0902,69810.0
10236,130138.7353,128906.7319,1232.0034,0.0000,10.0902,69817.6
10237,130138.7353,128906.7319,1232.0034,0.0000,10.0902,69824.9
10238,130138.7353,128906.7319,1232.0034,0.0000,10.0902,69832.1
10239,130138.7353,128906.7319,1232.0034,0.0000,10.0902,69838.9
10240,130138.7353,128906.7319,1232.0034,0.0000,10.0902,69845.2
10241,130138.7353,128906.7319,1232.0034,0.0000,10.0902,69853.1
10242,130138.7353,128906.7319,1232.0034,0.0000,10.0902,69860.3
10243,130138.7353,128906.7319,1232.0034,0.0000,10.0902,69866.7
10244,130138.7353,128906.7319,1232.0034,0.0000,10.0902,69873.9
10245,130138.7353,128906.7319,1232.0034,0.0000,10.0902,69881.1
10246,130138.7353,128906.7319,1232.0034,0.0000,10.0902,69887.6
10247,130138.7353,128906.7319,1232.0034,0.0000,10.0902,69894.2
10248,130138.7353,128906.7319,1232.0034,0.0000,10.0902,69901.8
10249,130138.7353,128906.7319,1232.0034,0.0000,10.0902,69909.3
10250,130138.7353,128906.7319,1232.0034,0.0000,10.0902,69916.2
10251,130138.7353,128906.7319,1232.0034,0.0000,10.0902,69923.8
10252,130138.7353,128906.7319,1232.0034,0.0000,10.0902,69931.3
10253,130138.7353,128906.7319,1232.0034,0.0000,10.0902,69938.3
10254,130138.7353,128906.7319,1232.0034,0.0000,10.0902,69944.8
10255,130138.7353,128906.7319,1232.0034,0.0000,10.0902,69952.3
10256,130138.7353,128906.7319,1232.0034,0.0000,10.0902,69959.6
10257,130138.7353,128906.7319,1232.0034,0.0000,10.0902,69966.9
10258,130138.7353,128906.7319,1232.0034,0.0000,10.0902,69974.3
10259,130138.7353,128906.7319,1232.0034,0.0000,10.0902,69981.0
10260,130138.7353,128906.7319,1232.0034,0.0185,10.1011,69988.1
10261,130138.7353,128906.7319,1232.0034,0.0000,10.1011,69995.4
10262,130138.7353,128906.7319,1232.0034,0.0000,10.1011,70002.1
10263,130138.7353,128906.7319,1232.0034,0.0000,10.1011,70008.9
10264,130138.7353,128906.7319,1232.0034,0.0000,10.1011,70016.4
10265,130138.7353,128906.7319,1232.0034,0.0000,10.1011,70023.5
10266,130138.7353,128906.7319,1232.0034,0.0000,10.1011,70030.8
10267,130138.7353,128906.7319,1232.0034,0.0000,10.1011,70037.5
10268,130138.7353,128906.7319,1232.0034,0.0000,10.1011,70044.2
10269,130138.7353,128906.7319,1232.0034,0.0000,10.1011,70051.9
10270,130138.7353,128906.7319,1232.0034,0.0000,10.1011,70058.2
10271,130138.7353,128906.7319,1232.0034,0.0000,10.1011,70065.1
10272,130138.7353,128906.7319,1232.0034,0.0000,10.1011,70071.4
10273,130138.7353,128906.7319,1232.0034,0.0000,10.1011,70078.1
10274,130138.7353,128906.7319,1232.0034,0.0000,10.1011,70084.9
10275,130138.7353,128906.7319,1232.0034,0.0000,10.1011,70091.4
10276,130138.7353,128906.7319,1232.0034,0.0000,10.1011,70097.8
10277,130138.7353,128906.7319,1232.0034,0.0000,10.1011,70104.8
10278,130138.7353,128906.7319,1232.0034,0.0000,10.1011,70112.2
10279,130138.7353,128906.7319,1232.0034,0.0000,10.1011,70118.9
10280,130138.7353,128906.7319,1232.0034,0.0000,10.1011,70125.6
10281,130138.7353,128906.7319,1232.0034,0.0000,10.1011,70132.9
10282,130138.7353,128906.7319,1232.0034,0.0000,10.1011,70140.3
10283,130138.7353,128906.7319,1232.0034,0.0000,10.1011,70147.3
10284,130138.7353,128906.7319,1232.0034,0.0000,10.1011,70154.6
10285,130138.7353,128906.7319,1232.0034,0.0185,10.1387,70161.5
10286,130138.7353,128906.7319,1232.0034,0.0000,10.1387,70168.8
10287,130138.7353,128906.7319,1232.0034,0.0000,10.1387,70175.9
10288,130138.7353,128906.7319,1232.0034,0.0000,10.1387,70182.6
10289,130138.7353,128906.7319,1232.0034,0.0000,10.1387,70189.4
10290,130138.7353,128906.7319,1232.0034,0.0000,10.1387,70196.7
10291,130138.7353,128906.7319,1232.0034,0.0000,10.1387,70203.5
10292,130138.7353,128906.7319,1232.0034,0.0000,10.1387,70210.5
10293,130138.7353,128906.7319,1232.0034,0.0000,10.1387,70217.8
10294,130138.7353,128906.7319,1232.0034,0.0000,10.1387,70225.1
10295,130138.7353,128906.7319,1232.0034,0.0000,10.1387,70232.1
10296,130138.7353,128906.7319,1232.0034,0.0185,10.1408,70238.0
10297,130138.7353,128906.7319,1232.0034,0.0000,10.1408,70245.6
10298,130138.7353,128906.7319,1232.0034,0.0000,10.1408,70253.0
10299,130138.7353,128906.7319,1232.0034,0.0000,10.1408,70259.9
10300,130138.7353,128906.7319,1232.0034,0.0000,10.1408,70267.5
10301,130138.7353,128906.7319,1232.0034,0.0000,10.1408,70274.0
10302,130138.7353,128906.7319,1232.0034,0.0000,10.1408,70280.9
10303,130138.7353,128906.7319,1232.0034,0.0000,10.1408,70288.0
10304,130138.7353,128906.7319,1232.0034,0.0000,10.1408,70294.1
10305,130138.7353,128910.4994,1228.2359,0.0185,10.1423,70300.6
10306,130138.7353,128910.4994,1228.2359,0.0185,10.1514,70307.8
10307,130138.7353,128910.4994,1228.2359,0.0000,10.1514,70314.8
10308,130138.7353,128910.4994,1228.2359,0.0000,10.1514,70321.9
10309,130138.7353,128910.4994,1228.2359,0.0000,10.1514,70329.3
10310,130138.7353,128910.4994,1228.2359,0.0000,10.1514,70336.6
10311,130138.7353,128910.4994,1228.2359,0.0000,10.1514,70343.9
10312,130138.7353,128910.4994,1228.2359,0.0000,10.1514,70350.9
10313,130138.7353,128910.4994,1228.2359,0.0000,10.1514,70357.5
10314,130138.7353,128910.4994,1228.2359,0.0000,10.1514,70364.5
10315,130138.7353,128910.4994,1228.2359,0.0000,10.1514,70371.6
10316,130138.7353,128910.4994,1228.2359,0.0000,10.1514,70378.8
10317,130138.7353,128910.4994,1228.2359,0.0000,10.1514,70386.1
10318,130138.7353,128910.4994,1228.2359,0.0000,10.1514,70393.7
10319,130138.7353,128910.4994,1228.2359,0.0000,10.1514,70401.1
10320,130138.7353,128910.4994,1228.2359,0.0000,10.1514,70407.7
10321,130138.7353,128910.4994,1228.2359,0.0000,10.1514,70414.7
10322,130138.7353,128910.4994,1228.2359,0.0000,10.1514,70422.1
10323,130138.7353,128910.4994,1228.2359,0.0000,10.1514,70428.6
10324,130138.7353,128910.4994,1228.2359,0.0000,10.1514,70436.8
10325,130138.7353,128910.4994,1228.2359,0.0000,10.1514,70443.9
10326,130138.7353,128910.4994,1228.2359,0.0000,10.1514,70451.5
10327,130138.7353,128910.4994,1228.2359,0.0000,10.1514,70458.5
10328,130138.7353,128910.4994,1228.2359,0.0000,10.1514,70465.0
10329,130138.7353,128910.4994,1228.2359,0.0000,10.1514,70471.5
10330,130138.7353,128910.4994,1228.2359,0.0000,10.1514,70478.4
10331,130138.7353,128910.4994,1228.2359,0.0000,10.1514,70485.4
10332,130138.7353,128910.4994,1228.2359,0.0000,10.1514,70492.2
10333,130138.7353,128910.4994,1228.2359,0.0000,10.1514,70499.9
10334,130138.7353,128910.4994,1228.2359,0.0000,10.1514,70507.4
10335,130138.7353,128910.4994,1228.2359,0.0000,10.1514,70514.3
10336,130138.7353,128910.4994,1228.2359,0.0000,10.1514,70522.3
10337,130138.7353,128910.4994,1228.2359,0.0185,10.1811,70528.8
10338,130138.7353,128910.4994,1228.2359,0.0000,10.1811,70536.6
10339,130138.7353,128910.4994,1228.2359,0.0000,10.1811,70544.1
10340,130138.7353,128910.4994,1228.2359,0.0000,10.1811,70550.8
10341,130138.7353,128910.4994,1228.2359,0.0000,10.1811,70558.6
10342,130138.7353,128910.4994,1228.2359,0.0000,10.1811,70565.5
10343,130138.7353,128910.4994,1228.2359,0.0000,10.1811,70571.8
10344,130138.7353,128910.4994,1228.2359,0.0000,10.1811,70579.5
10345,130138.7353,128910.4994,1228.2359,0.0000,10.1811,70587.0
10346,130138.7353,128910.4994,1228.2359,0.0000,10.1811,70594.2
10347,130138.7353,128910.4994,1228.2359,0.0185,10.1385,70600.8
10348,130138.7353,128910.4994,1228.2359,0.0000,10.1385,70608.2
10349,130138.7353,128910.4994,1228.2359,0.0000,10.1385,70614.8
10350,130138.7353,128910.4994,1228.2359,0.0000,10.1385,70622.3
10351,130138.7353,128910.4994,1228.2359,0.0000,10.1385,70629.6
10352,130138.7353,128910.4994,1228.2359,0.0000,10.1385,70637.1
10353,130138.7353,128910.4994,1228.2359,0.0000,10.1385,70644.1
10354,130138.7353,128910.4994,1228.2359,0.0000,10.1385,70651.7
10355,130138.7353,128910.4994,1228.2359,0.0000,10.1385,70658.9
10356,130138.7353,128910.4994,1228.2359,0.0000,10.1385,70666.0
10357,130138.7353,128910.4994,1228.2359,0.0000,10.1385,70673.4
10358,130138.7353,128910.4994,1228.2359,0.0000,10.1385,70680.6
10359,130138.7353,128910.4994,1228.2359,0.0000,10.1385,70687.7
10360,130138.7353,128910.4994,1228.2359,0.0000,10.1385,70694.6
10361,130138.7353,128910.4994,1228.2359,0.0000,10.1385,70701.9
10362,130138.7353,128910.4994,1228.2359,0.0000,10.1385,70708.7
10363,130138.7353,128910.4994,1228.2359,0.0000,10.1385,70714.8
10364,130138.7353,128910.4994,1228.2359,0.0000,10.1385,70722.0
10365,130138.7353,128910.4994,1228.2359,0.0000,10.1385,70728.9
10366,130138.7353,128910.4994,1228.2359,0.0185,10.1416,70736.7
10367,130138.7353,128910.4994,1228.2359,0.0000,10.1416,70743.6
10368,130138.7353,128910.4994,1228.2359,0.0000,10.1416,70751.2
10369,130138.7353,128910.4994,1228.2359,0.0000,10.1416,70758.6
10370,130138.7353,128910.4994,1228.2359,0.0000,10.1416,70766.3
10371,130138.7353,128910.4994,1228.2359,0.0000,10.1416,70772.2
10372,130138.7353,128910.4994,1228.2359,0.0000,10.1416,70779.7
10373,130138.7353,128910.4994,1228.2359,0.0000,10.1416,70786.6
10374,130138.7353,128910.4994,1228.2359,0.0000,10.1416,70793.8
10375,130138.7353,128910.4994,1228.2359,0.0000,10.1416,70800.9
10376,130138.7353,128910.4994,1228.2359,0.0000,10.1416,70807.7
10377,130138.7353,128910.4994,1228.2359,0.0000,10.1416,70814.4
10378,130138.7353,128910.4994,1228.2359,0.0000,10.1416,70821.1
10379,130138.7353,128910.4994,1228.2359,0.0000,10.1416,70828.4
10380,130138.7353,128910.4994,1228.2359,0.0000,10.1416,70835.3
10381,130138.7353,128910.4994,1228.2359,0.0000,10.1416,70842.9
10382,130138.7353,128910.4994,1228.2359,0.0000,10.1416,70850.0
10383,130138.7353,128910.4994,1228.2359,0.0000,10.1416,70857.1
10384,130138.7353,128910.4994,1228.2359,0.0000,10.1416,70864.4
10385,130138.7353,128910.4994,1228.2359,0.0000,10.1416,70871.1
10386,130138.7353,128910.4994,1228.2359,0.0000,10.1416,70877.4
10387,130138.7353,128910.4994,1228.2359,0.0000,10.1416,70883.9
10388,130138.7353,128910.4994,1228.2359,0.0000,10.1416,70891.2
10389,130138.7353,128910.4994,1228.2359,0.0000,10.1416,70898.9
10390,130138.7353,128910.4994,1228.2359,0.0000,10.1416,70906.0
10391,130138.7353,128910.4994,1228.2359,0.0000,10.1416,70912.7
10392,130138.7353,128910.4994,1228.2359,0.0000,10.1416,70920.2
10393,130138.7353,128910.4994,1228.2359,0.0185,10.1577,70927.1
10394,130138.7353,128910.4994,1228.2359,0.0185,10.1711,70933.9
10395,130138.7353,128910.4994,1228.2359,0.0000,10.1711,70941.1
10396,130138.7353,128910.4994,1228.2359,0.0000,10.1711,70947.6
10397,130138.7353,128910.4994,1228.2359,0.0000,10.1711,70954.7
10398,130138.7353,128910.4994,1228.2359,0.0000,10.1711,70961.6
10399,130138.7353,128910.4994,1228.2359,0.0000,10.1711,70968.5
10400,130138.7353,128910.4994,1228.2359,0.0000,10.1711,70975.4
10401,130138.7353,128916.6685,1222.0668,0.0185,10.1635,70982.8
10402,130138.7353,128916.6685,1222.0668,0.0000,10.1635,70989.5
10403,130138.7353,128916.6685,1222.0668,0.0000,10.1635,70997.3
10404,130138.7353,128916.6685,1222.0668,0.0000,10.1635,71003.4
10405,130138.7353,128916.6685,1222.0668,0.0000,10.1635,71010.9
10406,130138.7353,128916.6685,1222.0668,0.0000,10.1635,71018.8
10407,130138.7353,128916.6685,1222.0668,0.0000,10.1635,71026.0
10408,130138.7353,128916.6685,1222.0668,0.0000,10.1635,71033.1
10409,130138.7353,128916.6685,1222.0668,0.0000,10.1635,71040.1
10410,130138.7353,128916.6685,1222.0668,0.0000,10.1635,71046.3
10411,130138.7353,128916.6685,1222.0668,0.0000,10.1635,71053.8
10412,130138.7353,128916.6685,1222.0668,0.0000,10.1635,71061.4
10413,130138.7353,128916.6685,1222.0668,0.0000,10.1635,71068.4
10414,130138.7353,128916.6685,1222.0668,0.0000,10.1635,71076.3
10415,130138.7353,128916.6685,1222.0668,0.0000,10.1635,71083.4
10416,130138.7353,128916.6685,1222.0668,0.0000,10.1635,71089.0
10417,130138.7353,128916.6685,1222.0668,0.0000,10.1635,71096.0
10418,130138.7353,128916.6685,1222.0668,0.0000,10.1635,71103.4
10419,130138.7353,128916.6685,1222.0668,0.0185,10.165,71110.5
10420,130138.7353,128916.6685,1222.0668,0.0000,10.165,71117.4
10421,130138.7353,128916.6685,1222.0668,0.0000,10.165,71125.0
10422,130138.7353,128916.6685,1222.0668,0.0000,10.165,71131.6
10423,130138.7353,128916.6685,1222.0668,0.0000,10.165,71139.5
10424,130138.7353,128916.6685,1222.0668,0.0000,10.165,71145.2
10425,130138.7353,128916.6685,1222.0668,0.0000,10.165,71151.9
10426,130138.7353,128916.6685,1222.0668,0.0000,10.165,71159.2
10427,130138.7353,128916.6685,1222.0668,0.0000,10.165,71165.9
10428,130138.7353,128916.6685,1222.0668,0.0000,10.165,71173.6
10429,130138.7353,128916.6685,1222.0668,0.0000,10.165,71181.5
10430,130138.7353,128916.6685,1222.0668,0.0000,10.165,71188.4
10431,130138.7353,128916.6685,1222.0668,0.0000,10.165,71195.5
10432,130138.7353,128916.6685,1222.0668,0.0000,10.165,71202.8
10433,130138.7353,128916.6685,1222.0668,0.0000,10.165,71210.2
10434,130138.7353,128916.6685,1222.0668,0.0000,10.165,71217.8
10435,130138.7353,128916.6685,1222.0668,0.0000,10.165,71225.5
10436,130138.7353,128916.6685,1222.0668,0.0000,10.165,71232.8
10437,130138.7353,128916.6685,1222.0668,0.0000,10.165,71240.7
10438,130138.7353,128916.6685,1222.0668,0.0185,10.1858,71247.4
10439,130138.7353,128916.6685,1222.0668,0.0000,10.1858,71254.4
10440,130138.7353,128916.6685,1222.0668,0.0000,10.1858,71261.3
10441,130138.7353,128916.6685,1222.0668,0.0000,10.1858,71268.1
10442,130138.7353,128916.6685,1222.0668,0.0000,10.1858,71274.9
10443,130138.7353,128916.6685,1222.0668,0.0000,10.1858,71281.8
10444,130138.7353,128916.6685,1222.0668,0.0000,10.1858,71289.7
10445,130138.7353,128916.6685,1222.0668,0.0000,10.1858,71297.0
10446,130138.7353,128916.6685,1222.0668,0.0000,10.1858,71304.3
10447,130138.7353,128916.6685,1222.0668,0.0000,10.1858,71311.5
10448,130138.7353,128916.6685,1222.0668,0.0000,10.1858,71319.0
10449,130138.7353,128916.6685,1222.0668,0.0185,10.1764,71326.2
10450,130138.7353,128916.6685,1222.0668,0.0000,10.1764,71333.1
10451,130138.7353,128916.6685,1222.0668,0.0000,10.1764,71340.5
10452,130138.7353,128916.6685,1222.0668,0.0000,10.1764,71347.8
10453,130138.7353,128916.6685,1222.0668,0.0000,10.1764,71354.4
10454,130138.7353,128916.6685,1222.0668,0.0185,10.1657,71362.3
10455,130138.7353,128916.6685,1222.0668,0.0000,10.1657,71369.9
10456,130138.7353,128916.6685,1222.0668,0.0000,10.1657,71377.0
10457,130138.7353,128916.6685,1222.0668,0.0000,10.1657,71383.7
10458,130138.7353,128935.5206,1203.2147,0.0185,10.1674,71391.1
10459,130138.7353,128935.5206,1203.2147,0.0000,10.1674,71397.3
10460,130138.7353,128935.5206,1203.2147,0.0000,10.1674,71404.9
10461,130138.7353,128935.5206,1203.2147,0.0000,10.1674,71412.1
10462,130138.7353,128935.5206,1203.2147,0.0000,10.1674,71418.6
10463,130138.7353,128935.5206,1203.2147,0.0000,10.1674,71426.1
10464,130138.7353,128946.3135,1192.4218,0.0185,10.1727,71432.8
10465,130138.7353,128946.3135,1192.4218,0.0000,10.1727,71439.6
10466,130138.7353,128946.3135,1192.4218,0.0000,10.1727,71446.8
10467,130138.7353,128946.3135,1192.4218,0.0185,10.1828,71454.4
10468,130138.7353,128946.3135,1192.4218,0.0000,10.1828,71462.0
10469,130138.7353,128946.3135,1192.4218,0.0000,10.1828,71468.9
10470,130138.7353,128946.3135,1192.4218,0.0000,10.1828,71476.3
10471,130138.7353,128946.3135,1192.4218,0.0000,10.1828,71483.4
10472,130138.7353,128946.3135,1192.4218,0.0185,10.1707,71490.3
10473,130138.7353,128946.3135,1192.4218,0.0000,10.1707,71497.2
10474,130138.7353,128946.3135,1192.4218,0.0000,10.1707,71503.7
10475,130138.7353,128946.3135,1192.4218,0.0000,10.1707,71512.3
10476,130138.7353,128946.3135,1192.4218,0.0000,10.1707,71519.9
10477,130138.7353,128946.3135,1192.4218,0.0000,10.1707,71527.8
10478,130138.7353,128946.3135,1192.4218,0.0000,10.1707,71535.2
10479,130138.7353,128946.3135,1192.4218,0.0000,10.1707,71542.6
10480,130138.7353,128946.3135,1192.4218,0.0000,10.1707,71550.0
10481,130138.7353,128946.3135,1192.4218,0.0000,10.1707,71557.4
10482,130138.7353,128946.3135,1192.4218,0.0000,10.1707,71564.6
10483,130138.7353,128946.3135,1192.4218,0.0000,10.1707,71572.8
10484,130138.7353,128946.3135,1192.4218,0.0185,10.1699,71579.6
10485,130138.7353,128946.3135,1192.4218,0.0000,10.1699,71586.5
10486,130138.7353,128946.3135,1192.4218,0.0000,10.1699,71594.3
10487,130138.7353,128946.3135,1192.4218,0.0185,10.173,71600.8
10488,130138.7353,128946.3135,1192.4218,0.0000,10.173,71607.8
10489,130138.7353,128946.3135,1192.4218,0.0185,10.2039,71614.7
10490,130138.7353,128946.3135,1192.4218,0.0000,10.2039,71622.1
10491,130138.7353,128946.3135,1192.4218,0.0000,10.2039,71629.2
10492,130138.7353,128946.3135,1192.4218,0.0000,10.2039,71636.6
10493,130138.7353,128946.3135,1192.4218,0.0000,10.2039,71643.1
10494,130138.7353,128946.3135,1192.4218,0.0000,10.2039,71650.4
10495,130138.7353,128946.3135,1192.4218,0.0000,10.2039,71657.9
10496,130138.7353,128946.3135,1192.4218,0.0000,10.2039,71665.5
10497,130138.7353,128946.3135,1192.4218,0.0000,10.2039,71673.2
10498,130138.7353,128946.3135,1192.4218,0.0000,10.2039,71680.3
10499,130138.7353,128946.3135,1192.4218,0.0000,10.2039,71687.0
10500,130138.7353,128946.3135,1192.4218,0.0370,10.1636,71694.5
10501,130138.7353,128946.3135,1192.4218,0.0000,10.1636,71701.5
10502,130138.7353,128946.3135,1192.4218,0.0000,10.1636,71707.7
10503,130138.7353,128946.3135,1192.4218,0.0000,10.1636,71714.0
10504,130138.7353,128946.3135,1192.4218,0.0185,10.035,71721.1
10505,130138.7353,128946.3135,1192.4218,0.0000,10.035,71727.4
10506,130138.7353,128946.3135,1192.4218,0.0000,10.035,71735.0
10507,130138.7353,128946.3135,1192.4218,0.0000,10.035,71741.9
10508,130138.7353,128946.3135,1192.4218,0.0000,10.035,71749.7
10509,130138.7353,128946.3135,1192.4218,0.0000,10.035,71756.6
10510,130138.7353,128946.3135,1192.4218,0.0000,10.035,71764.7
10511,130138.7353,128946.3135,1192.4218,0.0185,10.0307,71772.1
10512,130138.7353,128946.3135,1192.4218,0.0000,10.0307,71778.8
10513,130138.7353,128946.3135,1192.4218,0.0000,10.0307,71786.1
10514,130138.7353,128946.3135,1192.4218,0.0000,10.0307,71794.0
10515,130138.7353,128946.3135,1192.4218,0.0000,10.0307,71802.2
10516,130138.7353,128946.3135,1192.4218,0.0000,10.0307,71809.6
10517,130138.7353,128946.3135,1192.4218,0.0000,10.0307,71816.7
10518,130138.7353,128946.3135,1192.4218,0.0000,10.0307,71824.0
10519,130138.7353,128946.3135,1192.4218,0.0000,10.0307,71831.4
10520,130138.7353,128946.3135,1192.4218,0.0185,10.0151,71838.5
10521,130138.7353,128946.3135,1192.4218,0.0000,10.0151,71844.6
10522,130138.7353,128946.3135,1192.4218,0.0000,10.0151,71851.3
10523,130138.7353,128946.3135,1192.4218,0.0000,10.0151,71858.5
10524,130138.7353,128946.3135,1192.4218,0.0000,10.0151,71866.0
10525,130138.7353,128946.3135,1192.4218,0.0000,10.0151,71873.5
10526,130138.7353,128946.3135,1192.4218,0.0000,10.0151,71881.0
10527,130138.7353,128946.3135,1192.4218,0.0000,10.0151,71887.7
10528,130138.7353,128946.3135,1192.4218,0.0000,10.0151,71895.0
10529,130138.7353,128946.3135,1192.4218,0.0000,10.0151,71902.0
10530,130138.7353,128946.3135,1192.4218,0.0000,10.0151,71908.6
10531,130138.7353,128946.3135,1192.4218,0.0000,10.0151,71915.4
10532,130138.7353,128946.3135,1192.4218,0.0000,10.0151,71922.2
10533,130138.7353,128946.3135,1192.4218,0.0000,10.0151,71929.7
10534,130138.7353,128946.3135,1192.4218,0.0000,10.0151,71936.2
10535,130138.7353,128946.3135,1192.4218,0.0000,10.0151,71943.1
10536,130138.7353,128946.3135,1192.4218,0.0000,10.0151,71950.1
10537,130138.7353,128946.3135,1192.4218,0.0000,10.0151,71957.9
10538,130138.7353,128946.3135,1192.4218,0.0000,10.0151,71964.7
10539,130138.7353,128946.3135,1192.4218,0.0000,10.0151,71971.6
10540,130138.7353,128946.3135,1192.4218,0.0000,10.0151,71978.1
10541,130138.7353,128946.3135,1192.4218,0.0000,10.0151,71984.8
10542,130138.7353,128946.3135,1192.4218,0.0000,10.0151,71992.5
10543,130138.7353,128946.3135,1192.4218,0.0185,9.98235,71999.3
10544,130138.7353,128946.3135,1192.4218,0.0370,9.97968,72005.6
10545,130138.7353,128946.3135,1192.4218,0.0000,9.97968,72012.2
10546,130138.7353,128946.3135,1192.4218,0.0000,9.97968,72020.0
10547,130138.7353,128946.3135,1192.4218,0.0000,9.97968,72026.9
10548,130138.7353,128946.3135,1192.4218,0.0000,9.97968,72034.3
10549,130138.7353,128946.3135,1192.4218,0.0000,9.97968,72040.8
10550,130138.7353,128946.3135,1192.4218,0.0000,9.97968,72048.2
10551,130138.7353,128946.3135,1192.4218,0.0000,9.97968,72055.2
10552,130138.7353,128946.3135,1192.4218,0.0185,10.0565,72062.3
10553,130138.7353,128946.3135,1192.4218,0.0185,9.97774,72069.6
10554,130138.7353,128946.3135,1192.4218,0.0000,9.97774,72076.9
10555,130138.7353,128946.3135,1192.4218,0.0000,9.97774,72083.1
10556,130138.7353,128946.3135,1192.4218,0.0000,9.97774,72090.9
10557,130138.7353,128946.3135,1192.4218,0.0000,9.97774,72098.1
10558,130138.7353,128946.3135,1192.4218,0.0000,9.97774,72105.1
10559,130138.7353,128946.3135,1192.4218,0.0000,9.97774,72112.4
10560,130138.7353,128946.3135,1192.4218,0.0000,9.97774,72119.4
10561,130138.7353,128946.3135,1192.4218,0.0000,9.97774,72125.7
10562,130138.7353,128946.3135,1192.4218,0.0000,9.97774,72132.7
10563,130138.7353,128946.3135,1192.4218,0.0000,9.97774,72139.3
10564,130138.7353,128946.3135,1192.4218,0.0000,9.97774,72146.0
10565,130138.7353,128946.3135,1192.4218,0.0000,9.97774,72153.8
10566,130138.7353,128946.3135,1192.4218,0.0000,9.97774,72160.6
10567,130138.7353,128946.3135,1192.4218,0.0000,9.97774,72166.7
10568,130138.7353,128946.3135,1192.4218,0.0000,9.97774,72173.6
10569,130138.7353,128946.3135,1192.4218,0.0000,9.97774,72181.0
10570,130138.7353,128946.3135,1192.4218,0.0000,9.97774,72188.8
10571,130138.7353,128946.3135,1192.4218,0.0000,9.97774,72195.5
10572,130138.7353,128946.3135,1192.4218,0.0000,9.97774,72203.1
10573,130138.7353,128946.3135,1192.4218,0.0000,9.97774,72209.6
10574,130138.7353,128946.3135,1192.4218,0.0000,9.97774,72216.7
10575,130138.7353,128946.3135,1192.4218,0.0000,9.97774,72223.0
10576,130138.7353,128946.3135,1192.4218,0.0000,9.97774,72229.8
10577,130138.7353,128946.3135,1192.4218,0.0000,9.97774,72237.0
10578,130138.7353,128946.3135,1192.4218,0.0000,9.97774,72244.3
10579,130138.7353,128946.3135,1192.4218,0.0000,9.97774,72251.1
10580,130138.7353,128946.3135,1192.4218,0.0000,9.97774,72258.1
10581,130138.7353,128946.3135,1192.4218,0.0000,9.97774,72265.7
10582,130138.7353,128946.3135,1192.4218,0.0000,9.97774,72272.6
10583,130138.7353,128946.3135,1192.4218,0.0370,9.99705,72279.4
10584,130138.7353,128946.3135,1192.4218,0.0000,9.99705,72286.7
10585,130138.7353,128946.3135,1192.4218,0.0185,9.99483,72294.0
10586,130138.7353,128946.3135,1192.4218,0.0000,9.99483,72300.9
10587,130138.7353,128946.3135,1192.4218,0.0000,9.99483,72308.0
10588,130138.7353,128946.3135,1192.4218,0.0000,9.99483,72315.2
10589,130138.7353,128946.3135,1192.4218,0.0000,9.99483,72322.9
10590,130138.7353,128946.3135,1192.4218,0.0000,9.99483,72329.9
10591,130138.7353,128946.3135,1192.4218,0.0000,9.99483,72336.8
10592,130138.7353,128946.3135,1192.4218,0.0000,9.99483,72342.8
10593,130138.7353,128946.3135,1192.4218,0.0000,9.99483,72349.6
10594,130138.7353,128946.3135,1192.4218,0.0000,9.99483,72356.9
10595,130138.7353,128946.3135,1192.4218,0.0000,9.99483,72364.6
10596,130138.7353,128946.3135,1192.4218,0.0000,9.99483,72371.8
10597,130138.7353,128946.3135,1192.4218,0.0000,9.99483,72378.2
10598,130138.7353,128946.3135,1192.4218,0.0000,9.99483,72384.6
10599,130138.7353,128946.3135,1192.4218,0.0000,9.99483,72391.8
10600,130138.7353,128946.3135,1192.4218,0.0000,9.99483,72398.8
10601,130138.7353,128946.3135,1192.4218,0.0000,9.99483,72405.8
10602,130138.7353,128946.3135,1192.4218,0.0000,9.99483,72413.3
10603,130138.7353,128946.3135,1192.4218,0.0185,9.99812,72420.4
10604,130138.7353,128946.3135,1192.4218,0.0000,9.99812,72427.6
10605,130138.7353,128946.3135,1192.4218,0.0000,9.99812,72434.4
10606,130138.7353,128946.3135,1192.4218,0.0000,9.99812,72440.6
10607,130138.7353,128946.3135,1192.4218,0.0000,9.99812,72447.8
10608,130138.7353,128946.3135,1192.4218,0.0000,9.99812,72455.4
10609,130138.7353,128946.3135,1192.4218,0.0000,9.99812,72462.2
10610,130138.7353,128946.3135,1192.4218,0.0000,9.99812,72469.7
10611,130138.7353,128946.3135,1192.4218,0.0185,9.96407,72477.0
10612,130138.7353,128946.3135,1192.4218,0.0000,9.96407,72484.1
10613,130138.7353,128946.3135,1192.4218,0.0000,9.96407,72490.9
10614,130138.7353,128946.3135,1192.4218,0.0000,9.96407,72497.3
10615,130138.7353,128946.3135,1192.4218,0.0000,9.96407,72503.7
10616,130138.7353,128946.3135,1192.4218,0.0000,9.96407,72511.1
10617,130138.7353,128946.3135,1192.4218,0.0000,9.96407,72518.2
10618,130138.7353,128946.3135,1192.4218,0.0000,9.96407,72524.4
10619,130138.7353,128946.3135,1192.4218,0.0000,9.96407,72531.2
10620,130138.7353,128946.3135,1192.4218,0.0000,9.96407,72538.6
10621,130138.7353,128946.3135,1192.4218,0.0000,9.96407,72546.1
10622,130138.7353,128946.3135,1192.4218,0.0000,9.96407,72553.4
10623,130138.7353,128946.3135,1192.4218,0.0000,9.96407,72561.0
10624,130138.7353,128946.3135,1192.4218,0.0000,9.96407,72568.3
10625,130138.7353,128946.3135,1192.4218,0.0000,9.96407,72575.4
10626,130138.7353,128946.3135,1192.4218,0.0000,9.96407,72582.8
10627,130138.7353,128946.3135,1192.4218,0.0000,9.96407,72589.8
10628,130138.7353,128946.3135,1192.4218,0.0000,9.96407,72597.2
10629,130138.7353,128946.3135,1192.4218,0.0000,9.96407,72603.6
10630,130138.7353,128946.3135,1192.4218,0.0000,9.96407,72610.8
10631,130138.7353,128946.3135,1192.4218,0.0000,9.96407,72618.5
10632,130138.7353,128946.3135,1192.4218,0.0000,9.96407,72625.2
10633,130138.7353,128946.3135,1192.4218,0.0000,9.96407,72632.5
10634,130138.7353,128946.3135,1192.4218,0.0000,9.96407,72639.9
10635,130138.7353,128946.3135,1192.4218,0.0000,9.96407,72646.9
10636,130138.7353,128946.3135,1192.4218,0.0000,9.96407,72653.9
10637,130138.7353,128946.3135,1192.4218,0.0000,9.96407,72661.4
10638,130138.7353,128946.3135,1192.4218,0.0000,9.96407,72668.8
10639,130138.7353,128946.3135,1192.4218,0.0000,9.96407,72675.0
10640,130138.7353,128946.3135,1192.4218,0.0000,9.96407,72682.1
10641,130138.7353,128946.3135,1192.4218,0.0000,9.96407,72689.1
10642,130138.7353,128946.3135,1192.4218,0.0000,9.96407,72696.1
10643,130138.7353,128946.3135,1192.4218,0.0000,9.96407,72702.9
10644,130138.7353,128946.3135,1192.4218,0.0185,9.97558,72710.2
10645,130138.7353,128946.3135,1192.4218,0.0000,9.97558,72717.0
10646,130138.7353,128946.3135,1192.4218,0.0000,9.97558,72723.9
10647,130138.7353,128946.3135,1192.4218,0.0000,9.97558,72731.2
10648,130138.7353,128946.3135,1192.4218,0.0000,9.97558,72737.7
10649,130138.7353,128946.3135,1192.4218,0.0000,9.97558,72744.1
10650,130138.7353,128946.3135,1192.4218,0.0000,9.97558,72751.1
10651,130138.7353,128946.3135,1192.4218,0.0000,9.97558,72757.9
10652,130138.7353,128946.3135,1192.4218,0.0000,9.97558,72765.7
10653,130138.7353,128946.3135,1192.4218,0.0000,9.97558,72772.4
10654,130138.7353,128946.3135,1192.4218,0.0000,9.97558,72780.0
10655,130138.7353,128946.3135,1192.4218,0.0000,9.97558,72787.1
10656,130138.7353,128946.3135,1192.4218,0.0000,9.97558,72794.2
10657,130138.7353,128946.3135,1192.4218,0.0000,9.97558,72801.7
10658,130138.7353,128946.3135,1192.4218,0.0185,9.97651,72808.4
10659,130138.7353,128946.3135,1192.4218,0.0000,9.97651,72815.3
10660,130138.7353,128946.3135,1192.4218,0.0000,9.97651,72823.0
10661,130138.7353,128946.3135,1192.4218,0.0000,9.97651,72830.3
10662,130138.7353,128946.3135,1192.4218,0.0000,9.97651,72837.7
10663,130138.7353,128946.3135,1192.4218,0.0000,9.97651,72844.2
10664,130138.7353,128946.3135,1192.4218,0.0000,9.97651,72851.0
10665,130138.7353,128946.3135,1192.4218,0.0000,9.97651,72857.2
10666,130138.7353,128946.3135,1192.4218,0.0000,9.97651,72864.3
10667,130138.7353,128946.3135,1192.4218,0.0000,9.97651,72872.0
10668,130138.7353,128946.3135,1192.4218,0.0000,9.97651,72878.3
10669,130138.7353,128946.3135,1192.4218,0.0000,9.97651,72885.4
10670,130138.7353,128946.3135,1192.4218,0.0000,9.97651,72892.5
10671,130138.7353,128946.3135,1192.4218,0.0000,9.97651,72899.3
10672,130138.7353,128946.3135,1192.4218,0.0000,9.97651,72907.3
10673,130138.7353,128946.3135,1192.4218,0.0000,9.97651,72914.3
10674,130138.7353,128946.3135,1192.4218,0.0185,9.98262,72921.8
10675,130138.7353,128946.3135,1192.4218,0.0000,9.98262,72928.8
10676,130138.7353,128946.3135,1192.4218,0.0000,9.98262,72936.3
10677,130138.7353,128946.3135,1192.4218,0.0000,9.98262,72943.7
10678,130138.7353,128946.3135,1192.4218,0.0000,9.98262,72951.9
10679,130138.7353,128946.3135,1192.4218,0.0000,9.98262,72959.0
10680,130138.7353,128946.3135,1192.4218,0.0000,9.98262,72966.6
10681,130138.7353,128946.3135,1192.4218,0.0000,9.98262,72973.5
10682,130138.7353,128946.3135,1192.4218,0.0000,9.98262,72979.8
10683,130138.7353,128946.3135,1192.4218,0.0000,9.98262,72987.5
10684,130138.7353,128946.3135,1192.4218,0.0000,9.98262,72994.8
10685,130138.7353,128946.3135,1192.4218,0.0000,9.98262,73002.0
10686,130138.7353,128946.3135,1192.4218,0.0000,9.98262,73008.5
10687,130138.7353,128946.3135,1192.4218,0.0000,9.98262,73015.2
10688,130138.7353,128946.3135,1192.4218,0.0000,9.98262,73023.0
10689,130138.7353,128946.3135,1192.4218,0.0000,9.98262,73030.5
10690,130138.7353,128946.3135,1192.4218,0.0000,9.98262,73037.7
10691,130138.7353,128946.3135,1192.4218,0.0000,9.98262,73044.2
10692,130138.7353,128946.3135,1192.4218,0.0000,9.98262,73050.8
10693,130138.7353,128946.3135,1192.4218,0.0000,9.98262,73057.7
10694,130138.7353,128946.3135,1192.4218,0.0000,9.98262,73064.8
10695,130138.7353,128946.3135,1192.4218,0.0000,9.98262,73071.1
10696,130138.7353,128946.3135,1192.4218,0.0000,9.98262,73077.8
10697,130138.7353,128946.3135,1192.4218,0.0000,9.98262,73084.9
10698,130138.7353,128946.3135,1192.4218,0.0000,9.98262,73092.3
10699,130138.7353,128946.3135,1192.4218,0.0000,9.98262,73099.2
10700,130138.7353,128946.3135,1192.4218,0.0000,9.98262,73105.9
10701,130138.7353,128946.3135,1192.4218,0.0000,9.98262,73112.8
10702,130138.7353,128946.3135,1192.4218,0.0185,9.97748,73119.4
10703,130138.7353,128946.3135,1192.4218,0.0000,9.97748,73126.3
10704,130138.7353,128946.3135,1192.4218,0.0000,9.97748,73133.9
10705,130138.7353,128946.3135,1192.4218,0.0000,9.97748,73140.4
10706,130138.7353,128946.3135,1192.4218,0.0185,10.1321,73148.2
10707,130138.7353,128946.3135,1192.4218,0.0000,10.1321,73155.1
10708,130138.7353,128946.3135,1192.4218,0.0000,10.1321,73162.4
10709,130138.7353,128946.3135,1192.4218,0.0000,10.1321,73169.8
10710,130138.7353,128946.3135,1192.4218,0.0000,10.1321,73176.9
10711,130138.7353,128946.3135,1192.4218,0.0000,10.1321,73184.4
10712,130138.7353,128946.3135,1192.4218,0.0000,10.1321,73191.8
10713,130138.7353,128946.3135,1192.4218,0.0185,10.1359,73198.2
10714,130138.7353,128946.3135,1192.4218,0.0000,10.1359,73204.1
10715,130138.7353,128946.3135,1192.4218,0.0000,10.1359,73211.1
10716,130138.7353,128946.3135,1192.4218,0.0185,10.1255,73217.8
10717,130138.7353,128946.3135,1192.4218,0.0000,10.1255,73225.4
10718,130138.7353,128946.3135,1192.4218,0.0000,10.1255,73232.4
10719,130138.7353,128946.3135,1192.4218,0.0000,10.1255,73240.1
10720,130138.7353,128946.3135,1192.4218,0.0000,10.1255,73247.6
10721,130138.7353,128946.3135,1192.4218,0.0000,10.1255,73254.2
10722,130138.7353,128946.3135,1192.4218,0.0000,10.1255,73261.4
10723,130138.7353,128946.3135,1192.4218,0.0000,10.1255,73268.6
10724,130138.7353,128946.3135,1192.4218,0.0000,10.1255,73275.2
10725,130138.7353,128946.3135,1192.4218,0.0000,10.1255,73282.3
10726,130138.7353,128946.3135,1192.4218,0.0000,10.1255,73289.2
10727,130138.7353,128946.3135,1192.4218,0.0000,10.1255,73296.8
10728,130138.7353,128946.3135,1192.4218,0.0000,10.1255,73303.9
10729,130138.7353,128946.3135,1192.4218,0.0000,10.1255,73311.2
10730,130138.7353,128946.3135,1192.4218,0.0000,10.1255,73318.5
10731,130138.7353,128946.3135,1192.4218,0.0000,10.1255,73326.1
10732,130138.7353,128946.3135,1192.4218,0.0000,10.1255,73333.2
10733,130138.7353,128946.3135,1192.4218,0.0000,10.1255,73340.7
10734,130138.7353,128946.3135,1192.4218,0.0000,10.1255,73348.2
10735,130138.7353,128946.3135,1192.4218,0.0000,10.1255,73355.8
10736,130138.7353,128946.3135,1192.4218,0.0000,10.1255,73363.6
10737,130138.7353,128946.3135,1192.4218,0.0000,10.1255,73370.6
10738,130138.7353,128946.3135,1192.4218,0.0000,10.1255,73377.2
10739,130138.7353,128946.3135,1192.4218,0.0185,10.0662,73384.2
10740,130138.7353,128946.3135,1192.4218,0.0000,10.0662,73392.0
10741,130138.7353,128946.3135,1192.4218,0.0000,10.0662,73398.9
10742,130138.7353,128946.3135,1192.4218,0.0000,10.0662,73406.2
10743,130138.7353,128946.3135,1192.4218,0.0000,10.0662,73412.8
10744,130138.7353,128946.3135,1192.4218,0.0000,10.0662,73420.2
10745,130138.7353,128946.3135,1192.4218,0.0000,10.0662,73427.8
10746,130138.7353,128946.3135,1192.4218,0.0000,10.0662,73435.5
10747,130138.7353,128946.3135,1192.4218,0.0000,10.0662,73442.2
10748,130138.7353,128946.3135,1192.4218,0.0000,10.0662,73449.2
10749,130138.7353,128946.3135,1192.4218,0.0000,10.0662,73457.3
10750,130138.7353,128946.3135,1192.4218,0.0000,10.0662,73464.4
10751,130138.7353,128946.3135,1192.4218,0.0185,10.0709,73472.0
10752,130138.7353,128946.3135,1192.4218,0.0000,10.0709,73478.7
10753,130138.7353,128946.3135,1192.4218,0.0000,10.0709,73485.1
10754,130138.7353,128946.3135,1192.4218,0.0000,10.0709,73492.3
10755,130138.7353,128946.3135,1192.4218,0.0000,10.0709,73500.1
10756,130138.7353,128946.3135,1192.4218,0.0000,10.0709,73507.6
10757,130138.7353,128946.3135,1192.4218,0.0000,10.0709,73514.6
10758,130138.7353,128946.3135,1192.4218,0.0000,10.0709,73522.2
10759,130138.7353,128946.3135,1192.4218,0.0000,10.0709,73528.4
10760,130138.7353,128946.3135,1192.4218,0.0000,10.0709,73535.3
10761,130138.7353,128946.3135,1192.4218,0.0000,10.0709,73541.8
10762,130138.7353,128946.3135,1192.4218,0.0000,10.0709,73549.8
10763,130138.7353,128946.3135,1192.4218,0.0000,10.0709,73556.8
10764,130138.7353,128946.3135,1192.4218,0.0000,10.0709,73563.9
10765,130138.7353,128946.3135,1192.4218,0.0000,10.0709,73571.6
10766,130138.7353,128946.3135,1192.4218,0.0000,10.0709,73579.3
10767,130138.7353,128946.3135,1192.4218,0.0000,10.0709,73587.3
10768,130138.7353,128946.3135,1192.4218,0.0000,10.0709,73594.5
10769,130138.7353,128946.3135,1192.4218,0.0000,10.0709,73601.4
10770,130138.7353,128946.3135,1192.4218,0.0000,10.0709,73609.2
10771,130138.7353,128946.3135,1192.4218,0.0000,10.0709,73616.3
10772,130138.7353,128946.3135,1192.4218,0.0000,10.0709,73623.0
10773,130138.7353,128946.3135,1192.4218,0.0000,10.0709,73629.1
10774,130138.7353,128946.3135,1192.4218,0.0000,10.0709,73636.7
10775,130138.7353,128946.3135,1192.4218,0.0000,10.0709,73643.4
10776,130138.7353,128946.3135,1192.4218,0.0000,10.0709,73651.1
10777,130138.7353,128946.3135,1192.4218,0.0000,10.0709,73658.2
10778,130138.7353,128946.3135,1192.4218,0.0000,10.0709,73665.7
10779,130138.7353,128946.3135,1192.4218,0.0000,10.0709,73672.8
10780,130138.7353,128946.3135,1192.4218,0.0000,10.0709,73680.3
10781,130138.7353,128946.3135,1192.4218,0.0185,10.0712,73687.1
10782,130138.7353,128946.3135,1192.4218,0.0000,10.0712,73693.9
10783,130138.7353,128946.3135,1192.4218,0.0000,10.0712,73700.8
10784,130138.7353,128946.3135,1192.4218,0.0000,10.0712,73708.3
10785,130138.7353,128946.3135,1192.4218,0.0000,10.0712,73715.3
10786,130138.7353,128946.3135,1192.4218,0.0000,10.0712,73722.0
10787,130138.7353,128946.3135,1192.4218,0.0000,10.0712,73729.5
10788,130138.7353,128946.3135,1192.4218,0.0000,10.0712,73736.1
10789,130138.7353,128946.3135,1192.4218,0.0000,10.0712,73743.0
10790,130138.7353,128946.3135,1192.4218,0.0000,10.0712,73751.0
10791,130138.7353,128946.3135,1192.4218,0.0000,10.0712,73758.6
10792,130138.7353,128946.3135,1192.4218,0.0000,10.0712,73766.2
10793,130138.7353,129001.9323,1136.8030,0.0370,10.1267,73773.1
10794,130138.7353,129001.9323,1136.8030,0.0000,10.1267,73780.2
10795,130138.7353,129001.9323,1136.8030,0.0000,10.1267,73787.6
10796,130138.7353,129001.9323,1136.8030,0.0000,10.1267,73794.6
10797,130138.7353,129001.9323,1136.8030,0.0000,10.1267,73801.2
10798,130138.7353,129001.9323,1136.8030,0.0000,10.1267,73808.1
10799,130138.7353,129001.9323,1136.8030,0.0185,10.1209,73815.1
10800,130138.7353,129001.9323,1136.8030,0.0000,10.1209,73822.6
10801,130138.7353,129001.9323,1136.8030,0.0000,10.1209,73829.6
10802,130138.7353,129001.9323,1136.8030,0.0185,10.1579,73836.8
10803,130138.7353,129001.9323,1136.8030,0.0000,10.1579,73843.9
10804,130138.7353,129001.9323,1136.8030,0.0000,10.1579,73851.8
10805,130138.7353,129001.9323,1136.8030,0.0000,10.1579,73859.5
10806,130138.7353,129001.9323,1136.8030,0.0000,10.1579,73866.2
10807,130138.7353,129001.9323,1136.8030,0.0000,10.1579,73873.8
10808,130138.7353,129001.9323,1136.8030,0.0000,10.1579,73880.6
10809,130138.7353,129001.9323,1136.8030,0.0000,10.1579,73887.6
10810,130138.7353,129001.9323,1136.8030,0.0185,10.1623,73894.2
10811,130138.7353,129001.9323,1136.8030,0.0000,10.1623,73901.4
10812,130138.7353,129001.9323,1136.8030,0.0000,10.1623,73909.1
10813,130138.7353,129001.9323,1136.8030,0.0000,10.1623,73915.8
10814,130138.7353,129001.9323,1136.8030,0.0000,10.1623,73922.9
10815,130138.7353,129001.9323,1136.8030,0.0000,10.1623,73930.6
10816,130138.7353,129001.9323,1136.8030,0.0000,10.1623,73936.9
10817,130138.7353,129001.9323,1136.8030,0.0000,10.1623,73944.1
10818,130138.7353,129001.9323,1136.8030,0.0000,10.1623,73951.6
10819,130138.7353,129001.9323,1136.8030,0.0000,10.1623,73959.5
10820,130138.7353,129001.9323,1136.8030,0.0000,10.1623,73966.4
10821,130138.7353,129001.9323,1136.8030,0.0000,10.1623,73973.7
10822,130138.7353,129001.9323,1136.8030,0.0000,10.1623,73980.4
10823,130138.7353,129001.9323,1136.8030,0.0000,10.1623,73987.0
10824,130138.7353,129001.9323,1136.8030,0.0000,10.1623,73994.4
10825,130138.7353,129001.9323,1136.8030,0.0000,10.1623,74001.5
10826,130138.7353,129001.9323,1136.8030,0.0000,10.1623,74009.5
10827,130138.7353,129001.9323,1136.8030,0.0000,10.1623,74016.5
10828,130138.7353,129001.9323,1136.8030,0.0000,10.1623,74023.6
10829,130138.7353,129001.9323,1136.8030,0.0000,10.1623,74031.1
10830,130138.7353,129001.9323,1136.8030,0.0000,10.1623,74037.7
10831,130138.7353,129001.9323,1136.8030,0.0000,10.1623,74045.1
10832,130138.7353,129001.9323,1136.8030,0.0000,10.1623,74052.1
10833,130138.7353,129001.9323,1136.8030,0.0000,10.1623,74059.0
10834,130138.7353,129001.9323,1136.8030,0.0000,10.1623,74065.3
10835,130138.7353,129001.9323,1136.8030,0.0000,10.1623,74072.8
10836,130138.7353,129001.9323,1136.8030,0.0185,10.187,74079.5
10837,130138.7353,129001.9323,1136.8030,0.0000,10.187,74085.8
10838,130138.7353,129001.9323,1136.8030,0.0000,10.187,74092.7
10839,130138.7353,129001.9323,1136.8030,0.0000,10.187,74100.2
10840,130138.7353,129001.9323,1136.8030,0.0000,10.187,74107.6
10841,130138.7353,129001.9323,1136.8030,0.0000,10.187,74115.5
10842,130138.7353,129001.9323,1136.8030,0.0185,10.1768,74122.6
10843,130138.7353,129001.9323,1136.8030,0.0000,10.1768,74129.6
10844,130138.7353,129001.9323,1136.8030,0.0000,10.1768,74136.6
10845,130138.7353,129001.9323,1136.8030,0.0000,10.1768,74145.3
10846,130138.7353,129001.9323,1136.8030,0.0185,10.16,74151.9
10847,130138.7353,129001.9323,1136.8030,0.0000,10.16,74158.3
10848,130138.7353,129001.9323,1136.8030,0.0000,10.16,74164.9
10849,130138.7353,129001.9323,1136.8030,0.0000,10.16,74172.0
10850,130138.7353,129001.9323,1136.8030,0.0000,10.16,74179.1
10851,130138.7353,129001.9323,1136.8030,0.0000,10.16,74186.2
10852,130138.7353,129001.9323,1136.8030,0.0000,10.16,74193.1
10853,130138.7353,129001.9323,1136.8030,0.0000,10.16,74200.1
10854,130138.7353,129001.9323,1136.8030,0.0000,10.16,74206.9
10855,130138.7353,129001.9323,1136.8030,0.0000,10.16,74214.0
10856,130138.7353,129001.9323,1136.8030,0.0000,10.16,74221.0
10857,130138.7353,129001.9323,1136.8030,0.0000,10.16,74228.3
10858,130138.7353,129001.9323,1136.8030,0.0000,10.16,74235.2
10859,130138.7353,129001.9323,1136.8030,0.0185,10.1643,74242.3
10860,130138.7353,129001.9323,1136.8030,0.0000,10.1643,74249.3
10861,130138.7353,129001.9323,1136.8030,0.0000,10.1643,74255.9
10862,130138.7353,129001.9323,1136.8030,0.0000,10.1643,74263.3
10863,130138.7353,129001.9323,1136.8030,0.0000,10.1643,74271.2
10864,130138.7353,129001.9323,1136.8030,0.0000,10.1643,74278.1
10865,130138.7353,129001.9323,1136.8030,0.0000,10.1643,74285.0
10866,130138.7353,129001.9323,1136.8030,0.0000,10.1643,74291.9
10867,130138.7353,129001.9323,1136.8030,0.0000,10.1643,74298.8
10868,130138.7353,129001.9323,1136.8030,0.0000,10.1643,74305.2
10869,130138.7353,129001.9323,1136.8030,0.0000,10.1643,74311.8
10870,130138.7353,129001.9323,1136.8030,0.0000,10.1643,74318.9
10871,130138.7353,129001.9323,1136.8030,0.0000,10.1643,74325.4
10872,130138.7353,129001.9323,1136.8030,0.0185,10.1779,74332.9
10873,130138.7353,129001.9323,1136.8030,0.0000,10.1779,74340.1
10874,130138.7353,129001.9323,1136.8030,0.0000,10.1779,74347.7
10875,130138.7353,129001.9323,1136.8030,0.0185,10.1715,74355.2
10876,130138.7353,129001.9323,1136.8030,0.0185,10.1727,74362.6
10877,130138.7353,129001.9323,1136.8030,0.0000,10.1727,74369.9
10878,130138.7353,129001.9323,1136.8030,0.0000,10.1727,74377.5
10879,130138.7353,129001.9323,1136.8030,0.0000,10.1727,74385.1
10880,130138.7353,129001.9323,1136.8030,0.0185,10.1362,74392.6
10881,130138.7353,129001.9323,1136.8030,0.0000,10.1362,74398.9
10882,130138.7353,129001.9323,1136.8030,0.0000,10.1362,74406.1
10883,130138.7353,129001.9323,1136.8030,0.0000,10.1362,74413.3
10884,130138.7353,129001.9323,1136.8030,0.0000,10.1362,74420.0
10885,130138.7353,129001.9323,1136.8030,0.0000,10.1362,74426.2
10886,130138.7353,129001.9323,1136.8030,0.0000,10.1362,74432.9
10887,130138.7353,129001.9323,1136.8030,0.0000,10.1362,74440.2
10888,130138.7353,129001.9323,1136.8030,0.0000,10.1362,74448.3
10889,130138.7353,129001.9323,1136.8030,0.0000,10.1362,74454.4
10890,130138.7353,129001.9323,1136.8030,0.0000,10.1362,74461.6
10891,130138.7353,129001.9323,1136.8030,0.0185,10.2888,74468.8
10892,130138.7353,129001.9323,1136.8030,0.0000,10.2888,74474.8
10893,130138.7353,129001.9323,1136.8030,0.0000,10.2888,74481.8
10894,130138.7353,129001.9323,1136.8030,0.0185,10.2724,74488.3
10895,130138.7353,129001.9323,1136.8030,0.0185,10.2119,74495.0
10896,130138.7353,129001.9323,1136.8030,0.0000,10.2119,74502.5
10897,130138.7353,129001.9323,1136.8030,0.0000,10.2119,74509.4
10898,130138.7353,129001.9323,1136.8030,0.0000,10.2119,74515.9
10899,130138.7353,129001.9323,1136.8030,0.0000,10.2119,74522.9
10900,130138.7353,129001.9323,1136.8030,0.0000,10.2119,74529.8
10901,130138.7353,129001.9323,1136.8030,0.0000,10.2119,74536.5
10902,130138.7353,129001.9323,1136.8030,0.0185,10.1848,74543.3
10903,130138.7353,129001.9323,1136.8030,0.0000,10.1848,74551.0
10904,130138.7353,129001.9323,1136.8030,0.0000,10.1848,74557.9
10905,130138.7353,129001.9323,1136.8030,0.0000,10.1848,74565.5
10906,130138.7353,129001.9323,1136.8030,0.0000,10.1848,74571.9
10907,130138.7353,129001.9323,1136.8030,0.0000,10.1848,74579.8
10908,130138.7353,129001.9323,1136.8030,0.0185,10.1845,74587.6
10909,130138.7353,129001.9323,1136.8030,0.0000,10.1845,74594.8
10910,130138.7353,129001.9323,1136.8030,0.0000,10.1845,74602.2
10911,130138.7353,129001.9323,1136.8030,0.0000,10.1845,74609.1
10912,130138.7353,129001.9323,1136.8030,0.0000,10.1845,74616.4
10913,130138.7353,129001.9323,1136.8030,0.0000,10.1845,74622.6
10914,130138.7353,129001.9323,1136.8030,0.0000,10.1845,74629.9
10915,130138.7353,129001.9323,1136.8030,0.0185,10.1831,74636.5
10916,130138.7353,129001.9323,1136.8030,0.0000,10.1831,74643.7
10917,130138.7353,129001.9323,1136.8030,0.0000,10.1831,74650.3
10918,130138.7353,129001.9323,1136.8030,0.0000,10.1831,74657.4
10919,130138.7353,129001.9323,1136.8030,0.0000,10.1831,74664.2
10920,130138.7353,129001.9323,1136.8030,0.0000,10.1831,74671.0
10921,130138.7353,129001.9323,1136.8030,0.0000,10.1831,74678.0
10922,130138.7353,129001.9323,1136.8030,0.0000,10.1831,74685.0
10923,130138.7353,129001.9323,1136.8030,0.0000,10.1831,74691.4
10924,130138.7353,129001.9323,1136.8030,0.0000,10.1831,74698.1
10925,130138.7353,129001.9323,1136.8030,0.0000,10.1831,74705.2
10926,130138.7353,129001.9323,1136.8030,0.0000,10.1831,74712.2
10927,130138.7353,129001.9323,1136.8030,0.0000,10.1831,74719.3
10928,130138.7353,129001.9323,1136.8030,0.0000,10.1831,74726.9
10929,130138.7353,129001.9323,1136.8030,0.0000,10.1831,74734.0
10930,130138.7353,129001.9323,1136.8030,0.0000,10.1831,74740.5
10931,130138.7353,129001.9323,1136.8030,0.0000,10.1831,74748.0
10932,130138.7353,129001.9323,1136.8030,0.0000,10.1831,74755.0
10933,130138.7353,129001.9323,1136.8030,0.0000,10.1831,74762.2
10934,130138.7353,129001.9323,1136.8030,0.0000,10.1831,74769.6
10935,130138.7353,129001.9323,1136.8030,0.0000,10.1831,74776.9
10936,130138.7353,129001.9323,1136.8030,0.0000,10.1831,74784.6
10937,130138.7353,129021.0550,1117.6803,0.0185,10.1856,74792.1
10938,130138.7353,129021.0550,1117.6803,0.0000,10.1856,74799.4
10939,130138.7353,129021.0550,1117.6803,0.0000,10.1856,74807.0
10940,130138.7353,129021.0550,1117.6803,0.0000,10.1856,74814.6
10941,130138.7353,129021.0550,1117.6803,0.0185,10.2943,74822.5
10942,130138.7353,129021.0550,1117.6803,0.0000,10.2943,74829.7
10943,130138.7353,129021.0550,1117.6803,0.0000,10.2943,74836.6
10944,130138.7353,129021.0550,1117.6803,0.0000,10.2943,74842.9
10945,130138.7353,129021.0550,1117.6803,0.0000,10.2943,74849.9
10946,130138.7353,129021.0550,1117.6803,0.0000,10.2943,74856.8
10947,130138.7353,129021.0550,1117.6803,0.0000,10.2943,74864.3
10948,130138.7353,129021.0550,1117.6803,0.0000,10.2943,74871.4
10949,130138.7353,129021.0550,1117.6803,0.0000,10.2943,74878.0
10950,130138.7353,129021.0550,1117.6803,0.0185,10.2912,74885.4
10951,130138.7353,129021.0550,1117.6803,0.0000,10.2912,74892.4
10952,130138.7353,129021.0550,1117.6803,0.0000,10.2912,74899.1
10953,130138.7353,129021.0550,1117.6803,0.0000,10.2912,74906.4
10954,130138.7353,129021.0550,1117.6803,0.0000,10.2912,74914.0
10955,130138.7353,129021.0550,1117.6803,0.0000,10.2912,74920.3
10956,130138.7353,129021.0550,1117.6803,0.0000,10.2912,74927.7
10957,130138.7353,129021.0550,1117.6803,0.0000,10.2912,74935.2
10958,130138.7353,129021.0550,1117.6803,0.0000,10.2912,74942.9
10959,130138.7353,129021.0550,1117.6803,0.0000,10.2912,74950.7
10960,130138.7353,129021.0550,1117.6803,0.0000,10.2912,74958.0
10961,130138.7353,129021.0550,1117.6803,0.0000,10.2912,74964.3
10962,130138.7353,129021.0550,1117.6803,0.0000,10.2912,74971.8
10963,130138.7353,129021.0550,1117.6803,0.0000,10.2912,74978.6
10964,130138.7353,129021.0550,1117.6803,0.0000,10.2912,74985.7
10965,130138.7353,129021.0550,1117.6803,0.0000,10.2912,74993.3
10966,130138.7353,129021.0550,1117.6803,0.0000,10.2912,74999.8
10967,130138.7353,129021.0550,1117.6803,0.0000,10.2912,75006.5
10968,130138.7353,129021.0550,1117.6803,0.0000,10.2912,75013.9
10969,130138.7353,129021.0550,1117.6803,0.0000,10.2912,75021.1
10970,130138.7353,129021.0550,1117.6803,0.0000,10.2912,75027.6
10971,130138.7353,129021.0550,1117.6803,0.0185,10.3996,75034.8
10972,130138.7353,129021.0550,1117.6803,0.0000,10.3996,75041.8
10973,130138.7353,129021.0550,1117.6803,0.0000,10.3996,75048.0
10974,130138.7353,129021.0550,1117.6803,0.0000,10.3996,75055.0
10975,130138.7353,129021.0550,1117.6803,0.0185,10.3821,75062.3
10976,130138.7353,129021.0550,1117.6803,0.0000,10.3821,75068.5
10977,130138.7353,129021.0550,1117.6803,0.0000,10.3821,75076.0
10978,130138.7353,129021.0550,1117.6803,0.0000,10.3821,75083.2
10979,130138.7353,129021.0550,1117.6803,0.0000,10.3821,75090.0
10980,130138.7353,129021.0550,1117.6803,0.0000,10.3821,75097.0
10981,130138.7353,129021.0550,1117.6803,0.0000,10.3821,75103.8
10982,130138.7353,129021.0550,1117.6803,0.0000,10.3821,75109.9
10983,130138.7353,129021.0550,1117.6803,0.0000,10.3821,75116.4
10984,130138.7353,129021.0550,1117.6803,0.0000,10.3821,75123.5
10985,130138.7353,129021.0550,1117.6803,0.0000,10.3821,75130.4
10986,130138.7353,129021.0550,1117.6803,0.0000,10.3821,75136.8
10987,130138.7353,129021.0550,1117.6803,0.0000,10.3821,75144.1
10988,130138.7353,129021.0550,1117.6803,0.0000,10.3821,75150.5
10989,130138.7353,129021.0550,1117.6803,0.0000,10.3821,75158.5
10990,130138.7353,129021.0550,1117.6803,0.0185,10.4038,75164.9
10991,130138.7353,129021.0550,1117.6803,0.0000,10.4038,75171.5
10992,130138.7353,129021.0550,1117.6803,0.0000,10.4038,75178.2
10993,130138.7353,129021.0550,1117.6803,0.0185,10.4216,75185.2
10994,130138.7353,129021.0550,1117.6803,0.0000,10.4216,75192.3
10995,130138.7353,129021.0550,1117.6803,0.0000,10.4216,75199.1
10996,130138.7353,129021.0550,1117.6803,0.0000,10.4216,75206.2
10997,130138.7353,129021.0550,1117.6803,0.0000,10.4216,75212.1
10998,130138.7353,129021.0550,1117.6803,0.0000,10.4216,75219.7
10999,130138.7353,129021.0550,1117.6803,0.0000,10.4216,75226.8
11000,130138.7353,129021.0550,1117.6803,0.0000,10.4216,75233.8
11001,130138.7353,129021.0550,1117.6803,0.0185,10.4299,75241.4
11002,130138.7353,129021.0550,1117.6803,0.0185,10.4549,75248.2
11003,130138.7353,129021.0550,1117.6803,0.0000,10.4549,75255.6
11004,130138.7353,129021.0550,1117.6803,0.0000,10.4549,75262.9
11005,130138.7353,129021.0550,1117.6803,0.0000,10.4549,75270.0
11006,130138.7353,129021.0550,1117.6803,0.0000,10.4549,75277.5
11007,130138.7353,129021.0550,1117.6803,0.0185,10.4556,75284.8
11008,130138.7353,129021.0550,1117.6803,0.0000,10.4556,75291.8
11009,130138.7353,129021.0550,1117.6803,0.0000,10.4556,75299.5
11010,130138.7353,129021.0550,1117.6803,0.0000,10.4556,75307.1
11011,130138.7353,129021.0550,1117.6803,0.0000,10.4556,75313.8
11012,130138.7353,129021.0550,1117.6803,0.0000,10.4556,75320.7
11013,130138.7353,129021.0550,1117.6803,0.0000,10.4556,75328.3
11014,130138.7353,129021.0550,1117.6803,0.0000,10.4556,75335.4
11015,130138.7353,129021.0550,1117.6803,0.0000,10.4556,75342.3
11016,130138.7353,129021.0550,1117.6803,0.0000,10.4556,75349.4
11017,130138.7353,129021.0550,1117.6803,0.0000,10.4556,75356.3
11018,130138.7353,129021.0550,1117.6803,0.0000,10.4556,75363.7
11019,130138.7353,129021.0550,1117.6803,0.0000,10.4556,75370.7
11020,130138.7353,129021.0550,1117.6803,0.0000,10.4556,75377.4
11021,130138.7353,129021.0550,1117.6803,0.0000,10.4556,75383.9
11022,130138.7353,129021.0550,1117.6803,0.0000,10.4556,75390.8
11023,130138.7353,129021.0550,1117.6803,0.0000,10.4556,75398.8
11024,130138.7353,129021.0550,1117.6803,0.0000,10.4556,75405.8
11025,130138.7353,129021.0550,1117.6803,0.0000,10.4556,75412.6
11026,130138.7353,129021.0550,1117.6803,0.0000,10.4556,75420.0
11027,130138.7353,129021.0550,1117.6803,0.0000,10.4556,75426.3
11028,130138.7353,129021.0550,1117.6803,0.0000,10.4556,75432.9
11029,130138.7353,129021.0550,1117.6803,0.0000,10.4556,75440.6
11030,130138.7353,129021.0550,1117.6803,0.0000,10.4556,75448.2
11031,130138.7353,129021.0550,1117.6803,0.0000,10.4556,75455.4
11032,130138.7353,129021.0550,1117.6803,0.0000,10.4556,75462.7
11033,130138.7353,129021.0550,1117.6803,0.0000,10.4556,75469.8
11034,130138.7353,129021.0550,1117.6803,0.0000,10.4556,75476.3
11035,130138.7353,129021.0550,1117.6803,0.0000,10.4556,75482.8
11036,130138.7353,129021.0550,1117.6803,0.0000,10.4556,75489.3
11037,130138.7353,129021.0550,1117.6803,0.0000,10.4556,75496.6
11038,130138.7353,129021.0550,1117.6803,0.0000,10.4556,75503.4
11039,130138.7353,129021.0550,1117.6803,0.0000,10.4556,75509.9
11040,130138.7353,129021.0550,1117.6803,0.0000,10.4556,75517.4
11041,130138.7353,129021.0550,1117.6803,0.0000,10.4556,75524.3
11042,130138.7353,129021.0550,1117.6803,0.0000,10.4556,75531.2
11043,130138.7353,129021.0550,1117.6803,0.0000,10.4556,75538.8
11044,130138.7353,129021.0550,1117.6803,0.0000,10.4556,75546.4
11045,130138.7353,129021.0550,1117.6803,0.0000,10.4556,75553.7
11046,130138.7353,129021.0550,1117.6803,0.0000,10.4556,75560.8
11047,130138.7353,129021.0550,1117.6803,0.0000,10.4556,75567.9
11048,130138.7353,129021.0550,1117.6803,0.0000,10.4556,75574.8
11049,130138.7353,129021.0550,1117.6803,0.0000,10.4556,75581.8
11050,130138.7353,129021.0550,1117.6803,0.0000,10.4556,75589.3
11051,130138.7353,129021.0550,1117.6803,0.0000,10.4556,75595.7
11052,130138.7353,129021.0550,1117.6803,0.0000,10.4556,75603.5
11053,130138.7353,129021.0550,1117.6803,0.0000,10.4556,75610.9
11054,130138.7353,129021.0550,1117.6803,0.0000,10.4556,75617.2
11055,130138.7353,129021.0550,1117.6803,0.0000,10.4556,75624.3
11056,130138.7353,129021.0550,1117.6803,0.0000,10.4556,75631.1
11057,130138.7353,129021.0550,1117.6803,0.0000,10.4556,75637.7
11058,130138.7353,129021.0550,1117.6803,0.0000,10.4556,75644.5
11059,130138.7353,129021.0550,1117.6803,0.0000,10.4556,75651.6
11060,130138.7353,129021.0550,1117.6803,0.0000,10.4556,75658.9
11061,130138.7353,129021.0550,1117.6803,0.0000,10.4556,75664.7
11062,130138.7353,129021.0550,1117.6803,0.0000,10.4556,75671.5
11063,130138.7353,129021.0550,1117.6803,0.0185,10.409,75678.3
11064,130138.7353,129021.0550,1117.6803,0.0000,10.409,75685.2
11065,130138.7353,129021.0550,1117.6803,0.0000,10.409,75692.3
11066,130138.7353,129021.0550,1117.6803,0.0000,10.409,75699.4
11067,130138.7353,129021.0550,1117.6803,0.0000,10.409,75707.0
11068,130138.7353,129021.0550,1117.6803,0.0000,10.409,75714.4
11069,130138.7353,129021.0550,1117.6803,0.0000,10.409,75721.2
11070,130138.7353,129021.0550,1117.6803,0.0000,10.409,75728.2
11071,130138.7353,129021.0550,1117.6803,0.0000,10.409,75735.6
11072,130138.7353,129021.0550,1117.6803,0.0000,10.409,75742.9
11073,130138.7353,129021.0550,1117.6803,0.0000,10.409,75749.9
11074,130138.7353,129021.0550,1117.6803,0.0000,10.409,75757.1
11075,130138.7353,129021.0550,1117.6803,0.0000,10.409,75764.8
11076,130138.7353,129021.0550,1117.6803,0.0000,10.409,75771.6
11077,130138.7353,129021.0550,1117.6803,0.0000,10.409,75778.7
11078,130138.7353,129021.0550,1117.6803,0.0000,10.409,75785.8
11079,130138.7353,129021.0550,1117.6803,0.0000,10.409,75792.3
11080,130138.7353,129021.0550,1117.6803,0.0000,10.409,75799.3
11081,130138.7353,129021.0550,1117.6803,0.0000,10.409,75806.8
11082,130138.7353,129021.0550,1117.6803,0.0000,10.409,75813.1
11083,130138.7353,129021.0550,1117.6803,0.0000,10.409,75819.9
11084,130138.7353,129021.0550,1117.6803,0.0185,10.3973,75826.9
11085,130138.7353,129021.0550,1117.6803,0.0000,10.3973,75833.9
11086,130138.7353,129021.0550,1117.6803,0.0000,10.3973,75841.3
11087,130138.7353,129021.0550,1117.6803,0.0000,10.3973,75848.7
11088,130138.7353,129021.0550,1117.6803,0.0000,10.3973,75855.5
11089,130138.7353,129021.0550,1117.6803,0.0185,10.4097,75862.3
11090,130138.7353,129021.0550,1117.6803,0.0000,10.4097,75868.6
11091,130138.7353,129021.0550,1117.6803,0.0000,10.4097,75875.0
11092,130138.7353,129021.0550,1117.6803,0.0000,10.4097,75882.1
11093,130138.7353,129021.0550,1117.6803,0.0185,10.4288,75889.9
11094,130138.7353,129021.0550,1117.6803,0.0000,10.4288,75895.9
11095,130138.7353,129021.0550,1117.6803,0.0000,10.4288,75902.8
11096,130138.7353,129021.0550,1117.6803,0.0000,10.4288,75909.3
11097,130138.7353,129021.0550,1117.6803,0.0000,10.4288,75915.9
11098,130138.7353,129021.0550,1117.6803,0.0000,10.4288,75923.3
11099,130138.7353,129021.0550,1117.6803,0.0000,10.4288,75930.4
11100,130138.7353,129021.0550,1117.6803,0.0000,10.4288,75936.4
11101,130138.7353,129021.0550,1117.6803,0.0000,10.4288,75943.1
11102,130138.7353,129021.0550,1117.6803,0.0000,10.4288,75950.1
11103,130138.7353,129021.0550,1117.6803,0.0000,10.4288,75956.5
11104,130138.7353,129021.0550,1117.6803,0.0000,10.4288,75963.3
11105,130138.7353,129021.0550,1117.6803,0.0000,10.4288,75970.9
11106,130138.7353,129021.0550,1117.6803,0.0000,10.4288,75978.0
11107,130138.7353,129021.0550,1117.6803,0.0000,10.4288,75984.2
11108,130138.7353,129021.0550,1117.6803,0.0185,10.5448,75991.6
11109,130138.7353,129021.0550,1117.6803,0.0000,10.5448,75998.7
11110,130138.7353,129021.0550,1117.6803,0.0000,10.5448,76006.9
11111,130138.7353,129021.0550,1117.6803,0.0000,10.5448,76013.3
11112,130138.7353,129021.0550,1117.6803,0.0000,10.5448,76020.2
11113,130138.7353,129021.0550,1117.6803,0.0185,10.5628,76027.6
11114,130138.7353,129021.0550,1117.6803,0.0000,10.5628,76034.1
11115,130138.7353,129021.0550,1117.6803,0.0000,10.5628,76041.4
11116,130138.7353,129021.0550,1117.6803,0.0000,10.5628,76048.3
11117,130138.7353,129021.0550,1117.6803,0.0000,10.5628,76055.8
11118,130138.7353,129021.0550,1117.6803,0.0000,10.5628,76062.3
11119,130138.7353,129021.0550,1117.6803,0.0000,10.5628,76070.3
11120,130138.7353,129021.0550,1117.6803,0.0000,10.5628,76076.8
11121,130138.7353,129021.0550,1117.6803,0.0000,10.5628,76084.7
11122,130138.7353,129021.0550,1117.6803,0.0185,10.5613,76091.8
11123,130138.7353,129021.0550,1117.6803,0.0000,10.5613,76098.8
11124,130138.7353,129021.0550,1117.6803,0.0000,10.5613,76105.9
11125,130138.7353,129021.0550,1117.6803,0.0000,10.5613,76112.7
11126,130138.7353,129021.0550,1117.6803,0.0000,10.5613,76119.2
11127,130138.7353,129021.0550,1117.6803,0.0000,10.5613,76125.8
11128,130138.7353,129021.0550,1117.6803,0.0000,10.5613,76133.3
11129,130138.7353,129021.0550,1117.6803,0.0000,10.5613,76140.4
11130,130138.7353,129021.0550,1117.6803,0.0000,10.5613,76147.3
11131,130138.7353,129021.0550,1117.6803,0.0000,10.5613,76154.9
11132,130138.7353,129021.0550,1117.6803,0.0000,10.5613,76160.7
11133,130138.7353,129021.0550,1117.6803,0.0000,10.5613,76167.6
11134,130138.7353,129021.0550,1117.6803,0.0000,10.5613,76174.8
11135,130138.7353,129021.0550,1117.6803,0.0000,10.5613,76181.8
11136,130138.7353,129021.0550,1117.6803,0.0000,10.5613,76189.3
11137,130138.7353,129021.0550,1117.6803,0.0000,10.5613,76196.9
11138,130138.7353,129021.0550,1117.6803,0.0000,10.5613,76203.9
11139,130138.7353,129021.0550,1117.6803,0.0000,10.5613,76211.0
11140,130138.7353,129021.0550,1117.6803,0.0000,10.5613,76218.6
11141,130138.7353,129021.0550,1117.6803,0.0000,10.5613,76224.9
11142,130138.7353,129021.0550,1117.6803,0.0000,10.5613,76232.6
11143,130138.7353,129021.0550,1117.6803,0.0000,10.5613,76239.9
11144,130138.7353,129021.0550,1117.6803,0.0000,10.5613,76246.9
11145,130138.7353,129021.0550,1117.6803,0.0000,10.5613,76253.3
11146,130138.7353,129021.0550,1117.6803,0.0185,10.5879,76259.6
11147,130138.7353,129021.0550,1117.6803,0.0000,10.5879,76266.7
11148,130138.7353,129021.0550,1117.6803,0.0000,10.5879,76274.4
11149,130138.7353,129021.0550,1117.6803,0.0000,10.5879,76281.8
11150,130138.7353,129021.0550,1117.6803,0.0000,10.5879,76288.7
11151,130138.7353,129021.0550,1117.6803,0.0185,10.5714,76295.1
11152,130138.7353,129021.0550,1117.6803,0.0000,10.5714,76302.4
11153,130138.7353,129021.0550,1117.6803,0.0000,10.5714,76309.4
11154,130138.7353,129021.0550,1117.6803,0.0185,10.5798,76316.4
11155,130138.7353,129021.0550,1117.6803,0.0000,10.5798,76323.6
11156,130138.7353,129021.0550,1117.6803,0.0000,10.5798,76330.4
11157,130138.7353,129021.0550,1117.6803,0.0000,10.5798,76337.7
11158,130138.7353,129021.0550,1117.6803,0.0000,10.5798,76344.6
11159,130138.7353,129021.0550,1117.6803,0.0000,10.5798,76351.5
11160,130138.7353,129021.0550,1117.6803,0.0000,10.5798,76358.2
11161,130138.7353,129021.0550,1117.6803,0.0000,10.5798,76365.4
11162,130138.7353,129021.0550,1117.6803,0.0000,10.5798,76373.6
11163,130138.7353,129021.0550,1117.6803,0.0000,10.5798,76381.2
11164,130138.7353,129021.0550,1117.6803,0.0000,10.5798,76388.3
11165,130138.7353,129021.0550,1117.6803,0.0000,10.5798,76394.7
11166,130138.7353,129021.0550,1117.6803,0.0000,10.5798,76401.8
11167,130138.7353,129021.0550,1117.6803,0.0000,10.5798,76408.6
11168,130138.7353,129021.0550,1117.6803,0.0000,10.5798,76416.3
11169,130138.7353,129021.0550,1117.6803,0.0000,10.5798,76423.0
11170,130138.7353,129021.0550,1117.6803,0.0000,10.5798,76430.1
11171,130138.7353,129021.0550,1117.6803,0.0000,10.5798,76437.6
11172,130138.7353,129021.0550,1117.6803,0.0000,10.5798,76444.8
11173,130138.7353,129021.0550,1117.6803,0.0000,10.5798,76451.8
11174,130138.7353,129021.0550,1117.6803,0.0000,10.5798,76458.5
11175,130138.7353,129021.0550,1117.6803,0.0000,10.5798,76465.0
11176,130138.7353,129021.0550,1117.6803,0.0000,10.5798,76472.6
11177,130138.7353,129021.0550,1117.6803,0.0000,10.5798,76478.4
11178,130138.7353,129021.0550,1117.6803,0.0000,10.5798,76485.3
11179,130138.7353,129021.0550,1117.6803,0.0000,10.5798,76491.6
11180,130138.7353,129021.0550,1117.6803,0.0000,10.5798,76499.0
11181,130138.7353,129021.0550,1117.6803,0.0000,10.5798,76506.9
11182,130138.7353,129021.0550,1117.6803,0.0000,10.5798,76513.6
11183,130138.7353,129021.0550,1117.6803,0.0000,10.5798,76521.0
11184,130138.7353,129021.0550,1117.6803,0.0185,10.5731,76528.3
11185,130138.7353,129021.0550,1117.6803,0.0000,10.5731,76535.2
11186,130138.7353,129021.0550,1117.6803,0.0000,10.5731,76543.4
11187,130138.7353,129021.0550,1117.6803,0.0000,10.5731,76550.0
11188,130138.7353,129021.0550,1117.6803,0.0000,10.5731,76556.6
11189,130138.7353,129021.0550,1117.6803,0.0000,10.5731,76563.6
11190,130138.7353,129021.0550,1117.6803,0.0000,10.5731,76570.2
11191,130138.7353,129021.0550,1117.6803,0.0000,10.5731,76577.0
11192,130138.7353,129021.0550,1117.6803,0.0000,10.5731,76583.1
11193,130138.7353,129021.0550,1117.6803,0.0000,10.5731,76589.6
11194,130138.7353,129021.0550,1117.6803,0.0000,10.5731,76597.1
11195,130138.7353,129021.0550,1117.6803,0.0000,10.5731,76603.7
11196,130138.7353,129021.0550,1117.6803,0.0000,10.5731,76610.9
11197,130138.7353,129021.0550,1117.6803,0.0000,10.5731,76618.1
11198,130138.7353,129021.0550,1117.6803,0.0000,10.5731,76625.0
11199,130138.7353,129021.0550,1117.6803,0.0000,10.5731,76631.9
11200,130138.7353,129021.0550,1117.6803,0.0000,10.5731,76639.1
11201,130138.7353,129021.0550,1117.6803,0.0000,10.5731,76646.5
11202,130138.7353,129021.0550,1117.6803,0.0000,10.5731,76653.2
11203,130138.7353,129021.0550,1117.6803,0.0000,10.5731,76659.9
11204,130138.7353,129021.0550,1117.6803,0.0000,10.5731,76666.9
11205,130138.7353,129021.0550,1117.6803,0.0000,10.5731,76673.7
11206,130138.7353,129021.0550,1117.6803,0.0000,10.5731,76681.1
11207,130138.7353,129021.0550,1117.6803,0.0000,10.5731,76687.5
11208,130138.7353,129021.0550,1117.6803,0.0000,10.5731,76694.4
11209,130138.7353,129021.0550,1117.6803,0.0000,10.5731,76701.7
11210,130138.7353,129021.0550,1117.6803,0.0000,10.5731,76708.1
11211,130138.7353,129021.0550,1117.6803,0.0000,10.5731,76715.4
11212,130138.7353,129021.0550,1117.6803,0.0000,10.5731,76722.8
11213,130138.7353,129021.0550,1117.6803,0.0000,10.5731,76729.5
11214,130138.7353,129021.0550,1117.6803,0.0000,10.5731,76736.4
11215,130138.7353,129021.0550,1117.6803,0.0000,10.5731,76743.9
11216,130138.7353,129021.0550,1117.6803,0.0000,10.5731,76750.8
11217,130138.7353,129021.0550,1117.6803,0.0000,10.5731,76757.8
11218,130138.7353,129021.0550,1117.6803,0.0000,10.5731,76765.5
11219,130138.7353,129021.0550,1117.6803,0.0185,10.5842,76772.5
11220,130138.7353,129021.0550,1117.6803,0.0000,10.5842,76780.2
11221,130138.7353,129021.0550,1117.6803,0.0000,10.5842,76786.6
11222,130138.7353,129021.0550,1117.6803,0.0185,10.5799,76794.1
11223,130138.7353,129021.0550,1117.6803,0.0000,10.5799,76800.3
11224,130138.7353,129021.0550,1117.6803,0.0000,10.5799,76807.1
11225,130138.7353,129021.0550,1117.6803,0.0000,10.5799,76813.0
11226,130138.7353,129021.0550,1117.6803,0.0000,10.5799,76820.2
11227,130138.7353,129021.0550,1117.6803,0.0000,10.5799,76827.0
11228,130138.7353,129021.0550,1117.6803,0.0000,10.5799,76834.5
11229,130138.7353,129021.0550,1117.6803,0.0000,10.5799,76841.2
11230,130138.7353,129021.0550,1117.6803,0.0000,10.5799,76848.5
11231,130138.7353,129021.0550,1117.6803,0.0000,10.5799,76855.9
11232,130138.7353,129021.0550,1117.6803,0.0000,10.5799,76862.6
11233,130138.7353,129021.0550,1117.6803,0.0000,10.5799,76869.7
11234,130138.7353,129021.0550,1117.6803,0.0185,10.5722,76877.0
11235,130138.7353,129021.0550,1117.6803,0.0185,10.5737,76884.0
11236,130138.7353,129021.0550,1117.6803,0.0000,10.5737,76890.7
11237,130138.7353,129021.0550,1117.6803,0.0000,10.5737,76899.0
11238,130138.7353,129021.0550,1117.6803,0.0000,10.5737,76906.2
11239,130138.7353,129021.0550,1117.6803,0.0000,10.5737,76913.1
11240,130138.7353,129021.0550,1117.6803,0.0000,10.5737,76920.1
11241,130138.7353,129021.0550,1117.6803,0.0000,10.5737,76927.6
11242,130138.7353,129021.0550,1117.6803,0.0000,10.5737,76933.8
11243,130138.7353,129021.0550,1117.6803,0.0000,10.5737,76941.7
11244,130138.7353,129021.0550,1117.6803,0.0000,10.5737,76949.0
11245,130138.7353,129021.0550,1117.6803,0.0185,10.5543,76955.8
11246,130138.7353,129021.0550,1117.6803,0.0000,10.5543,76963.0
11247,130138.7353,129021.0550,1117.6803,0.0000,10.5543,76969.3
11248,130138.7353,129021.0550,1117.6803,0.0000,10.5543,76975.8
11249,130138.7353,129021.0550,1117.6803,0.0000,10.5543,76983.1
11250,130138.7353,129021.0550,1117.6803,0.0000,10.5543,76989.9
11251,130138.7353,129021.0550,1117.6803,0.0000,10.5543,76996.6
11252,130138.7353,129021.0550,1117.6803,0.0000,10.5543,77003.9
11253,130138.7353,129021.0550,1117.6803,0.0000,10.5543,77011.2
11254,130138.7353,129021.0550,1117.6803,0.0000,10.5543,77018.2
11255,130138.7353,129021.0550,1117.6803,0.0000,10.5543,77025.1
11256,130138.7353,129021.0550,1117.6803,0.0000,10.5543,77032.1
11257,130138.7353,129021.0550,1117.6803,0.0000,10.5543,77038.8
11258,130138.7353,129021.0550,1117.6803,0.0000,10.5543,77045.9
11259,130138.7353,129021.0550,1117.6803,0.0000,10.5543,77053.0
11260,130138.7353,129021.0550,1117.6803,0.0185,10.5896,77060.8
11261,130138.7353,129021.0550,1117.6803,0.0000,10.5896,77067.6
11262,130138.7353,129021.0550,1117.6803,0.0185,10.5857,77074.6
11263,130138.7353,129021.0550,1117.6803,0.0000,10.5857,77081.8
11264,130138.7353,129021.0550,1117.6803,0.0000,10.5857,77088.9
11265,130138.7353,129021.0550,1117.6803,0.0000,10.5857,77095.8
11266,130138.7353,129021.0550,1117.6803,0.0000,10.5857,77102.4
11267,130138.7353,129021.0550,1117.6803,0.0000,10.5857,77109.3
11268,130138.7353,129021.0550,1117.6803,0.0000,10.5857,77116.6
11269,130138.7353,129021.0550,1117.6803,0.0000,10.5857,77122.9
11270,130138.7353,129021.0550,1117.6803,0.0000,10.5857,77129.4
11271,130138.7353,129021.0550,1117.6803,0.0000,10.5857,77136.3
11272,130138.7353,129021.0550,1117.6803,0.0000,10.5857,77143.3
11273,130138.7353,129021.0550,1117.6803,0.0000,10.5857,77150.1
11274,130138.7353,129021.0550,1117.6803,0.0000,10.5857,77157.6
11275,130138.7353,129021.0550,1117.6803,0.0000,10.5857,77163.9
11276,130138.7353,129021.0550,1117.6803,0.0000,10.5857,77170.6
11277,130138.7353,129021.0550,1117.6803,0.0000,10.5857,77178.1
11278,130138.7353,129021.0550,1117.6803,0.0000,10.5857,77185.8
11279,130138.7353,129021.0550,1117.6803,0.0000,10.5857,77192.9
11280,130138.7353,129021.0550,1117.6803,0.0000,10.5857,77199.7
11281,130138.7353,129021.0550,1117.6803,0.0000,10.5857,77207.0
11282,130138.7353,129021.0550,1117.6803,0.0000,10.5857,77213.4
11283,130138.7353,129021.0550,1117.6803,0.0000,10.5857,77220.8
11284,130138.7353,129021.0550,1117.6803,0.0000,10.5857,77227.6
11285,130138.7353,129021.0550,1117.6803,0.0000,10.5857,77235.2
11286,130138.7353,129021.0550,1117.6803,0.0000,10.5857,77242.0
11287,130138.7353,129021.0550,1117.6803,0.0000,10.5857,77249.2
11288,130138.7353,129021.0550,1117.6803,0.0000,10.5857,77255.7
11289,130138.7353,129021.0550,1117.6803,0.0000,10.5857,77262.8
11290,130138.7353,129021.0550,1117.6803,0.0000,10.5857,77270.7
11291,130138.7353,129021.0550,1117.6803,0.0000,10.5857,77278.4
11292,130138.7353,129021.0550,1117.6803,0.0000,10.5857,77285.9
11293,130138.7353,129021.0550,1117.6803,0.0000,10.5857,77293.2
11294,130138.7353,129021.0550,1117.6803,0.0000,10.5857,77300.4
11295,130138.7353,129021.0550,1117.6803,0.0000,10.5857,77308.2
11296,130138.7353,129021.0550,1117.6803,0.0000,10.5857,77314.4
11297,130138.7353,129021.0550,1117.6803,0.0000,10.5857,77320.8
11298,130138.7353,129021.0550,1117.6803,0.0000,10.5857,77327.5
11299,130138.7353,129021.0550,1117.6803,0.0000,10.5857,77334.5
11300,130138.7353,129021.0550,1117.6803,0.0000,10.5857,77341.1
11301,130138.7353,129021.0550,1117.6803,0.0000,10.5857,77348.1
11302,130138.7353,129021.0550,1117.6803,0.0000,10.5857,77354.8
11303,130138.7353,129021.0550,1117.6803,0.0000,10.5857,77362.0
11304,130138.7353,129021.0550,1117.6803,0.0000,10.5857,77368.6
11305,130138.7353,129021.0550,1117.6803,0.0185,10.5893,77375.8
11306,130138.7353,129021.0550,1117.6803,0.0000,10.5893,77382.6
11307,130138.7353,129021.0550,1117.6803,0.0000,10.5893,77389.5
11308,130138.7353,129021.0550,1117.6803,0.0000,10.5893,77396.6
11309,130138.7353,129021.0550,1117.6803,0.0000,10.5893,77404.1
11310,130138.7353,129021.0550,1117.6803,0.0000,10.5893,77411.1
11311,130138.7353,129021.0550,1117.6803,0.0000,10.5893,77418.8
11312,130138.7353,129021.0550,1117.6803,0.0000,10.5893,77425.8
11313,130138.7353,129021.0550,1117.6803,0.0000,10.5893,77433.0
11314,130138.7353,129021.0550,1117.6803,0.0000,10.5893,77439.7
11315,130138.7353,129021.0550,1117.6803,0.0000,10.5893,77447.2
11316,130138.7353,129021.0550,1117.6803,0.0000,10.5893,77454.1
11317,130138.7353,129021.0550,1117.6803,0.0000,10.5893,77461.6
11318,130138.7353,129021.0550,1117.6803,0.0000,10.5893,77469.4
11319,130138.7353,129021.0550,1117.6803,0.0185,10.5948,77476.3
11320,130138.7353,129021.0550,1117.6803,0.0000,10.5948,77482.9
11321,130138.7353,129021.0550,1117.6803,0.0000,10.5948,77489.3
11322,130138.7353,129021.0550,1117.6803,0.0000,10.5948,77496.3
11323,130138.7353,129021.0550,1117.6803,0.0000,10.5948,77503.5
11324,130138.7353,129021.0550,1117.6803,0.0000,10.5948,77510.3
11325,130138.7353,129021.0550,1117.6803,0.0000,10.5948,77517.4
11326,130138.7353,129021.0550,1117.6803,0.0000,10.5948,77523.9
11327,130138.7353,129021.0550,1117.6803,0.0000,10.5948,77532.1
11328,130138.7353,129021.0550,1117.6803,0.0000,10.5948,77538.7
11329,130138.7353,129021.0550,1117.6803,0.0000,10.5948,77546.2
11330,130138.7353,129021.0550,1117.6803,0.0000,10.5948,77553.5
11331,130138.7353,129021.0550,1117.6803,0.0000,10.5948,77560.5
11332,130138.7353,129021.0550,1117.6803,0.0000,10.5948,77567.1
11333,130138.7353,129021.0550,1117.6803,0.0000,10.5948,77574.6
11334,130138.7353,129021.0550,1117.6803,0.0000,10.5948,77581.0
11335,130138.7353,129021.0550,1117.6803,0.0000,10.5948,77587.9
11336,130138.7353,129021.0550,1117.6803,0.0000,10.5948,77594.6
11337,130138.7353,129021.0550,1117.6803,0.0000,10.5948,77601.7
11338,130138.7353,129021.0550,1117.6803,0.0000,10.5948,77608.0
11339,130138.7353,129021.0550,1117.6803,0.0000,10.5948,77615.9
11340,130138.7353,129021.0550,1117.6803,0.0000,10.5948,77622.5
11341,130138.7353,129021.0550,1117.6803,0.0000,10.5948,77629.4
11342,130138.7353,129021.0550,1117.6803,0.0000,10.5948,77635.4
11343,130138.7353,129021.0550,1117.6803,0.0000,10.5948,77642.8
11344,130138.7353,129021.0550,1117.6803,0.0000,10.5948,77650.3
11345,130138.7353,129021.0550,1117.6803,0.0000,10.5948,77657.3
11346,130138.7353,129021.0550,1117.6803,0.0000,10.5948,77665.0
11347,130138.7353,129021.0550,1117.6803,0.0000,10.5948,77671.8
11348,130138.7353,129021.0550,1117.6803,0.0000,10.5948,77677.7
11349,130138.7353,129021.0550,1117.6803,0.0000,10.5948,77685.0
11350,130138.7353,129021.0550,1117.6803,0.0000,10.5948,77691.8
11351,130138.7353,129021.0550,1117.6803,0.0000,10.5948,77698.5
11352,130138.7353,129021.0550,1117.6803,0.0000,10.5948,77704.9
11353,130138.7353,129021.0550,1117.6803,0.0000,10.5948,77712.1
11354,130138.7353,129021.0550,1117.6803,0.0000,10.5948,77719.7
11355,130138.7353,129021.0550,1117.6803,0.0000,10.5948,77726.3
11356,130138.7353,129021.0550,1117.6803,0.0185,10.7119,77732.6
11357,130138.7353,129021.0550,1117.6803,0.0000,10.7119,77739.5
11358,130138.7353,129021.0550,1117.6803,0.0000,10.7119,77746.4
11359,130138.7353,129021.0550,1117.6803,0.0000,10.7119,77753.6
11360,130138.7353,129021.0550,1117.6803,0.0000,10.7119,77760.4
11361,130138.7353,129021.0550,1117.6803,0.0000,10.7119,77768.2
11362,130138.7353,129021.0550,1117.6803,0.0000,10.7119,77774.6
11363,130138.7353,129021.0550,1117.6803,0.0000,10.7119,77781.9
11364,130138.7353,129021.0550,1117.6803,0.0000,10.7119,77788.7
11365,130138.7353,129021.0550,1117.6803,0.0000,10.7119,77795.4
11366,130138.7353,129021.0550,1117.6803,0.0000,10.7119,77802.6
11367,130138.7353,129021.0550,1117.6803,0.0185,10.7128,77809.0
11368,130138.7353,129021.0550,1117.6803,0.0000,10.7128,77816.0
11369,130138.7353,129021.0550,1117.6803,0.0185,10.4434,77823.2
11370,130138.7353,129021.0550,1117.6803,0.0185,10.415,77829.8
11371,130138.7353,129021.0550,1117.6803,0.0000,10.415,77837.4
11372,130138.7353,129021.0550,1117.6803,0.0000,10.415,77845.1
11373,130138.7353,129021.0550,1117.6803,0.0000,10.415,77852.8
11374,130138.7353,129021.0550,1117.6803,0.0000,10.415,77859.4
11375,130138.7353,129021.0550,1117.6803,0.0000,10.415,77865.7
11376,130138.7353,129021.0550,1117.6803,0.0000,10.415,77873.2
11377,130138.7353,129021.0550,1117.6803,0.0000,10.415,77879.4
11378,130138.7353,129021.0550,1117.6803,0.0000,10.415,77887.4
11379,130138.7353,129021.0550,1117.6803,0.0000,10.415,77894.0
11380,130138.7353,129021.0550,1117.6803,0.0000,10.415,77901.8
11381,130138.7353,129021.0550,1117.6803,0.0000,10.415,77909.4
11382,130138.7353,129021.0550,1117.6803,0.0000,10.415,77917.1
11383,130138.7353,129021.0550,1117.6803,0.0000,10.415,77924.3
11384,130138.7353,129021.0550,1117.6803,0.0000,10.415,77930.9
11385,130138.7353,129021.0550,1117.6803,0.0000,10.415,77937.8
11386,130138.7353,129021.0550,1117.6803,0.0000,10.415,77944.5
11387,130138.7353,129021.0550,1117.6803,0.0185,10.4089,77952.1
11388,130138.7353,129021.0550,1117.6803,0.0000,10.4089,77958.6
11389,130138.7353,129021.0550,1117.6803,0.0000,10.4089,77965.2
11390,130138.7353,129021.0550,1117.6803,0.0000,10.4089,77972.6
11391,130138.7353,129021.0550,1117.6803,0.0000,10.4089,77979.7
11392,130138.7353,129021.0550,1117.6803,0.0000,10.4089,77987.0
11393,130138.7353,129021.0550,1117.6803,0.0000,10.4089,77994.0
11394,130138.7353,129021.0550,1117.6803,0.0000,10.4089,78001.5
11395,130138.7353,129021.0550,1117.6803,0.0000,10.4089,78008.3
11396,130138.7353,129021.0550,1117.6803,0.0000,10.4089,78015.0
11397,130138.7353,129021.0550,1117.6803,0.0000,10.4089,78022.9
11398,130138.7353,129021.0550,1117.6803,0.0000,10.4089,78029.6
11399,130138.7353,129021.0550,1117.6803,0.0000,10.4089,78037.4
11400,130138.7353,129021.0550,1117.6803,0.0000,10.4089,78043.9
11401,130138.7353,129021.0550,1117.6803,0.0000,10.4089,78050.8
11402,130138.7353,129021.0550,1117.6803,0.0000,10.4089,78057.4
11403,130138.7353,129021.0550,1117.6803,0.0000,10.4089,78064.1
11404,130138.7353,129021.0550,1117.6803,0.0000,10.4089,78070.9
11405,130138.7353,129021.0550,1117.6803,0.0000,10.4089,78077.7
11406,130138.7353,129021.0550,1117.6803,0.0000,10.4089,78084.6
11407,130138.7353,129021.0550,1117.6803,0.0000,10.4089,78092.2
11408,130138.7353,129021.0550,1117.6803,0.0000,10.4089,78099.2
11409,130138.7353,129021.0550,1117.6803,0.0000,10.4089,78106.0
11410,130138.7353,129021.0550,1117.6803,0.0000,10.4089,78113.2
11411,130138.7353,129021.0550,1117.6803,0.0000,10.4089,78120.4
11412,130138.7353,129021.0550,1117.6803,0.0000,10.4089,78127.6
11413,130138.7353,129021.0550,1117.6803,0.0000,10.4089,78134.6
11414,130138.7353,129021.0550,1117.6803,0.0000,10.4089,78142.1
11415,130138.7353,129021.0550,1117.6803,0.0000,10.4089,78149.3
11416,130138.7353,129021.0550,1117.6803,0.0000,10.4089,78156.1
11417,130138.7353,129021.0550,1117.6803,0.0000,10.4089,78163.2
11418,130138.7353,129021.0550,1117.6803,0.0000,10.4089,78170.9
11419,130138.7353,129021.0550,1117.6803,0.0000,10.4089,78177.9
11420,130138.7353,129021.0550,1117.6803,0.0000,10.4089,78185.3
11421,130138.7353,129021.0550,1117.6803,0.0000,10.4089,78192.2
11422,130138.7353,129021.0550,1117.6803,0.0185,10.4061,78199.9
11423,130138.7353,129021.0550,1117.6803,0.0000,10.4061,78207.5
11424,130138.7353,129021.0550,1117.6803,0.0000,10.4061,78214.9
11425,130138.7353,129021.0550,1117.6803,0.0000,10.4061,78221.4
11426,130138.7353,129021.0550,1117.6803,0.0000,10.4061,78228.1
11427,130138.7353,129021.0550,1117.6803,0.0000,10.4061,78234.6
11428,130138.7353,129021.0550,1117.6803,0.0000,10.4061,78241.6
11429,130138.7353,129021.0550,1117.6803,0.0000,10.4061,78247.8
11430,130138.7353,129021.0550,1117.6803,0.0000,10.4061,78254.8
11431,130138.7353,129021.0550,1117.6803,0.0000,10.4061,78261.9
11432,130138.7353,129021.0550,1117.6803,0.0000,10.4061,78269.2
11433,130138.7353,129021.0550,1117.6803,0.0000,10.4061,78275.3
11434,130138.7353,129021.0550,1117.6803,0.0000,10.4061,78282.2
11435,130138.7353,129021.0550,1117.6803,0.0000,10.4061,78288.8
11436,130138.7353,129021.0550,1117.6803,0.0000,10.4061,78296.2
11437,130138.7353,129021.0550,1117.6803,0.0000,10.4061,78302.7
11438,130138.7353,129021.0550,1117.6803,0.0000,10.4061,78309.1
11439,130138.7353,129021.0550,1117.6803,0.0000,10.4061,78315.6
11440,130138.7353,129021.0550,1117.6803,0.0000,10.4061,78321.8
11441,130138.7353,129021.0550,1117.6803,0.0000,10.4061,78328.5
11442,130138.7353,129021.0550,1117.6803,0.0000,10.4061,78336.1
11443,130138.7353,129021.0550,1117.6803,0.0000,10.4061,78343.1
11444,130138.7353,129021.0550,1117.6803,0.0000,10.4061,78349.2
11445,130138.7353,129021.0550,1117.6803,0.0000,10.4061,78356.4
11446,130138.7353,129021.0550,1117.6803,0.0000,10.4061,78363.8
11447,130138.7353,129021.0550,1117.6803,0.0000,10.4061,78370.8
11448,130138.7353,129021.0550,1117.6803,0.0000,10.4061,78378.3
11449,130138.7353,129021.0550,1117.6803,0.0000,10.4061,78386.4
11450,130138.7353,129021.0550,1117.6803,0.0000,10.4061,78394.7
11451,130138.7353,129021.0550,1117.6803,0.0000,10.4061,78401.1
11452,130138.7353,129021.0550,1117.6803,0.0000,10.4061,78407.6
11453,130138.7353,129021.0550,1117.6803,0.0000,10.4061,78414.0
11454,130138.7353,129021.0550,1117.6803,0.0000,10.4061,78421.7
11455,130138.7353,129021.0550,1117.6803,0.0000,10.4061,78429.0
11456,130138.7353,129021.0550,1117.6803,0.0000,10.4061,78435.2
11457,130138.7353,129021.0550,1117.6803,0.0000,10.4061,78442.7
11458,130138.7353,129021.0550,1117.6803,0.0000,10.4061,78450.1
11459,130138.7353,129021.0550,1117.6803,0.0000,10.4061,78456.1
11460,130138.7353,129021.0550,1117.6803,0.0000,10.4061,78463.0
11461,130138.7353,129021.0550,1117.6803,0.0185,10.448,78470.1
11462,130138.7353,129021.0550,1117.6803,0.0000,10.448,78476.4
11463,130138.7353,129021.0550,1117.6803,0.0000,10.448,78483.5
11464,130138.7353,129021.0550,1117.6803,0.0000,10.448,78491.3
11465,130138.7353,129021.0550,1117.6803,0.0000,10.448,78498.1
11466,130138.7353,129021.0550,1117.6803,0.0000,10.448,78505.3
11467,130138.7353,129021.0550,1117.6803,0.0000,10.448,78513.2
11468,130138.7353,129021.0550,1117.6803,0.0000,10.448,78520.2
11469,130138.7353,129021.0550,1117.6803,0.0000,10.448,78527.0
11470,130138.7353,129021.0550,1117.6803,0.0000,10.448,78534.2
11471,130138.7353,129021.0550,1117.6803,0.0000,10.448,78541.2
11472,130138.7353,129021.0550,1117.6803,0.0000,10.448,78548.5
11473,130138.7353,129021.0550,1117.6803,0.0000,10.448,78554.8
11474,130138.7353,129021.0550,1117.6803,0.0000,10.448,78561.7
11475,130138.7353,129021.0550,1117.6803,0.0000,10.448,78568.9
11476,130138.7353,129021.0550,1117.6803,0.0000,10.448,78575.7
11477,130138.7353,129021.0550,1117.6803,0.0000,10.448,78583.2
11478,130138.7353,129021.0550,1117.6803,0.0000,10.448,78589.9
11479,130138.7353,129021.0550,1117.6803,0.0000,10.448,78597.2
11480,130138.7353,129021.0550,1117.6803,0.0000,10.448,78603.7
11481,130138.7353,129021.0550,1117.6803,0.0000,10.448,78610.9
11482,130138.7353,129021.0550,1117.6803,0.0000,10.448,78617.6
11483,130138.7353,129021.0550,1117.6803,0.0000,10.448,78624.4
11484,130138.7353,129021.0550,1117.6803,0.0000,10.448,78632.0
11485,130138.7353,129021.0550,1117.6803,0.0000,10.448,78639.2
11486,130138.7353,129021.0550,1117.6803,0.0000,10.448,78646.3
11487,130138.7353,129021.0550,1117.6803,0.0000,10.448,78653.2
11488,130138.7353,129021.0550,1117.6803,0.0000,10.448,78660.1
11489,130138.7353,129021.0550,1117.6803,0.0000,10.448,78665.8
11490,130138.7353,129021.0550,1117.6803,0.0000,10.448,78673.1
11491,130138.7353,129021.0550,1117.6803,0.0000,10.448,78680.1
11492,130138.7353,129021.0550,1117.6803,0.0000,10.448,78687.8
11493,130138.7353,129021.0550,1117.6803,0.0000,10.448,78694.8
11494,130138.7353,129021.0550,1117.6803,0.0000,10.448,78701.4
11495,130138.7353,129021.0550,1117.6803,0.0000,10.448,78708.5
11496,130138.7353,129021.0550,1117.6803,0.0000,10.448,78715.0
11497,130138.7353,129021.0550,1117.6803,0.0000,10.448,78721.7
11498,130138.7353,129021.0550,1117.6803,0.0000,10.448,78729.5
11499,130138.7353,129021.0550,1117.6803,0.0000,10.448,78737.0
11500,130138.7353,129021.0550,1117.6803,0.0000,10.448,78744.3
11501,130138.7353,129021.0550,1117.6803,0.0000,10.448,78751.5
11502,130138.7353,129021.0550,1117.6803,0.0000,10.448,78758.7
11503,130138.7353,129021.0550,1117.6803,0.0000,10.448,78764.9
11504,130138.7353,129021.0550,1117.6803,0.0000,10.448,78771.9
11505,130138.7353,129021.0550,1117.6803,0.0000,10.448,78778.4
11506,130138.7353,129021.0550,1117.6803,0.0000,10.448,78785.3
11507,130138.7353,129021.0550,1117.6803,0.0000,10.448,78792.4
11508,130138.7353,129021.0550,1117.6803,0.0000,10.448,78799.8
11509,130138.7353,129021.0550,1117.6803,0.0000,10.448,78806.5
11510,130138.7353,129021.0550,1117.6803,0.0000,10.448,78813.3
11511,130138.7353,129021.0550,1117.6803,0.0000,10.448,78820.4
11512,130138.7353,129021.0550,1117.6803,0.0000,10.448,78827.6
11513,130138.7353,129021.0550,1117.6803,0.0000,10.448,78834.6
11514,130138.7353,129021.0550,1117.6803,0.0000,10.448,78841.4
11515,130138.7353,129021.0550,1117.6803,0.0000,10.448,78848.7
11516,130138.7353,129021.0550,1117.6803,0.0000,10.448,78855.6
11517,130138.7353,129021.0550,1117.6803,0.0000,10.448,78862.5
11518,130138.7353,129021.0550,1117.6803,0.0000,10.448,78870.0
11519,130138.7353,129021.0550,1117.6803,0.0000,10.448,78877.0
11520,130138.7353,129021.0550,1117.6803,0.0000,10.448,78884.0
11521,130138.7353,129021.0550,1117.6803,0.0000,10.448,78891.3
11522,130138.7353,129021.0550,1117.6803,0.0000,10.448,78898.8
11523,130138.7353,129021.0550,1117.6803,0.0000,10.448,78905.8
11524,130138.7353,129021.0550,1117.6803,0.0000,10.448,78913.1
11525,130138.7353,129021.0550,1117.6803,0.0000,10.448,78920.3
11526,130138.7353,129021.0550,1117.6803,0.0185,10.5293,78927.7
11527,130138.7353,129021.0550,1117.6803,0.0000,10.5293,78933.4
11528,130138.7353,129021.0550,1117.6803,0.0000,10.5293,78939.7
11529,130138.7353,129021.0550,1117.6803,0.0000,10.5293,78946.6
11530,130138.7353,129021.0550,1117.6803,0.0000,10.5293,78953.4
11531,130138.7353,129021.0550,1117.6803,0.0000,10.5293,78959.5
11532,130138.7353,129021.0550,1117.6803,0.0000,10.5293,78966.3
11533,130138.7353,129021.0550,1117.6803,0.0000,10.5293,78973.5
11534,130138.7353,129021.0550,1117.6803,0.0000,10.5293,78980.1
11535,130138.7353,129021.0550,1117.6803,0.0185,10.5076,78987.3
11536,130138.7353,129021.0550,1117.6803,0.0185,10.5166,78994.9
11537,130138.7353,129021.0550,1117.6803,0.0000,10.5166,79001.6
11538,130138.7353,129021.0550,1117.6803,0.0000,10.5166,79008.2
11539,130138.7353,129021.0550,1117.6803,0.0000,10.5166,79014.8
11540,130138.7353,129021.0550,1117.6803,0.0000,10.5166,79022.1
11541,130138.7353,129021.0550,1117.6803,0.0000,10.5166,79029.3
11542,130138.7353,129021.0550,1117.6803,0.0000,10.5166,79036.5
11543,130138.7353,129021.0550,1117.6803,0.0000,10.5166,79043.7
11544,130138.7353,129021.0550,1117.6803,0.0000,10.5166,79051.3
11545,130138.7353,129021.0550,1117.6803,0.0000,10.5166,79058.0
11546,130138.7353,129021.0550,1117.6803,0.0000,10.5166,79064.6
11547,130138.7353,129021.0550,1117.6803,0.0000,10.5166,79071.7
11548,130138.7353,129021.0550,1117.6803,0.0000,10.5166,79078.1
11549,130138.7353,129021.0550,1117.6803,0.0000,10.5166,79085.0
11550,130138.7353,129021.0550,1117.6803,0.0000,10.5166,79092.0
11551,130138.7353,129021.0550,1117.6803,0.0000,10.5166,79099.0
11552,130138.7353,129021.0550,1117.6803,0.0000,10.5166,79106.3
11553,130138.7353,129021.0550,1117.6803,0.0000,10.5166,79113.4
11554,130138.7353,129021.0550,1117.6803,0.0000,10.5166,79120.5
11555,130138.7353,129021.0550,1117.6803,0.0000,10.5166,79127.7
11556,130138.7353,129021.0550,1117.6803,0.0000,10.5166,79133.8
11557,130138.7353,129021.0550,1117.6803,0.0000,10.5166,79141.3
11558,130138.7353,129021.0550,1117.6803,0.0000,10.5166,79148.7
11559,130138.7353,129021.0550,1117.6803,0.0000,10.5166,79155.5
11560,130138.7353,129021.0550,1117.6803,0.0000,10.5166,79162.2
11561,130138.7353,129021.0550,1117.6803,0.0000,10.5166,79169.5
11562,130138.7353,129021.0550,1117.6803,0.0000,10.5166,79176.5
11563,130138.7353,129021.0550,1117.6803,0.0000,10.5166,79183.8
11564,130138.7353,129021.0550,1117.6803,0.0000,10.5166,79191.2
11565,130138.7353,129021.0550,1117.6803,0.0000,10.5166,79198.5
11566,130138.7353,129021.0550,1117.6803,0.0000,10.5166,79205.8
11567,130138.7353,129021.0550,1117.6803,0.0000,10.5166,79212.8
11568,130138.7353,129021.0550,1117.6803,0.0185,10.519,79220.2
11569,130138.7353,129021.0550,1117.6803,0.0000,10.519,79227.0
11570,130138.7353,129021.0550,1117.6803,0.0000,10.519,79233.5
11571,130138.7353,129021.0550,1117.6803,0.0000,10.519,79240.4
11572,130138.7353,129021.0550,1117.6803,0.0000,10.519,79247.7
11573,130138.7353,129021.0550,1117.6803,0.0000,10.519,79254.7
11574,130138.7353,129021.0550,1117.6803,0.0000,10.519,79262.2
11575,130138.7353,129021.0550,1117.6803,0.0000,10.519,79268.8
11576,130138.7353,129021.0550,1117.6803,0.0000,10.519,79275.3
11577,130138.7353,129021.0550,1117.6803,0.0185,10.4969,79282.6
11578,130138.7353,129021.0550,1117.6803,0.0000,10.4969,79289.5
11579,130138.7353,129021.0550,1117.6803,0.0000,10.4969,79296.5
11580,130138.7353,129021.0550,1117.6803,0.0000,10.4969,79302.8
11581,130138.7353,129021.0550,1117.6803,0.0185,10.494,79310.5
11582,130138.7353,129021.0550,1117.6803,0.0000,10.494,79318.3
11583,130138.7353,129021.0550,1117.6803,0.0000,10.494,79326.0
11584,130138.7353,129021.0550,1117.6803,0.0000,10.494,79332.9
11585,130138.7353,129021.0550,1117.6803,0.0000,10.494,79339.5
11586,130138.7353,129021.0550,1117.6803,0.0000,10.494,79346.1
11587,130138.7353,129021.0550,1117.6803,0.0000,10.494,79353.4
11588,130138.7353,129021.0550,1117.6803,0.0185,10.5036,79359.8
11589,130138.7353,129021.0550,1117.6803,0.0000,10.5036,79366.5
11590,130138.7353,129021.0550,1117.6803,0.0000,10.5036,79373.5
11591,130138.7353,129021.0550,1117.6803,0.0000,10.5036,79379.7
11592,130138.7353,129021.0550,1117.6803,0.0185,10.5088,79387.0
11593,130138.7353,129021.0550,1117.6803,0.0000,10.5088,79394.4
11594,130138.7353,129021.0550,1117.6803,0.0000,10.5088,79401.7
11595,130138.7353,129021.0550,1117.6803,0.0000,10.5088,79409.5
11596,130138.7353,129021.0550,1117.6803,0.0000,10.5088,79416.1
11597,130138.7353,129021.0550,1117.6803,0.0000,10.5088,79422.7
11598,130138.7353,129021.0550,1117.6803,0.0000,10.5088,79429.1
11599,130138.7353,129021.0550,1117.6803,0.0000,10.5088,79436.2
11600,130138.7353,129021.0550,1117.6803,0.0000,10.5088,79442.9
11601,130138.7353,129021.0550,1117.6803,0.0000,10.5088,79449.9
11602,130138.7353,129021.0550,1117.6803,0.0000,10.5088,79457.3
11603,130138.7353,129021.0550,1117.6803,0.0000,10.5088,79463.2
11604,130138.7353,129021.0550,1117.6803,0.0185,10.524,79469.8
11605,130138.7353,129021.0550,1117.6803,0.0000,10.524,79477.2
11606,130138.7353,129021.0550,1117.6803,0.0000,10.524,79484.4
11607,130138.7353,129021.0550,1117.6803,0.0000,10.524,79490.8
11608,130138.7353,129021.0550,1117.6803,0.0000,10.524,79497.8
11609,130138.7353,129021.0550,1117.6803,0.0000,10.524,79504.3
11610,130138.7353,129021.0550,1117.6803,0.0000,10.524,79511.2
11611,130138.7353,129021.0550,1117.6803,0.0000,10.524,79518.2
11612,130138.7353,129021.0550,1117.6803,0.0000,10.524,79525.0
11613,130138.7353,129021.0550,1117.6803,0.0000,10.524,79532.0
11614,130138.7353,129021.0550,1117.6803,0.0000,10.524,79538.6
11615,130138.7353,129021.0550,1117.6803,0.0000,10.524,79545.8
11616,130138.7353,129021.0550,1117.6803,0.0000,10.524,79552.8
11617,130138.7353,129021.0550,1117.6803,0.0000,10.524,79559.4
11618,130138.7353,129021.0550,1117.6803,0.0000,10.524,79566.4
11619,130138.7353,129021.0550,1117.6803,0.0000,10.524,79573.2
11620,130138.7353,129021.0550,1117.6803,0.0000,10.524,79579.3
11621,130138.7353,129021.0550,1117.6803,0.0000,10.524,79586.1
11622,130138.7353,129021.0550,1117.6803,0.0000,10.524,79592.2
11623,130138.7353,129021.0550,1117.6803,0.0000,10.524,79599.7
11624,130138.7353,129021.0550,1117.6803,0.0000,10.524,79606.7
11625,130138.7353,129021.0550,1117.6803,0.0000,10.524,79613.8
11626,130138.7353,129021.0550,1117.6803,0.0000,10.524,79621.3
11627,130138.7353,129021.0550,1117.6803,0.0000,10.524,79627.4
11628,130138.7353,129021.0550,1117.6803,0.0000,10.524,79634.6
11629,130138.7353,129021.0550,1117.6803,0.0185,10.5269,79641.4
11630,130138.7353,129021.0550,1117.6803,0.0000,10.5269,79648.2
11631,130138.7353,129021.0550,1117.6803,0.0000,10.5269,79655.1
11632,130138.7353,129021.0550,1117.6803,0.0000,10.5269,79662.1
11633,130138.7353,129021.0550,1117.6803,0.0000,10.5269,79669.3
11634,130138.7353,129021.0550,1117.6803,0.0000,10.5269,79675.6
11635,130138.7353,129021.0550,1117.6803,0.0000,10.5269,79682.5
11636,130138.7353,129021.0550,1117.6803,0.0000,10.5269,79689.7
11637,130138.7353,129021.0550,1117.6803,0.0000,10.5269,79696.5
11638,130138.7353,129021.0550,1117.6803,0.0000,10.5269,79704.3
11639,130138.7353,129021.0550,1117.6803,0.0000,10.5269,79710.2
11640,130138.7353,129021.0550,1117.6803,0.0000,10.5269,79716.7
11641,130138.7353,129021.0550,1117.6803,0.0000,10.5269,79724.0
11642,130138.7353,129021.0550,1117.6803,0.0000,10.5269,79731.4
11643,130138.7353,129021.0550,1117.6803,0.0000,10.5269,79737.6
11644,130138.7353,129021.0550,1117.6803,0.0000,10.5269,79744.9
11645,130138.7353,129021.0550,1117.6803,0.0185,10.5546,79752.0
11646,130138.7353,129021.0550,1117.6803,0.0000,10.5546,79758.8
11647,130138.7353,129021.0550,1117.6803,0.0000,10.5546,79765.5
11648,130138.7353,129021.0550,1117.6803,0.0000,10.5546,79772.3
11649,130138.7353,129021.0550,1117.6803,0.0000,10.5546,79779.7
11650,130138.7353,129021.0550,1117.6803,0.0000,10.5546,79787.0
11651,130138.7353,129021.0550,1117.6803,0.0000,10.5546,79793.8
11652,130138.7353,129021.0550,1117.6803,0.0000,10.5546,79801.1
11653,130138.7353,129021.0550,1117.6803,0.0000,10.5546,79808.0
11654,130138.7353,129021.0550,1117.6803,0.0000,10.5546,79814.9
11655,130138.7353,129021.0550,1117.6803,0.0000,10.5546,79821.9
11656,130138.7353,129021.0550,1117.6803,0.0000,10.5546,79828.8
11657,130138.7353,129021.0550,1117.6803,0.0000,10.5546,79835.9
11658,130138.7353,129021.0550,1117.6803,0.0000,10.5546,79843.2
11659,130138.7353,129021.0550,1117.6803,0.0000,10.5546,79850.3
11660,130138.7353,129021.0550,1117.6803,0.0000,10.5546,79856.2
11661,130138.7353,129021.0550,1117.6803,0.0000,10.5546,79863.0
11662,130138.7353,129021.0550,1117.6803,0.0000,10.5546,79869.2
11663,130138.7353,129021.0550,1117.6803,0.0000,10.5546,79876.0
11664,130138.7353,129021.0550,1117.6803,0.0000,10.5546,79883.6
11665,130138.7353,129021.0550,1117.6803,0.0000,10.5546,79890.6
11666,130138.7353,129021.0550,1117.6803,0.0000,10.5546,79898.1
11667,130138.7353,129021.0550,1117.6803,0.0000,10.5546,79905.5
11668,130138.7353,129021.0550,1117.6803,0.0000,10.5546,79912.4
11669,130138.7353,129021.0550,1117.6803,0.0000,10.5546,79918.7
11670,130138.7353,129021.0550,1117.6803,0.0000,10.5546,79926.3
11671,130138.7353,129021.0550,1117.6803,0.0000,10.5546,79933.1
11672,130138.7353,129021.0550,1117.6803,0.0000,10.5546,79940.1
11673,130138.7353,129021.0550,1117.6803,0.0000,10.5546,79947.0
11674,130138.7353,129021.0550,1117.6803,0.0000,10.5546,79953.7
11675,130138.7353,129021.0550,1117.6803,0.0000,10.5546,79960.6
11676,130138.7353,129021.0550,1117.6803,0.0000,10.5546,79968.7
11677,130138.7353,129021.0550,1117.6803,0.0185,10.5882,79975.3
11678,130138.7353,129021.0550,1117.6803,0.0000,10.5882,79981.9
11679,130138.7353,129021.0550,1117.6803,0.0000,10.5882,79988.2
11680,130138.7353,129021.0550,1117.6803,0.0000,10.5882,79994.8
11681,130138.7353,129021.0550,1117.6803,0.0000,10.5882,80002.1
11682,130138.7353,129021.0550,1117.6803,0.0000,10.5882,80008.3
11683,130138.7353,129021.0550,1117.6803,0.0000,10.5882,80014.9
11684,130138.7353,129021.0550,1117.6803,0.0000,10.5882,80021.6
11685,130138.7353,129021.0550,1117.6803,0.0000,10.5882,80028.8
11686,130138.7353,129021.0550,1117.6803,0.0000,10.5882,80035.7
11687,130138.7353,129021.0550,1117.6803,0.0000,10.5882,80042.5
11688,130138.7353,129021.0550,1117.6803,0.0370,10.4053,80049.5
11689,130138.7353,129021.0550,1117.6803,0.0000,10.4053,80056.0
11690,130138.7353,129021.0550,1117.6803,0.0000,10.4053,80063.4
11691,130138.7353,129021.0550,1117.6803,0.0000,10.4053,80070.4
11692,130138.7353,129021.0550,1117.6803,0.0000,10.4053,80076.9
11693,130138.7353,129021.0550,1117.6803,0.0000,10.4053,80082.8
11694,130138.7353,129021.0550,1117.6803,0.0000,10.4053,80089.6
11695,130138.7353,129021.0550,1117.6803,0.0000,10.4053,80096.8
11696,130138.7353,129021.0550,1117.6803,0.0000,10.4053,80103.5
11697,130138.7353,129021.0550,1117.6803,0.0000,10.4053,80110.0
11698,130138.7353,129021.0550,1117.6803,0.0185,10.3977,80116.9
11699,130138.7353,129021.0550,1117.6803,0.0000,10.3977,80123.9
11700,130138.7353,129021.0550,1117.6803,0.0000,10.3977,80130.9
11701,130138.7353,129021.0550,1117.6803,0.0000,10.3977,80138.3
11702,130138.7353,129021.0550,1117.6803,0.0000,10.3977,80145.4
11703,130138.7353,129021.0550,1117.6803,0.0185,10.3955,80152.8
11704,130138.7353,129021.0550,1117.6803,0.0000,10.3955,80160.0
11705,130138.7353,129021.0550,1117.6803,0.0000,10.3955,80166.6
11706,130138.7353,129021.0550,1117.6803,0.0000,10.3955,80173.7
11707,130138.7353,129021.0550,1117.6803,0.0000,10.3955,80180.6
11708,130138.7353,129021.0550,1117.6803,0.0000,10.3955,80188.0
11709,130138.7353,129021.0550,1117.6803,0.0000,10.3955,80194.3
11710,130138.7353,129021.0550,1117.6803,0.0000,10.3955,80201.3
11711,130138.7353,129021.0550,1117.6803,0.0000,10.3955,80207.4
11712,130138.7353,129021.0550,1117.6803,0.0000,10.3955,80214.4
11713,130138.7353,129021.0550,1117.6803,0.0185,10.4256,80221.0
11714,130138.7353,129021.0550,1117.6803,0.0000,10.4256,80227.9
11715,130138.7353,129021.0550,1117.6803,0.0000,10.4256,80236.0
11716,130138.7353,129021.0550,1117.6803,0.0000,10.4256,80242.7
11717,130138.7353,129021.0550,1117.6803,0.0000,10.4256,80250.3
11718,130138.7353,129021.0550,1117.6803,0.0000,10.4256,80256.5
11719,130138.7353,129021.0550,1117.6803,0.0000,10.4256,80263.6
11720,130138.7353,129021.0550,1117.6803,0.0000,10.4256,80271.3
11721,130138.7353,129021.0550,1117.6803,0.0185,10.4269,80278.4
11722,130138.7353,129021.0550,1117.6803,0.0000,10.4269,80284.8
11723,130138.7353,129021.0550,1117.6803,0.0000,10.4269,80292.7
11724,130138.7353,129021.0550,1117.6803,0.0000,10.4269,80298.9
11725,130138.7353,129021.0550,1117.6803,0.0000,10.4269,80305.7
11726,130138.7353,129021.0550,1117.6803,0.0000,10.4269,80313.3
11727,130138.7353,129021.0550,1117.6803,0.0000,10.4269,80320.5
11728,130138.7353,129021.0550,1117.6803,0.0000,10.4269,80327.5
11729,130138.7353,129021.0550,1117.6803,0.0000,10.4269,80334.5
11730,130138.7353,129021.0550,1117.6803,0.0000,10.4269,80341.9
11731,130138.7353,129021.0550,1117.6803,0.0000,10.4269,80349.1
11732,130138.7353,129021.0550,1117.6803,0.0000,10.4269,80355.2
11733,130138.7353,129021.0550,1117.6803,0.0000,10.4269,80362.3
11734,130138.7353,129021.0550,1117.6803,0.0000,10.4269,80369.3
11735,130138.7353,129021.0550,1117.6803,0.0000,10.4269,80376.0
11736,130138.7353,129021.0550,1117.6803,0.0000,10.4269,80382.9
11737,130138.7353,129021.0550,1117.6803,0.0000,10.4269,80390.0
11738,130138.7353,129021.0550,1117.6803,0.0000,10.4269,80397.2
11739,130138.7353,129021.0550,1117.6803,0.0000,10.4269,80404.1
11740,130138.7353,129021.0550,1117.6803,0.0000,10.4269,80410.6
11741,130138.7353,129021.0550,1117.6803,0.0000,10.4269,80417.4
11742,130138.7353,129021.0550,1117.6803,0.0000,10.4269,80424.5
11743,130138.7353,129021.0550,1117.6803,0.0000,10.4269,80431.8
11744,130138.7353,129021.0550,1117.6803,0.0000,10.4269,80438.9
11745,130138.7353,129021.0550,1117.6803,0.0000,10.4269,80445.9
11746,130138.7353,129021.0550,1117.6803,0.0000,10.4269,80453.4
11747,130138.7353,129021.0550,1117.6803,0.0000,10.4269,80460.3
11748,130138.7353,129021.0550,1117.6803,0.0000,10.4269,80467.7
11749,130138.7353,129021.0550,1117.6803,0.0000,10.4269,80475.1
11750,130138.7353,129021.0550,1117.6803,0.0000,10.4269,80482.5
11751,130138.7353,129021.0550,1117.6803,0.0000,10.4269,80489.6
11752,130138.7353,129021.0550,1117.6803,0.0000,10.4269,80496.2
11753,130138.7353,129021.0550,1117.6803,0.0000,10.4269,80504.2
11754,130138.7353,129021.0550,1117.6803,0.0000,10.4269,80511.0
11755,130138.7353,129021.0550,1117.6803,0.0000,10.4269,80518.2
11756,130138.7353,129021.0550,1117.6803,0.0000,10.4269,80524.8
11757,130138.7353,129021.0550,1117.6803,0.0185,10.4448,80531.9
11758,130138.7353,129021.0550,1117.6803,0.0000,10.4448,80539.0
11759,130138.7353,129021.0550,1117.6803,0.0000,10.4448,80546.3
11760,130138.7353,129021.0550,1117.6803,0.0000,10.4448,80552.4
11761,130138.7353,129021.0550,1117.6803,0.0000,10.4448,80560.4
11762,130138.7353,129021.0550,1117.6803,0.0185,10.4351,80566.6
11763,130138.7353,129021.0550,1117.6803,0.0000,10.4351,80572.8
11764,130138.7353,129021.0550,1117.6803,0.0000,10.4351,80580.9
11765,130138.7353,129021.0550,1117.6803,0.0000,10.4351,80588.5
11766,130138.7353,129021.0550,1117.6803,0.0370,10.4228,80596.3
11767,130138.7353,129021.0550,1117.6803,0.0000,10.4228,80603.8
11768,130138.7353,129021.0550,1117.6803,0.0185,10.4116,80611.1
11769,130138.7353,129021.0550,1117.6803,0.0000,10.4116,80617.5
11770,130138.7353,129021.0550,1117.6803,0.0000,10.4116,80624.7
11771,130138.7353,129021.0550,1117.6803,0.0000,10.4116,80631.8
11772,130138.7353,129021.0550,1117.6803,0.0000,10.4116,80639.0
11773,130138.7353,129021.0550,1117.6803,0.0000,10.4116,80646.2
11774,130138.7353,129021.0550,1117.6803,0.0000,10.4116,80652.8
11775,130138.7353,129021.0550,1117.6803,0.0000,10.4116,80660.5
11776,130138.7353,129021.0550,1117.6803,0.0000,10.4116,80667.6
11777,130138.7353,129021.0550,1117.6803,0.0000,10.4116,80674.4
11778,130138.7353,129021.0550,1117.6803,0.0000,10.4116,80681.8
11779,130138.7353,129021.0550,1117.6803,0.0000,10.4116,80688.3
11780,130138.7353,129021.0550,1117.6803,0.0000,10.4116,80695.3
11781,130138.7353,129021.0550,1117.6803,0.0185,10.3914,80702.5
11782,130138.7353,129021.0550,1117.6803,0.0000,10.3914,80709.7
11783,130138.7353,129021.0550,1117.6803,0.0000,10.3914,80715.9
11784,130138.7353,129021.0550,1117.6803,0.0000,10.3914,80722.9
11785,130138.7353,129021.0550,1117.6803,0.0000,10.3914,80729.4
11786,130138.7353,129021.0550,1117.6803,0.0000,10.3914,80736.5
11787,130138.7353,129021.0550,1117.6803,0.0000,10.3914,80744.3
11788,130138.7353,129021.0550,1117.6803,0.0000,10.3914,80751.3
11789,130138.7353,129021.0550,1117.6803,0.0000,10.3914,80758.5
11790,130138.7353,129021.0550,1117.6803,0.0000,10.3914,80764.9
11791,130138.7353,129021.0550,1117.6803,0.0000,10.3914,80771.3
11792,130138.7353,129021.0550,1117.6803,0.0000,10.3914,80778.1
11793,130138.7353,129021.0550,1117.6803,0.0000,10.3914,80785.2
11794,130138.7353,129021.0550,1117.6803,0.0000,10.3914,80792.5
11795,130138.7353,129021.0550,1117.6803,0.0000,10.3914,80799.1
11796,130138.7353,129021.0550,1117.6803,0.0000,10.3914,80806.1
11797,130138.7353,129021.0550,1117.6803,0.0000,10.3914,80813.5
11798,130138.7353,129021.0550,1117.6803,0.0000,10.3914,80820.1
11799,130138.7353,129021.0550,1117.6803,0.0000,10.3914,80826.6
11800,130138.7353,129021.0550,1117.6803,0.0000,10.3914,80833.9
11801,130138.7353,129021.0550,1117.6803,0.0000,10.3914,80840.9
11802,130138.7353,129021.0550,1117.6803,0.0000,10.3914,80847.1
11803,130138.7353,129021.0550,1117.6803,0.0000,10.3914,80854.3
11804,130138.7353,129021.0550,1117.6803,0.0000,10.3914,80861.8
11805,130138.7353,129021.0550,1117.6803,0.0000,10.3914,80868.6
11806,130138.7353,129021.0550,1117.6803,0.0000,10.3914,80874.8
11807,130138.7353,129021.0550,1117.6803,0.0000,10.3914,80881.6
11808,130138.7353,129021.0550,1117.6803,0.0000,10.3914,80888.3
11809,130138.7353,129021.0550,1117.6803,0.0000,10.3914,80895.9
11810,130138.7353,129021.0550,1117.6803,0.0000,10.3914,80902.9
11811,130138.7353,129021.0550,1117.6803,0.0000,10.3914,80911.1
11812,130138.7353,129021.0550,1117.6803,0.0000,10.3914,80917.9
11813,130138.7353,129021.0550,1117.6803,0.0000,10.3914,80924.8
11814,130138.7353,129021.0550,1117.6803,0.0000,10.3914,80932.2
11815,130138.7353,129021.0550,1117.6803,0.0000,10.3914,80939.2
11816,130138.7353,129021.0550,1117.6803,0.0000,10.3914,80946.5
11817,130138.7353,129021.0550,1117.6803,0.0000,10.3914,80952.3
11818,130138.7353,129021.0550,1117.6803,0.0000,10.3914,80959.1
11819,130138.7353,129021.0550,1117.6803,0.0000,10.3914,80965.7
11820,130138.7353,129021.0550,1117.6803,0.0000,10.3914,80973.5
11821,130138.7353,129021.0550,1117.6803,0.0185,10.4732,80979.9
11822,130138.7353,129021.0550,1117.6803,0.0000,10.4732,80986.6
11823,130138.7353,129021.0550,1117.6803,0.0000,10.4732,80994.2
11824,130138.7353,129021.0550,1117.6803,0.0000,10.4732,81001.3
11825,130138.7353,129021.0550,1117.6803,0.0000,10.4732,81008.2
11826,130138.7353,129021.0550,1117.6803,0.0000,10.4732,81016.1
11827,130138.7353,129021.0550,1117.6803,0.0000,10.4732,81023.1
11828,130138.7353,129021.0550,1117.6803,0.0000,10.4732,81029.9
11829,130138.7353,129021.0550,1117.6803,0.0000,10.4732,81036.8
11830,130138.7353,129021.0550,1117.6803,0.0000,10.4732,81043.8
11831,130138.7353,129021.0550,1117.6803,0.0000,10.4732,81050.7
11832,130138.7353,129021.0550,1117.6803,0.0000,10.4732,81058.6
11833,130138.7353,129021.0550,1117.6803,0.0000,10.4732,81065.8
11834,130138.7353,129021.0550,1117.6803,0.0000,10.4732,81072.1
11835,130138.7353,129021.0550,1117.6803,0.0000,10.4732,81078.9
11836,130138.7353,129021.0550,1117.6803,0.0000,10.4732,81085.5
11837,130138.7353,129021.0550,1117.6803,0.0000,10.4732,81092.4
11838,130138.7353,129021.0550,1117.6803,0.0000,10.4732,81099.7
11839,130138.7353,129021.0550,1117.6803,0.0000,10.4732,81105.7
11840,130138.7353,129021.0550,1117.6803,0.0000,10.4732,81112.9
11841,130138.7353,129021.0550,1117.6803,0.0000,10.4732,81119.4
11842,130138.7353,129021.0550,1117.6803,0.0000,10.4732,81127.7
11843,130138.7353,129021.0550,1117.6803,0.0000,10.4732,81134.4
11844,130138.7353,129021.0550,1117.6803,0.0000,10.4732,81141.4
11845,130138.7353,129021.0550,1117.6803,0.0000,10.4732,81148.5
11846,130138.7353,129021.0550,1117.6803,0.0000,10.4732,81156.0
11847,130138.7353,129021.0550,1117.6803,0.0000,10.4732,81163.2
11848,130138.7353,129021.0550,1117.6803,0.0000,10.4732,81169.9
11849,130138.7353,129021.0550,1117.6803,0.0000,10.4732,81176.1
11850,130138.7353,129021.0550,1117.6803,0.0000,10.4732,81182.7
11851,130138.7353,129021.0550,1117.6803,0.0000,10.4732,81189.2
11852,130138.7353,129021.0550,1117.6803,0.0000,10.4732,81195.9
11853,130138.7353,129021.0550,1117.6803,0.0185,10.5103,81202.4
11854,130138.7353,129021.0550,1117.6803,0.0000,10.5103,81209.6
11855,130138.7353,129021.0550,1117.6803,0.0000,10.5103,81216.1
11856,130138.7353,129021.0550,1117.6803,0.0000,10.5103,81223.4
11857,130138.7353,129021.0550,1117.6803,0.0000,10.5103,81230.1
11858,130138.7353,129021.0550,1117.6803,0.0000,10.5103,81237.2
11859,130138.7353,129021.0550,1117.6803,0.0000,10.5103,81243.9
11860,130138.7353,129021.0550,1117.6803,0.0000,10.5103,81251.0
11861,130138.7353,129021.0550,1117.6803,0.0000,10.5103,81257.9
11862,130138.7353,129021.0550,1117.6803,0.0000,10.5103,81264.4
11863,130138.7353,129021.0550,1117.6803,0.0000,10.5103,81271.1
11864,130138.7353,129021.0550,1117.6803,0.0000,10.5103,81277.6
11865,130138.7353,129021.0550,1117.6803,0.0000,10.5103,81284.4
11866,130138.7353,129021.0550,1117.6803,0.0000,10.5103,81290.9
11867,130138.7353,129021.0550,1117.6803,0.0000,10.5103,81297.8
11868,130138.7353,129021.0550,1117.6803,0.0000,10.5103,81304.7
11869,130138.7353,129021.0550,1117.6803,0.0000,10.5103,81312.2
11870,130138.7353,129021.0550,1117.6803,0.0000,10.5103,81319.7
11871,130138.7353,129021.0550,1117.6803,0.0000,10.5103,81325.9
11872,130138.7353,129021.0550,1117.6803,0.0000,10.5103,81332.2
11873,130138.7353,129021.0550,1117.6803,0.0000,10.5103,81338.8
11874,130138.7353,129021.0550,1117.6803,0.0000,10.5103,81345.3
11875,130138.7353,129021.0550,1117.6803,0.0000,10.5103,81351.9
11876,130138.7353,129021.0550,1117.6803,0.0000,10.5103,81359.3
11877,130138.7353,129021.0550,1117.6803,0.0000,10.5103,81367.2
11878,130138.7353,129021.0550,1117.6803,0.0000,10.5103,81374.5
11879,130138.7353,129021.0550,1117.6803,0.0000,10.5103,81381.9
11880,130138.7353,129021.0550,1117.6803,0.0000,10.5103,81389.2
11881,130138.7353,129021.0550,1117.6803,0.0000,10.5103,81396.1
11882,130138.7353,129021.0550,1117.6803,0.0000,10.5103,81403.2
11883,130138.7353,129021.0550,1117.6803,0.0000,10.5103,81410.4
11884,130138.7353,129021.0550,1117.6803,0.0000,10.5103,81417.5
11885,130138.7353,129021.0550,1117.6803,0.0000,10.5103,81424.5
11886,130138.7353,129021.0550,1117.6803,0.0000,10.5103,81431.0
11887,130138.7353,129021.0550,1117.6803,0.0000,10.5103,81437.9
11888,130138.7353,129021.0550,1117.6803,0.0000,10.5103,81444.6
11889,130138.7353,129021.0550,1117.6803,0.0000,10.5103,81451.8
11890,130138.7353,129021.0550,1117.6803,0.0000,10.5103,81458.7
11891,130138.7353,129021.0550,1117.6803,0.0000,10.5103,81465.2
11892,130138.7353,129021.0550,1117.6803,0.0000,10.5103,81472.3
11893,130138.7353,129021.0550,1117.6803,0.0000,10.5103,81479.5
11894,130138.7353,129021.0550,1117.6803,0.0185,10.5167,81486.8
11895,130138.7353,129021.0550,1117.6803,0.0000,10.5167,81493.8
11896,130138.7353,129021.0550,1117.6803,0.0000,10.5167,81500.4
11897,130138.7353,129021.0550,1117.6803,0.0000,10.5167,81507.5
11898,130138.7353,129021.0550,1117.6803,0.0000,10.5167,81514.6
11899,130138.7353,129021.0550,1117.6803,0.0000,10.5167,81520.6
11900,130138.7353,129021.0550,1117.6803,0.0000,10.5167,81527.3
11901,130138.7353,129021.0550,1117.6803,0.0000,10.5167,81534.4
11902,130138.7353,129021.0550,1117.6803,0.0000,10.5167,81541.4
11903,130138.7353,129021.0550,1117.6803,0.0000,10.5167,81548.2
11904,130138.7353,129021.0550,1117.6803,0.0000,10.5167,81555.3
11905,130138.7353,129021.0550,1117.6803,0.0000,10.5167,81562.6
11906,130138.7353,129021.0550,1117.6803,0.0000,10.5167,81569.9
11907,130138.7353,129021.0550,1117.6803,0.0000,10.5167,81577.6
11908,130138.7353,129021.0550,1117.6803,0.0000,10.5167,81585.0
11909,130138.7353,129021.0550,1117.6803,0.0000,10.5167,81591.6
11910,130138.7353,129021.0550,1117.6803,0.0000,10.5167,81598.4
11911,130138.7353,129021.0550,1117.6803,0.0000,10.5167,81605.2
11912,130138.7353,129021.0550,1117.6803,0.0000,10.5167,81612.2
11913,130138.7353,129021.0550,1117.6803,0.0000,10.5167,81619.6
11914,130138.7353,129021.0550,1117.6803,0.0000,10.5167,81626.4
11915,130138.7353,129021.0550,1117.6803,0.0000,10.5167,81633.5
11916,130138.7353,129021.0550,1117.6803,0.0000,10.5167,81640.6
11917,130138.7353,129021.0550,1117.6803,0.0000,10.5167,81648.4
11918,130138.7353,129021.0550,1117.6803,0.0185,10.5101,81654.9
11919,130138.7353,129021.0550,1117.6803,0.0000,10.5101,81661.5
11920,130138.7353,129021.0550,1117.6803,0.0000,10.5101,81668.8
11921,130138.7353,129021.0550,1117.6803,0.0000,10.5101,81676.0
11922,130138.7353,129021.0550,1117.6803,0.0000,10.5101,81683.9
11923,130138.7353,129021.0550,1117.6803,0.0000,10.5101,81691.3
11924,130138.7353,129021.0550,1117.6803,0.0000,10.5101,81698.4
11925,130138.7353,129021.0550,1117.6803,0.0000,10.5101,81705.7
11926,130138.7353,129021.0550,1117.6803,0.0185,10.521,81712.6
11927,130138.7353,129021.0550,1117.6803,0.0000,10.521,81720.2
11928,130138.7353,129021.0550,1117.6803,0.0000,10.521,81727.3
11929,130138.7353,129021.0550,1117.6803,0.0000,10.521,81733.7
11930,130138.7353,129021.0550,1117.6803,0.0000,10.521,81740.6
11931,130138.7353,129021.0550,1117.6803,0.0000,10.521,81747.7
11932,130138.7353,129021.0550,1117.6803,0.0000,10.521,81754.8
11933,130138.7353,129021.0550,1117.6803,0.0000,10.521,81761.2
11934,130138.7353,129021.0550,1117.6803,0.0000,10.521,81768.5
11935,130138.7353,129021.0550,1117.6803,0.0000,10.521,81774.7
11936,130138.7353,129021.0550,1117.6803,0.0000,10.521,81782.0
11937,130138.7353,129021.0550,1117.6803,0.0185,10.5412,81788.7
11938,130138.7353,129021.0550,1117.6803,0.0000,10.5412,81795.5
11939,130138.7353,129021.0550,1117.6803,0.0000,10.5412,81802.1
11940,130138.7353,129021.0550,1117.6803,0.0000,10.5412,81809.0
11941,130138.7353,129021.0550,1117.6803,0.0000,10.5412,81816.8
11942,130138.7353,129021.0550,1117.6803,0.0000,10.5412,81823.9
11943,130138.7353,129021.0550,1117.6803,0.0000,10.5412,81830.9
11944,130138.7353,129021.0550,1117.6803,0.0000,10.5412,81838.8
11945,130138.7353,129021.0550,1117.6803,0.0000,10.5412,81845.4
11946,130138.7353,129021.0550,1117.6803,0.0000,10.5412,81851.9
11947,130138.7353,129021.0550,1117.6803,0.0000,10.5412,81858.7
11948,130138.7353,129021.0550,1117.6803,0.0000,10.5412,81865.0
11949,130138.7353,129021.0550,1117.6803,0.0000,10.5412,81871.9
11950,130138.7353,129021.0550,1117.6803,0.0000,10.5412,81879.2
11951,130138.7353,129021.0550,1117.6803,0.0000,10.5412,81886.4
11952,130138.7353,129021.0550,1117.6803,0.0000,10.5412,81893.4
11953,130138.7353,129021.0550,1117.6803,0.0000,10.5412,81900.1
11954,130138.7353,129021.0550,1117.6803,0.0000,10.5412,81907.9
11955,130138.7353,129021.0550,1117.6803,0.0000,10.5412,81915.4
11956,130138.7353,129021.0550,1117.6803,0.0000,10.5412,81923.1
11957,130138.7353,129021.0550,1117.6803,0.0000,10.5412,81930.0
11958,130138.7353,129021.0550,1117.6803,0.0000,10.5412,81936.4
11959,130138.7353,129021.0550,1117.6803,0.0000,10.5412,81943.5
11960,130138.7353,129021.0550,1117.6803,0.0000,10.5412,81950.2
11961,130138.7353,129021.0550,1117.6803,0.0000,10.5412,81957.7
11962,130138.7353,129021.0550,1117.6803,0.0000,10.5412,81964.3
11963,130138.7353,129021.0550,1117.6803,0.0000,10.5412,81971.5
11964,130138.7353,129021.0550,1117.6803,0.0000,10.5412,81978.4
11965,130138.7353,129021.0550,1117.6803,0.0000,10.5412,81985.7
11966,130138.7353,129021.0550,1117.6803,0.0000,10.5412,81991.7
11967,130138.7353,129021.0550,1117.6803,0.0000,10.5412,81998.7
11968,130138.7353,129021.0550,1117.6803,0.0000,10.5412,82005.1
11969,130138.7353,129021.0550,1117.6803,0.0000,10.5412,82012.5
11970,130138.7353,129021.0550,1117.6803,0.0000,10.5412,82019.9
11971,130138.7353,129021.0550,1117.6803,0.0000,10.5412,82026.4
11972,130138.7353,129021.0550,1117.6803,0.0000,10.5412,82033.3
11973,130138.7353,129021.0550,1117.6803,0.0000,10.5412,82041.4
11974,130138.7353,129021.0550,1117.6803,0.0185,10.5742,82048.8
11975,130138.7353,129021.0550,1117.6803,0.0000,10.5742,82056.0
11976,130138.7353,129021.0550,1117.6803,0.0000,10.5742,82063.4
11977,130138.7353,129021.0550,1117.6803,0.0185,10.6276,82070.3
11978,130138.7353,129021.0550,1117.6803,0.0000,10.6276,82076.9
11979,130138.7353,129021.0550,1117.6803,0.0000,10.6276,82083.9
11980,130138.7353,129021.0550,1117.6803,0.0000,10.6276,82091.0
11981,130138.7353,129021.0550,1117.6803,0.0000,10.6276,82098.2
11982,130138.7353,129021.0550,1117.6803,0.0000,10.6276,82104.9
11983,130138.7353,129021.0550,1117.6803,0.0000,10.6276,82111.9
11984,130138.7353,129021.0550,1117.6803,0.0000,10.6276,82118.4
11985,130138.7353,129021.0550,1117.6803,0.0000,10.6276,82125.9
11986,130138.7353,129021.0550,1117.6803,0.0000,10.6276,82131.8
11987,130138.7353,129021.0550,1117.6803,0.0000,10.6276,82139.9
11988,130138.7353,129021.0550,1117.6803,0.0185,10.7062,82146.0
11989,130138.7353,129021.0550,1117.6803,0.0000,10.7062,82153.1
11990,130138.7353,129021.0550,1117.6803,0.0000,10.7062,82160.6
11991,130138.7353,129021.0550,1117.6803,0.0000,10.7062,82167.9
11992,130138.7353,129021.0550,1117.6803,0.0000,10.7062,82174.5
11993,130138.7353,129021.0550,1117.6803,0.0000,10.7062,82181.3
11994,130138.7353,129021.0550,1117.6803,0.0000,10.7062,82188.3
11995,130138.7353,129021.0550,1117.6803,0.0000,10.7062,82195.5
11996,130138.7353,129021.0550,1117.6803,0.0000,10.7062,82202.6
11997,130138.7353,129021.0550,1117.6803,0.0000,10.7062,82209.7
11998,130138.7353,129021.0550,1117.6803,0.0000,10.7062,82216.6
11999,130138.7353,129021.0550,1117.6803,0.0000,10.7062,82223.6
12000,130138.7353,129021.0550,1117.6803,0.0000,10.7062,82230.3
12001,130138.7353,129021.0550,1117.6803,0.0000,10.7062,82237.3
12002,130138.7353,129021.0550,1117.6803,0.0000,10.7062,82244.3
12003,130138.7353,129021.0550,1117.6803,0.0000,10.7062,82250.6
12004,130138.7353,129021.0550,1117.6803,0.0000,10.7062,82258.5
12005,130138.7353,129021.0550,1117.6803,0.0000,10.7062,82265.4
12006,130138.7353,129021.0550,1117.6803,0.0000,10.7062,82273.0
12007,130138.7353,129021.0550,1117.6803,0.0000,10.7062,82280.1
12008,130138.7353,129021.0550,1117.6803,0.0000,10.7062,82286.6
12009,130138.7353,129021.0550,1117.6803,0.0000,10.7062,82293.7
12010,130138.7353,129021.0550,1117.6803,0.0000,10.7062,82301.3
12011,130138.7353,129021.0550,1117.6803,0.0000,10.7062,82308.9
12012,130138.7353,129021.0550,1117.6803,0.0000,10.7062,82315.5
12013,130138.7353,129021.0550,1117.6803,0.0000,10.7062,82322.9
12014,130138.7353,129021.0550,1117.6803,0.0000,10.7062,82330.8
12015,130138.7353,129021.0550,1117.6803,0.0000,10.7062,82337.4
12016,130138.7353,129021.0550,1117.6803,0.0000,10.7062,82345.5
12017,130138.7353,129021.0550,1117.6803,0.0000,10.7062,82352.1
12018,130138.7353,129021.0550,1117.6803,0.0000,10.7062,82359.2
12019,130138.7353,129021.0550,1117.6803,0.0000,10.7062,82366.6
12020,130138.7353,129021.0550,1117.6803,0.0000,10.7062,82373.3
12021,130138.7353,129021.0550,1117.6803,0.0000,10.7062,82380.1
12022,130138.7353,129021.0550,1117.6803,0.0000,10.7062,82386.9
12023,130138.7353,129021.0550,1117.6803,0.0000,10.7062,82394.1
12024,130138.7353,129021.0550,1117.6803,0.0000,10.7062,82400.9
12025,130138.7353,129021.0550,1117.6803,0.0000,10.7062,82407.7
12026,130138.7353,129021.0550,1117.6803,0.0000,10.7062,82414.7
12027,130138.7353,129021.0550,1117.6803,0.0000,10.7062,82422.3
12028,130138.7353,129021.0550,1117.6803,0.0000,10.7062,82428.6
12029,130138.7353,129021.0550,1117.6803,0.0000,10.7062,82434.9
12030,130138.7353,129021.0550,1117.6803,0.0000,10.7062,82441.8
12031,130138.7353,129021.0550,1117.6803,0.0000,10.7062,82448.7
12032,130138.7353,129021.0550,1117.6803,0.0185,10.5602,82456.0
12033,130138.7353,129021.0550,1117.6803,0.0000,10.5602,82462.8
12034,130138.7353,129021.0550,1117.6803,0.0000,10.5602,82469.7
12035,130138.7353,129021.0550,1117.6803,0.0000,10.5602,82476.8
12036,130138.7353,129021.0550,1117.6803,0.0000,10.5602,82484.8
12037,130138.7353,129021.0550,1117.6803,0.0000,10.5602,82491.2
12038,130138.7353,129021.0550,1117.6803,0.0000,10.5602,82498.4
12039,130138.7353,129021.0550,1117.6803,0.0000,10.5602,82505.9
12040,130138.7353,129021.0550,1117.6803,0.0000,10.5602,82512.7
12041,130138.7353,129021.0550,1117.6803,0.0000,10.5602,82520.0
12042,130138.7353,129021.0550,1117.6803,0.0000,10.5602,82526.7
12043,130138.7353,129021.0550,1117.6803,0.0000,10.5602,82534.0
12044,130138.7353,129021.0550,1117.6803,0.0000,10.5602,82539.9
12045,130138.7353,129021.0550,1117.6803,0.0185,10.7057,82545.8
12046,130138.7353,129021.0550,1117.6803,0.0000,10.7057,82553.0
12047,130138.7353,129021.0550,1117.6803,0.0185,10.6285,82559.2
12048,130138.7353,129021.0550,1117.6803,0.0000,10.6285,82566.5
12049,130138.7353,129021.0550,1117.6803,0.0000,10.6285,82573.2
12050,130138.7353,129021.0550,1117.6803,0.0000,10.6285,82580.2
12051,130138.7353,129021.0550,1117.6803,0.0000,10.6285,82587.7
12052,130138.7353,129021.0550,1117.6803,0.0000,10.6285,82595.1
12053,130138.7353,129021.0550,1117.6803,0.0000,10.6285,82602.7
12054,130138.7353,129021.0550,1117.6803,0.0000,10.6285,82610.0
12055,130138.7353,129021.0550,1117.6803,0.0000,10.6285,82616.8
12056,130138.7353,129021.0550,1117.6803,0.0000,10.6285,82623.6
12057,130138.7353,129021.0550,1117.6803,0.0000,10.6285,82630.7
12058,130138.7353,129021.0550,1117.6803,0.0000,10.6285,82638.0
12059,130138.7353,129021.0550,1117.6803,0.0000,10.6285,82645.7
12060,130138.7353,129021.0550,1117.6803,0.0000,10.6285,82652.3
12061,130138.7353,129021.0550,1117.6803,0.0000,10.6285,82658.9
12062,130138.7353,129021.0550,1117.6803,0.0000,10.6285,82665.2
12063,130138.7353,129021.0550,1117.6803,0.0000,10.6285,82672.3
12064,130138.7353,129021.0550,1117.6803,0.0000,10.6285,82679.1
12065,130138.7353,129021.0550,1117.6803,0.0000,10.6285,82685.6
12066,130138.7353,129021.0550,1117.6803,0.0000,10.6285,82692.8
12067,130138.7353,129021.0550,1117.6803,0.0000,10.6285,82699.8
12068,130138.7353,129021.0550,1117.6803,0.0000,10.6285,82706.6
12069,130138.7353,129021.0550,1117.6803,0.0000,10.6285,82713.5
12070,130138.7353,129021.0550,1117.6803,0.0000,10.6285,82721.1
12071,130138.7353,129021.0550,1117.6803,0.0000,10.6285,82727.8
12072,130138.7353,129021.0550,1117.6803,0.0000,10.6285,82734.5
12073,130138.7353,129021.0550,1117.6803,0.0000,10.6285,82741.5
12074,130138.7353,129021.0550,1117.6803,0.0000,10.6285,82748.3
12075,130138.7353,129021.0550,1117.6803,0.0000,10.6285,82755.5
12076,130138.7353,129021.0550,1117.6803,0.0000,10.6285,82762.5
12077,130138.7353,129021.0550,1117.6803,0.0000,10.6285,82770.1
12078,130138.7353,129021.0550,1117.6803,0.0000,10.6285,82776.5
12079,130138.7353,129021.0550,1117.6803,0.0000,10.6285,82784.0
12080,130138.7353,129021.0550,1117.6803,0.0000,10.6285,82790.9
12081,130138.7353,129021.0550,1117.6803,0.0000,10.6285,82797.7
12082,130138.7353,129021.0550,1117.6803,0.0000,10.6285,82804.7
12083,130138.7353,129021.0550,1117.6803,0.0000,10.6285,82811.9
12084,130138.7353,129021.0550,1117.6803,0.0000,10.6285,82819.8
12085,130138.7353,129021.0550,1117.6803,0.0000,10.6285,82827.4
12086,130138.7353,129021.0550,1117.6803,0.0000,10.6285,82835.0
12087,130138.7353,129021.0550,1117.6803,0.0000,10.6285,82841.8
12088,130138.7353,129021.0550,1117.6803,0.0000,10.6285,82848.9
12089,130138.7353,129021.0550,1117.6803,0.0000,10.6285,82855.7
12090,130138.7353,129021.0550,1117.6803,0.0000,10.6285,82862.7
12091,130138.7353,129021.0550,1117.6803,0.0000,10.6285,82869.8
12092,130138.7353,129021.0550,1117.6803,0.0000,10.6285,82877.4
12093,130138.7353,129021.0550,1117.6803,0.0000,10.6285,82884.5
12094,130138.7353,129021.0550,1117.6803,0.0000,10.6285,82891.3
12095,130138.7353,129021.0550,1117.6803,0.0000,10.6285,82898.5
12096,130138.7353,129021.0550,1117.6803,0.0000,10.6285,82906.1
12097,130138.7353,129021.0550,1117.6803,0.0000,10.6285,82912.6
12098,130138.7353,129021.0550,1117.6803,0.0000,10.6285,82919.8
12099,130138.7353,129021.0550,1117.6803,0.0000,10.6285,82927.2
12100,130138.7353,129021.0550,1117.6803,0.0000,10.6285,82934.5
12101,130138.7353,129021.0550,1117.6803,0.0000,10.6285,82942.0
12102,130138.7353,129021.0550,1117.6803,0.0000,10.6285,82948.5
12103,130138.7353,129021.0550,1117.6803,0.0000,10.6285,82956.3
12104,130138.7353,129021.0550,1117.6803,0.0000,10.6285,82963.1
12105,130138.7353,129021.0550,1117.6803,0.0000,10.6285,82970.4
12106,130138.7353,129021.0550,1117.6803,0.0000,10.6285,82977.5
12107,130138.7353,129021.0550,1117.6803,0.0000,10.6285,82984.7
12108,130138.7353,129021.0550,1117.6803,0.0000,10.6285,82991.6
12109,130138.7353,129021.0550,1117.6803,0.0000,10.6285,82998.6
12110,130138.7353,129021.0550,1117.6803,0.0000,10.6285,83004.9
12111,130138.7353,129021.0550,1117.6803,0.0000,10.6285,83013.6
12112,130138.7353,129021.0550,1117.6803,0.0185,10.7019,83020.7
12113,130138.7353,129021.0550,1117.6803,0.0000,10.7019,83027.8
12114,130138.7353,129021.0550,1117.6803,0.0000,10.7019,83034.7
12115,130138.7353,129021.0550,1117.6803,0.0000,10.7019,83041.4
12116,130138.7353,129021.0550,1117.6803,0.0000,10.7019,83048.4
12117,130138.7353,129021.0550,1117.6803,0.0000,10.7019,83055.5
12118,130138.7353,129021.0550,1117.6803,0.0000,10.7019,83063.1
12119,130138.7353,129021.0550,1117.6803,0.0000,10.7019,83070.8
12120,130138.7353,129021.0550,1117.6803,0.0000,10.7019,83077.1
12121,130138.7353,129021.0550,1117.6803,0.0000,10.7019,83084.1
12122,130138.7353,129021.0550,1117.6803,0.0000,10.7019,83090.9
12123,130138.7353,129021.0550,1117.6803,0.0000,10.7019,83098.2
12124,130138.7353,129021.0550,1117.6803,0.0000,10.7019,83105.1
12125,130138.7353,129021.0550,1117.6803,0.0000,10.7019,83112.2
12126,130138.7353,129021.0550,1117.6803,0.0000,10.7019,83118.8
12127,130138.7353,129021.0550,1117.6803,0.0000,10.7019,83125.5
12128,130138.7353,129021.0550,1117.6803,0.0000,10.7019,83133.1
12129,130138.7353,129021.0550,1117.6803,0.0000,10.7019,83140.6
12130,130138.7353,129021.0550,1117.6803,0.0000,10.7019,83147.0
12131,130138.7353,129021.0550,1117.6803,0.0000,10.7019,83153.4
12132,130138.7353,129021.0550,1117.6803,0.0000,10.7019,83160.4
12133,130138.7353,129021.0550,1117.6803,0.0000,10.7019,83167.4
12134,130138.7353,129021.0550,1117.6803,0.0000,10.7019,83173.9
12135,130138.7353,129021.0550,1117.6803,0.0000,10.7019,83181.9
12136,130138.7353,129021.0550,1117.6803,0.0185,10.7699,83189.1
12137,130138.7353,129021.0550,1117.6803,0.0000,10.7699,83195.7
12138,130138.7353,129021.0550,1117.6803,0.0000,10.7699,83202.2
12139,130138.7353,129021.0550,1117.6803,0.0000,10.7699,83209.8
12140,130138.7353,129021.0550,1117.6803,0.0000,10.7699,83217.0
12141,130138.7353,129126.7286,1012.0067,0.0185,10.7866,83223.9
12142,130138.7353,129126.7286,1012.0067,0.0000,10.7866,83230.6
12143,130138.7353,129126.7286,1012.0067,0.0000,10.7866,83237.6
12144,130138.7353,129126.7286,1012.0067,0.0000,10.7866,83244.6
12145,130138.7353,129126.7286,1012.0067,0.0000,10.7866,83251.7
12146,130138.7353,129126.7286,1012.0067,0.0000,10.7866,83259.6
12147,130138.7353,129126.7286,1012.0067,0.0000,10.7866,83266.2
12148,130138.7353,129126.7286,1012.0067,0.0000,10.7866,83273.4
12149,130138.7353,129126.7286,1012.0067,0.0000,10.7866,83280.2
12150,130138.7353,129126.7286,1012.0067,0.0000,10.7866,83286.7
12151,130138.7353,129126.7286,1012.0067,0.0000,10.7866,83293.9
12152,130138.7353,129126.7286,1012.0067,0.0000,10.7866,83301.3
12153,130138.7353,129126.7286,1012.0067,0.0000,10.7866,83308.2
12154,130138.7353,129126.7286,1012.0067,0.0000,10.7866,83315.1
12155,130138.7353,129126.7286,1012.0067,0.0000,10.7866,83322.4
12156,130138.7353,129126.7286,1012.0067,0.0000,10.7866,83329.6
12157,130138.7353,129126.7286,1012.0067,0.0000,10.7866,83336.9
12158,130138.7353,129126.7286,1012.0067,0.0000,10.7866,83343.0
12159,130138.7353,129126.7286,1012.0067,0.0000,10.7866,83349.5
12160,130138.7353,129126.7286,1012.0067,0.0000,10.7866,83356.1
12161,130138.7353,129126.7286,1012.0067,0.0000,10.7866,83363.3
12162,130138.7353,129126.7286,1012.0067,0.0000,10.7866,83371.1
12163,130138.7353,129126.7286,1012.0067,0.0000,10.7866,83378.2
12164,130138.7353,129126.7286,1012.0067,0.0000,10.7866,83384.8
12165,130138.7353,129126.7286,1012.0067,0.0000,10.7866,83391.3
12166,130138.7353,129126.7286,1012.0067,0.0000,10.7866,83398.1
12167,130138.7353,129126.7286,1012.0067,0.0000,10.7866,83405.3
12168,130138.7353,129126.7286,1012.0067,0.0000,10.7866,83413.0
12169,130138.7353,129126.7286,1012.0067,0.0000,10.7866,83419.9
12170,130138.7353,129126.7286,1012.0067,0.0000,10.7866,83426.4
12171,130138.7353,129126.7286,1012.0067,0.0000,10.7866,83433.6
12172,130138.7353,129126.7286,1012.0067,0.0000,10.7866,83441.0
12173,130138.7353,129126.7286,1012.0067,0.0000,10.7866,83448.0
12174,130138.7353,129126.7286,1012.0067,0.0000,10.7866,83455.8
12175,130138.7353,129126.7286,1012.0067,0.0000,10.7866,83463.1
12176,130138.7353,129126.7286,1012.0067,0.0000,10.7866,83470.2
12177,130138.7353,129126.7286,1012.0067,0.0000,10.7866,83477.3
12178,130138.7353,129126.7286,1012.0067,0.0000,10.7866,83483.2
12179,130138.7353,129126.7286,1012.0067,0.0000,10.7866,83490.3
12180,130138.7353,129126.7286,1012.0067,0.0000,10.7866,83497.1
12181,130138.7353,129126.7286,1012.0067,0.0000,10.7866,83504.3
12182,130138.7353,129126.7286,1012.0067,0.0000,10.7866,83511.1
12183,130138.7353,129126.7286,1012.0067,0.0000,10.7866,83518.8
12184,130138.7353,129126.7286,1012.0067,0.0000,10.7866,83525.2
12185,130138.7353,129126.7286,1012.0067,0.0000,10.7866,83532.0
12186,130138.7353,129126.7286,1012.0067,0.0000,10.7866,83539.1
12187,130138.7353,129126.7286,1012.0067,0.0000,10.7866,83546.3
12188,130138.7353,129126.7286,1012.0067,0.0000,10.7866,83553.1
12189,130138.7353,129126.7286,1012.0067,0.0000,10.7866,83560.9
12190,130138.7353,129126.7286,1012.0067,0.0000,10.7866,83568.9
12191,130138.7353,129126.7286,1012.0067,0.0000,10.7866,83576.7
12192,130138.7353,129126.7286,1012.0067,0.0000,10.7866,83584.5
12193,130138.7353,129126.7286,1012.0067,0.0000,10.7866,83591.3
12194,130138.7353,129126.7286,1012.0067,0.0000,10.7866,83598.2
12195,130138.7353,129126.7286,1012.0067,0.0000,10.7866,83604.8
12196,130138.7353,129126.7286,1012.0067,0.0000,10.7866,83611.1
12197,130138.7353,129126.7286,1012.0067,0.0000,10.7866,83618.4
12198,130138.7353,129126.7286,1012.0067,0.0000,10.7866,83624.5
12199,130138.7353,129126.7286,1012.0067,0.0000,10.7866,83632.1
12200,130138.7353,129126.7286,1012.0067,0.0000,10.7866,83638.7
12201,130138.7353,129126.7286,1012.0067,0.0000,10.7866,83646.3
12202,130138.7353,129126.7286,1012.0067,0.0000,10.7866,83652.3
12203,130138.7353,129126.7286,1012.0067,0.0185,10.7896,83659.7
12204,130138.7353,129126.7286,1012.0067,0.0000,10.7896,83666.9
12205,130138.7353,129126.7286,1012.0067,0.0000,10.7896,83674.3
12206,130138.7353,129126.7286,1012.0067,0.0000,10.7896,83681.7
12207,130138.7353,129126.7286,1012.0067,0.0000,10.7896,83689.5
12208,130138.7353,129126.7286,1012.0067,0.0000,10.7896,83696.8
12209,130138.7353,129126.7286,1012.0067,0.0000,10.7896,83703.2
12210,130138.7353,129126.7286,1012.0067,0.0000,10.7896,83710.1
12211,130138.7353,129126.7286,1012.0067,0.0000,10.7896,83717.3
12212,130138.7353,129126.7286,1012.0067,0.0000,10.7896,83724.8
12213,130138.7353,129126.7286,1012.0067,0.0000,10.7896,83732.3
12214,130138.7353,129126.7286,1012.0067,0.0000,10.7896,83738.8
12215,130138.7353,129126.7286,1012.0067,0.0000,10.7896,83746.1
12216,130138.7353,129126.7286,1012.0067,0.0000,10.7896,83752.8
12217,130138.7353,129126.7286,1012.0067,0.0000,10.7896,83759.3
12218,130138.7353,129126.7286,1012.0067,0.0000,10.7896,83766.6
12219,130138.7353,129126.7286,1012.0067,0.0000,10.7896,83773.5
12220,130138.7353,129126.7286,1012.0067,0.0000,10.7896,83780.0
12221,130138.7353,129126.7286,1012.0067,0.0000,10.7896,83787.4
12222,130138.7353,129126.7286,1012.0067,0.0000,10.7896,83794.5
12223,130138.7353,129126.7286,1012.0067,0.0000,10.7896,83800.6
12224,130138.7353,129126.7286,1012.0067,0.0000,10.7896,83807.0
12225,130138.7353,129126.7286,1012.0067,0.0000,10.7896,83814.8
12226,130138.7353,129126.7286,1012.0067,0.0000,10.7896,83821.9
12227,130138.7353,129126.7286,1012.0067,0.0000,10.7896,83828.6
12228,130138.7353,129126.7286,1012.0067,0.0000,10.7896,83836.0
12229,130138.7353,129126.7286,1012.0067,0.0000,10.7896,83843.7
12230,130138.7353,129126.7286,1012.0067,0.0000,10.7896,83850.1
12231,130138.7353,129126.7286,1012.0067,0.0000,10.7896,83856.9
12232,130138.7353,129126.7286,1012.0067,0.0000,10.7896,83864.3
12233,130138.7353,129126.7286,1012.0067,0.0185,10.7683,83871.1
12234,130138.7353,129126.7286,1012.0067,0.0000,10.7683,83877.7
12235,130138.7353,129126.7286,1012.0067,0.0000,10.7683,83885.8
12236,130138.7353,129126.7286,1012.0067,0.0000,10.7683,83892.9
12237,130138.7353,129126.7286,1012.0067,0.0000,10.7683,83899.4
12238,130138.7353,129126.7286,1012.0067,0.0185,10.8396,83906.9
12239,130138.7353,129126.7286,1012.0067,0.0000,10.8396,83914.0
12240,130138.7353,129126.7286,1012.0067,0.0000,10.8396,83920.7
12241,130138.7353,129126.7286,1012.0067,0.0000,10.8396,83928.0
12242,130138.7353,129126.7286,1012.0067,0.0000,10.8396,83934.7
12243,130138.7353,129126.7286,1012.0067,0.0000,10.8396,83942.2
12244,130138.7353,129126.7286,1012.0067,0.0000,10.8396,83949.4
12245,130138.7353,129126.7286,1012.0067,0.0000,10.8396,83957.1
12246,130138.7353,129126.7286,1012.0067,0.0000,10.8396,83964.6
12247,130138.7353,129126.7286,1012.0067,0.0000,10.8396,83972.2
12248,130138.7353,129126.7286,1012.0067,0.0000,10.8396,83979.0
12249,130138.7353,129126.7286,1012.0067,0.0000,10.8396,83986.1
12250,130138.7353,129126.7286,1012.0067,0.0000,10.8396,83994.2
12251,130138.7353,129126.7286,1012.0067,0.0000,10.8396,84001.4
12252,130138.7353,129126.7286,1012.0067,0.0000,10.8396,84008.6
12253,130138.7353,129126.7286,1012.0067,0.0000,10.8396,84015.7
12254,130138.7353,129126.7286,1012.0067,0.0000,10.8396,84023.4
12255,130138.7353,129126.7286,1012.0067,0.0000,10.8396,84030.0
12256,130138.7353,129126.7286,1012.0067,0.0000,10.8396,84036.4
12257,130138.7353,129126.7286,1012.0067,0.0000,10.8396,84044.2
12258,130138.7353,129126.7286,1012.0067,0.0000,10.8396,84051.0
12259,130138.7353,129126.7286,1012.0067,0.0000,10.8396,84058.0
12260,130138.7353,129126.7286,1012.0067,0.0000,10.8396,84064.4
12261,130138.7353,129126.7286,1012.0067,0.0000,10.8396,84071.3
12262,130138.7353,129126.7286,1012.0067,0.0000,10.8396,84078.1
12263,130138.7353,129126.7286,1012.0067,0.0000,10.8396,84085.6
12264,130138.7353,129126.7286,1012.0067,0.0000,10.8396,84092.6
12265,130138.7353,129126.7286,1012.0067,0.0000,10.8396,84100.0
12266,130138.7353,129126.7286,1012.0067,0.0000,10.8396,84106.6
12267,130138.7353,129126.7286,1012.0067,0.0000,10.8396,84113.1
12268,130138.7353,129126.7286,1012.0067,0.0000,10.8396,84120.8
12269,130138.7353,129126.7286,1012.0067,0.0000,10.8396,84127.7
12270,130138.7353,129126.7286,1012.0067,0.0000,10.8396,84134.5
12271,130138.7353,129126.7286,1012.0067,0.0000,10.8396,84141.3
12272,130138.7353,129126.7286,1012.0067,0.0000,10.8396,84148.7
12273,130138.7353,129126.7286,1012.0067,0.0000,10.8396,84155.9
12274,130138.7353,129126.7286,1012.0067,0.0000,10.8396,84163.7
12275,130138.7353,129126.7286,1012.0067,0.0000,10.8396,84170.7
12276,130138.7353,129126.7286,1012.0067,0.0000,10.8396,84177.6
12277,130138.7353,129126.7286,1012.0067,0.0000,10.8396,84184.2
12278,130138.7353,129126.7286,1012.0067,0.0000,10.8396,84190.9
12279,130138.7353,129126.7286,1012.0067,0.0000,10.8396,84197.7
12280,130138.7353,129126.7286,1012.0067,0.0000,10.8396,84204.5
12281,130138.7353,129126.7286,1012.0067,0.0000,10.8396,84211.3
12282,130138.7353,129126.7286,1012.0067,0.0000,10.8396,84218.6
12283,130138.7353,129126.7286,1012.0067,0.0000,10.8396,84226.4
12284,130138.7353,129126.7286,1012.0067,0.0000,10.8396,84233.9
12285,130138.7353,129126.7286,1012.0067,0.0000,10.8396,84240.2
12286,130138.7353,129126.7286,1012.0067,0.0000,10.8396,84247.3
12287,130138.7353,129126.7286,1012.0067,0.0000,10.8396,84254.3
12288,130138.7353,129126.7286,1012.0067,0.0000,10.8396,84261.4
12289,130138.7353,129126.7286,1012.0067,0.0000,10.8396,84268.1
12290,130138.7353,129126.7286,1012.0067,0.0000,10.8396,84275.7
12291,130138.7353,129126.7286,1012.0067,0.0000,10.8396,84282.7
12292,130138.7353,129126.7286,1012.0067,0.0000,10.8396,84289.2
12293,130138.7353,129126.7286,1012.0067,0.0000,10.8396,84296.5
12294,130138.7353,129126.7286,1012.0067,0.0000,10.8396,84304.0
12295,130138.7353,129126.7286,1012.0067,0.0000,10.8396,84310.8
12296,130138.7353,129126.7286,1012.0067,0.0000,10.8396,84317.3
12297,130138.7353,129126.7286,1012.0067,0.0000,10.8396,84323.8
12298,130138.7353,129126.7286,1012.0067,0.0000,10.8396,84330.2
12299,130138.7353,129126.7286,1012.0067,0.0185,10.8379,84336.9
12300,130138.7353,129126.7286,1012.0067,0.0000,10.8379,84343.6
12301,130138.7353,129126.7286,1012.0067,0.0000,10.8379,84350.6
12302,130138.7353,129126.7286,1012.0067,0.0000,10.8379,84358.1
12303,130138.7353,129126.7286,1012.0067,0.0000,10.8379,84365.2
12304,130138.7353,129126.7286,1012.0067,0.0000,10.8379,84372.8
12305,130138.7353,129126.7286,1012.0067,0.0000,10.8379,84381.0
12306,130138.7353,129126.7286,1012.0067,0.0000,10.8379,84388.5
12307,130138.7353,129126.7286,1012.0067,0.0000,10.8379,84396.2
12308,130138.7353,129126.7286,1012.0067,0.0000,10.8379,84403.4
12309,130138.7353,129126.7286,1012.0067,0.0000,10.8379,84410.3
12310,130138.7353,129131.4222,1007.3131,0.0185,10.8568,84417.2
12311,130138.7353,129131.4222,1007.3131,0.0000,10.8568,84425.1
12312,130138.7353,129131.4222,1007.3131,0.0000,10.8568,84431.1
12313,130138.7353,129131.4222,1007.3131,0.0000,10.8568,84438.3
12314,130138.7353,129131.4222,1007.3131,0.0000,10.8568,84445.6
12315,130138.7353,129131.4222,1007.3131,0.0000,10.8568,84452.7
12316,130138.7353,129131.4222,1007.3131,0.0000,10.8568,84459.9
12317,130138.7353,129131.4222,1007.3131,0.0000,10.8568,84466.9
12318,130138.7353,129131.4222,1007.3131,0.0000,10.8568,84473.4
12319,130138.7353,129131.4222,1007.3131,0.0000,10.8568,84480.6
12320,130138.7353,129131.4222,1007.3131,0.0000,10.8568,84487.4
12321,130138.7353,129131.4222,1007.3131,0.0000,10.8568,84493.9
12322,130138.7353,129131.4222,1007.3131,0.0000,10.8568,84501.2
12323,130138.7353,129131.4222,1007.3131,0.0000,10.8568,84507.6
12324,130138.7353,129131.4222,1007.3131,0.0000,10.8568,84513.8
12325,130138.7353,129131.4222,1007.3131,0.0000,10.8568,84521.4
12326,130138.7353,129131.4222,1007.3131,0.0000,10.8568,84528.4
12327,130138.7353,129131.4222,1007.3131,0.0000,10.8568,84536.2
12328,130138.7353,129131.4222,1007.3131,0.0000,10.8568,84543.4
12329,130138.7353,129131.4222,1007.3131,0.0000,10.8568,84550.8
12330,130138.7353,129131.4222,1007.3131,0.0000,10.8568,84557.4
12331,130138.7353,129131.4222,1007.3131,0.0000,10.8568,84564.1
12332,130138.7353,129131.4222,1007.3131,0.0000,10.8568,84571.4
12333,130138.7353,129131.4222,1007.3131,0.0000,10.8568,84578.8
12334,130138.7353,129131.4222,1007.3131,0.0000,10.8568,84585.7
12335,130138.7353,129131.4222,1007.3131,0.0000,10.8568,84592.7
12336,130138.7353,129131.4222,1007.3131,0.0000,10.8568,84599.4
12337,130138.7353,129131.4222,1007.3131,0.0000,10.8568,84606.7
12338,130138.7353,129131.4222,1007.3131,0.0000,10.8568,84613.8
12339,130138.7353,129131.4222,1007.3131,0.0000,10.8568,84622.2
12340,130138.7353,129131.4222,1007.3131,0.0000,10.8568,84629.3
12341,130138.7353,129131.4222,1007.3131,0.0000,10.8568,84636.4
12342,130138.7353,129131.4222,1007.3131,0.0000,10.8568,84643.9
12343,130138.7353,129131.4222,1007.3131,0.0000,10.8568,84650.3
12344,130138.7353,129131.4222,1007.3131,0.0000,10.8568,84657.2
12345,130138.7353,129131.4222,1007.3131,0.0000,10.8568,84664.2
12346,130138.7353,129131.4222,1007.3131,0.0000,10.8568,84670.9
12347,130138.7353,129131.4222,1007.3131,0.0000,10.8568,84678.4
12348,130138.7353,129131.4222,1007.3131,0.0000,10.8568,84686.1
12349,130138.7353,129131.4222,1007.3131,0.0000,10.8568,84693.2
12350,130138.7353,129131.4222,1007.3131,0.0000,10.8568,84700.4
12351,130138.7353,129131.4222,1007.3131,0.0000,10.8568,84707.8
12352,130138.7353,129131.4222,1007.3131,0.0000,10.8568,84714.4
12353,130138.7353,129131.4222,1007.3131,0.0000,10.8568,84721.6
12354,130138.7353,129131.4222,1007.3131,0.0000,10.8568,84728.4
12355,130138.7353,129131.4222,1007.3131,0.0000,10.8568,84735.2
12356,130138.7353,129131.4222,1007.3131,0.0000,10.8568,84742.2
12357,130138.7353,129131.4222,1007.3131,0.0000,10.8568,84749.4
12358,130138.7353,129131.4222,1007.3131,0.0000,10.8568,84756.4
12359,130138.7353,129131.4222,1007.3131,0.0000,10.8568,84763.8
12360,130138.7353,129131.4222,1007.3131,0.0000,10.8568,84770.9
12361,130138.7353,129131.4222,1007.3131,0.0000,10.8568,84777.6
12362,130138.7353,129131.4222,1007.3131,0.0000,10.8568,84783.6
12363,130138.7353,129131.4222,1007.3131,0.0000,10.8568,84791.1
12364,130138.7353,129131.4222,1007.3131,0.0185,10.8626,84797.6
12365,130138.7353,129131.4222,1007.3131,0.0000,10.8626,84804.4
12366,130138.7353,129131.4222,1007.3131,0.0000,10.8626,84812.0
12367,130138.7353,129131.4222,1007.3131,0.0000,10.8626,84819.5
12368,130138.7353,129131.4222,1007.3131,0.0000,10.8626,84826.1
12369,130138.7353,129131.4222,1007.3131,0.0000,10.8626,84833.6
12370,130138.7353,129131.4222,1007.3131,0.0000,10.8626,84841.1
12371,130138.7353,129131.4222,1007.3131,0.0000,10.8626,84848.8
12372,130138.7353,129131.4222,1007.3131,0.0000,10.8626,84855.7
12373,130138.7353,129131.4222,1007.3131,0.0000,10.8626,84863.5
12374,130138.7353,129131.4222,1007.3131,0.0000,10.8626,84870.5
12375,130138.7353,129131.4222,1007.3131,0.0000,10.8626,84878.2
12376,130138.7353,129131.4222,1007.3131,0.0000,10.8626,84885.2
12377,130138.7353,129131.4222,1007.3131,0.0000,10.8626,84892.4
12378,130138.7353,129131.4222,1007.3131,0.0000,10.8626,84899.3
12379,130138.7353,129131.4222,1007.3131,0.0000,10.8626,84906.5
12380,130138.7353,129131.4222,1007.3131,0.0000,10.8626,84913.8
12381,130138.7353,129131.4222,1007.3131,0.0000,10.8626,84920.5
12382,130138.7353,129131.4222,1007.3131,0.0000,10.8626,84928.4
12383,130138.7353,129131.4222,1007.3131,0.0000,10.8626,84935.7
12384,130138.7353,129131.4222,1007.3131,0.0000,10.8626,84942.9
12385,130138.7353,129131.4222,1007.3131,0.0000,10.8626,84949.9
12386,130138.7353,129131.4222,1007.3131,0.0000,10.8626,84957.1
12387,130138.7353,129131.4222,1007.3131,0.0000,10.8626,84964.3
12388,130138.7353,129131.4222,1007.3131,0.0000,10.8626,84971.4
12389,130138.7353,129131.4222,1007.3131,0.0000,10.8626,84979.0
12390,130138.7353,129131.4222,1007.3131,0.0000,10.8626,84985.6
12391,130138.7353,129131.4222,1007.3131,0.0000,10.8626,84992.3
12392,130138.7353,129131.4222,1007.3131,0.0000,10.8626,84999.2
12393,130138.7353,129131.4222,1007.3131,0.0000,10.8626,85006.4
12394,130138.7353,129131.4222,1007.3131,0.0000,10.8626,85014.0
12395,130138.7353,129131.4222,1007.3131,0.0000,10.8626,85020.5
12396,130138.7353,129131.4222,1007.3131,0.0000,10.8626,85027.1
12397,130138.7353,129131.4222,1007.3131,0.0000,10.8626,85034.1
12398,130138.7353,129131.4222,1007.3131,0.0000,10.8626,85041.4
12399,130138.7353,129131.4222,1007.3131,0.0000,10.8626,85048.9
12400,130138.7353,129131.4222,1007.3131,0.0000,10.8626,85055.7
12401,130138.7353,129131.4222,1007.3131,0.0000,10.8626,85062.7
12402,130138.7353,129131.4222,1007.3131,0.0000,10.8626,85069.6
12403,130138.7353,129131.4222,1007.3131,0.0000,10.8626,85076.6
12404,130138.7353,129131.4222,1007.3131,0.0000,10.8626,85083.1
12405,130138.7353,129131.4222,1007.3131,0.0000,10.8626,85090.3
12406,130138.7353,129131.4222,1007.3131,0.0000,10.8626,85097.9
12407,130138.7353,129131.4222,1007.3131,0.0000,10.8626,85104.9
12408,130138.7353,129131.4222,1007.3131,0.0000,10.8626,85112.6
12409,130138.7353,129131.4222,1007.3131,0.0000,10.8626,85119.1
12410,130138.7353,129131.4222,1007.3131,0.0000,10.8626,85125.5
12411,130138.7353,129131.4222,1007.3131,0.0000,10.8626,85133.4
12412,130138.7353,129131.4222,1007.3131,0.0000,10.8626,85139.5
12413,130138.7353,129131.4222,1007.3131,0.0000,10.8626,85146.1
12414,130138.7353,129131.4222,1007.3131,0.0000,10.8626,85153.8
12415,130138.7353,129131.4222,1007.3131,0.0000,10.8626,85160.7
12416,130138.7353,129131.4222,1007.3131,0.0000,10.8626,85167.5
12417,130138.7353,129131.4222,1007.3131,0.0000,10.8626,85174.5
12418,130138.7353,129131.4222,1007.3131,0.0000,10.8626,85181.2
12419,130138.7353,129131.4222,1007.3131,0.0000,10.8626,85187.0
12420,130138.7353,129131.4222,1007.3131,0.0000,10.8626,85194.0
12421,130138.7353,129131.4222,1007.3131,0.0000,10.8626,85200.8
12422,130138.7353,129131.4222,1007.3131,0.0000,10.8626,85208.5
12423,130138.7353,129131.4222,1007.3131,0.0000,10.8626,85215.6
12424,130138.7353,129131.4222,1007.3131,0.0185,10.8557,85223.4
12425,130138.7353,129131.4222,1007.3131,0.0000,10.8557,85229.7
12426,130138.7353,129131.4222,1007.3131,0.0000,10.8557,85236.4
12427,130138.7353,129131.4222,1007.3131,0.0185,10.8529,85242.9
12428,130138.7353,129131.4222,1007.3131,0.0000,10.8529,85250.5
12429,130138.7353,129131.4222,1007.3131,0.0000,10.8529,85256.9
12430,130138.7353,129131.4222,1007.3131,0.0000,10.8529,85263.6
12431,130138.7353,129131.4222,1007.3131,0.0185,10.8578,85270.6
12432,130138.7353,129131.4222,1007.3131,0.0000,10.8578,85278.1
12433,130138.7353,129131.4222,1007.3131,0.0000,10.8578,85284.8
12434,130138.7353,129131.4222,1007.3131,0.0000,10.8578,85291.6
12435,130138.7353,129131.4222,1007.3131,0.0000,10.8578,85298.8
12436,130138.7353,129131.4222,1007.3131,0.0000,10.8578,85306.6
12437,130138.7353,129131.4222,1007.3131,0.0000,10.8578,85313.9
12438,130138.7353,129131.4222,1007.3131,0.0000,10.8578,85320.7
12439,130138.7353,129131.4222,1007.3131,0.0000,10.8578,85328.1
12440,130138.7353,129131.4222,1007.3131,0.0000,10.8578,85335.6
12441,130138.7353,129131.4222,1007.3131,0.0000,10.8578,85342.9
12442,130138.7353,129131.4222,1007.3131,0.0185,10.8134,85350.4
12443,130138.7353,129131.4222,1007.3131,0.0000,10.8134,85357.5
12444,130138.7353,129131.4222,1007.3131,0.0000,10.8134,85364.8
12445,130138.7353,129131.4222,1007.3131,0.0000,10.8134,85373.0
12446,130138.7353,129131.4222,1007.3131,0.0000,10.8134,85380.1
12447,130138.7353,129131.4222,1007.3131,0.0000,10.8134,85387.2
12448,130138.7353,129131.4222,1007.3131,0.0000,10.8134,85395.0
12449,130138.7353,129131.4222,1007.3131,0.0000,10.8134,85401.4
12450,130138.7353,129131.4222,1007.3131,0.0000,10.8134,85408.2
12451,130138.7353,129131.4222,1007.3131,0.0000,10.8134,85415.2
12452,130138.7353,129131.4222,1007.3131,0.0000,10.8134,85421.3
12453,130138.7353,129131.4222,1007.3131,0.0000,10.8134,85427.5
12454,130138.7353,129131.4222,1007.3131,0.0000,10.8134,85434.9
12455,130138.7353,129131.4222,1007.3131,0.0000,10.8134,85441.6
12456,130138.7353,129131.4222,1007.3131,0.0000,10.8134,85448.2
12457,130138.7353,129131.4222,1007.3131,0.0185,10.7919,85456.2
12458,130138.7353,129131.4222,1007.3131,0.0000,10.7919,85463.9
12459,130138.7353,129131.4222,1007.3131,0.0000,10.7919,85471.9
12460,130138.7353,129131.4222,1007.3131,0.0000,10.7919,85478.6
12461,130138.7353,129131.4222,1007.3131,0.0000,10.7919,85485.2
12462,130138.7353,129131.4222,1007.3131,0.0000,10.7919,85492.4
12463,130138.7353,129131.4222,1007.3131,0.0000,10.7919,85499.2
12464,130138.7353,129131.4222,1007.3131,0.0000,10.7919,85506.6
12465,130138.7353,129131.4222,1007.3131,0.0000,10.7919,85513.7
12466,130138.7353,129131.4222,1007.3131,0.0000,10.7919,85521.7
12467,130138.7353,129132.4334,1006.3019,0.0185,10.7909,85528.6
12468,130138.7353,129132.4334,1006.3019,0.0000,10.7909,85535.8
12469,130138.7353,129132.4334,1006.3019,0.0000,10.7909,85542.6
12470,130138.7353,129132.4334,1006.3019,0.0000,10.7909,85549.3
12471,130138.7353,129132.4334,1006.3019,0.0000,10.7909,85556.8
12472,130138.7353,129132.4334,1006.3019,0.0000,10.7909,85564.2
12473,130138.7353,129132.4334,1006.3019,0.0000,10.7909,85571.3
12474,130138.7353,129132.4334,1006.3019,0.0000,10.7909,85578.7
12475,130138.7353,129132.4334,1006.3019,0.0000,10.7909,85585.6
12476,130138.7353,129132.4334,1006.3019,0.0000,10.7909,85593.4
12477,130138.7353,129132.4334,1006.3019,0.0000,10.7909,85599.6
12478,130138.7353,129132.4334,1006.3019,0.0000,10.7909,85606.2
12479,130138.7353,129132.4334,1006.3019,0.0000,10.7909,85613.1
12480,130138.7353,129132.4334,1006.3019,0.0000,10.7909,85620.3
12481,130138.7353,129132.4334,1006.3019,0.0000,10.7909,85627.0
12482,130138.7353,129132.4334,1006.3019,0.0000,10.7909,85633.6
12483,130138.7353,129132.4334,1006.3019,0.0000,10.7909,85639.9
12484,130138.7353,129132.4334,1006.3019,0.0000,10.7909,85647.3
12485,130138.7353,129132.4334,1006.3019,0.0000,10.7909,85654.4
12486,130138.7353,129132.4334,1006.3019,0.0000,10.7909,85661.2
12487,130138.7353,129132.4334,1006.3019,0.0000,10.7909,85668.4
12488,130138.7353,129132.4334,1006.3019,0.0000,10.7909,85675.5
12489,130138.7353,129132.4334,1006.3019,0.0000,10.7909,85682.3
12490,130138.7353,129132.4334,1006.3019,0.0000,10.7909,85690.2
12491,130138.7353,129132.4334,1006.3019,0.0000,10.7909,85697.3
12492,130138.7353,129132.4334,1006.3019,0.0000,10.7909,85703.9
12493,130138.7353,129132.4334,1006.3019,0.0000,10.7909,85711.0
12494,130138.7353,129132.4334,1006.3019,0.0000,10.7909,85718.7
12495,130138.7353,129132.4334,1006.3019,0.0000,10.7909,85725.7
12496,130138.7353,129132.4334,1006.3019,0.0000,10.7909,85732.9
12497,130138.7353,129132.4334,1006.3019,0.0000,10.7909,85739.7
12498,130138.7353,129132.4334,1006.3019,0.0000,10.7909,85747.0
12499,130138.7353,129132.4334,1006.3019,0.0000,10.7909,85754.3
12500,130138.7353,129132.4334,1006.3019,0.0000,10.7909,85762.2
12501,130138.7353,129132.4334,1006.3019,0.0000,10.7909,85769.8
12502,130138.7353,129132.4334,1006.3019,0.0000,10.7909,85776.9
12503,130138.7353,129132.4334,1006.3019,0.0000,10.7909,85783.7
12504,130138.7353,129132.4334,1006.3019,0.0000,10.7909,85791.4
12505,130138.7353,129132.4334,1006.3019,0.0000,10.7909,85799.0
12506,130138.7353,129132.4334,1006.3019,0.0000,10.7909,85806.0
12507,130138.7353,129132.4334,1006.3019,0.0000,10.7909,85813.0
12508,130138.7353,129132.4334,1006.3019,0.0000,10.7909,85819.9
12509,130138.7353,129132.4334,1006.3019,0.0000,10.7909,85827.0
12510,130138.7353,129132.4334,1006.3019,0.0000,10.7909,85834.0
12511,130138.7353,129132.4334,1006.3019,0.0000,10.7909,85841.1
12512,130138.7353,129132.4334,1006.3019,0.0000,10.7909,85848.0
12513,130138.7353,129132.4334,1006.3019,0.0000,10.7909,85855.1
12514,130138.7353,129132.4334,1006.3019,0.0000,10.7909,85862.8
12515,130138.7353,129132.4334,1006.3019,0.0000,10.7909,85869.3
12516,130138.7353,129132.4334,1006.3019,0.0000,10.7909,85876.0
12517,130138.7353,129132.4334,1006.3019,0.0000,10.7909,85882.8
12518,130138.7353,129132.4334,1006.3019,0.0000,10.7909,85889.7
12519,130138.7353,129132.4334,1006.3019,0.0000,10.7909,85897.0
12520,130138.7353,129132.4334,1006.3019,0.0000,10.7909,85904.0
12521,130138.7353,129132.4334,1006.3019,0.0000,10.7909,85910.6
12522,130138.7353,129132.4334,1006.3019,0.0000,10.7909,85917.9
12523,130138.7353,129132.4334,1006.3019,0.0000,10.7909,85925.1
12524,130138.7353,129132.4334,1006.3019,0.0000,10.7909,85931.7
12525,130138.7353,129132.4334,1006.3019,0.0000,10.7909,85938.4
12526,130138.7353,129132.4334,1006.3019,0.0000,10.7909,85945.7
12527,130138.7353,129132.4334,1006.3019,0.0000,10.7909,85952.1
12528,130138.7353,129132.4334,1006.3019,0.0000,10.7909,85959.1
12529,130138.7353,129132.4334,1006.3019,0.0185,10.7798,85966.1
12530,130138.7353,129132.4334,1006.3019,0.0000,10.7798,85972.9
12531,130138.7353,129132.4334,1006.3019,0.0000,10.7798,85980.0
12532,130138.7353,129132.4334,1006.3019,0.0000,10.7798,85987.5
12533,130138.7353,129132.4334,1006.3019,0.0000,10.7798,85994.8
12534,130138.7353,129132.4334,1006.3019,0.0000,10.7798,86001.3
12535,130138.7353,129132.4334,1006.3019,0.0000,10.7798,86008.0
12536,130138.7353,129132.4334,1006.3019,0.0000,10.7798,86015.3
12537,130138.7353,129141.1235,997.6118,0.0185,10.7874,86022.7
12538,130138.7353,129141.1235,997.6118,0.0000,10.7874,86029.5
12539,130138.7353,129141.1235,997.6118,0.0000,10.7874,86036.5
12540,130138.7353,129141.1235,997.6118,0.0000,10.7874,86043.6
12541,130138.7353,129141.1235,997.6118,0.0000,10.7874,86051.3
12542,130138.7353,129141.1235,997.6118,0.0000,10.7874,86058.6
12543,130138.7353,129141.1235,997.6118,0.0000,10.7874,86065.3
12544,130138.7353,129141.1235,997.6118,0.0000,10.7874,86072.6
12545,130138.7353,129141.1235,997.6118,0.0000,10.7874,86079.1
12546,130138.7353,129141.1235,997.6118,0.0000,10.7874,86085.7
12547,130138.7353,129141.1235,997.6118,0.0000,10.7874,86092.3
12548,130138.7353,129141.1235,997.6118,0.0000,10.7874,86099.6
12549,130138.7353,129141.1235,997.6118,0.0000,10.7874,86105.3
12550,130138.7353,129141.1235,997.6118,0.0000,10.7874,86111.9
12551,130138.7353,129141.1235,997.6118,0.0000,10.7874,86119.4
12552,130138.7353,129141.1235,997.6118,0.0000,10.7874,86125.5
12553,130138.7353,129141.1235,997.6118,0.0000,10.7874,86132.5
12554,130138.7353,129141.1235,997.6118,0.0000,10.7874,86140.3
12555,130138.7353,129141.1235,997.6118,0.0000,10.7874,86147.9
12556,130138.7353,129141.1235,997.6118,0.0000,10.7874,86154.9
12557,130138.7353,129141.1235,997.6118,0.0000,10.7874,86162.2
12558,130138.7353,129141.1235,997.6118,0.0000,10.7874,86169.4
12559,130138.7353,129141.1235,997.6118,0.0000,10.7874,86176.5
12560,130138.7353,129141.1235,997.6118,0.0000,10.7874,86183.1
12561,130138.7353,129141.1235,997.6118,0.0000,10.7874,86190.0
12562,130138.7353,129141.1235,997.6118,0.0000,10.7874,86196.6
12563,130138.7353,129141.1235,997.6118,0.0000,10.7874,86203.8
12564,130138.7353,129141.1235,997.6118,0.0185,10.6907,86210.0
12565,130138.7353,129141.1235,997.6118,0.0000,10.6907,86216.3
12566,130138.7353,129141.1235,997.6118,0.0000,10.6907,86224.2
12567,130138.7353,129141.1235,997.6118,0.0000,10.6907,86232.4
12568,130138.7353,129141.1235,997.6118,0.0000,10.6907,86239.3
12569,130138.7353,129141.1235,997.6118,0.0000,10.6907,86247.5
12570,130138.7353,129141.1235,997.6118,0.0000,10.6907,86254.9
12571,130138.7353,129141.1235,997.6118,0.0000,10.6907,86262.3
12572,130138.7353,129141.1235,997.6118,0.0000,10.6907,86269.2
12573,130138.7353,129141.1235,997.6118,0.0000,10.6907,86276.2
12574,130138.7353,129141.1235,997.6118,0.0000,10.6907,86283.4
12575,130138.7353,129141.1235,997.6118,0.0000,10.6907,86291.1
12576,130138.7353,129141.1235,997.6118,0.0000,10.6907,86298.2
12577,130138.7353,129141.1235,997.6118,0.0000,10.6907,86305.2
12578,130138.7353,129141.1235,997.6118,0.0000,10.6907,86312.4
12579,130138.7353,129141.1235,997.6118,0.0000,10.6907,86320.6
12580,130138.7353,129141.1235,997.6118,0.0000,10.6907,86327.0
12581,130138.7353,129141.1235,997.6118,0.0000,10.6907,86334.1
12582,130138.7353,129141.1235,997.6118,0.0000,10.6907,86341.0
12583,130138.7353,129141.1235,997.6118,0.0370,10.6877,86348.5
12584,130138.7353,129141.1235,997.6118,0.0000,10.6877,86355.7
12585,130138.7353,129141.1235,997.6118,0.0000,10.6877,86363.1
12586,130138.7353,129141.1235,997.6118,0.0000,10.6877,86370.2
12587,130138.7353,129141.1235,997.6118,0.0000,10.6877,86377.1
12588,130138.7353,129141.1235,997.6118,0.0000,10.6877,86384.4
12589,130138.7353,129141.1235,997.6118,0.0000,10.6877,86391.1
12590,130138.7353,129141.1235,997.6118,0.0000,10.6877,86397.9
12591,130138.7353,129141.1235,997.6118,0.0000,10.6877,86405.3
12592,130138.7353,129141.1235,997.6118,0.0000,10.6877,86413.1
12593,130138.7353,129141.1235,997.6118,0.0000,10.6877,86419.9
12594,130138.7353,129141.1235,997.6118,0.0000,10.6877,86426.8
12595,130138.7353,129141.1235,997.6118,0.0000,10.6877,86433.9
12596,130138.7353,129141.1235,997.6118,0.0000,10.6877,86440.6
12597,130138.7353,129141.1235,997.6118,0.0000,10.6877,86447.8
12598,130138.7353,129141.1235,997.6118,0.0185,10.6876,86455.2
12599,130138.7353,129141.1235,997.6118,0.0000,10.6876,86462.1
12600,130138.7353,129141.1235,997.6118,0.0000,10.6876,86469.0
12601,130138.7353,129141.1235,997.6118,0.0000,10.6876,86475.7
12602,130138.7353,129141.1235,997.6118,0.0000,10.6876,86482.6
12603,130138.7353,129141.1235,997.6118,0.0000,10.6876,86489.9
12604,130138.7353,129141.1235,997.6118,0.0000,10.6876,86496.3
12605,130138.7353,129141.1235,997.6118,0.0000,10.6876,86503.7
12606,130138.7353,129141.1235,997.6118,0.0000,10.6876,86510.9
12607,130138.7353,129141.1235,997.6118,0.0000,10.6876,86518.2
12608,130138.7353,129141.1235,997.6118,0.0000,10.6876,86524.9
12609,130138.7353,129141.1235,997.6118,0.0000,10.6876,86531.7
12610,130138.7353,129141.1235,997.6118,0.0000,10.6876,86538.5
12611,130138.7353,129141.1235,997.6118,0.0185,10.7008,86545.2
12612,130138.7353,129141.1235,997.6118,0.0000,10.7008,86552.7
12613,130138.7353,129141.1235,997.6118,0.0000,10.7008,86559.2
12614,130138.7353,129141.1235,997.6118,0.0000,10.7008,86566.0
12615,130138.7353,129141.1235,997.6118,0.0000,10.7008,86573.0
12616,130138.7353,129141.1235,997.6118,0.0000,10.7008,86579.3
12617,130138.7353,129141.1235,997.6118,0.0000,10.7008,86586.0
12618,130138.7353,129141.1235,997.6118,0.0000,10.7008,86593.7
12619,130138.7353,129141.1235,997.6118,0.0000,10.7008,86600.4
12620,130138.7353,129141.1235,997.6118,0.0000,10.7008,86607.5
12621,130138.7353,129141.1235,997.6118,0.0000,10.7008,86614.4
12622,130138.7353,129141.1235,997.6118,0.0000,10.7008,86620.6
12623,130138.7353,129141.1235,997.6118,0.0000,10.7008,86627.5
12624,130138.7353,129141.1235,997.6118,0.0000,10.7008,86634.5
12625,130138.7353,129141.1235,997.6118,0.0000,10.7008,86641.0
12626,130138.7353,129141.1235,997.6118,0.0000,10.7008,86648.0
12627,130138.7353,129141.1235,997.6118,0.0000,10.7008,86655.3
12628,130138.7353,129141.1235,997.6118,0.0000,10.7008,86662.0
12629,130138.7353,129141.1235,997.6118,0.0000,10.7008,86668.9
12630,130138.7353,129141.1235,997.6118,0.0000,10.7008,86676.0
12631,130138.7353,129141.1235,997.6118,0.0000,10.7008,86683.4
12632,130138.7353,129141.1235,997.6118,0.0000,10.7008,86691.3
12633,130138.7353,129141.1235,997.6118,0.0000,10.7008,86698.9
12634,130138.7353,129141.1235,997.6118,0.0000,10.7008,86706.2
12635,130138.7353,129141.1235,997.6118,0.0000,10.7008,86713.9
12636,130138.7353,129141.1235,997.6118,0.0000,10.7008,86721.7
12637,130138.7353,129141.1235,997.6118,0.0000,10.7008,86728.8
12638,130138.7353,129141.1235,997.6118,0.0000,10.7008,86736.1
12639,130138.7353,129141.1235,997.6118,0.0000,10.7008,86743.0
12640,130138.7353,129141.1235,997.6118,0.0000,10.7008,86750.4
12641,130138.7353,129141.1235,997.6118,0.0000,10.7008,86758.2
12642,130138.7353,129141.1235,997.6118,0.0000,10.7008,86764.7
12643,130138.7353,129141.1235,997.6118,0.0000,10.7008,86772.1
12644,130138.7353,129141.1235,997.6118,0.0000,10.7008,86779.2
12645,130138.7353,129141.1235,997.6118,0.0000,10.7008,86786.4
12646,130138.7353,129141.1235,997.6118,0.0000,10.7008,86793.2
12647,130138.7353,129141.1235,997.6118,0.0000,10.7008,86800.5
12648,130138.7353,129141.1235,997.6118,0.0000,10.7008,86807.8
12649,130138.7353,129141.1235,997.6118,0.0000,10.7008,86814.4
12650,130138.7353,129141.1235,997.6118,0.0000,10.7008,86821.4
12651,130138.7353,129141.1235,997.6118,0.0000,10.7008,86828.1
12652,130138.7353,129141.1235,997.6118,0.0000,10.7008,86834.4
12653,130138.7353,129141.1235,997.6118,0.0000,10.7008,86841.4
12654,130138.7353,129141.1235,997.6118,0.0000,10.7008,86848.7
12655,130138.7353,129141.1235,997.6118,0.0000,10.7008,86857.0
12656,130138.7353,129141.1235,997.6118,0.0000,10.7008,86863.8
12657,130138.7353,129141.1235,997.6118,0.0000,10.7008,86870.3
12658,130138.7353,129141.1235,997.6118,0.0000,10.7008,86877.0
12659,130138.7353,129141.1235,997.6118,0.0000,10.7008,86883.6
12660,130138.7353,129141.1235,997.6118,0.0000,10.7008,86891.2
12661,130138.7353,129141.1235,997.6118,0.0000,10.7008,86898.2
12662,130138.7353,129141.1235,997.6118,0.0000,10.7008,86905.4
12663,130138.7353,129141.1235,997.6118,0.0000,10.7008,86913.0
12664,130138.7353,129141.1235,997.6118,0.0000,10.7008,86920.4
12665,130138.7353,129141.1235,997.6118,0.0000,10.7008,86927.8
12666,130138.7353,129141.1235,997.6118,0.0000,10.7008,86934.5
12667,130138.7353,129141.1235,997.6118,0.0185,10.7042,86941.5
12668,130138.7353,129141.1235,997.6118,0.0000,10.7042,86948.4
12669,130138.7353,129141.1235,997.6118,0.0000,10.7042,86954.7
12670,130138.7353,129141.1235,997.6118,0.0000,10.7042,86962.5
12671,130138.7353,129141.1235,997.6118,0.0000,10.7042,86969.8
12672,130138.7353,129141.1235,997.6118,0.0000,10.7042,86976.3
12673,130138.7353,129141.1235,997.6118,0.0000,10.7042,86983.3
12674,130138.7353,129141.1235,997.6118,0.0000,10.7042,86990.0
12675,130138.7353,129141.1235,997.6118,0.0000,10.7042,86997.5
12676,130138.7353,129141.1235,997.6118,0.0000,10.7042,87005.0
12677,130138.7353,129141.1235,997.6118,0.0000,10.7042,87012.3
12678,130138.7353,129141.1235,997.6118,0.0000,10.7042,87019.6
12679,130138.7353,129141.1235,997.6118,0.0000,10.7042,87027.0
12680,130138.7353,129141.1235,997.6118,0.0000,10.7042,87035.0
12681,130138.7353,129141.1235,997.6118,0.0000,10.7042,87041.7
12682,130138.7353,129141.1235,997.6118,0.0000,10.7042,87049.4
12683,130138.7353,129141.1235,997.6118,0.0000,10.7042,87056.6
12684,130138.7353,129141.1235,997.6118,0.0000,10.7042,87063.9
12685,130138.7353,129141.1235,997.6118,0.0000,10.7042,87071.0
12686,130138.7353,129141.1235,997.6118,0.0000,10.7042,87077.6
12687,130138.7353,129141.1235,997.6118,0.0000,10.7042,87084.8
12688,130138.7353,129141.1235,997.6118,0.0185,10.7359,87092.2
12689,130138.7353,129141.1235,997.6118,0.0000,10.7359,87099.4
12690,130138.7353,129141.1235,997.6118,0.0000,10.7359,87106.5
12691,130138.7353,129141.1235,997.6118,0.0000,10.7359,87113.9
12692,130138.7353,129141.1235,997.6118,0.0000,10.7359,87120.5
12693,130138.7353,129141.1235,997.6118,0.0000,10.7359,87127.6
12694,130138.7353,129141.1235,997.6118,0.0000,10.7359,87134.9
12695,130138.7353,129141.1235,997.6118,0.0000,10.7359,87141.9
12696,130138.7353,129141.1235,997.6118,0.0000,10.7359,87148.5
12697,130138.7353,129141.1235,997.6118,0.0000,10.7359,87155.6
12698,130138.7353,129141.1235,997.6118,0.0000,10.7359,87162.3
12699,130138.7353,129141.1235,997.6118,0.0000,10.7359,87168.8
12700,130138.7353,129141.1235,997.6118,0.0000,10.7359,87176.1
12701,130138.7353,129141.1235,997.6118,0.0000,10.7359,87182.3
12702,130138.7353,129141.1235,997.6118,0.0000,10.7359,87189.1
12703,130138.7353,129141.1235,997.6118,0.0000,10.7359,87196.3
12704,130138.7353,129141.1235,997.6118,0.0000,10.7359,87203.2
12705,130138.7353,129141.1235,997.6118,0.0000,10.7359,87211.3
12706,130138.7353,129141.1235,997.6118,0.0000,10.7359,87219.0
12707,130138.7353,129141.1235,997.6118,0.0000,10.7359,87225.3
12708,130138.7353,129141.1235,997.6118,0.0000,10.7359,87232.5
12709,130138.7353,129141.1235,997.6118,0.0000,10.7359,87239.0
12710,130138.7353,129141.1235,997.6118,0.0000,10.7359,87246.6
12711,130138.7353,129141.1235,997.6118,0.0000,10.7359,87253.2
12712,130138.7353,129141.1235,997.6118,0.0000,10.7359,87259.6
12713,130138.7353,129141.1235,997.6118,0.0000,10.7359,87266.4
12714,130138.7353,129141.1235,997.6118,0.0000,10.7359,87273.5
12715,130138.7353,129141.1235,997.6118,0.0000,10.7359,87279.5
12716,130138.7353,129141.1235,997.6118,0.0000,10.7359,87286.7
12717,130138.7353,129141.1235,997.6118,0.0000,10.7359,87294.5
12718,130138.7353,129141.1235,997.6118,0.0000,10.7359,87301.4
12719,130138.7353,129141.1235,997.6118,0.0000,10.7359,87308.4
12720,130138.7353,129141.1235,997.6118,0.0000,10.7359,87315.0
12721,130138.7353,129141.1235,997.6118,0.0000,10.7359,87323.3
12722,130138.7353,129141.1235,997.6118,0.0000,10.7359,87330.3
12723,130138.7353,129141.1235,997.6118,0.0000,10.7359,87337.9
12724,130138.7353,129141.1235,997.6118,0.0000,10.7359,87344.6
12725,130138.7353,129141.1235,997.6118,0.0000,10.7359,87351.1
12726,130138.7353,129141.1235,997.6118,0.0000,10.7359,87358.0
12727,130138.7353,129141.1235,997.6118,0.0000,10.7359,87364.9
12728,130138.7353,129141.1235,997.6118,0.0000,10.7359,87372.3
12729,130138.7353,129141.1235,997.6118,0.0000,10.7359,87379.0
12730,130138.7353,129141.1235,997.6118,0.0000,10.7359,87386.7
12731,130138.7353,129141.1235,997.6118,0.0000,10.7359,87393.6
12732,130138.7353,129141.1235,997.6118,0.0000,10.7359,87400.5
12733,130138.7353,129141.1235,997.6118,0.0000,10.7359,87407.7
12734,130138.7353,129141.1235,997.6118,0.0000,10.7359,87414.1
12735,130138.7353,129141.1235,997.6118,0.0000,10.7359,87420.3
12736,130138.7353,129141.1235,997.6118,0.0000,10.7359,87427.7
12737,130138.7353,129141.1235,997.6118,0.0000,10.7359,87434.4
12738,130138.7353,129141.1235,997.6118,0.0185,10.7611,87441.3
12739,130138.7353,129141.1235,997.6118,0.0000,10.7611,87448.0
12740,130138.7353,129141.1235,997.6118,0.0000,10.7611,87454.9
12741,130138.7353,129141.1235,997.6118,0.0000,10.7611,87462.1
12742,130138.7353,129141.1235,997.6118,0.0000,10.7611,87469.1
12743,130138.7353,129141.1235,997.6118,0.0000,10.7611,87476.6
12744,130138.7353,129141.1235,997.6118,0.0000,10.7611,87484.1
12745,130138.7353,129141.1235,997.6118,0.0000,10.7611,87491.1
12746,130138.7353,129141.1235,997.6118,0.0000,10.7611,87497.1
12747,130138.7353,129141.1235,997.6118,0.0000,10.7611,87504.1
12748,130138.7353,129141.1235,997.6118,0.0000,10.7611,87511.2
12749,130138.7353,129141.1235,997.6118,0.0000,10.7611,87517.9
12750,130138.7353,129141.1235,997.6118,0.0000,10.7611,87525.6
12751,130138.7353,129141.1235,997.6118,0.0000,10.7611,87532.7
12752,130138.7353,129141.1235,997.6118,0.0000,10.7611,87539.9
12753,130138.7353,129141.1235,997.6118,0.0000,10.7611,87546.9
12754,130138.7353,129141.1235,997.6118,0.0000,10.7611,87554.4
12755,130138.7353,129141.1235,997.6118,0.0000,10.7611,87561.8
12756,130138.7353,129141.1235,997.6118,0.0000,10.7611,87569.3
12757,130138.7353,129141.1235,997.6118,0.0000,10.7611,87576.4
12758,130138.7353,129141.1235,997.6118,0.0000,10.7611,87583.8
12759,130138.7353,129141.1235,997.6118,0.0000,10.7611,87590.8
12760,130138.7353,129141.1235,997.6118,0.0000,10.7611,87597.9
12761,130138.7353,129141.1235,997.6118,0.0000,10.7611,87604.3
12762,130138.7353,129141.1235,997.6118,0.0000,10.7611,87611.6
12763,130138.7353,129141.1235,997.6118,0.0000,10.7611,87619.2
12764,130138.7353,129141.1235,997.6118,0.0000,10.7611,87626.9
12765,130138.7353,129141.1235,997.6118,0.0000,10.7611,87634.4
12766,130138.7353,129141.1235,997.6118,0.0000,10.7611,87641.9
12767,130138.7353,129141.1235,997.6118,0.0185,10.7167,87649.4
12768,130138.7353,129141.1235,997.6118,0.0000,10.7167,87656.9
12769,130138.7353,129141.1235,997.6118,0.0000,10.7167,87662.9
12770,130138.7353,129141.1235,997.6118,0.0000,10.7167,87670.8
12771,130138.7353,129141.1235,997.6118,0.0000,10.7167,87678.1
12772,130138.7353,129141.1235,997.6118,0.0000,10.7167,87684.7
12773,130138.7353,129141.1235,997.6118,0.0000,10.7167,87692.0
12774,130138.7353,129141.1235,997.6118,0.0000,10.7167,87699.6
12775,130138.7353,129141.1235,997.6118,0.0000,10.7167,87707.4
12776,130138.7353,129141.1235,997.6118,0.0000,10.7167,87714.9
12777,130138.7353,129141.1235,997.6118,0.0185,10.8803,87722.3
12778,130138.7353,129141.1235,997.6118,0.0000,10.8803,87729.3
12779,130138.7353,129141.1235,997.6118,0.0000,10.8803,87736.2
12780,130138.7353,129141.1235,997.6118,0.0000,10.8803,87743.1
12781,130138.7353,129141.1235,997.6118,0.0185,10.9087,87749.9
12782,130138.7353,129141.1235,997.6118,0.0000,10.9087,87757.4
12783,130138.7353,129141.1235,997.6118,0.0000,10.9087,87764.4
12784,130138.7353,129141.1235,997.6118,0.0000,10.9087,87771.6
12785,130138.7353,129141.1235,997.6118,0.0000,10.9087,87779.4
12786,130138.7353,129141.1235,997.6118,0.0000,10.9087,87786.4
12787,130138.7353,129141.1235,997.6118,0.0000,10.9087,87794.0
12788,130138.7353,129141.1235,997.6118,0.0000,10.9087,87801.2
12789,130138.7353,129141.1235,997.6118,0.0000,10.9087,87808.4
12790,130138.7353,129141.1235,997.6118,0.0000,10.9087,87815.5
12791,130138.7353,129141.1235,997.6118,0.0000,10.9087,87822.0
12792,130138.7353,129141.1235,997.6118,0.0000,10.9087,87829.2
12793,130138.7353,129141.1235,997.6118,0.0000,10.9087,87836.3
12794,130138.7353,129141.1235,997.6118,0.0000,10.9087,87842.2
12795,130138.7353,129141.1235,997.6118,0.0000,10.9087,87849.7
12796,130138.7353,129141.1235,997.6118,0.0000,10.9087,87857.4
12797,130138.7353,129141.1235,997.6118,0.0000,10.9087,87864.8
12798,130138.7353,129141.1235,997.6118,0.0000,10.9087,87872.0
12799,130138.7353,129141.1235,997.6118,0.0000,10.9087,87879.6
12800,130138.7353,129141.1235,997.6118,0.0000,10.9087,87886.1
12801,130138.7353,129141.1235,997.6118,0.0000,10.9087,87892.7
12802,130138.7353,129141.1235,997.6118,0.0000,10.9087,87899.5
12803,130138.7353,129141.1235,997.6118,0.0000,10.9087,87905.7
12804,130138.7353,129141.1235,997.6118,0.0000,10.9087,87912.2
12805,130138.7353,129141.1235,997.6118,0.0000,10.9087,87919.7
12806,130138.7353,129141.1235,997.6118,0.0000,10.9087,87927.2
12807,130138.7353,129141.1235,997.6118,0.0000,10.9087,87933.9
12808,130138.7353,129141.1235,997.6118,0.0000,10.9087,87940.3
12809,130138.7353,129141.1235,997.6118,0.0000,10.9087,87946.7
12810,130138.7353,129141.1235,997.6118,0.0000,10.9087,87953.2
12811,130138.7353,129141.1235,997.6118,0.0000,10.9087,87959.4
12812,130138.7353,129141.1235,997.6118,0.0185,10.8967,87966.7
12813,130138.7353,129141.1235,997.6118,0.0000,10.8967,87973.3
12814,130138.7353,129141.1235,997.6118,0.0000,10.8967,87979.9
12815,130138.7353,129141.1235,997.6118,0.0000,10.8967,87986.0
12816,130138.7353,129141.1235,997.6118,0.0000,10.8967,87993.4
12817,130138.7353,129141.1235,997.6118,0.0000,10.8967,88000.2
12818,130138.7353,129141.1235,997.6118,0.0000,10.8967,88007.1
12819,130138.7353,129141.1235,997.6118,0.0000,10.8967,88014.0
12820,130138.7353,129141.1235,997.6118,0.0000,10.8967,88021.1
12821,130138.7353,129141.1235,997.6118,0.0000,10.8967,88027.3
12822,130138.7353,129141.1235,997.6118,0.0000,10.8967,88034.9
12823,130138.7353,129141.1235,997.6118,0.0000,10.8967,88041.5
12824,130138.7353,129141.1235,997.6118,0.0000,10.8967,88047.9
12825,130138.7353,129141.1235,997.6118,0.0000,10.8967,88054.5
12826,130138.7353,129141.1235,997.6118,0.0000,10.8967,88061.4
12827,130138.7353,129141.1235,997.6118,0.0000,10.8967,88068.6
12828,130138.7353,129141.1235,997.6118,0.0000,10.8967,88075.1
12829,130138.7353,129141.1235,997.6118,0.0000,10.8967,88081.9
12830,130138.7353,129141.1235,997.6118,0.0000,10.8967,88089.1
12831,130138.7353,129141.1235,997.6118,0.0000,10.8967,88095.8
12832,130138.7353,129141.1235,997.6118,0.0000,10.8967,88102.4
12833,130138.7353,129141.1235,997.6118,0.0000,10.8967,88110.1
12834,130138.7353,129141.1235,997.6118,0.0000,10.8967,88116.6
12835,130138.7353,129141.1235,997.6118,0.0000,10.8967,88122.8
12836,130138.7353,129141.1235,997.6118,0.0000,10.8967,88129.5
12837,130138.7353,129141.1235,997.6118,0.0000,10.8967,88137.2
12838,130138.7353,129141.1235,997.6118,0.0000,10.8967,88144.1
12839,130138.7353,129141.1235,997.6118,0.0000,10.8967,88151.3
12840,130138.7353,129141.1235,997.6118,0.0000,10.8967,88157.8
12841,130138.7353,129141.1235,997.6118,0.0000,10.8967,88164.6
12842,130138.7353,129141.1235,997.6118,0.0000,10.8967,88170.9
12843,130138.7353,129141.1235,997.6118,0.0000,10.8967,88177.9
12844,130138.7353,129141.1235,997.6118,0.0000,10.8967,88184.0
12845,130138.7353,129141.1235,997.6118,0.0000,10.8967,88189.9
12846,130138.7353,129141.1235,997.6118,0.0000,10.8967,88197.1
12847,130138.7353,129141.1235,997.6118,0.0000,10.8967,88204.4
12848,130138.7353,129141.1235,997.6118,0.0000,10.8967,88211.5
12849,130138.7353,129141.1235,997.6118,0.0000,10.8967,88218.9
12850,130138.7353,129141.1235,997.6118,0.0000,10.8967,88225.6
12851,130138.7353,129141.1235,997.6118,0.0000,10.8967,88232.2
12852,130138.7353,129141.1235,997.6118,0.0000,10.8967,88239.7
12853,130138.7353,129141.1235,997.6118,0.0000,10.8967,88246.8
12854,130138.7353,129141.1235,997.6118,0.0000,10.8967,88253.6
12855,130138.7353,129141.1235,997.6118,0.0000,10.8967,88260.7
12856,130138.7353,129141.1235,997.6118,0.0000,10.8967,88268.2
12857,130138.7353,129141.1235,997.6118,0.0000,10.8967,88275.4
12858,130138.7353,129141.1235,997.6118,0.0000,10.8967,88283.0
12859,130138.7353,129141.1235,997.6118,0.0000,10.8967,88289.8
12860,130138.7353,129141.1235,997.6118,0.0000,10.8967,88296.1
12861,130138.7353,129141.1235,997.6118,0.0000,10.8967,88303.7
12862,130138.7353,129141.1235,997.6118,0.0000,10.8967,88311.0
12863,130138.7353,129141.1235,997.6118,0.0000,10.8967,88318.2
12864,130138.7353,129141.1235,997.6118,0.0000,10.8967,88325.5
12865,130138.7353,129141.1235,997.6118,0.0000,10.8967,88332.4
12866,130138.7353,129141.1235,997.6118,0.0000,10.8967,88339.8
12867,130138.7353,129141.1235,997.6118,0.0000,10.8967,88347.1
12868,130138.7353,129141.1235,997.6118,0.0000,10.8967,88353.6
12869,130138.7353,129141.1235,997.6118,0.0000,10.8967,88360.3
12870,130138.7353,129141.1235,997.6118,0.0000,10.8967,88366.8
12871,130138.7353,129141.1235,997.6118,0.0000,10.8967,88374.0
12872,130138.7353,129141.1235,997.6118,0.0000,10.8967,88381.0
12873,130138.7353,129141.1235,997.6118,0.0000,10.8967,88387.7
12874,130138.7353,129141.1235,997.6118,0.0000,10.8967,88395.2
12875,130138.7353,129141.1235,997.6118,0.0000,10.8967,88402.4
12876,130138.7353,129141.1235,997.6118,0.0000,10.8967,88409.3
12877,130138.7353,129141.1235,997.6118,0.0000,10.8967,88416.4
12878,130138.7353,129141.1235,997.6118,0.0000,10.8967,88424.0
12879,130138.7353,129141.1235,997.6118,0.0000,10.8967,88431.9
12880,130138.7353,129141.1235,997.6118,0.0000,10.8967,88439.8
12881,130138.7353,129141.1235,997.6118,0.0000,10.8967,88446.3
12882,130138.7353,129141.1235,997.6118,0.0000,10.8967,88453.7
12883,130138.7353,129141.1235,997.6118,0.0000,10.8967,88460.4
12884,130138.7353,129141.1235,997.6118,0.0000,10.8967,88467.6
12885,130138.7353,129141.1235,997.6118,0.0000,10.8967,88474.0
12886,130138.7353,129141.1235,997.6118,0.0000,10.8967,88479.9
12887,130138.7353,129141.1235,997.6118,0.0000,10.8967,88487.0
12888,130138.7353,129141.1235,997.6118,0.0000,10.8967,88493.3
12889,130138.7353,129141.1235,997.6118,0.0000,10.8967,88499.9
12890,130138.7353,129141.1235,997.6118,0.0000,10.8967,88507.2
12891,130138.7353,129141.1235,997.6118,0.0000,10.8967,88514.1
12892,130138.7353,129141.1235,997.6118,0.0000,10.8967,88521.6
12893,130138.7353,129141.1235,997.6118,0.0000,10.8967,88528.2
12894,130138.7353,129141.1235,997.6118,0.0000,10.8967,88535.4
12895,130138.7353,129141.1235,997.6118,0.0000,10.8967,88542.3
12896,130138.7353,129141.1235,997.6118,0.0000,10.8967,88548.8
12897,130138.7353,129141.1235,997.6118,0.0000,10.8967,88555.8
12898,130138.7353,129141.1235,997.6118,0.0000,10.8967,88562.6
12899,130138.7353,129141.1235,997.6118,0.0000,10.8967,88569.2
12900,130138.7353,129141.1235,997.6118,0.0000,10.8967,88576.2
12901,130138.7353,129141.1235,997.6118,0.0185,10.9187,88583.8
12902,130138.7353,129141.1235,997.6118,0.0000,10.9187,88590.3
12903,130138.7353,129141.1235,997.6118,0.0000,10.9187,88597.2
12904,130138.7353,129141.1235,997.6118,0.0000,10.9187,88604.4
12905,130138.7353,129141.1235,997.6118,0.0000,10.9187,88612.2
12906,130138.7353,129141.1235,997.6118,0.0000,10.9187,88619.1
12907,130138.7353,129141.1235,997.6118,0.0000,10.9187,88625.7
12908,130138.7353,129141.1235,997.6118,0.0000,10.9187,88632.5
12909,130138.7353,129141.1235,997.6118,0.0000,10.9187,88639.0
12910,130138.7353,129141.1235,997.6118,0.0000,10.9187,88645.5
12911,130138.7353,129141.1235,997.6118,0.0000,10.9187,88652.5
12912,130138.7353,129141.1235,997.6118,0.0000,10.9187,88659.3
12913,130138.7353,129141.1235,997.6118,0.0000,10.9187,88665.1
12914,130138.7353,129141.1235,997.6118,0.0000,10.9187,88672.5
12915,130138.7353,129141.1235,997.6118,0.0000,10.9187,88679.4
12916,130138.7353,129141.1235,997.6118,0.0000,10.9187,88685.9
12917,130138.7353,129141.1235,997.6118,0.0000,10.9187,88692.8
12918,130138.7353,129141.1235,997.6118,0.0000,10.9187,88699.8
12919,130138.7353,129141.1235,997.6118,0.0000,10.9187,88707.1
12920,130138.7353,129141.1235,997.6118,0.0000,10.9187,88714.1
12921,130138.7353,129141.1235,997.6118,0.0000,10.9187,88721.0
12922,130138.7353,129141.1235,997.6118,0.0000,10.9187,88727.5
12923,130138.7353,129141.1235,997.6118,0.0000,10.9187,88735.1
12924,130138.7353,129141.1235,997.6118,0.0000,10.9187,88742.1
12925,130138.7353,129141.1235,997.6118,0.0000,10.9187,88748.9
12926,130138.7353,129141.1235,997.6118,0.0000,10.9187,88756.0
12927,130138.7353,129141.1235,997.6118,0.0000,10.9187,88762.9
12928,130138.7353,129141.1235,997.6118,0.0000,10.9187,88769.6
12929,130138.7353,129141.1235,997.6118,0.0000,10.9187,88776.2
12930,130138.7353,129141.1235,997.6118,0.0000,10.9187,88783.6
12931,130138.7353,129141.1235,997.6118,0.0000,10.9187,88790.4
12932,130138.7353,129141.1235,997.6118,0.0000,10.9187,88797.5
12933,130138.7353,129141.1235,997.6118,0.0000,10.9187,88804.9
12934,130138.7353,129141.1235,997.6118,0.0000,10.9187,88811.9
12935,130138.7353,129141.1235,997.6118,0.0000,10.9187,88818.1
12936,130138.7353,129141.1235,997.6118,0.0000,10.9187,88825.3
12937,130138.7353,129141.1235,997.6118,0.0000,10.9187,88831.8
12938,130138.7353,129141.1235,997.6118,0.0000,10.9187,88838.6
12939,130138.7353,129141.1235,997.6118,0.0000,10.9187,88845.4
12940,130138.7353,129141.1235,997.6118,0.0000,10.9187,88852.4
12941,130138.7353,129141.1235,997.6118,0.0000,10.9187,88859.0
12942,130138.7353,129141.1235,997.6118,0.0000,10.9187,88865.6
12943,130138.7353,129141.1235,997.6118,0.0000,10.9187,88872.9
12944,130138.7353,129141.1235,997.6118,0.0000,10.9187,88880.2
12945,130138.7353,129141.1235,997.6118,0.0000,10.9187,88887.6
12946,130138.7353,129141.1235,997.6118,0.0000,10.9187,88894.9
12947,130138.7353,129141.1235,997.6118,0.0000,10.9187,88901.8
12948,130138.7353,129141.1235,997.6118,0.0000,10.9187,88908.6
12949,130138.7353,129141.1235,997.6118,0.0000,10.9187,88915.6
12950,130138.7353,129141.1235,997.6118,0.0000,10.9187,88922.2
12951,130138.7353,129141.1235,997.6118,0.0000,10.9187,88929.2
12952,130138.7353,129141.1235,997.6118,0.0000,10.9187,88936.4
12953,130138.7353,129141.1235,997.6118,0.0000,10.9187,88942.8
12954,130138.7353,129141.1235,997.6118,0.0000,10.9187,88949.5
12955,130138.7353,129141.1235,997.6118,0.0000,10.9187,88957.7
12956,130138.7353,129141.1235,997.6118,0.0000,10.9187,88965.3
12957,130138.7353,129141.1235,997.6118,0.0000,10.9187,88972.1
12958,130138.7353,129141.1235,997.6118,0.0000,10.9187,88979.2
12959,130138.7353,129141.1235,997.6118,0.0000,10.9187,88986.1
12960,130138.7353,129141.1235,997.6118,0.0000,10.9187,88993.1
12961,130138.7353,129141.1235,997.6118,0.0000,10.9187,89000.9
12962,130138.7353,129141.1235,997.6118,0.0000,10.9187,89007.1
12963,130138.7353,129141.1235,997.6118,0.0000,10.9187,89013.5
12964,130138.7353,129141.1235,997.6118,0.0000,10.9187,89020.4
12965,130138.7353,129141.1235,997.6118,0.0000,10.9187,89026.4
12966,130138.7353,129141.1235,997.6118,0.0000,10.9187,89034.1
12967,130138.7353,129141.1235,997.6118,0.0000,10.9187,89041.2
12968,130138.7353,129141.1235,997.6118,0.0000,10.9187,89048.3
12969,130138.7353,129141.1235,997.6118,0.0000,10.9187,89055.5
12970,130138.7353,129141.1235,997.6118,0.0000,10.9187,89062.2
12971,130138.7353,129141.1235,997.6118,0.0000,10.9187,89068.8
12972,130138.7353,129141.1235,997.6118,0.0000,10.9187,89075.8
12973,130138.7353,129141.1235,997.6118,0.0000,10.9187,89082.1
12974,130138.7353,129141.1235,997.6118,0.0000,10.9187,89089.2
12975,130138.7353,129141.1235,997.6118,0.0000,10.9187,89095.9
12976,130138.7353,129141.1235,997.6118,0.0000,10.9187,89102.6
12977,130138.7353,129141.1235,997.6118,0.0000,10.9187,89109.7
12978,130138.7353,129141.1235,997.6118,0.0000,10.9187,89117.3
12979,130138.7353,129141.1235,997.6118,0.0000,10.9187,89124.0
12980,130138.7353,129141.1235,997.6118,0.0000,10.9187,89131.1
12981,130138.7353,129141.1235,997.6118,0.0000,10.9187,89137.6
12982,130138.7353,129141.1235,997.6118,0.0000,10.9187,89145.4
12983,130138.7353,129141.1235,997.6118,0.0000,10.9187,89151.7
12984,130138.7353,129141.1235,997.6118,0.0000,10.9187,89159.1
12985,130138.7353,129141.1235,997.6118,0.0000,10.9187,89165.7
12986,130138.7353,129141.1235,997.6118,0.0000,10.9187,89172.5
12987,130138.7353,129141.1235,997.6118,0.0000,10.9187,89179.4
12988,130138.7353,129141.1235,997.6118,0.0000,10.9187,89185.7
12989,130138.7353,129141.1235,997.6118,0.0000,10.9187,89192.6
12990,130138.7353,129141.1235,997.6118,0.0000,10.9187,89199.8
12991,130138.7353,129141.1235,997.6118,0.0000,10.9187,89206.2
12992,130138.7353,129141.1235,997.6118,0.0000,10.9187,89212.8
12993,130138.7353,129141.1235,997.6118,0.0000,10.9187,89218.8
12994,130138.7353,129141.1235,997.6118,0.0000,10.9187,89226.1
12995,130138.7353,129141.1235,997.6118,0.0000,10.9187,89232.7
12996,130138.7353,129141.1235,997.6118,0.0000,10.9187,89239.5
12997,130138.7353,129141.1235,997.6118,0.0000,10.9187,89246.6
12998,130138.7353,129141.1235,997.6118,0.0185,10.943,89252.9
12999,130138.7353,129141.1235,997.6118,0.0000,10.943,89260.0
13000,130138.7353,129141.1235,997.6118,0.0000,10.943,89266.6
13001,130138.7353,129141.1235,997.6118,0.0000,10.943,89273.3
13002,130138.7353,129141.1235,997.6118,0.0000,10.943,89280.8
13003,130138.7353,129141.1235,997.6118,0.0000,10.943,89288.0
13004,130138.7353,129141.1235,997.6118,0.0000,10.943,89295.2
13005,130138.7353,129141.1235,997.6118,0.0185,10.9606,89302.8
13006,130138.7353,129141.1235,997.6118,0.0000,10.9606,89309.2
13007,130138.7353,129141.1235,997.6118,0.0000,10.9606,89316.4
13008,130138.7353,129141.1235,997.6118,0.0000,10.9606,89323.6
13009,130138.7353,129141.1235,997.6118,0.0000,10.9606,89330.5
13010,130138.7353,129141.1235,997.6118,0.0000,10.9606,89337.8
13011,130138.7353,129141.1235,997.6118,0.0000,10.9606,89344.7
13012,130138.7353,129141.1235,997.6118,0.0000,10.9606,89352.1
13013,130138.7353,129141.1235,997.6118,0.0000,10.9606,89359.1
13014,130138.7353,129141.1235,997.6118,0.0000,10.9606,89367.0
13015,130138.7353,129141.1235,997.6118,0.0000,10.9606,89374.0
13016,130138.7353,129141.1235,997.6118,0.0000,10.9606,89381.5
13017,130138.7353,129141.1235,997.6118,0.0000,10.9606,89388.9
13018,130138.7353,129141.1235,997.6118,0.0000,10.9606,89395.7
13019,130138.7353,129141.1235,997.6118,0.0000,10.9606,89402.9
13020,130138.7353,129141.1235,997.6118,0.0000,10.9606,89410.2
13021,130138.7353,129141.1235,997.6118,0.0000,10.9606,89417.3
13022,130138.7353,129141.1235,997.6118,0.0000,10.9606,89424.5
13023,130138.7353,129141.1235,997.6118,0.0000,10.9606,89432.4
13024,130138.7353,129141.1235,997.6118,0.0000,10.9606,89439.8
13025,130138.7353,129141.1235,997.6118,0.0000,10.9606,89446.7
13026,130138.7353,129141.1235,997.6118,0.0000,10.9606,89453.8
13027,130138.7353,129141.1235,997.6118,0.0000,10.9606,89460.7
13028,130138.7353,129141.1235,997.6118,0.0000,10.9606,89467.8
13029,130138.7353,129141.1235,997.6118,0.0000,10.9606,89474.6
13030,130138.7353,129141.1235,997.6118,0.0000,10.9606,89482.0
13031,130138.7353,129141.1235,997.6118,0.0000,10.9606,89487.8
13032,130138.7353,129141.1235,997.6118,0.0000,10.9606,89495.1
13033,130138.7353,129141.1235,997.6118,0.0000,10.9606,89501.9
13034,130138.7353,129141.1235,997.6118,0.0000,10.9606,89508.7
13035,130138.7353,129141.1235,997.6118,0.0185,10.9696,89515.5
13036,130138.7353,129141.1235,997.6118,0.0000,10.9696,89522.3
13037,130138.7353,129141.1235,997.6118,0.0000,10.9696,89529.6
13038,130138.7353,129141.1235,997.6118,0.0000,10.9696,89537.2
13039,130138.7353,129141.1235,997.6118,0.0000,10.9696,89544.0
13040,130138.7353,129141.1235,997.6118,0.0000,10.9696,89551.6
13041,130138.7353,129141.1235,997.6118,0.0000,10.9696,89558.4
13042,130138.7353,129141.1235,997.6118,0.0000,10.9696,89565.5
13043,130138.7353,129141.1235,997.6118,0.0000,10.9696,89572.6
13044,130138.7353,129141.1235,997.6118,0.0000,10.9696,89579.7
13045,130138.7353,129141.1235,997.6118,0.0000,10.9696,89587.5
13046,130138.7353,129141.1235,997.6118,0.0000,10.9696,89594.6
13047,130138.7353,129141.1235,997.6118,0.0000,10.9696,89600.6
13048,130138.7353,129141.1235,997.6118,0.0000,10.9696,89608.4
13049,130138.7353,129141.1235,997.6118,0.0000,10.9696,89615.8
13050,130138.7353,129141.1235,997.6118,0.0000,10.9696,89622.4
13051,130138.7353,129141.1235,997.6118,0.0000,10.9696,89629.6
13052,130138.7353,129141.1235,997.6118,0.0000,10.9696,89636.6
13053,130138.7353,129141.1235,997.6118,0.0000,10.9696,89643.5
13054,130138.7353,129141.1235,997.6118,0.0000,10.9696,89650.5
13055,130138.7353,129141.1235,997.6118,0.0000,10.9696,89657.0
13056,130138.7353,129141.1235,997.6118,0.0000,10.9696,89664.3
13057,130138.7353,129141.1235,997.6118,0.0000,10.9696,89671.8
13058,130138.7353,129141.1235,997.6118,0.0185,11.0329,89679.4
13059,130138.7353,129141.1235,997.6118,0.0000,11.0329,89686.5
13060,130138.7353,129141.1235,997.6118,0.0000,11.0329,89693.3
13061,130138.7353,129141.1235,997.6118,0.0000,11.0329,89700.1
13062,130138.7353,129141.1235,997.6118,0.0000,11.0329,89706.7
13063,130138.7353,129141.1235,997.6118,0.0000,11.0329,89713.9
13064,130138.7353,129141.1235,997.6118,0.0000,11.0329,89720.2
13065,130138.7353,129141.1235,997.6118,0.0000,11.0329,89726.2
13066,130138.7353,129141.1235,997.6118,0.0000,11.0329,89733.4
13067,130138.7353,129141.1235,997.6118,0.0000,11.0329,89740.7
13068,130138.7353,129141.1235,997.6118,0.0000,11.0329,89747.6
13069,130138.7353,129141.1235,997.6118,0.0000,11.0329,89753.8
13070,130138.7353,129141.1235,997.6118,0.0000,11.0329,89760.3
13071,130138.7353,129141.1235,997.6118,0.0000,11.0329,89766.6
13072,130138.7353,129141.1235,997.6118,0.0000,11.0329,89772.9
13073,130138.7353,129141.1235,997.6118,0.0000,11.0329,89779.8
13074,130138.7353,129141.1235,997.6118,0.0000,11.0329,89787.1
13075,130138.7353,129141.1235,997.6118,0.0000,11.0329,89794.1
13076,130138.7353,129141.1235,997.6118,0.0000,11.0329,89801.2
13077,130138.7353,129141.1235,997.6118,0.0000,11.0329,89808.2
13078,130138.7353,129141.1235,997.6118,0.0185,11.0048,89815.7
13079,130138.7353,129141.1235,997.6118,0.0000,11.0048,89822.4
13080,130138.7353,129141.1235,997.6118,0.0000,11.0048,89829.7
13081,130138.7353,129141.1235,997.6118,0.0000,11.0048,89836.9
13082,130138.7353,129141.1235,997.6118,0.0000,11.0048,89844.3
13083,130138.7353,129141.1235,997.6118,0.0000,11.0048,89851.4
13084,130138.7353,129141.1235,997.6118,0.0000,11.0048,89858.3
13085,130138.7353,129141.1235,997.6118,0.0000,11.0048,89865.8
13086,130138.7353,129141.1235,997.6118,0.0000,11.0048,89873.5
13087,130138.7353,129141.1235,997.6118,0.0000,11.0048,89880.9
13088,130138.7353,129141.1235,997.6118,0.0000,11.0048,89887.7
13089,130138.7353,129141.1235,997.6118,0.0000,11.0048,89894.6
13090,130138.7353,129141.1235,997.6118,0.0000,11.0048,89900.9
13091,130138.7353,129141.1235,997.6118,0.0000,11.0048,89908.1
13092,130138.7353,129141.1235,997.6118,0.0000,11.0048,89914.8
13093,130138.7353,129141.1235,997.6118,0.0000,11.0048,89921.5
13094,130138.7353,129141.1235,997.6118,0.0000,11.0048,89928.6
13095,130138.7353,129141.1235,997.6118,0.0000,11.0048,89935.7
13096,130138.7353,129141.1235,997.6118,0.0000,11.0048,89942.4
13097,130138.7353,129141.1235,997.6118,0.0000,11.0048,89949.4
13098,130138.7353,129141.1235,997.6118,0.0000,11.0048,89956.0
13099,130138.7353,129141.1235,997.6118,0.0000,11.0048,89963.0
13100,130138.7353,129141.1235,997.6118,0.0000,11.0048,89970.4
13101,130138.7353,129141.1235,997.6118,0.0000,11.0048,89977.1
13102,130138.7353,129141.1235,997.6118,0.0000,11.0048,89983.9
13103,130138.7353,129141.1235,997.6118,0.0000,11.0048,89990.9
13104,130138.7353,129141.1235,997.6118,0.0000,11.0048,89998.0
13105,130138.7353,129141.1235,997.6118,0.0000,11.0048,90005.8
13106,130138.7353,129141.1235,997.6118,0.0000,11.0048,90013.0
13107,130138.7353,129141.1235,997.6118,0.0000,11.0048,90020.7
13108,130138.7353,129141.1235,997.6118,0.0000,11.0048,90028.0
13109,130138.7353,129141.1235,997.6118,0.0000,11.0048,90035.6
13110,130138.7353,129141.1235,997.6118,0.0000,11.0048,90042.3
13111,130138.7353,129141.1235,997.6118,0.0000,11.0048,90049.4
13112,130138.7353,129141.1235,997.6118,0.0000,11.0048,90057.2
13113,130138.7353,129141.1235,997.6118,0.0185,11.0145,90064.3
13114,130138.7353,129141.1235,997.6118,0.0000,11.0145,90071.5
13115,130138.7353,129141.1235,997.6118,0.0000,11.0145,90078.2
13116,130138.7353,129141.1235,997.6118,0.0000,11.0145,90085.9
13117,130138.7353,129141.1235,997.6118,0.0000,11.0145,90092.7
13118,130138.7353,129141.1235,997.6118,0.0000,11.0145,90100.6
13119,130138.7353,129141.1235,997.6118,0.0000,11.0145,90107.1
13120,130138.7353,129141.1235,997.6118,0.0000,11.0145,90113.1
13121,130138.7353,129141.1235,997.6118,0.0000,11.0145,90120.6
13122,130138.7353,129141.1235,997.6118,0.0000,11.0145,90127.4
13123,130138.7353,129141.1235,997.6118,0.0000,11.0145,90134.3
13124,130138.7353,129141.1235,997.6118,0.0000,11.0145,90141.6
13125,130138.7353,129141.1235,997.6118,0.0000,11.0145,90148.9
13126,130138.7353,129141.1235,997.6118,0.0000,11.0145,90155.3
13127,130138.7353,129141.1235,997.6118,0.0000,11.0145,90162.9
13128,130138.7353,129141.1235,997.6118,0.0000,11.0145,90170.0
13129,130138.7353,129141.1235,997.6118,0.0000,11.0145,90178.3
13130,130138.7353,129141.1235,997.6118,0.0000,11.0145,90185.4
13131,130138.7353,129141.1235,997.6118,0.0000,11.0145,90192.7
13132,130138.7353,129141.1235,997.6118,0.0000,11.0145,90199.5
13133,130138.7353,129141.1235,997.6118,0.0000,11.0145,90206.2
13134,130138.7353,129141.1235,997.6118,0.0000,11.0145,90213.5
13135,130138.7353,129141.1235,997.6118,0.0000,11.0145,90220.5
13136,130138.7353,129141.1235,997.6118,0.0185,11.0309,90227.9
13137,130138.7353,129141.1235,997.6118,0.0000,11.0309,90235.5
13138,130138.7353,129141.1235,997.6118,0.0000,11.0309,90242.1
13139,130138.7353,129141.1235,997.6118,0.0000,11.0309,90249.2
13140,130138.7353,129141.1235,997.6118,0.0000,11.0309,90256.7
13141,130138.7353,129141.1235,997.6118,0.0000,11.0309,90263.4
13142,130138.7353,129141.1235,997.6118,0.0000,11.0309,90270.6
13143,130138.7353,129141.1235,997.6118,0.0000,11.0309,90277.2
13144,130138.7353,129141.1235,997.6118,0.0000,11.0309,90283.8
13145,130138.7353,129141.1235,997.6118,0.0000,11.0309,90290.7
13146,130138.7353,129141.1235,997.6118,0.0000,11.0309,90298.5
13147,130138.7353,129141.1235,997.6118,0.0000,11.0309,90305.6
13148,130138.7353,129141.1235,997.6118,0.0000,11.0309,90312.6
13149,130138.7353,129141.1235,997.6118,0.0000,11.0309,90320.0
13150,130138.7353,129141.1235,997.6118,0.0000,11.0309,90326.9
13151,130138.7353,129141.1235,997.6118,0.0000,11.0309,90334.9
13152,130138.7353,129141.1235,997.6118,0.0000,11.0309,90342.5
13153,130138.7353,129141.1235,997.6118,0.0000,11.0309,90348.6
13154,130138.7353,129141.1235,997.6118,0.0000,11.0309,90355.9
13155,130138.7353,129141.1235,997.6118,0.0000,11.0309,90363.1
13156,130138.7353,129141.1235,997.6118,0.0000,11.0309,90369.7
13157,130138.7353,129141.1235,997.6118,0.0000,11.0309,90377.4
13158,130138.7353,129141.1235,997.6118,0.0000,11.0309,90384.8
13159,130138.7353,129141.1235,997.6118,0.0000,11.0309,90391.7
13160,130138.7353,129141.1235,997.6118,0.0000,11.0309,90398.9
13161,130138.7353,129141.1235,997.6118,0.0000,11.0309,90405.7
13162,130138.7353,129141.1235,997.6118,0.0185,11.0073,90412.8
13163,130138.7353,129141.1235,997.6118,0.0185,11.0538,90419.1
13164,130138.7353,129141.1235,997.6118,0.0000,11.0538,90426.0
13165,130138.7353,129141.1235,997.6118,0.0000,11.0538,90432.6
13166,130138.7353,129141.1235,997.6118,0.0000,11.0538,90440.6
13167,130138.7353,129141.1235,997.6118,0.0000,11.0538,90447.5
13168,130138.7353,129141.1235,997.6118,0.0000,11.0538,90454.0
13169,130138.7353,129141.1235,997.6118,0.0000,11.0538,90461.7
13170,130138.7353,129141.1235,997.6118,0.0000,11.0538,90469.2
13171,130138.7353,129141.1235,997.6118,0.0000,11.0538,90476.0
13172,130138.7353,129141.1235,997.6118,0.0000,11.0538,90481.9
13173,130138.7353,129141.1235,997.6118,0.0000,11.0538,90488.7
13174,130138.7353,129141.1235,997.6118,0.0000,11.0538,90496.3
13175,130138.7353,129141.1235,997.6118,0.0000,11.0538,90503.2
13176,130138.7353,129141.1235,997.6118,0.0000,11.0538,90510.7
13177,130138.7353,129141.1235,997.6118,0.0000,11.0538,90518.0
13178,130138.7353,129141.1235,997.6118,0.0185,11.1306,90525.4
13179,130138.7353,129141.1235,997.6118,0.0000,11.1306,90532.1
13180,130138.7353,129141.1235,997.6118,0.0000,11.1306,90539.3
13181,130138.7353,129141.1235,997.6118,0.0000,11.1306,90546.9
13182,130138.7353,129141.1235,997.6118,0.0000,11.1306,90553.8
13183,130138.7353,129141.1235,997.6118,0.0000,11.1306,90560.6
13184,130138.7353,129141.1235,997.6118,0.0000,11.1306,90567.9
13185,130138.7353,129141.1235,997.6118,0.0000,11.1306,90575.0
13186,130138.7353,129141.1235,997.6118,0.0000,11.1306,90582.1
13187,130138.7353,129141.1235,997.6118,0.0000,11.1306,90589.4
13188,130138.7353,129141.1235,997.6118,0.0000,11.1306,90596.0
13189,130138.7353,129141.1235,997.6118,0.0000,11.1306,90603.9
13190,130138.7353,129141.1235,997.6118,0.0000,11.1306,90611.2
13191,130138.7353,129141.1235,997.6118,0.0000,11.1306,90618.2
13192,130138.7353,129141.1235,997.6118,0.0000,11.1306,90624.5
13193,130138.7353,129141.1235,997.6118,0.0000,11.1306,90632.1
13194,130138.7353,129141.1235,997.6118,0.0000,11.1306,90638.8
13195,130138.7353,129141.1235,997.6118,0.0000,11.1306,90645.8
13196,130138.7353,129141.1235,997.6118,0.0000,11.1306,90652.8
13197,130138.7353,129141.1235,997.6118,0.0000,11.1306,90659.3
13198,130138.7353,129141.1235,997.6118,0.0000,11.1306,90666.3
13199,130138.7353,129141.1235,997.6118,0.0000,11.1306,90673.9
13200,130138.7353,129141.1235,997.6118,0.0000,11.1306,90680.6
13201,130138.7353,129141.1235,997.6118,0.0000,11.1306,90688.2
13202,130138.7353,129141.1235,997.6118,0.0000,11.1306,90694.7
13203,130138.7353,129141.1235,997.6118,0.0000,11.1306,90702.3
13204,130138.7353,129141.1235,997.6118,0.0000,11.1306,90709.8
13205,130138.7353,129141.1235,997.6118,0.0000,11.1306,90716.5
13206,130138.7353,129141.1235,997.6118,0.0000,11.1306,90723.0
13207,130138.7353,129141.1235,997.6118,0.0000,11.1306,90730.0
13208,130138.7353,129141.1235,997.6118,0.0000,11.1306,90736.5
13209,130138.7353,129141.1235,997.6118,0.0000,11.1306,90744.0
13210,130138.7353,129141.1235,997.6118,0.0000,11.1306,90750.9
13211,130138.7353,129141.1235,997.6118,0.0000,11.1306,90758.7
13212,130138.7353,129141.1235,997.6118,0.0000,11.1306,90765.0
13213,130138.7353,129141.1235,997.6118,0.0000,11.1306,90772.2
13214,130138.7353,129141.1235,997.6118,0.0000,11.1306,90778.6
13215,130138.7353,129141.1235,997.6118,0.0000,11.1306,90785.3
13216,130138.7353,129141.1235,997.6118,0.0000,11.1306,90792.3
13217,130138.7353,129141.1235,997.6118,0.0000,11.1306,90799.6
13218,130138.7353,129141.1235,997.6118,0.0000,11.1306,90806.5
13219,130138.7353,129141.1235,997.6118,0.0000,11.1306,90814.1
13220,130138.7353,129141.1235,997.6118,0.0000,11.1306,90821.2
13221,130138.7353,129141.1235,997.6118,0.0000,11.1306,90828.4
13222,130138.7353,129141.1235,997.6118,0.0000,11.1306,90835.3
13223,130138.7353,129141.1235,997.6118,0.0000,11.1306,90842.2
13224,130138.7353,129141.1235,997.6118,0.0000,11.1306,90849.4
13225,130138.7353,129141.1235,997.6118,0.0000,11.1306,90856.5
13226,130138.7353,129141.1235,997.6118,0.0000,11.1306,90863.1
13227,130138.7353,129141.1235,997.6118,0.0000,11.1306,90869.4
13228,130138.7353,129141.1235,997.6118,0.0000,11.1306,90875.7
13229,130138.7353,129141.1235,997.6118,0.0000,11.1306,90883.1
13230,130138.7353,129141.1235,997.6118,0.0000,11.1306,90891.0
13231,130138.7353,129141.1235,997.6118,0.0000,11.1306,90897.9
13232,130138.7353,129141.1235,997.6118,0.0000,11.1306,90905.1
13233,130138.7353,129141.1235,997.6118,0.0000,11.1306,90912.5
13234,130138.7353,129141.1235,997.6118,0.0000,11.1306,90918.2
13235,130138.7353,129141.1235,997.6118,0.0000,11.1306,90925.7
13236,130138.7353,129141.1235,997.6118,0.0000,11.1306,90932.7
13237,130138.7353,129141.1235,997.6118,0.0000,11.1306,90939.6
13238,130138.7353,129141.1235,997.6118,0.0000,11.1306,90946.1
13239,130138.7353,129141.1235,997.6118,0.0000,11.1306,90953.2
13240,130138.7353,129141.1235,997.6118,0.0000,11.1306,90961.2
13241,130138.7353,129141.1235,997.6118,0.0185,11.136,90969.1
13242,130138.7353,129141.1235,997.6118,0.0000,11.136,90977.1
13243,130138.7353,129141.1235,997.6118,0.0000,11.136,90984.0
13244,130138.7353,129141.1235,997.6118,0.0000,11.136,90991.5
13245,130138.7353,129141.1235,997.6118,0.0000,11.136,90998.5
13246,130138.7353,129141.1235,997.6118,0.0000,11.136,91005.9
13247,130138.7353,129141.1235,997.6118,0.0000,11.136,91013.3
13248,130138.7353,129141.1235,997.6118,0.0000,11.136,91019.8
13249,130138.7353,129141.1235,997.6118,0.0000,11.136,91026.9
13250,130138.7353,129141.1235,997.6118,0.0000,11.136,91033.6
13251,130138.7353,129141.1235,997.6118,0.0000,11.136,91041.0
13252,130138.7353,129141.1235,997.6118,0.0000,11.136,91048.1
13253,130138.7353,129141.1235,997.6118,0.0000,11.136,91054.3
13254,130138.7353,129141.1235,997.6118,0.0185,11.0941,91060.4
13255,130138.7353,129141.1235,997.6118,0.0000,11.0941,91066.6
13256,130138.7353,129141.1235,997.6118,0.0000,11.0941,91073.8
13257,130138.7353,129141.1235,997.6118,0.0000,11.0941,91081.3
13258,130138.7353,129141.1235,997.6118,0.0000,11.0941,91089.0
13259,130138.7353,129141.1235,997.6118,0.0000,11.0941,91096.0
13260,130138.7353,129141.1235,997.6118,0.0000,11.0941,91102.0
13261,130138.7353,129141.1235,997.6118,0.0000,11.0941,91108.6
13262,130138.7353,129141.1235,997.6118,0.0000,11.0941,91116.1
13263,130138.7353,129141.1235,997.6118,0.0000,11.0941,91122.8
13264,130138.7353,129141.1235,997.6118,0.0000,11.0941,91130.7
13265,130138.7353,129141.1235,997.6118,0.0000,11.0941,91137.6
13266,130138.7353,129141.1235,997.6118,0.0000,11.0941,91144.7
13267,130138.7353,129141.1235,997.6118,0.0000,11.0941,91152.1
13268,130138.7353,129141.1235,997.6118,0.0000,11.0941,91159.0
13269,130138.7353,129141.1235,997.6118,0.0000,11.0941,91165.0
13270,130138.7353,129141.1235,997.6118,0.0000,11.0941,91171.7
13271,130138.7353,129141.1235,997.6118,0.0000,11.0941,91179.3
13272,130138.7353,129141.1235,997.6118,0.0000,11.0941,91187.0
13273,130138.7353,129141.1235,997.6118,0.0000,11.0941,91193.3
13274,130138.7353,129141.1235,997.6118,0.0000,11.0941,91200.9
13275,130138.7353,129141.1235,997.6118,0.0000,11.0941,91207.8
13276,130138.7353,129141.1235,997.6118,0.0000,11.0941,91214.7
13277,130138.7353,129141.1235,997.6118,0.0000,11.0941,91221.6
13278,130138.7353,129141.1235,997.6118,0.0000,11.0941,91229.3
13279,130138.7353,129141.1235,997.6118,0.0000,11.0941,91237.5
13280,130138.7353,129141.1235,997.6118,0.0000,11.0941,91245.1
13281,130138.7353,129141.1235,997.6118,0.0000,11.0941,91252.9
13282,130138.7353,129141.1235,997.6118,0.0000,11.0941,91259.2
13283,130138.7353,129141.1235,997.6118,0.0000,11.0941,91265.9
13284,130138.7353,129141.1235,997.6118,0.0000,11.0941,91272.8
13285,130138.7353,129141.1235,997.6118,0.0000,11.0941,91280.5
13286,130138.7353,129141.1235,997.6118,0.0000,11.0941,91287.4
13287,130138.7353,129141.1235,997.6118,0.0000,11.0941,91295.0
13288,130138.7353,129141.1235,997.6118,0.0000,11.0941,91302.6
13289,130138.7353,129141.1235,997.6118,0.0000,11.0941,91309.2
13290,130138.7353,129141.1235,997.6118,0.0000,11.0941,91316.8
13291,130138.7353,129141.1235,997.6118,0.0000,11.0941,91324.0
13292,130138.7353,129141.1235,997.6118,0.0000,11.0941,91330.6
13293,130138.7353,129141.1235,997.6118,0.0000,11.0941,91337.0
13294,130138.7353,129141.1235,997.6118,0.0000,11.0941,91344.4
13295,130138.7353,129141.1235,997.6118,0.0000,11.0941,91350.9
13296,130138.7353,129141.1235,997.6118,0.0000,11.0941,91358.5
13297,130138.7353,129141.1235,997.6118,0.0000,11.0941,91364.9
13298,130138.7353,129141.1235,997.6118,0.0000,11.0941,91371.4
13299,130138.7353,129141.1235,997.6118,0.0000,11.0941,91378.9
13300,130138.7353,129141.1235,997.6118,0.0000,11.0941,91385.4
13301,130138.7353,129141.1235,997.6118,0.0000,11.0941,91392.2
13302,130138.7353,129141.1235,997.6118,0.0000,11.0941,91398.8
13303,130138.7353,129141.1235,997.6118,0.0000,11.0941,91405.3
13304,130138.7353,129141.1235,997.6118,0.0000,11.0941,91412.0
13305,130138.7353,129141.1235,997.6118,0.0000,11.0941,91419.5
13306,130138.7353,129141.1235,997.6118,0.0000,11.0941,91425.9
13307,130138.7353,129141.1235,997.6118,0.0000,11.0941,91432.8
13308,130138.7353,129141.1235,997.6118,0.0000,11.0941,91439.8
13309,130138.7353,129141.1235,997.6118,0.0000,11.0941,91446.4
13310,130138.7353,129141.1235,997.6118,0.0000,11.0941,91453.5
13311,130138.7353,129141.1235,997.6118,0.0000,11.0941,91460.5
13312,130138.7353,129141.1235,997.6118,0.0000,11.0941,91467.7
13313,130138.7353,129141.1235,997.6118,0.0000,11.0941,91473.8
13314,130138.7353,129141.1235,997.6118,0.0000,11.0941,91480.2
13315,130138.7353,129141.1235,997.6118,0.0000,11.0941,91487.3
13316,130138.7353,129141.1235,997.6118,0.0000,11.0941,91494.9
13317,130138.7353,129141.1235,997.6118,0.0000,11.0941,91502.7
13318,130138.7353,129141.1235,997.6118,0.0000,11.0941,91509.6
13319,130138.7353,129141.1235,997.6118,0.0000,11.0941,91516.8
13320,130138.7353,129141.1235,997.6118,0.0000,11.0941,91524.1
13321,130138.7353,129141.1235,997.6118,0.0000,11.0941,91530.9
13322,130138.7353,129141.1235,997.6118,0.0000,11.0941,91537.8
13323,130138.7353,129141.1235,997.6118,0.0000,11.0941,91545.0
13324,130138.7353,129141.1235,997.6118,0.0000,11.0941,91551.6
13325,130138.7353,129141.1235,997.6118,0.0000,11.0941,91558.4
13326,130138.7353,129141.1235,997.6118,0.0000,11.0941,91565.7
13327,130138.7353,129141.1235,997.6118,0.0000,11.0941,91572.4
13328,130138.7353,129141.1235,997.6118,0.0000,11.0941,91580.2
13329,130138.7353,129141.1235,997.6118,0.0000,11.0941,91586.9
13330,130138.7353,129141.1235,997.6118,0.0000,11.0941,91593.7
13331,130138.7353,129141.1235,997.6118,0.0185,11.1186,91600.3
13332,130138.7353,129141.1235,997.6118,0.0000,11.1186,91607.8
13333,130138.7353,129141.1235,997.6118,0.0000,11.1186,91614.6
13334,130138.7353,129141.1235,997.6118,0.0000,11.1186,91621.1
13335,130138.7353,129141.1235,997.6118,0.0000,11.1186,91628.0
13336,130138.7353,129141.1235,997.6118,0.0000,11.1186,91635.3
13337,130138.7353,129141.1235,997.6118,0.0000,11.1186,91642.5
13338,130138.7353,129141.1235,997.6118,0.0000,11.1186,91649.5
13339,130138.7353,129141.1235,997.6118,0.0000,11.1186,91656.1
13340,130138.7353,129141.1235,997.6118,0.0000,11.1186,91663.3
13341,130138.7353,129141.1235,997.6118,0.0000,11.1186,91669.7
13342,130138.7353,129141.1235,997.6118,0.0000,11.1186,91677.1
13343,130138.7353,129141.1235,997.6118,0.0000,11.1186,91684.4
13344,130138.7353,129141.1235,997.6118,0.0000,11.1186,91691.9
13345,130138.7353,129141.1235,997.6118,0.0000,11.1186,91699.6
13346,130138.7353,129141.1235,997.6118,0.0000,11.1186,91706.7
13347,130138.7353,129141.1235,997.6118,0.0000,11.1186,91713.9
13348,130138.7353,129141.1235,997.6118,0.0000,11.1186,91721.8
13349,130138.7353,129141.1235,997.6118,0.0000,11.1186,91728.0
13350,130138.7353,129141.1235,997.6118,0.0000,11.1186,91734.6
13351,130138.7353,129141.1235,997.6118,0.0000,11.1186,91740.9
13352,130138.7353,129141.1235,997.6118,0.0000,11.1186,91748.0
13353,130138.7353,129141.1235,997.6118,0.0000,11.1186,91754.5
13354,130138.7353,129141.1235,997.6118,0.0000,11.1186,91762.1
13355,130138.7353,129141.1235,997.6118,0.0000,11.1186,91769.3
13356,130138.7353,129141.1235,997.6118,0.0000,11.1186,91777.0
13357,130138.7353,129141.1235,997.6118,0.0000,11.1186,91784.1
13358,130138.7353,129141.1235,997.6118,0.0000,11.1186,91791.0
13359,130138.7353,129141.1235,997.6118,0.0000,11.1186,91797.6
13360,130138.7353,129141.1235,997.6118,0.0000,11.1186,91804.9
13361,130138.7353,129141.1235,997.6118,0.0000,11.1186,91811.8
13362,130138.7353,129141.1235,997.6118,0.0000,11.1186,91818.3
13363,130138.7353,129141.1235,997.6118,0.0000,11.1186,91826.0
13364,130138.7353,129141.1235,997.6118,0.0000,11.1186,91832.9
13365,130138.7353,129141.1235,997.6118,0.0000,11.1186,91839.4
13366,130138.7353,129141.1235,997.6118,0.0000,11.1186,91846.2
13367,130138.7353,129141.1235,997.6118,0.0000,11.1186,91853.2
13368,130138.7353,129141.1235,997.6118,0.0000,11.1186,91860.7
13369,130138.7353,129141.1235,997.6118,0.0000,11.1186,91868.0
13370,130138.7353,129141.1235,997.6118,0.0000,11.1186,91874.4
13371,130138.7353,129141.1235,997.6118,0.0000,11.1186,91881.0
13372,130138.7353,129141.1235,997.6118,0.0000,11.1186,91888.0
13373,130138.7353,129141.1235,997.6118,0.0000,11.1186,91895.3
13374,130138.7353,129141.1235,997.6118,0.0000,11.1186,91901.8
13375,130138.7353,129141.1235,997.6118,0.0000,11.1186,91908.0
13376,130138.7353,129141.1235,997.6118,0.0000,11.1186,91915.4
13377,130138.7353,129141.1235,997.6118,0.0000,11.1186,91922.6
13378,130138.7353,129141.1235,997.6118,0.0000,11.1186,91929.4
13379,130138.7353,129141.1235,997.6118,0.0185,11.1114,91936.8
13380,130138.7353,129141.1235,997.6118,0.0000,11.1114,91943.8
13381,130138.7353,129141.1235,997.6118,0.0000,11.1114,91951.0
13382,130138.7353,129141.1235,997.6118,0.0000,11.1114,91958.4
13383,130138.7353,129141.1235,997.6118,0.0000,11.1114,91965.5
13384,130138.7353,129141.1235,997.6118,0.0000,11.1114,91972.1
13385,130138.7353,129141.1235,997.6118,0.0000,11.1114,91979.1
13386,130138.7353,129141.1235,997.6118,0.0000,11.1114,91985.9
13387,130138.7353,129141.1235,997.6118,0.0000,11.1114,91993.1
13388,130138.7353,129141.1235,997.6118,0.0000,11.1114,92000.5
13389,130138.7353,129141.1235,997.6118,0.0000,11.1114,92007.9
13390,130138.7353,129141.1235,997.6118,0.0000,11.1114,92014.8
13391,130138.7353,129141.1235,997.6118,0.0000,11.1114,92021.5
13392,130138.7353,129141.1235,997.6118,0.0000,11.1114,92029.0
13393,130138.7353,129141.1235,997.6118,0.0000,11.1114,92036.5
13394,130138.7353,129141.1235,997.6118,0.0000,11.1114,92044.1
13395,130138.7353,129141.1235,997.6118,0.0000,11.1114,92051.0
13396,130138.7353,129141.1235,997.6118,0.0000,11.1114,92057.4
13397,130138.7353,129141.1235,997.6118,0.0000,11.1114,92064.0
13398,130138.7353,129141.1235,997.6118,0.0000,11.1114,92071.2
13399,130138.7353,129141.1235,997.6118,0.0000,11.1114,92077.8
13400,130138.7353,129141.1235,997.6118,0.0000,11.1114,92085.4
13401,130138.7353,129141.1235,997.6118,0.0000,11.1114,92091.3
13402,130138.7353,129141.1235,997.6118,0.0000,11.1114,92098.2
13403,130138.7353,129141.1235,997.6118,0.0000,11.1114,92105.5
13404,130138.7353,129141.1235,997.6118,0.0000,11.1114,92112.8
13405,130138.7353,129141.1235,997.6118,0.0000,11.1114,92119.1
13406,130138.7353,129141.1235,997.6118,0.0000,11.1114,92126.3
13407,130138.7353,129141.1235,997.6118,0.0000,11.1114,92133.1
13408,130138.7353,129141.1235,997.6118,0.0000,11.1114,92140.5
13409,130138.7353,129141.1235,997.6118,0.0000,11.1114,92147.2
13410,130138.7353,129141.1235,997.6118,0.0000,11.1114,92155.3
13411,130138.7353,129141.1235,997.6118,0.0000,11.1114,92162.5
13412,130138.7353,129141.1235,997.6118,0.0000,11.1114,92168.9
13413,130138.7353,129141.1235,997.6118,0.0000,11.1114,92175.2
13414,130138.7353,129141.1235,997.6118,0.0000,11.1114,92182.1
13415,130138.7353,129141.1235,997.6118,0.0000,11.1114,92188.9
13416,130138.7353,129141.1235,997.6118,0.0000,11.1114,92196.0
13417,130138.7353,129141.1235,997.6118,0.0000,11.1114,92202.7
13418,130138.7353,129141.1235,997.6118,0.0000,11.1114,92210.0
13419,130138.7353,129141.1235,997.6118,0.0000,11.1114,92216.1
13420,130138.7353,129141.1235,997.6118,0.0000,11.1114,92223.0
13421,130138.7353,129141.1235,997.6118,0.0000,11.1114,92229.7
13422,130138.7353,129141.1235,997.6118,0.0000,11.1114,92237.0
13423,130138.7353,129141.1235,997.6118,0.0000,11.1114,92244.7
13424,130138.7353,129141.1235,997.6118,0.0000,11.1114,92251.7
13425,130138.7353,129141.1235,997.6118,0.0000,11.1114,92258.7
13426,130138.7353,129141.1235,997.6118,0.0000,11.1114,92265.9
13427,130138.7353,129141.1235,997.6118,0.0000,11.1114,92273.3
13428,130138.7353,129141.1235,997.6118,0.0000,11.1114,92280.6
13429,130138.7353,129141.1235,997.6118,0.0000,11.1114,92287.3
13430,130138.7353,129141.1235,997.6118,0.0000,11.1114,92294.9
13431,130138.7353,129141.1235,997.6118,0.0000,11.1114,92301.8
13432,130138.7353,129141.1235,997.6118,0.0000,11.1114,92308.9
13433,130138.7353,129141.1235,997.6118,0.0000,11.1114,92315.7
13434,130138.7353,129141.1235,997.6118,0.0000,11.1114,92322.8
13435,130138.7353,129141.1235,997.6118,0.0000,11.1114,92330.5
13436,130138.7353,129141.1235,997.6118,0.0000,11.1114,92337.2
13437,130138.7353,129141.1235,997.6118,0.0000,11.1114,92344.4
13438,130138.7353,129141.1235,997.6118,0.0000,11.1114,92352.3
13439,130138.7353,129141.1235,997.6118,0.0000,11.1114,92359.2
13440,130138.7353,129141.1235,997.6118,0.0000,11.1114,92366.0
13441,130138.7353,129141.1235,997.6118,0.0000,11.1114,92373.6
13442,130138.7353,129141.1235,997.6118,0.0000,11.1114,92379.9
13443,130138.7353,129141.1235,997.6118,0.0000,11.1114,92386.1
13444,130138.7353,129141.1235,997.6118,0.0000,11.1114,92392.7
13445,130138.7353,129141.1235,997.6118,0.0000,11.1114,92400.1
13446,130138.7353,129141.1235,997.6118,0.0000,11.1114,92406.7
13447,130138.7353,129141.1235,997.6118,0.0000,11.1114,92414.0
13448,130138.7353,129141.1235,997.6118,0.0000,11.1114,92421.5
13449,130138.7353,129141.1235,997.6118,0.0000,11.1114,92428.4
13450,130138.7353,129141.1235,997.6118,0.0000,11.1114,92435.7
13451,130138.7353,129141.1235,997.6118,0.0000,11.1114,92442.2
13452,130138.7353,129141.1235,997.6118,0.0000,11.1114,92448.5
13453,130138.7353,129141.1235,997.6118,0.0185,11.1049,92455.7
13454,130138.7353,129141.1235,997.6118,0.0000,11.1049,92462.9
13455,130138.7353,129141.1235,997.6118,0.0000,11.1049,92469.4
13456,130138.7353,129141.1235,997.6118,0.0000,11.1049,92476.6
13457,130138.7353,129141.1235,997.6118,0.0000,11.1049,92483.3
13458,130138.7353,129141.1235,997.6118,0.0000,11.1049,92490.3
13459,130138.7353,129141.1235,997.6118,0.0000,11.1049,92497.6
13460,130138.7353,129141.1235,997.6118,0.0000,11.1049,92505.5
13461,130138.7353,129141.1235,997.6118,0.0000,11.1049,92512.6
13462,130138.7353,129141.1235,997.6118,0.0185,11.1426,92519.7
13463,130138.7353,129141.1235,997.6118,0.0000,11.1426,92526.4
13464,130138.7353,129141.1235,997.6118,0.0000,11.1426,92533.6
13465,130138.7353,129141.1235,997.6118,0.0000,11.1426,92539.7
13466,130138.7353,129141.1235,997.6118,0.0185,11.1453,92547.1
13467,130138.7353,129141.1235,997.6118,0.0000,11.1453,92553.9
13468,130138.7353,129141.1235,997.6118,0.0000,11.1453,92560.6
13469,130138.7353,129141.1235,997.6118,0.0000,11.1453,92567.5
13470,130138.7353,129141.1235,997.6118,0.0000,11.1453,92575.9
13471,130138.7353,129141.1235,997.6118,0.0000,11.1453,92582.2
13472,130138.7353,129141.1235,997.6118,0.0000,11.1453,92589.4
13473,130138.7353,129141.1235,997.6118,0.0185,11.1036,92596.2
13474,130138.7353,129141.1235,997.6118,0.0000,11.1036,92603.2
13475,130138.7353,129141.1235,997.6118,0.0000,11.1036,92610.7
13476,130138.7353,129141.1235,997.6118,0.0000,11.1036,92617.8
13477,130138.7353,129141.1235,997.6118,0.0000,11.1036,92624.5
13478,130138.7353,129141.1235,997.6118,0.0000,11.1036,92632.2
13479,130138.7353,129141.1235,997.6118,0.0000,11.1036,92638.7
13480,130138.7353,129141.1235,997.6118,0.0000,11.1036,92645.2
13481,130138.7353,129141.1235,997.6118,0.0000,11.1036,92652.4
13482,130138.7353,129141.1235,997.6118,0.0000,11.1036,92658.8
13483,130138.7353,129141.1235,997.6118,0.0000,11.1036,92666.1
13484,130138.7353,129141.1235,997.6118,0.0000,11.1036,92673.5
13485,130138.7353,129141.1235,997.6118,0.0000,11.1036,92680.9
13486,130138.7353,129141.1235,997.6118,0.0000,11.1036,92689.2
13487,130138.7353,129141.1235,997.6118,0.0000,11.1036,92696.6
13488,130138.7353,129141.1235,997.6118,0.0000,11.1036,92704.2
13489,130138.7353,129141.1235,997.6118,0.0000,11.1036,92710.9
13490,130138.7353,129141.1235,997.6118,0.0185,11.1043,92718.3
13491,130138.7353,129141.1235,997.6118,0.0000,11.1043,92725.4
13492,130138.7353,129141.1235,997.6118,0.0000,11.1043,92731.9
13493,130138.7353,129141.1235,997.6118,0.0000,11.1043,92738.9
13494,130138.7353,129141.1235,997.6118,0.0000,11.1043,92746.2
13495,130138.7353,129141.1235,997.6118,0.0000,11.1043,92752.8
13496,130138.7353,129141.1235,997.6118,0.0000,11.1043,92759.8
13497,130138.7353,129141.1235,997.6118,0.0000,11.1043,92767.1
13498,130138.7353,129141.1235,997.6118,0.0000,11.1043,92774.4
13499,130138.7353,129141.1235,997.6118,0.0000,11.1043,92781.1
13500,130138.7353,129141.1235,997.6118,0.0000,11.1043,92787.3
13501,130138.7353,129141.1235,997.6118,0.0000,11.1043,92794.2
13502,130138.7353,129141.1235,997.6118,0.0000,11.1043,92800.9
13503,130138.7353,129141.1235,997.6118,0.0000,11.1043,92807.5
13504,130138.7353,129141.1235,997.6118,0.0000,11.1043,92814.2
13505,130138.7353,129141.1235,997.6118,0.0185,11.0973,92820.9
13506,130138.7353,129141.1235,997.6118,0.0000,11.0973,92827.9
13507,130138.7353,129141.1235,997.6118,0.0000,11.0973,92835.2
13508,130138.7353,129141.1235,997.6118,0.0000,11.0973,92842.3
13509,130138.7353,129141.1235,997.6118,0.0000,11.0973,92849.1
13510,130138.7353,129141.1235,997.6118,0.0000,11.0973,92855.4
13511,130138.7353,129141.1235,997.6118,0.0000,11.0973,92862.8
13512,130138.7353,129141.1235,997.6118,0.0000,11.0973,92869.2
13513,130138.7353,129141.1235,997.6118,0.0000,11.0973,92876.6
13514,130138.7353,129141.1235,997.6118,0.0000,11.0973,92883.8
13515,130138.7353,129141.1235,997.6118,0.0000,11.0973,92890.4
13516,130138.7353,129141.1235,997.6118,0.0000,11.0973,92897.7
13517,130138.7353,129141.1235,997.6118,0.0000,11.0973,92905.5
13518,130138.7353,129141.1235,997.6118,0.0000,11.0973,92912.3
13519,130138.7353,129141.1235,997.6118,0.0000,11.0973,92918.9
13520,130138.7353,129141.1235,997.6118,0.0185,11.1023,92926.8
13521,130138.7353,129141.1235,997.6118,0.0000,11.1023,92933.9
13522,130138.7353,129141.1235,997.6118,0.0000,11.1023,92941.2
13523,130138.7353,129141.1235,997.6118,0.0000,11.1023,92947.7
13524,130138.7353,129141.1235,997.6118,0.0000,11.1023,92954.8
13525,130138.7353,129141.1235,997.6118,0.0000,11.1023,92961.8
13526,130138.7353,129141.1235,997.6118,0.0000,11.1023,92968.8
13527,130138.7353,129141.1235,997.6118,0.0000,11.1023,92976.2
13528,130138.7353,129141.1235,997.6118,0.0000,11.1023,92983.3
13529,130138.7353,129141.1235,997.6118,0.0000,11.1023,92990.3
13530,130138.7353,129141.1235,997.6118,0.0000,11.1023,92997.2
13531,130138.7353,129141.1235,997.6118,0.0000,11.1023,93003.3
13532,130138.7353,129141.1235,997.6118,0.0000,11.1023,93010.8
13533,130138.7353,129141.1235,997.6118,0.0000,11.1023,93017.6
13534,130138.7353,129141.1235,997.6118,0.0000,11.1023,93024.8
13535,130138.7353,129141.1235,997.6118,0.0000,11.1023,93031.7
13536,130138.7353,129141.1235,997.6118,0.0000,11.1023,93038.5
13537,130138.7353,129141.1235,997.6118,0.0000,11.1023,93046.1
13538,130138.7353,129141.1235,997.6118,0.0000,11.1023,93053.5
13539,130138.7353,129141.1235,997.6118,0.0000,11.1023,93059.9
13540,130138.7353,129141.1235,997.6118,0.0000,11.1023,93066.9
13541,130138.7353,129141.1235,997.6118,0.0000,11.1023,93073.9
13542,130138.7353,129141.1235,997.6118,0.0000,11.1023,93081.1
13543,130138.7353,129141.1235,997.6118,0.0000,11.1023,93088.4
13544,130138.7353,129141.1235,997.6118,0.0000,11.1023,93095.6
13545,130138.7353,129141.1235,997.6118,0.0000,11.1023,93103.2
13546,130138.7353,129141.1235,997.6118,0.0000,11.1023,93110.3
13547,130138.7353,129141.1235,997.6118,0.0000,11.1023,93117.4
13548,130138.7353,129141.1235,997.6118,0.0000,11.1023,93124.5
13549,130138.7353,129141.1235,997.6118,0.0000,11.1023,93131.3
13550,130138.7353,129141.1235,997.6118,0.0000,11.1023,93138.4
13551,130138.7353,129141.1235,997.6118,0.0000,11.1023,93145.2
13552,130138.7353,129141.1235,997.6118,0.0000,11.1023,93152.0
13553,130138.7353,129141.1235,997.6118,0.0000,11.1023,93159.5
13554,130138.7353,129141.1235,997.6118,0.0000,11.1023,93166.0
13555,130138.7353,129141.1235,997.6118,0.0000,11.1023,93172.7
13556,130138.7353,129141.1235,997.6118,0.0000,11.1023,93179.6
13557,130138.7353,129141.1235,997.6118,0.0000,11.1023,93187.0
13558,130138.7353,129141.1235,997.6118,0.0000,11.1023,93193.5
13559,130138.7353,129141.1235,997.6118,0.0000,11.1023,93200.2
13560,130138.7353,129141.1235,997.6118,0.0000,11.1023,93207.6
13561,130138.7353,129141.1235,997.6118,0.0000,11.1023,93215.2
13562,130138.7353,129141.1235,997.6118,0.0000,11.1023,93221.5
13563,130138.7353,129141.1235,997.6118,0.0000,11.1023,93227.9
13564,130138.7353,129141.1235,997.6118,0.0000,11.1023,93235.6
13565,130138.7353,129141.1235,997.6118,0.0000,11.1023,93242.5
13566,130138.7353,129141.1235,997.6118,0.0000,11.1023,93249.5
13567,130138.7353,129141.1235,997.6118,0.0000,11.1023,93257.0
13568,130138.7353,129141.1235,997.6118,0.0000,11.1023,93263.9
13569,130138.7353,129141.1235,997.6118,0.0000,11.1023,93270.5
13570,130138.7353,129141.1235,997.6118,0.0000,11.1023,93277.5
13571,130138.7353,129141.1235,997.6118,0.0000,11.1023,93284.5
13572,130138.7353,129141.1235,997.6118,0.0000,11.1023,93291.5
13573,130138.7353,129141.1235,997.6118,0.0000,11.1023,93298.3
13574,130138.7353,129141.1235,997.6118,0.0000,11.1023,93305.4
13575,130138.7353,129141.1235,997.6118,0.0000,11.1023,93313.2
13576,130138.7353,129141.1235,997.6118,0.0000,11.1023,93320.2
13577,130138.7353,129141.1235,997.6118,0.0000,11.1023,93327.3
13578,130138.7353,129141.1235,997.6118,0.0000,11.1023,93333.8
13579,130138.7353,129141.1235,997.6118,0.0185,10.9072,93340.5
13580,130138.7353,129141.1235,997.6118,0.0000,10.9072,93347.1
13581,130138.7353,129141.1235,997.6118,0.0000,10.9072,93354.8
13582,130138.7353,129141.1235,997.6118,0.0000,10.9072,93361.3
13583,130138.7353,129141.1235,997.6118,0.0000,10.9072,93368.3
13584,130138.7353,129141.1235,997.6118,0.0000,10.9072,93375.9
13585,130138.7353,129141.1235,997.6118,0.0000,10.9072,93381.9
13586,130138.7353,129141.1235,997.6118,0.0000,10.9072,93387.9
13587,130138.7353,129141.1235,997.6118,0.0000,10.9072,93394.9
13588,130138.7353,129141.1235,997.6118,0.0000,10.9072,93401.8
13589,130138.7353,129141.1235,997.6118,0.0000,10.9072,93408.0
13590,130138.7353,129141.1235,997.6118,0.0000,10.9072,93415.8
13591,130138.7353,129141.1235,997.6118,0.0000,10.9072,93422.0
13592,130138.7353,129141.1235,997.6118,0.0000,10.9072,93429.2
13593,130138.7353,129141.1235,997.6118,0.0000,10.9072,93436.7
13594,130138.7353,129141.1235,997.6118,0.0000,10.9072,93442.9
13595,130138.7353,129141.1235,997.6118,0.0000,10.9072,93450.0
13596,130138.7353,129141.1235,997.6118,0.0000,10.9072,93457.2
13597,130138.7353,129141.1235,997.6118,0.0000,10.9072,93464.3
13598,130138.7353,129141.1235,997.6118,0.0000,10.9072,93471.0
13599,130138.7353,129141.1235,997.6118,0.0000,10.9072,93478.0
13600,130138.7353,129141.1235,997.6118,0.0000,10.9072,93484.9
13601,130138.7353,129141.1235,997.6118,0.0000,10.9072,93491.5
13602,130138.7353,129141.1235,997.6118,0.0000,10.9072,93498.2
13603,130138.7353,129141.1235,997.6118,0.0000,10.9072,93505.0
13604,130138.7353,129141.1235,997.6118,0.0000,10.9072,93512.1
13605,130138.7353,129141.1235,997.6118,0.0000,10.9072,93520.1
13606,130138.7353,129141.1235,997.6118,0.0000,10.9072,93527.4
13607,130138.7353,129141.1235,997.6118,0.0000,10.9072,93533.7
13608,130138.7353,129141.1235,997.6118,0.0000,10.9072,93541.2
13609,130138.7353,129141.1235,997.6118,0.0000,10.9072,93548.7
13610,130138.7353,129141.1235,997.6118,0.0000,10.9072,93555.9
13611,130138.7353,129141.1235,997.6118,0.0000,10.9072,93562.8
13612,130138.7353,129141.1235,997.6118,0.0000,10.9072,93568.9
13613,130138.7353,129141.1235,997.6118,0.0000,10.9072,93575.6
13614,130138.7353,129141.1235,997.6118,0.0000,10.9072,93582.2
13615,130138.7353,129141.1235,997.6118,0.0000,10.9072,93588.7
13616,130138.7353,129141.1235,997.6118,0.0000,10.9072,93595.3
13617,130138.7353,129141.1235,997.6118,0.0000,10.9072,93602.1
13618,130138.7353,129141.1235,997.6118,0.0000,10.9072,93608.6
13619,130138.7353,129141.1235,997.6118,0.0000,10.9072,93616.2
13620,130138.7353,129141.1235,997.6118,0.0000,10.9072,93622.9
13621,130138.7353,129141.1235,997.6118,0.0000,10.9072,93630.3
13622,130138.7353,129141.1235,997.6118,0.0000,10.9072,93637.6
13623,130138.7353,129141.1235,997.6118,0.0000,10.9072,93644.9
13624,130138.7353,129141.1235,997.6118,0.0000,10.9072,93651.7
13625,130138.7353,129141.1235,997.6118,0.0000,10.9072,93658.7
13626,130138.7353,129141.1235,997.6118,0.0000,10.9072,93665.5
13627,130138.7353,129141.1235,997.6118,0.0185,10.8704,93672.7
13628,130138.7353,129141.1235,997.6118,0.0000,10.8704,93680.1
13629,130138.7353,129141.1235,997.6118,0.0000,10.8704,93686.9
13630,130138.7353,129141.1235,997.6118,0.0000,10.8704,93693.4
13631,130138.7353,129141.1235,997.6118,0.0000,10.8704,93700.8
13632,130138.7353,129141.1235,997.6118,0.0000,10.8704,93708.0
13633,130138.7353,129141.1235,997.6118,0.0000,10.8704,93714.6
13634,130138.7353,129141.1235,997.6118,0.0185,10.8445,93722.1
13635,130138.7353,129141.1235,997.6118,0.0000,10.8445,93729.2
13636,130138.7353,129141.1235,997.6118,0.0000,10.8445,93736.3
13637,130138.7353,129141.1235,997.6118,0.0000,10.8445,93743.4
13638,130138.7353,129141.1235,997.6118,0.0000,10.8445,93750.9
13639,130138.7353,129141.1235,997.6118,0.0000,10.8445,93758.0
13640,130138.7353,129141.1235,997.6118,0.0000,10.8445,93764.0
13641,130138.7353,129141.1235,997.6118,0.0000,10.8445,93770.3
13642,130138.7353,129141.1235,997.6118,0.0000,10.8445,93777.7
13643,130138.7353,129141.1235,997.6118,0.0000,10.8445,93784.4
13644,130138.7353,129141.1235,997.6118,0.0000,10.8445,93791.4
13645,130138.7353,129141.1235,997.6118,0.0000,10.8445,93798.5
13646,130138.7353,129141.1235,997.6118,0.0000,10.8445,93804.9
13647,130138.7353,129141.1235,997.6118,0.0000,10.8445,93812.0
13648,130138.7353,129141.1235,997.6118,0.0000,10.8445,93819.3
13649,130138.7353,129141.1235,997.6118,0.0000,10.8445,93826.2
13650,130138.7353,129141.1235,997.6118,0.0000,10.8445,93832.3
13651,130138.7353,129141.1235,997.6118,0.0000,10.8445,93839.8
13652,130138.7353,129141.1235,997.6118,0.0000,10.8445,93846.1
13653,130138.7353,129141.1235,997.6118,0.0000,10.8445,93853.3
13654,130138.7353,129141.1235,997.6118,0.0000,10.8445,93859.6
13655,130138.7353,129141.1235,997.6118,0.0000,10.8445,93866.5
13656,130138.7353,129141.1235,997.6118,0.0000,10.8445,93873.1
13657,130138.7353,129141.1235,997.6118,0.0000,10.8445,93879.7
13658,130138.7353,129141.1235,997.6118,0.0000,10.8445,93887.5
13659,130138.7353,129141.1235,997.6118,0.0000,10.8445,93894.8
13660,130138.7353,129141.1235,997.6118,0.0000,10.8445,93902.1
13661,130138.7353,129141.1235,997.6118,0.0000,10.8445,93910.7
13662,130138.7353,129141.1235,997.6118,0.0000,10.8445,93918.2
13663,130138.7353,129141.1235,997.6118,0.0000,10.8445,93925.1
13664,130138.7353,129141.1235,997.6118,0.0000,10.8445,93931.9
13665,130138.7353,129141.1235,997.6118,0.0000,10.8445,93938.6
13666,130138.7353,129141.1235,997.6118,0.0000,10.8445,93945.5
13667,130138.7353,129141.1235,997.6118,0.0000,10.8445,93951.9
13668,130138.7353,129141.1235,997.6118,0.0000,10.8445,93959.3
13669,130138.7353,129141.1235,997.6118,0.0000,10.8445,93966.2
13670,130138.7353,129141.1235,997.6118,0.0000,10.8445,93973.2
13671,130138.7353,129141.1235,997.6118,0.0000,10.8445,93980.6
13672,130138.7353,129141.1235,997.6118,0.0000,10.8445,93988.1
13673,130138.7353,129141.1235,997.6118,0.0000,10.8445,93995.2
13674,130138.7353,129141.1235,997.6118,0.0000,10.8445,94002.4
13675,130138.7353,129141.1235,997.6118,0.0000,10.8445,94009.5
13676,130138.7353,129141.1235,997.6118,0.0000,10.8445,94015.9
13677,130138.7353,129141.1235,997.6118,0.0000,10.8445,94023.0
13678,130138.7353,129141.1235,997.6118,0.0000,10.8445,94029.9
13679,130138.7353,129141.1235,997.6118,0.0185,10.8936,94037.3
13680,130138.7353,129141.1235,997.6118,0.0000,10.8936,94044.6
13681,130138.7353,129141.1235,997.6118,0.0000,10.8936,94051.7
13682,130138.7353,129141.1235,997.6118,0.0000,10.8936,94058.4
13683,130138.7353,129141.1235,997.6118,0.0000,10.8936,94065.3
13684,130138.7353,129141.1235,997.6118,0.0000,10.8936,94072.1
13685,130138.7353,129141.1235,997.6118,0.0000,10.8936,94079.8
13686,130138.7353,129141.1235,997.6118,0.0000,10.8936,94086.5
13687,130138.7353,129141.1235,997.6118,0.0000,10.8936,94093.9
13688,130138.7353,129141.1235,997.6118,0.0000,10.8936,94101.3
13689,130138.7353,129141.1235,997.6118,0.0000,10.8936,94108.1
13690,130138.7353,129141.1235,997.6118,0.0000,10.8936,94114.8
13691,130138.7353,129141.1235,997.6118,0.0000,10.8936,94122.1
13692,130138.7353,129141.1235,997.6118,0.0000,10.8936,94129.3
13693,130138.7353,129141.1235,997.6118,0.0000,10.8936,94135.9
13694,130138.7353,129141.1235,997.6118,0.0185,10.8906,94142.7
13695,130138.7353,129141.1235,997.6118,0.0000,10.8906,94149.9
13696,130138.7353,129141.1235,997.6118,0.0000,10.8906,94156.9
13697,130138.7353,129141.1235,997.6118,0.0000,10.8906,94164.2
13698,130138.7353,129141.1235,997.6118,0.0000,10.8906,94171.5
13699,130138.7353,129141.1235,997.6118,0.0000,10.8906,94178.9
13700,130138.7353,129141.1235,997.6118,0.0000,10.8906,94185.4
13701,130138.7353,129141.1235,997.6118,0.0000,10.8906,94192.9
13702,130138.7353,129141.1235,997.6118,0.0000,10.8906,94200.5
13703,130138.7353,129141.1235,997.6118,0.0000,10.8906,94207.6
13704,130138.7353,129141.1235,997.6118,0.0000,10.8906,94214.8
13705,130138.7353,129141.1235,997.6118,0.0000,10.8906,94222.1
13706,130138.7353,129141.1235,997.6118,0.0000,10.8906,94228.8
13707,130138.7353,129141.1235,997.6118,0.0000,10.8906,94235.4
13708,130138.7353,129141.1235,997.6118,0.0000,10.8906,94242.3
13709,130138.7353,129141.1235,997.6118,0.0000,10.8906,94249.2
13710,130138.7353,129141.1235,997.6118,0.0000,10.8906,94255.9
13711,130138.7353,129141.1235,997.6118,0.0000,10.8906,94263.0
13712,130138.7353,129141.1235,997.6118,0.0000,10.8906,94270.2
13713,130138.7353,129141.1235,997.6118,0.0000,10.8906,94277.1
13714,130138.7353,129141.1235,997.6118,0.0000,10.8906,94284.3
13715,130138.7353,129141.1235,997.6118,0.0000,10.8906,94291.1
13716,130138.7353,129141.1235,997.6118,0.0000,10.8906,94298.0
13717,130138.7353,129141.1235,997.6118,0.0000,10.8906,94304.2
13718,130138.7353,129141.1235,997.6118,0.0185,10.8985,94312.5
13719,130138.7353,129141.1235,997.6118,0.0000,10.8985,94319.2
13720,130138.7353,129141.1235,997.6118,0.0000,10.8985,94326.6
13721,130138.7353,129141.1235,997.6118,0.0000,10.8985,94333.5
13722,130138.7353,129141.1235,997.6118,0.0000,10.8985,94340.1
13723,130138.7353,129141.1235,997.6118,0.0000,10.8985,94346.6
13724,130138.7353,129141.1235,997.6118,0.0000,10.8985,94354.2
13725,130138.7353,129141.1235,997.6118,0.0000,10.8985,94361.1
13726,130138.7353,129141.1235,997.6118,0.0185,10.8942,94367.7
13727,130138.7353,129141.1235,997.6118,0.0000,10.8942,94374.9
13728,130138.7353,129141.1235,997.6118,0.0000,10.8942,94381.5
13729,130138.7353,129141.1235,997.6118,0.0000,10.8942,94388.5
13730,130138.7353,129141.1235,997.6118,0.0000,10.8942,94396.2
13731,130138.7353,129141.1235,997.6118,0.0000,10.8942,94403.6
13732,130138.7353,129141.1235,997.6118,0.0000,10.8942,94409.7
13733,130138.7353,129141.1235,997.6118,0.0185,10.9277,94416.9
13734,130138.7353,129141.1235,997.6118,0.0000,10.9277,94424.5
13735,130138.7353,129141.1235,997.6118,0.0000,10.9277,94432.5
13736,130138.7353,129141.1235,997.6118,0.0000,10.9277,94439.4
13737,130138.7353,129141.1235,997.6118,0.0000,10.9277,94445.7
13738,130138.7353,129141.1235,997.6118,0.0000,10.9277,94453.0
13739,130138.7353,129141.1235,997.6118,0.0000,10.9277,94459.9
13740,130138.7353,129141.1235,997.6118,0.0000,10.9277,94466.3
13741,130138.7353,129141.1235,997.6118,0.0000,10.9277,94473.1
13742,130138.7353,129141.1235,997.6118,0.0000,10.9277,94480.7
13743,130138.7353,129141.1235,997.6118,0.0000,10.9277,94488.3
13744,130138.7353,129141.1235,997.6118,0.0000,10.9277,94495.6
13745,130138.7353,129141.1235,997.6118,0.0000,10.9277,94502.9
13746,130138.7353,129141.1235,997.6118,0.0000,10.9277,94509.4
13747,130138.7353,129141.1235,997.6118,0.0000,10.9277,94516.7
13748,130138.7353,129141.1235,997.6118,0.0000,10.9277,94524.6
13749,130138.7353,129141.1235,997.6118,0.0000,10.9277,94531.4
13750,130138.7353,129141.1235,997.6118,0.0000,10.9277,94538.6
13751,130138.7353,129141.1235,997.6118,0.0000,10.9277,94545.3
13752,130138.7353,129141.1235,997.6118,0.0000,10.9277,94552.4
13753,130138.7353,129141.1235,997.6118,0.0000,10.9277,94559.1
13754,130138.7353,129141.1235,997.6118,0.0000,10.9277,94566.7
13755,130138.7353,129141.1235,997.6118,0.0000,10.9277,94574.3
13756,130138.7353,129141.1235,997.6118,0.0000,10.9277,94580.6
13757,130138.7353,129141.1235,997.6118,0.0000,10.9277,94588.7
13758,130138.7353,129141.1235,997.6118,0.0000,10.9277,94596.0
13759,130138.7353,129141.1235,997.6118,0.0000,10.9277,94603.3
13760,130138.7353,129141.1235,997.6118,0.0000,10.9277,94609.8
13761,130138.7353,129141.1235,997.6118,0.0000,10.9277,94617.0
13762,130138.7353,129141.1235,997.6118,0.0000,10.9277,94624.1
13763,130138.7353,129141.1235,997.6118,0.0000,10.9277,94631.3
13764,130138.7353,129141.1235,997.6118,0.0000,10.9277,94637.1
13765,130138.7353,129141.1235,997.6118,0.0000,10.9277,94643.8
13766,130138.7353,129141.1235,997.6118,0.0000,10.9277,94650.2
13767,130138.7353,129141.1235,997.6118,0.0000,10.9277,94657.1
13768,130138.7353,129141.1235,997.6118,0.0000,10.9277,94664.4
13769,130138.7353,129141.1235,997.6118,0.0000,10.9277,94671.6
13770,130138.7353,129141.1235,997.6118,0.0000,10.9277,94678.9
13771,130138.7353,129141.1235,997.6118,0.0000,10.9277,94685.6
13772,130138.7353,129141.1235,997.6118,0.0000,10.9277,94692.9
13773,130138.7353,129141.1235,997.6118,0.0000,10.9277,94699.3
13774,130138.7353,129141.1235,997.6118,0.0000,10.9277,94706.6
13775,130138.7353,129141.1235,997.6118,0.0000,10.9277,94714.0
13776,130138.7353,129141.1235,997.6118,0.0000,10.9277,94720.4
13777,130138.7353,129141.1235,997.6118,0.0000,10.9277,94727.2
13778,130138.7353,129141.1235,997.6118,0.0000,10.9277,94735.0
13779,130138.7353,129141.1235,997.6118,0.0000,10.9277,94741.4
13780,130138.7353,129141.1235,997.6118,0.0000,10.9277,94748.7
13781,130138.7353,129141.1235,997.6118,0.0000,10.9277,94755.9
13782,130138.7353,129141.1235,997.6118,0.0000,10.9277,94763.4
13783,130138.7353,129141.1235,997.6118,0.0000,10.9277,94770.6
13784,130138.7353,129141.1235,997.6118,0.0000,10.9277,94777.5
13785,130138.7353,129141.1235,997.6118,0.0000,10.9277,94784.5
13786,130138.7353,129141.1235,997.6118,0.0000,10.9277,94791.4
13787,130138.7353,129141.1235,997.6118,0.0000,10.9277,94798.3
13788,130138.7353,129141.1235,997.6118,0.0000,10.9277,94805.4
13789,130138.7353,129141.1235,997.6118,0.0000,10.9277,94812.7
13790,130138.7353,129141.1235,997.6118,0.0000,10.9277,94819.7
13791,130138.7353,129141.1235,997.6118,0.0000,10.9277,94826.7
13792,130138.7353,129141.1235,997.6118,0.0000,10.9277,94834.0
13793,130138.7353,129141.1235,997.6118,0.0000,10.9277,94840.9
13794,130138.7353,129141.1235,997.6118,0.0000,10.9277,94847.3
13795,130138.7353,129141.1235,997.6118,0.0000,10.9277,94854.7
13796,130138.7353,129141.1235,997.6118,0.0000,10.9277,94862.1
13797,130138.7353,129141.1235,997.6118,0.0000,10.9277,94869.6
13798,130138.7353,129141.1235,997.6118,0.0000,10.9277,94876.9
13799,130138.7353,129141.1235,997.6118,0.0000,10.9277,94884.2
13800,130138.7353,129141.1235,997.6118,0.0000,10.9277,94891.2
13801,130138.7353,129141.1235,997.6118,0.0000,10.9277,94898.6
13802,130138.7353,129141.1235,997.6118,0.0000,10.9277,94906.0
13803,130138.7353,129141.1235,997.6118,0.0000,10.9277,94913.0
13804,130138.7353,129141.1235,997.6118,0.0000,10.9277,94919.9
13805,130138.7353,129141.1235,997.6118,0.0000,10.9277,94926.6
13806,130138.7353,129141.1235,997.6118,0.0000,10.9277,94933.5
13807,130138.7353,129141.1235,997.6118,0.0000,10.9277,94940.7
13808,130138.7353,129141.1235,997.6118,0.0000,10.9277,94948.3
13809,130138.7353,129141.1235,997.6118,0.0000,10.9277,94955.1
13810,130138.7353,129141.1235,997.6118,0.0000,10.9277,94962.5
13811,130138.7353,129141.1235,997.6118,0.0000,10.9277,94969.7
13812,130138.7353,129141.1235,997.6118,0.0000,10.9277,94977.0
13813,130138.7353,129141.1235,997.6118,0.0000,10.9277,94983.9
13814,130138.7353,129141.1235,997.6118,0.0000,10.9277,94991.5
13815,130138.7353,129141.1235,997.6118,0.0000,10.9277,94998.5
13816,130138.7353,129141.1235,997.6118,0.0000,10.9277,95005.1
13817,130138.7353,129141.1235,997.6118,0.0000,10.9277,95011.6
13818,130138.7353,129141.1235,997.6118,0.0000,10.9277,95018.5
13819,130138.7353,129141.1235,997.6118,0.0000,10.9277,95025.2
13820,130138.7353,129141.1235,997.6118,0.0000,10.9277,95032.0
13821,130138.7353,129141.1235,997.6118,0.0000,10.9277,95039.2
13822,130138.7353,129141.1235,997.6118,0.0000,10.9277,95046.5
13823,130138.7353,129141.1235,997.6118,0.0000,10.9277,95053.1
13824,130138.7353,129141.1235,997.6118,0.0000,10.9277,95060.3
13825,130138.7353,129141.1235,997.6118,0.0000,10.9277,95067.0
13826,130138.7353,129141.1235,997.6118,0.0000,10.9277,95074.9
13827,130138.7353,129141.1235,997.6118,0.0000,10.9277,95081.5
13828,130138.7353,129141.1235,997.6118,0.0000,10.9277,95089.1
13829,130138.7353,129141.1235,997.6118,0.0000,10.9277,95095.7
13830,130138.7353,129141.1235,997.6118,0.0000,10.9277,95102.4
13831,130138.7353,129141.1235,997.6118,0.0000,10.9277,95110.0
13832,130138.7353,129141.1235,997.6118,0.0000,10.9277,95116.2
13833,130138.7353,129141.1235,997.6118,0.0000,10.9277,95123.2
13834,130138.7353,129141.1235,997.6118,0.0000,10.9277,95130.6
13835,130138.7353,129141.1235,997.6118,0.0000,10.9277,95137.3
13836,130138.7353,129141.1235,997.6118,0.0000,10.9277,95144.3
13837,130138.7353,129141.1235,997.6118,0.0000,10.9277,95152.1
13838,130138.7353,129141.1235,997.6118,0.0000,10.9277,95159.1
13839,130138.7353,129141.1235,997.6118,0.0000,10.9277,95164.9
13840,130138.7353,129141.1235,997.6118,0.0000,10.9277,95171.3
13841,130138.7353,129141.1235,997.6118,0.0000,10.9277,95177.7
13842,130138.7353,129141.1235,997.6118,0.0000,10.9277,95185.5
13843,130138.7353,129141.1235,997.6118,0.0000,10.9277,95192.7
13844,130138.7353,129141.1235,997.6118,0.0000,10.9277,95199.3
13845,130138.7353,129141.1235,997.6118,0.0000,10.9277,95205.7
13846,130138.7353,129141.1235,997.6118,0.0000,10.9277,95212.5
13847,130138.7353,129141.1235,997.6118,0.0000,10.9277,95219.1
13848,130138.7353,129141.1235,997.6118,0.0000,10.9277,95226.2
13849,130138.7353,129141.1235,997.6118,0.0000,10.9277,95233.8
13850,130138.7353,129141.1235,997.6118,0.0000,10.9277,95240.9
13851,130138.7353,129141.1235,997.6118,0.0000,10.9277,95247.8
13852,130138.7353,129141.1235,997.6118,0.0000,10.9277,95254.8
13853,130138.7353,129141.1235,997.6118,0.0000,10.9277,95261.5
13854,130138.7353,129141.1235,997.6118,0.0000,10.9277,95268.6
13855,130138.7353,129141.1235,997.6118,0.0000,10.9277,95275.9
13856,130138.7353,129141.1235,997.6118,0.0000,10.9277,95282.8
13857,130138.7353,129141.1235,997.6118,0.0000,10.9277,95290.0
13858,130138.7353,129141.1235,997.6118,0.0000,10.9277,95297.3
13859,130138.7353,129141.1235,997.6118,0.0000,10.9277,95303.9
13860,130138.7353,129141.1235,997.6118,0.0000,10.9277,95310.7
13861,130138.7353,129141.1235,997.6118,0.0000,10.9277,95318.0
13862,130138.7353,129141.1235,997.6118,0.0000,10.9277,95325.3
13863,130138.7353,129141.1235,997.6118,0.0000,10.9277,95332.9
13864,130138.7353,129141.1235,997.6118,0.0000,10.9277,95339.7
13865,130138.7353,129141.1235,997.6118,0.0000,10.9277,95346.8
13866,130138.7353,129141.1235,997.6118,0.0000,10.9277,95354.3
13867,130138.7353,129141.1235,997.6118,0.0000,10.9277,95361.3
13868,130138.7353,129141.1235,997.6118,0.0000,10.9277,95368.2
13869,130138.7353,129141.1235,997.6118,0.0000,10.9277,95375.8
13870,130138.7353,129141.1235,997.6118,0.0000,10.9277,95381.8
13871,130138.7353,129141.1235,997.6118,0.0000,10.9277,95388.7
13872,130138.7353,129141.1235,997.6118,0.0000,10.9277,95395.6
13873,130138.7353,129141.1235,997.6118,0.0000,10.9277,95402.7
13874,130138.7353,129141.1235,997.6118,0.0000,10.9277,95409.2
13875,130138.7353,129141.1235,997.6118,0.0000,10.9277,95415.9
13876,130138.7353,129141.1235,997.6118,0.0000,10.9277,95422.9
13877,130138.7353,129141.1235,997.6118,0.0000,10.9277,95429.6
13878,130138.7353,129141.1235,997.6118,0.0000,10.9277,95435.9
13879,130138.7353,129141.1235,997.6118,0.0000,10.9277,95443.4
13880,130138.7353,129141.1235,997.6118,0.0000,10.9277,95450.8
13881,130138.7353,129141.1235,997.6118,0.0000,10.9277,95457.3
13882,130138.7353,129141.1235,997.6118,0.0000,10.9277,95463.6
13883,130138.7353,129141.1235,997.6118,0.0000,10.9277,95470.5
13884,130138.7353,129141.1235,997.6118,0.0000,10.9277,95477.9
13885,130138.7353,129141.1235,997.6118,0.0000,10.9277,95484.8
13886,130138.7353,129141.1235,997.6118,0.0000,10.9277,95491.8
13887,130138.7353,129141.1235,997.6118,0.0000,10.9277,95498.4
13888,130138.7353,129141.1235,997.6118,0.0000,10.9277,95505.4
13889,130138.7353,129141.1235,997.6118,0.0185,10.9357,95513.1
13890,130138.7353,129141.1235,997.6118,0.0000,10.9357,95520.4
13891,130138.7353,129141.1235,997.6118,0.0000,10.9357,95527.4
13892,130138.7353,129141.1235,997.6118,0.0000,10.9357,95534.5
13893,130138.7353,129141.1235,997.6118,0.0000,10.9357,95541.1
13894,130138.7353,129141.1235,997.6118,0.0185,10.9491,95548.1
13895,130138.7353,129141.1235,997.6118,0.0000,10.9491,95555.4
13896,130138.7353,129141.1235,997.6118,0.0000,10.9491,95562.0
13897,130138.7353,129141.1235,997.6118,0.0000,10.9491,95568.8
13898,130138.7353,129141.1235,997.6118,0.0000,10.9491,95576.4
13899,130138.7353,129141.1235,997.6118,0.0000,10.9491,95583.5
13900,130138.7353,129141.1235,997.6118,0.0000,10.9491,95589.7
13901,130138.7353,129141.1235,997.6118,0.0000,10.9491,95596.4
13902,130138.7353,129141.1235,997.6118,0.0000,10.9491,95604.6
13903,130138.7353,129141.1235,997.6118,0.0000,10.9491,95611.5
13904,130138.7353,129141.1235,997.6118,0.0000,10.9491,95618.2
13905,130138.7353,129141.1235,997.6118,0.0000,10.9491,95625.8
13906,130138.7353,129141.1235,997.6118,0.0000,10.9491,95632.5
13907,130138.7353,129141.1235,997.6118,0.0000,10.9491,95640.0
13908,130138.7353,129141.1235,997.6118,0.0000,10.9491,95647.0
13909,130138.7353,129141.1235,997.6118,0.0000,10.9491,95653.4
13910,130138.7353,129141.1235,997.6118,0.0000,10.9491,95660.4
13911,130138.7353,129141.1235,997.6118,0.0000,10.9491,95668.2
13912,130138.7353,129141.1235,997.6118,0.0000,10.9491,95675.5
13913,130138.7353,129141.1235,997.6118,0.0000,10.9491,95682.5
13914,130138.7353,129141.1235,997.6118,0.0000,10.9491,95689.2
13915,130138.7353,129141.1235,997.6118,0.0000,10.9491,95696.5
13916,130138.7353,129141.1235,997.6118,0.0000,10.9491,95703.5
13917,130138.7353,129141.1235,997.6118,0.0000,10.9491,95710.4
13918,130138.7353,129141.1235,997.6118,0.0000,10.9491,95716.7
13919,130138.7353,129141.1235,997.6118,0.0000,10.9491,95723.5
13920,130138.7353,129141.1235,997.6118,0.0000,10.9491,95729.4
13921,130138.7353,129141.1235,997.6118,0.0000,10.9491,95736.1
13922,130138.7353,129141.1235,997.6118,0.0000,10.9491,95742.7
13923,130138.7353,129141.1235,997.6118,0.0000,10.9491,95749.6
13924,130138.7353,129141.1235,997.6118,0.0000,10.9491,95756.8
13925,130138.7353,129141.1235,997.6118,0.0000,10.9491,95763.8
13926,130138.7353,129141.1235,997.6118,0.0000,10.9491,95771.3
13927,130138.7353,129141.1235,997.6118,0.0000,10.9491,95777.8
13928,130138.7353,129141.1235,997.6118,0.0000,10.9491,95785.3
13929,130138.7353,129141.1235,997.6118,0.0000,10.9491,95792.9
13930,130138.7353,129141.1235,997.6118,0.0000,10.9491,95799.9
13931,130138.7353,129141.1235,997.6118,0.0000,10.9491,95806.3
13932,130138.7353,129141.1235,997.6118,0.0000,10.9491,95813.3
13933,130138.7353,129141.1235,997.6118,0.0000,10.9491,95820.9
13934,130138.7353,129141.1235,997.6118,0.0000,10.9491,95827.9
13935,130138.7353,129141.1235,997.6118,0.0000,10.9491,95834.9
13936,130138.7353,129141.1235,997.6118,0.0000,10.9491,95841.3
13937,130138.7353,129141.1235,997.6118,0.0000,10.9491,95847.9
13938,130138.7353,129141.1235,997.6118,0.0000,10.9491,95854.8
13939,130138.7353,129141.1235,997.6118,0.0000,10.9491,95861.8
13940,130138.7353,129141.1235,997.6118,0.0000,10.9491,95869.4
13941,130138.7353,129141.1235,997.6118,0.0000,10.9491,95876.3
13942,130138.7353,129141.1235,997.6118,0.0000,10.9491,95883.6
13943,130138.7353,129141.1235,997.6118,0.0000,10.9491,95890.6
13944,130138.7353,129141.1235,997.6118,0.0000,10.9491,95898.0
13945,130138.7353,129141.1235,997.6118,0.0000,10.9491,95905.1
13946,130138.7353,129141.1235,997.6118,0.0000,10.9491,95912.3
13947,130138.7353,129141.1235,997.6118,0.0000,10.9491,95919.2
13948,130138.7353,129141.1235,997.6118,0.0000,10.9491,95926.3
13949,130138.7353,129141.1235,997.6118,0.0000,10.9491,95932.9
13950,130138.7353,129141.1235,997.6118,0.0000,10.9491,95939.7
13951,130138.7353,129141.1235,997.6118,0.0000,10.9491,95946.4
13952,130138.7353,129141.1235,997.6118,0.0000,10.9491,95952.8
13953,130138.7353,129141.1235,997.6118,0.0000,10.9491,95959.3
13954,130138.7353,129141.1235,997.6118,0.0000,10.9491,95967.3
13955,130138.7353,129141.1235,997.6118,0.0000,10.9491,95974.9
13956,130138.7353,129141.1235,997.6118,0.0000,10.9491,95982.0
13957,130138.7353,129141.1235,997.6118,0.0000,10.9491,95989.1
13958,130138.7353,129141.1235,997.6118,0.0000,10.9491,95995.6
13959,130138.7353,129141.1235,997.6118,0.0000,10.9491,96002.0
13960,130138.7353,129141.1235,997.6118,0.0000,10.9491,96008.6
13961,130138.7353,129141.1235,997.6118,0.0000,10.9491,96015.6
13962,130138.7353,129141.1235,997.6118,0.0185,10.9263,96023.1
13963,130138.7353,129141.1235,997.6118,0.0000,10.9263,96030.1
13964,130138.7353,129141.1235,997.6118,0.0000,10.9263,96037.7
13965,130138.7353,129141.1235,997.6118,0.0000,10.9263,96044.0
13966,130138.7353,129141.1235,997.6118,0.0000,10.9263,96050.4
13967,130138.7353,129141.1235,997.6118,0.0000,10.9263,96058.0
13968,130138.7353,129141.1235,997.6118,0.0000,10.9263,96065.6
13969,130138.7353,129141.1235,997.6118,0.0000,10.9263,96071.8
13970,130138.7353,129141.1235,997.6118,0.0000,10.9263,96078.1
13971,130138.7353,129141.1235,997.6118,0.0185,10.9473,96085.0
13972,130138.7353,129141.1235,997.6118,0.0000,10.9473,96092.8
13973,130138.7353,129141.1235,997.6118,0.0000,10.9473,96100.0
13974,130138.7353,129141.1235,997.6118,0.0000,10.9473,96107.1
13975,130138.7353,129141.1235,997.6118,0.0000,10.9473,96114.2
13976,130138.7353,129141.1235,997.6118,0.0000,10.9473,96121.4
13977,130138.7353,129141.1235,997.6118,0.0000,10.9473,96128.3
13978,130138.7353,129141.1235,997.6118,0.0000,10.9473,96134.4
13979,130138.7353,129141.1235,997.6118,0.0000,10.9473,96141.4
13980,130138.7353,129141.1235,997.6118,0.0000,10.9473,96148.7
13981,130138.7353,129141.1235,997.6118,0.0000,10.9473,96155.7
13982,130138.7353,129141.1235,997.6118,0.0000,10.9473,96163.4
13983,130138.7353,129141.1235,997.6118,0.0000,10.9473,96170.0
13984,130138.7353,129141.1235,997.6118,0.0000,10.9473,96176.5
13985,130138.7353,129141.1235,997.6118,0.0000,10.9473,96183.8
13986,130138.7353,129141.1235,997.6118,0.0000,10.9473,96190.4
13987,130138.7353,129141.1235,997.6118,0.0000,10.9473,96197.1
13988,130138.7353,129141.1235,997.6118,0.0000,10.9473,96204.2
13989,130138.7353,129141.1235,997.6118,0.0000,10.9473,96210.9
13990,130138.7353,129141.1235,997.6118,0.0000,10.9473,96218.2
13991,130138.7353,129141.1235,997.6118,0.0000,10.9473,96224.7
13992,130138.7353,129141.1235,997.6118,0.0000,10.9473,96231.6
13993,130138.7353,129141.1235,997.6118,0.0000,10.9473,96238.4
13994,130138.7353,129141.1235,997.6118,0.0000,10.9473,96245.2
13995,130138.7353,129141.1235,997.6118,0.0000,10.9473,96252.3
13996,130138.7353,129141.1235,997.6118,0.0000,10.9473,96259.9
13997,130138.7353,129141.1235,997.6118,0.0000,10.9473,96267.2
13998,130138.7353,129141.1235,997.6118,0.0000,10.9473,96274.8
13999,130138.7353,129141.1235,997.6118,0.0000,10.9473,96281.6
14000,130138.7353,129141.1235,997.6118,0.0000,10.9473,96288.5
14001,130138.7353,129141.1235,997.6118,0.0000,10.9473,96295.2
14002,130138.7353,129141.1235,997.6118,0.0000,10.9473,96303.2
14003,130138.7353,129141.1235,997.6118,0.0000,10.9473,96310.6
14004,130138.7353,129141.1235,997.6118,0.0000,10.9473,96317.6
14005,130138.7353,129141.1235,997.6118,0.0000,10.9473,96324.5
14006,130138.7353,129141.1235,997.6118,0.0000,10.9473,96331.8
14007,130138.7353,129141.1235,997.6118,0.0000,10.9473,96339.0
14008,130138.7353,129141.1235,997.6118,0.0000,10.9473,96346.2
14009,130138.7353,129141.1235,997.6118,0.0000,10.9473,96353.0
14010,130138.7353,129141.1235,997.6118,0.0000,10.9473,96359.7
14011,130138.7353,129141.1235,997.6118,0.0000,10.9473,96366.8
14012,130138.7353,129141.1235,997.6118,0.0000,10.9473,96374.0
14013,130138.7353,129141.1235,997.6118,0.0000,10.9473,96379.8
14014,130138.7353,129141.1235,997.6118,0.0000,10.9473,96386.6
14015,130138.7353,129141.1235,997.6118,0.0000,10.9473,96393.9
14016,130138.7353,129141.1235,997.6118,0.0000,10.9473,96400.7
14017,130138.7353,129141.1235,997.6118,0.0000,10.9473,96406.6
14018,130138.7353,129141.1235,997.6118,0.0000,10.9473,96413.0
14019,130138.7353,129141.1235,997.6118,0.0000,10.9473,96420.7
14020,130138.7353,129141.1235,997.6118,0.0000,10.9473,96426.8
14021,130138.7353,129141.1235,997.6118,0.0000,10.9473,96433.7
14022,130138.7353,129141.1235,997.6118,0.0000,10.9473,96440.4
14023,130138.7353,129151.3663,987.3690,0.0185,10.9569,96447.0
14024,130138.7353,129151.3663,987.3690,0.0000,10.9569,96454.3
14025,130138.7353,129151.3663,987.3690,0.0000,10.9569,96461.2
14026,130138.7353,129151.3663,987.3690,0.0000,10.9569,96468.2
14027,130138.7353,129151.3663,987.3690,0.0000,10.9569,96474.6
14028,130138.7353,129151.3663,987.3690,0.0000,10.9569,96481.3
14029,130138.7353,129151.3663,987.3690,0.0000,10.9569,96488.6
14030,130138.7353,129151.3663,987.3690,0.0000,10.9569,96495.6
14031,130138.7353,129151.3663,987.3690,0.0000,10.9569,96502.1
14032,130138.7353,129151.3663,987.3690,0.0000,10.9569,96509.5
14033,130138.7353,129151.3663,987.3690,0.0000,10.9569,96516.8
14034,130138.7353,129151.3663,987.3690,0.0000,10.9569,96524.0
14035,130138.7353,129151.3663,987.3690,0.0000,10.9569,96531.3
14036,130138.7353,129151.3663,987.3690,0.0000,10.9569,96537.2
14037,130138.7353,129151.3663,987.3690,0.0000,10.9569,96544.4
14038,130138.7353,129151.3663,987.3690,0.0000,10.9569,96551.7
14039,130138.7353,129151.3663,987.3690,0.0000,10.9569,96559.0
14040,130138.7353,129151.3663,987.3690,0.0000,10.9569,96566.1
14041,130138.7353,129151.3663,987.3690,0.0000,10.9569,96573.7
14042,130138.7353,129151.3663,987.3690,0.0000,10.9569,96580.4
14043,130138.7353,129151.3663,987.3690,0.0000,10.9569,96587.0
14044,130138.7353,129151.3663,987.3690,0.0000,10.9569,96594.1
14045,130138.7353,129151.3663,987.3690,0.0000,10.9569,96601.2
14046,130138.7353,129151.3663,987.3690,0.0000,10.9569,96608.7
14047,130138.7353,129151.3663,987.3690,0.0000,10.9569,96615.3
14048,130138.7353,129151.3663,987.3690,0.0000,10.9569,96622.6
14049,130138.7353,129151.3663,987.3690,0.0000,10.9569,96630.5
14050,130138.7353,129151.3663,987.3690,0.0000,10.9569,96636.7
14051,130138.7353,129151.3663,987.3690,0.0000,10.9569,96644.0
14052,130138.7353,129151.3663,987.3690,0.0000,10.9569,96651.4
14053,130138.7353,129151.3663,987.3690,0.0000,10.9569,96658.6
14054,130138.7353,129151.3663,987.3690,0.0000,10.9569,96665.2
14055,130138.7353,129151.3663,987.3690,0.0000,10.9569,96671.7
14056,130138.7353,129151.3663,987.3690,0.0000,10.9569,96678.2
14057,130138.7353,129151.3663,987.3690,0.0000,10.9569,96685.7
14058,130138.7353,129151.3663,987.3690,0.0000,10.9569,96692.4
14059,130138.7353,129151.3663,987.3690,0.0000,10.9569,96699.3
14060,130138.7353,129151.3663,987.3690,0.0000,10.9569,96705.7
14061,130138.7353,129151.3663,987.3690,0.0000,10.9569,96712.4
14062,130138.7353,129151.3663,987.3690,0.0000,10.9569,96719.3
14063,130138.7353,129151.3663,987.3690,0.0000,10.9569,96725.1
14064,130138.7353,129151.3663,987.3690,0.0000,10.9569,96732.3
14065,130138.7353,129151.3663,987.3690,0.0000,10.9569,96740.0
14066,130138.7353,129151.3663,987.3690,0.0000,10.9569,96747.2
14067,130138.7353,129151.3663,987.3690,0.0000,10.9569,96754.2
14068,130138.7353,129151.3663,987.3690,0.0000,10.9569,96761.6
14069,130138.7353,129151.3663,987.3690,0.0000,10.9569,96768.8
14070,130138.7353,129151.3663,987.3690,0.0000,10.9569,96775.4
14071,130138.7353,129151.3663,987.3690,0.0000,10.9569,96782.5
14072,130138.7353,129151.3663,987.3690,0.0000,10.9569,96789.5
14073,130138.7353,129151.3663,987.3690,0.0185,10.956,96797.0
14074,130138.7353,129151.3663,987.3690,0.0000,10.956,96804.1
14075,130138.7353,129151.3663,987.3690,0.0000,10.956,96811.2
14076,130138.7353,129151.3663,987.3690,0.0000,10.956,96817.8
14077,130138.7353,129151.3663,987.3690,0.0000,10.956,96824.5
14078,130138.7353,129151.3663,987.3690,0.0000,10.956,96831.2
14079,130138.7353,129151.3663,987.3690,0.0000,10.956,96838.8
14080,130138.7353,129151.3663,987.3690,0.0000,10.956,96846.2
14081,130138.7353,129151.3663,987.3690,0.0000,10.956,96853.2
14082,130138.7353,129151.3663,987.3690,0.0000,10.956,96860.2
14083,130138.7353,129151.3663,987.3690,0.0000,10.956,96867.4
14084,130138.7353,129151.3663,987.3690,0.0000,10.956,96874.7
14085,130138.7353,129151.3663,987.3690,0.0000,10.956,96881.8
14086,130138.7353,129151.3663,987.3690,0.0000,10.956,96888.6
14087,130138.7353,129151.3663,987.3690,0.0000,10.956,96894.9
14088,130138.7353,129151.3663,987.3690,0.0000,10.956,96902.6
14089,130138.7353,129151.3663,987.3690,0.0000,10.956,96909.2
14090,130138.7353,129151.3663,987.3690,0.0000,10.956,96916.9
14091,130138.7353,129151.3663,987.3690,0.0000,10.956,96924.3
14092,130138.7353,129151.3663,987.3690,0.0000,10.956,96931.0
14093,130138.7353,129151.3663,987.3690,0.0000,10.956,96937.6
14094,130138.7353,129151.3663,987.3690,0.0000,10.956,96944.9
14095,130138.7353,129151.3663,987.3690,0.0000,10.956,96952.0
14096,130138.7353,129151.3663,987.3690,0.0000,10.956,96958.4
14097,130138.7353,129151.3663,987.3690,0.0000,10.956,96966.2
14098,130138.7353,129151.3663,987.3690,0.0000,10.956,96973.7
14099,130138.7353,129151.3663,987.3690,0.0000,10.956,96979.8
14100,130138.7353,129151.3663,987.3690,0.0000,10.956,96986.5
14101,130138.7353,129151.3663,987.3690,0.0000,10.956,96993.6
14102,130138.7353,129151.3663,987.3690,0.0000,10.956,97001.0
14103,130138.7353,129151.3663,987.3690,0.0000,10.956,97008.6
14104,130138.7353,129151.3663,987.3690,0.0000,10.956,97014.8
14105,130138.7353,129151.3663,987.3690,0.0000,10.956,97022.1
14106,130138.7353,129151.3663,987.3690,0.0000,10.956,97029.6
14107,130138.7353,129151.3663,987.3690,0.0000,10.956,97035.7
14108,130138.7353,129151.3663,987.3690,0.0000,10.956,97042.9
14109,130138.7353,129151.3663,987.3690,0.0000,10.956,97050.5
14110,130138.7353,129151.3663,987.3690,0.0000,10.956,97057.1
14111,130138.7353,129151.3663,987.3690,0.0000,10.956,97064.3
14112,130138.7353,129151.3663,987.3690,0.0000,10.956,97072.1
14113,130138.7353,129151.3663,987.3690,0.0000,10.956,97079.5
14114,130138.7353,129151.3663,987.3690,0.0000,10.956,97086.7
14115,130138.7353,129151.3663,987.3690,0.0000,10.956,97093.5
14116,130138.7353,129151.3663,987.3690,0.0000,10.956,97101.5
14117,130138.7353,129151.3663,987.3690,0.0000,10.956,97108.7
14118,130138.7353,129151.3663,987.3690,0.0000,10.956,97114.7
14119,130138.7353,129151.3663,987.3690,0.0000,10.956,97121.7
14120,130138.7353,129151.3663,987.3690,0.0000,10.956,97128.7
14121,130138.7353,129151.3663,987.3690,0.0000,10.956,97136.6
14122,130138.7353,129151.3663,987.3690,0.0185,10.9553,97144.2
14123,130138.7353,129151.3663,987.3690,0.0000,10.9553,97150.7
14124,130138.7353,129151.3663,987.3690,0.0000,10.9553,97157.8
14125,130138.7353,129151.3663,987.3690,0.0000,10.9553,97165.5
14126,130138.7353,129151.3663,987.3690,0.0000,10.9553,97172.7
14127,130138.7353,129151.3663,987.3690,0.0000,10.9553,97180.2
14128,130138.7353,129151.3663,987.3690,0.0000,10.9553,97187.0
14129,130138.7353,129151.3663,987.3690,0.0000,10.9553,97194.0
14130,130138.7353,129151.3663,987.3690,0.0000,10.9553,97201.1
14131,130138.7353,129151.3663,987.3690,0.0000,10.9553,97208.6
14132,130138.7353,129151.3663,987.3690,0.0000,10.9553,97216.4
14133,130138.7353,129151.3663,987.3690,0.0000,10.9553,97223.9
14134,130138.7353,129151.3663,987.3690,0.0000,10.9553,97230.6
14135,130138.7353,129151.3663,987.3690,0.0000,10.9553,97237.7
14136,130138.7353,129151.3663,987.3690,0.0000,10.9553,97245.2
14137,130138.7353,129151.3663,987.3690,0.0000,10.9553,97252.4
14138,130138.7353,129151.3663,987.3690,0.0000,10.9553,97259.3
14139,130138.7353,129151.3663,987.3690,0.0000,10.9553,97266.9
14140,130138.7353,129151.3663,987.3690,0.0000,10.9553,97274.2
14141,130138.7353,129151.3663,987.3690,0.0000,10.9553,97281.8
14142,130138.7353,129151.3663,987.3690,0.0000,10.9553,97289.1
14143,130138.7353,129151.3663,987.3690,0.0000,10.9553,97296.1
14144,130138.7353,129151.3663,987.3690,0.0000,10.9553,97302.8
14145,130138.7353,129151.3663,987.3690,0.0000,10.9553,97309.9
14146,130138.7353,129151.3663,987.3690,0.0000,10.9553,97317.2
14147,130138.7353,129151.3663,987.3690,0.0185,10.9841,97324.4
14148,130138.7353,129151.3663,987.3690,0.0000,10.9841,97331.7
14149,130138.7353,129151.3663,987.3690,0.0000,10.9841,97338.5
14150,130138.7353,129151.3663,987.3690,0.0000,10.9841,97345.2
14151,130138.7353,129151.3663,987.3690,0.0000,10.9841,97352.0
14152,130138.7353,129151.3663,987.3690,0.0000,10.9841,97359.3
14153,130138.7353,129151.3663,987.3690,0.0000,10.9841,97366.0
14154,130138.7353,129151.3663,987.3690,0.0000,10.9841,97373.3
14155,130138.7353,129151.3663,987.3690,0.0000,10.9841,97380.6
14156,130138.7353,129151.3663,987.3690,0.0000,10.9841,97388.3
14157,130138.7353,129151.3663,987.3690,0.0000,10.9841,97394.9
14158,130138.7353,129151.3663,987.3690,0.0000,10.9841,97401.5
14159,130138.7353,129151.3663,987.3690,0.0000,10.9841,97408.3
14160,130138.7353,129151.3663,987.3690,0.0000,10.9841,97414.7
14161,130138.7353,129151.3663,987.3690,0.0000,10.9841,97422.4
14162,130138.7353,129151.3663,987.3690,0.0000,10.9841,97429.4
14163,130138.7353,129151.3663,987.3690,0.0000,10.9841,97435.5
14164,130138.7353,129151.3663,987.3690,0.0000,10.9841,97442.5
14165,130138.7353,129151.3663,987.3690,0.0000,10.9841,97449.6
14166,130138.7353,129151.3663,987.3690,0.0000,10.9841,97456.3
14167,130138.7353,129151.3663,987.3690,0.0000,10.9841,97463.5
14168,130138.7353,129151.3663,987.3690,0.0000,10.9841,97470.0
14169,130138.7353,129151.3663,987.3690,0.0000,10.9841,97476.9
14170,130138.7353,129151.3663,987.3690,0.0000,10.9841,97483.5
14171,130138.7353,129151.3663,987.3690,0.0185,11.0341,97491.0
14172,130138.7353,129151.3663,987.3690,0.0000,11.0341,97497.8
14173,130138.7353,129151.3663,987.3690,0.0000,11.0341,97505.5
14174,130138.7353,129151.3663,987.3690,0.0000,11.0341,97512.9
14175,130138.7353,129151.3663,987.3690,0.0000,11.0341,97519.6
14176,130138.7353,129151.3663,987.3690,0.0000,11.0341,97527.5
14177,130138.7353,129151.3663,987.3690,0.0000,11.0341,97534.2
14178,130138.7353,129151.3663,987.3690,0.0000,11.0341,97541.5
14179,130138.7353,129151.3663,987.3690,0.0000,11.0341,97548.0
14180,130138.7353,129151.3663,987.3690,0.0000,11.0341,97555.0
14181,130138.7353,129151.3663,987.3690,0.0000,11.0341,97562.1
14182,130138.7353,129151.3663,987.3690,0.0000,11.0341,97569.8
14183,130138.7353,129151.3663,987.3690,0.0000,11.0341,97577.4
14184,130138.7353,129151.3663,987.3690,0.0000,11.0341,97584.7
14185,130138.7353,129151.3663,987.3690,0.0000,11.0341,97591.8
14186,130138.7353,129151.3663,987.3690,0.0000,11.0341,97598.7
14187,130138.7353,129151.3663,987.3690,0.0000,11.0341,97606.2
14188,130138.7353,129151.3663,987.3690,0.0000,11.0341,97613.5
14189,130138.7353,129151.3663,987.3690,0.0000,11.0341,97620.2
14190,130138.7353,129151.3663,987.3690,0.0000,11.0341,97627.8
14191,130138.7353,129151.3663,987.3690,0.0000,11.0341,97634.8
14192,130138.7353,129151.3663,987.3690,0.0000,11.0341,97642.1
14193,130138.7353,129151.3663,987.3690,0.0000,11.0341,97649.9
14194,130138.7353,129151.3663,987.3690,0.0000,11.0341,97656.7
14195,130138.7353,129151.3663,987.3690,0.0000,11.0341,97663.6
14196,130138.7353,129151.3663,987.3690,0.0000,11.0341,97670.7
14197,130138.7353,129151.3663,987.3690,0.0000,11.0341,97677.5
14198,130138.7353,129151.3663,987.3690,0.0000,11.0341,97684.7
14199,130138.7353,129151.3663,987.3690,0.0000,11.0341,97691.7
14200,130138.7353,129151.3663,987.3690,0.0000,11.0341,97699.4
14201,130138.7353,129151.3663,987.3690,0.0000,11.0341,97706.3
14202,130138.7353,129151.3663,987.3690,0.0000,11.0341,97713.9
14203,130138.7353,129151.3663,987.3690,0.0000,11.0341,97721.2
14204,130138.7353,129151.3663,987.3690,0.0000,11.0341,97727.9
14205,130138.7353,129151.3663,987.3690,0.0000,11.0341,97734.2
14206,130138.7353,129151.3663,987.3690,0.0000,11.0341,97741.8
14207,130138.7353,129151.3663,987.3690,0.0000,11.0341,97748.7
14208,130138.7353,129151.3663,987.3690,0.0185,11.0475,97755.4
14209,130138.7353,129151.3663,987.3690,0.0000,11.0475,97762.5
14210,130138.7353,129151.3663,987.3690,0.0000,11.0475,97769.7
14211,130138.7353,129151.3663,987.3690,0.0000,11.0475,97776.5
14212,130138.7353,129151.3663,987.3690,0.0000,11.0475,97784.5
14213,130138.7353,129151.3663,987.3690,0.0000,11.0475,97791.3
14214,130138.7353,129151.3663,987.3690,0.0000,11.0475,97798.7
14215,130138.7353,129151.3663,987.3690,0.0000,11.0475,97805.9
14216,130138.7353,129151.3663,987.3690,0.0000,11.0475,97812.3
14217,130138.7353,129151.3663,987.3690,0.0000,11.0475,97820.4
14218,130138.7353,129151.3663,987.3690,0.0000,11.0475,97827.6
14219,130138.7353,129151.3663,987.3690,0.0000,11.0475,97834.5
14220,130138.7353,129151.3663,987.3690,0.0000,11.0475,97842.0
14221,130138.7353,129151.3663,987.3690,0.0000,11.0475,97848.3
14222,130138.7353,129151.3663,987.3690,0.0000,11.0475,97855.2
14223,130138.7353,129151.3663,987.3690,0.0000,11.0475,97861.8
14224,130138.7353,129151.3663,987.3690,0.0000,11.0475,97868.9
14225,130138.7353,129151.3663,987.3690,0.0000,11.0475,97876.5
14226,130138.7353,129151.3663,987.3690,0.0000,11.0475,97883.4
14227,130138.7353,129151.3663,987.3690,0.0000,11.0475,97890.2
14228,130138.7353,129151.3663,987.3690,0.0000,11.0475,97896.8
14229,130138.7353,129151.3663,987.3690,0.0000,11.0475,97905.0
14230,130138.7353,129151.3663,987.3690,0.0000,11.0475,97912.2
14231,130138.7353,129151.3663,987.3690,0.0000,11.0475,97918.9
14232,130138.7353,129151.3663,987.3690,0.0000,11.0475,97926.8
14233,130138.7353,129151.3663,987.3690,0.0000,11.0475,97933.6
14234,130138.7353,129151.3663,987.3690,0.0000,11.0475,97940.3
14235,130138.7353,129151.3663,987.3690,0.0000,11.0475,97946.8
14236,130138.7353,129151.3663,987.3690,0.0000,11.0475,97954.5
14237,130138.7353,129151.3663,987.3690,0.0000,11.0475,97961.3
14238,130138.7353,129151.3663,987.3690,0.0000,11.0475,97968.9
14239,130138.7353,129151.3663,987.3690,0.0000,11.0475,97975.7
14240,130138.7353,129151.3663,987.3690,0.0000,11.0475,97982.6
14241,130138.7353,129151.3663,987.3690,0.0000,11.0475,97988.8
14242,130138.7353,129151.3663,987.3690,0.0000,11.0475,97995.6
14243,130138.7353,129151.3663,987.3690,0.0000,11.0475,98002.2
14244,130138.7353,129151.3663,987.3690,0.0000,11.0475,98009.8
14245,130138.7353,129151.3663,987.3690,0.0000,11.0475,98016.9
14246,130138.7353,129151.3663,987.3690,0.0000,11.0475,98023.7
14247,130138.7353,129151.3663,987.3690,0.0000,11.0475,98030.1
14248,130138.7353,129151.3663,987.3690,0.0000,11.0475,98036.2
14249,130138.7353,129151.3663,987.3690,0.0000,11.0475,98042.9
14250,130138.7353,129151.3663,987.3690,0.0000,11.0475,98050.1
14251,130138.7353,129151.3663,987.3690,0.0000,11.0475,98057.6
14252,130138.7353,129151.3663,987.3690,0.0000,11.0475,98064.1
14253,130138.7353,129151.3663,987.3690,0.0000,11.0475,98071.2
14254,130138.7353,129151.3663,987.3690,0.0000,11.0475,98078.6
14255,130138.7353,129151.3663,987.3690,0.0000,11.0475,98085.8
14256,130138.7353,129151.3663,987.3690,0.0000,11.0475,98092.7
14257,130138.7353,129151.3663,987.3690,0.0000,11.0475,98100.1
14258,130138.7353,129151.3663,987.3690,0.0000,11.0475,98106.8
14259,130138.7353,129151.3663,987.3690,0.0000,11.0475,98114.3
14260,130138.7353,129151.3663,987.3690,0.0185,11.0254,98121.7
14261,130138.7353,129151.3663,987.3690,0.0000,11.0254,98128.6
14262,130138.7353,129151.3663,987.3690,0.0000,11.0254,98135.7
14263,130138.7353,129151.3663,987.3690,0.0000,11.0254,98142.1
14264,130138.7353,129151.3663,987.3690,0.0000,11.0254,98149.2
14265,130138.7353,129151.3663,987.3690,0.0000,11.0254,98155.9
14266,130138.7353,129151.3663,987.3690,0.0000,11.0254,98163.1
14267,130138.7353,129151.3663,987.3690,0.0000,11.0254,98171.3
14268,130138.7353,129151.3663,987.3690,0.0000,11.0254,98178.4
14269,130138.7353,129151.3663,987.3690,0.0000,11.0254,98185.7
14270,130138.7353,129151.3663,987.3690,0.0000,11.0254,98193.5
14271,130138.7353,129151.3663,987.3690,0.0000,11.0254,98200.6
14272,130138.7353,129151.3663,987.3690,0.0000,11.0254,98206.9
14273,130138.7353,129151.3663,987.3690,0.0000,11.0254,98214.3
14274,130138.7353,129151.3663,987.3690,0.0000,11.0254,98221.3
14275,130138.7353,129151.3663,987.3690,0.0000,11.0254,98228.4
14276,130138.7353,129151.3663,987.3690,0.0000,11.0254,98235.5
14277,130138.7353,129151.3663,987.3690,0.0000,11.0254,98242.1
14278,130138.7353,129151.3663,987.3690,0.0000,11.0254,98249.2
14279,130138.7353,129151.3663,987.3690,0.0000,11.0254,98255.8
14280,130138.7353,129151.3663,987.3690,0.0000,11.0254,98262.4
14281,130138.7353,129151.3663,987.3690,0.0185,11.025,98269.7
14282,130138.7353,129151.3663,987.3690,0.0000,11.025,98276.6
14283,130138.7353,129151.3663,987.3690,0.0000,11.025,98284.1
14284,130138.7353,129151.3663,987.3690,0.0000,11.025,98291.6
14285,130138.7353,129151.3663,987.3690,0.0000,11.025,98298.3
14286,130138.7353,129151.3663,987.3690,0.0000,11.025,98305.7
14287,130138.7353,129151.3663,987.3690,0.0000,11.025,98314.3
14288,130138.7353,129151.3663,987.3690,0.0000,11.025,98320.8
14289,130138.7353,129151.3663,987.3690,0.0000,11.025,98328.0
14290,130138.7353,129151.3663,987.3690,0.0000,11.025,98335.4
14291,130138.7353,129151.3663,987.3690,0.0000,11.025,98341.8
14292,130138.7353,129151.3663,987.3690,0.0000,11.025,98348.5
14293,130138.7353,129151.3663,987.3690,0.0000,11.025,98355.1
14294,130138.7353,129151.3663,987.3690,0.0000,11.025,98361.8
14295,130138.7353,129151.3663,987.3690,0.0000,11.025,98368.8
14296,130138.7353,129151.3663,987.3690,0.0000,11.025,98376.0
14297,130138.7353,129151.3663,987.3690,0.0000,11.025,98382.7
14298,130138.7353,129151.3663,987.3690,0.0000,11.025,98390.5
14299,130138.7353,129151.3663,987.3690,0.0000,11.025,98397.6
14300,130138.7353,129151.3663,987.3690,0.0000,11.025,98404.3
14301,130138.7353,129151.3663,987.3690,0.0000,11.025,98410.7
14302,130138.7353,129151.3663,987.3690,0.0185,10.995,98417.5
14303,130138.7353,129151.3663,987.3690,0.0185,11.019,98423.7
14304,130138.7353,129151.3663,987.3690,0.0000,11.019,98430.8
14305,130138.7353,129151.3663,987.3690,0.0000,11.019,98437.4
14306,130138.7353,129151.3663,987.3690,0.0000,11.019,98444.3
14307,130138.7353,129151.3663,987.3690,0.0000,11.019,98451.7
14308,130138.7353,129151.3663,987.3690,0.0000,11.019,98459.1
14309,130138.7353,129151.3663,987.3690,0.0000,11.019,98466.4
14310,130138.7353,129151.3663,987.3690,0.0000,11.019,98474.4
14311,130138.7353,129151.3663,987.3690,0.0000,11.019,98481.9
14312,130138.7353,129151.3663,987.3690,0.0000,11.019,98489.4
14313,130138.7353,129151.3663,987.3690,0.0000,11.019,98497.1
14314,130138.7353,129151.3663,987.3690,0.0000,11.019,98503.7
14315,130138.7353,129151.3663,987.3690,0.0000,11.019,98510.0
14316,130138.7353,129151.3663,987.3690,0.0000,11.019,98516.8
14317,130138.7353,129151.3663,987.3690,0.0000,11.019,98523.4
14318,130138.7353,129151.3663,987.3690,0.0000,11.019,98530.8
14319,130138.7353,129151.3663,987.3690,0.0000,11.019,98537.5
14320,130138.7353,129151.3663,987.3690,0.0000,11.019,98545.3
14321,130138.7353,129151.3663,987.3690,0.0000,11.019,98552.5
14322,130138.7353,129151.3663,987.3690,0.0000,11.019,98559.0
14323,130138.7353,129151.3663,987.3690,0.0000,11.019,98567.1
14324,130138.7353,129151.3663,987.3690,0.0000,11.019,98573.8
14325,130138.7353,129151.3663,987.3690,0.0000,11.019,98580.7
14326,130138.7353,129151.3663,987.3690,0.0000,11.019,98587.5
14327,130138.7353,129151.3663,987.3690,0.0185,11.0326,98594.2
14328,130138.7353,129151.3663,987.3690,0.0000,11.0326,98602.0
14329,130138.7353,129151.3663,987.3690,0.0000,11.0326,98608.3
14330,130138.7353,129151.3663,987.3690,0.0000,11.0326,98615.6
14331,130138.7353,129151.3663,987.3690,0.0000,11.0326,98622.4
14332,130138.7353,129151.3663,987.3690,0.0000,11.0326,98629.7
14333,130138.7353,129151.3663,987.3690,0.0000,11.0326,98636.6
14334,130138.7353,129151.3663,987.3690,0.0000,11.0326,98643.2
14335,130138.7353,129151.3663,987.3690,0.0000,11.0326,98651.1
14336,130138.7353,129151.3663,987.3690,0.0000,11.0326,98657.9
14337,130138.7353,129151.3663,987.3690,0.0000,11.0326,98665.2
14338,130138.7353,129151.3663,987.3690,0.0000,11.0326,98671.3
14339,130138.7353,129151.3663,987.3690,0.0000,11.0326,98678.4
14340,130138.7353,129151.3663,987.3690,0.0000,11.0326,98685.9
14341,130138.7353,129151.3663,987.3690,0.0000,11.0326,98692.9
14342,130138.7353,129151.3663,987.3690,0.0000,11.0326,98699.7
14343,130138.7353,129151.3663,987.3690,0.0000,11.0326,98707.3
14344,130138.7353,129151.3663,987.3690,0.0000,11.0326,98713.8
14345,130138.7353,129151.3663,987.3690,0.0000,11.0326,98721.1
14346,130138.7353,129151.3663,987.3690,0.0000,11.0326,98728.2
14347,130138.7353,129151.3663,987.3690,0.0000,11.0326,98735.5
14348,130138.7353,129151.3663,987.3690,0.0000,11.0326,98741.9
14349,130138.7353,129151.3663,987.3690,0.0000,11.0326,98748.9
14350,130138.7353,129151.3663,987.3690,0.0000,11.0326,98756.5
14351,130138.7353,129151.3663,987.3690,0.0000,11.0326,98763.2
14352,130138.7353,129151.3663,987.3690,0.0000,11.0326,98770.4
14353,130138.7353,129151.3663,987.3690,0.0000,11.0326,98776.1
14354,130138.7353,129151.3663,987.3690,0.0000,11.0326,98783.1
14355,130138.7353,129151.3663,987.3690,0.0000,11.0326,98790.7
14356,130138.7353,129151.3663,987.3690,0.0000,11.0326,98797.0
14357,130138.7353,129151.3663,987.3690,0.0000,11.0326,98803.0
14358,130138.7353,129151.3663,987.3690,0.0000,11.0326,98810.8
14359,130138.7353,129151.3663,987.3690,0.0000,11.0326,98818.3
14360,130138.7353,129151.3663,987.3690,0.0000,11.0326,98825.9
14361,130138.7353,129151.3663,987.3690,0.0000,11.0326,98832.8
14362,130138.7353,129151.3663,987.3690,0.0000,11.0326,98839.8
14363,130138.7353,129151.3663,987.3690,0.0000,11.0326,98847.4
14364,130138.7353,129151.3663,987.3690,0.0000,11.0326,98854.0
14365,130138.7353,129151.3663,987.3690,0.0000,11.0326,98860.8
14366,130138.7353,129151.3663,987.3690,0.0000,11.0326,98867.6
14367,130138.7353,129151.3663,987.3690,0.0000,11.0326,98874.4
14368,130138.7353,129151.3663,987.3690,0.0000,11.0326,98880.9
14369,130138.7353,129151.3663,987.3690,0.0000,11.0326,98888.0
14370,130138.7353,129151.3663,987.3690,0.0000,11.0326,98895.4
14371,130138.7353,129151.3663,987.3690,0.0000,11.0326,98903.1
14372,130138.7353,129151.3663,987.3690,0.0000,11.0326,98909.8
14373,130138.7353,129151.3663,987.3690,0.0000,11.0326,98916.5
14374,130138.7353,129151.3663,987.3690,0.0000,11.0326,98922.8
14375,130138.7353,129151.3663,987.3690,0.0000,11.0326,98930.2
14376,130138.7353,129151.3663,987.3690,0.0000,11.0326,98936.9
14377,130138.7353,129151.3663,987.3690,0.0000,11.0326,98944.4
14378,130138.7353,129151.3663,987.3690,0.0000,11.0326,98952.1
14379,130138.7353,129151.3663,987.3690,0.0000,11.0326,98959.7
14380,130138.7353,129151.3663,987.3690,0.0000,11.0326,98966.4
14381,130138.7353,129151.3663,987.3690,0.0185,11.0545,98973.0
14382,130138.7353,129151.3663,987.3690,0.0000,11.0545,98980.3
14383,130138.7353,129151.3663,987.3690,0.0000,11.0545,98987.4
14384,130138.7353,129151.3663,987.3690,0.0000,11.0545,98995.0
14385,130138.7353,129151.3663,987.3690,0.0000,11.0545,99001.7
14386,130138.7353,129151.3663,987.3690,0.0000,11.0545,99008.8
14387,130138.7353,129151.3663,987.3690,0.0000,11.0545,99015.9
14388,130138.7353,129151.3663,987.3690,0.0000,11.0545,99023.2
14389,130138.7353,129151.3663,987.3690,0.0000,11.0545,99029.9
14390,130138.7353,129151.3663,987.3690,0.0000,11.0545,99036.9
14391,130138.7353,129151.3663,987.3690,0.0000,11.0545,99044.7
14392,130138.7353,129151.3663,987.3690,0.0000,11.0545,99050.7
14393,130138.7353,129151.3663,987.3690,0.0000,11.0545,99058.1
14394,130138.7353,129151.3663,987.3690,0.0000,11.0545,99065.5
14395,130138.7353,129151.3663,987.3690,0.0000,11.0545,99072.5
14396,130138.7353,129151.3663,987.3690,0.0000,11.0545,99078.8
14397,130138.7353,129151.3663,987.3690,0.0000,11.0545,99086.2
14398,130138.7353,129151.3663,987.3690,0.0000,11.0545,99093.9
14399,130138.7353,129151.3663,987.3690,0.0000,11.0545,99101.7
14400,130138.7353,129151.3663,987.3690,0.0000,11.0545,99107.9
14401,130138.7353,129151.3663,987.3690,0.0000,11.0545,99114.7
14402,130138.7353,129151.3663,987.3690,0.0000,11.0545,99121.3
14403,130138.7353,129151.3663,987.3690,0.0000,11.0545,99128.8
14404,130138.7353,129151.3663,987.3690,0.0000,11.0545,99136.0
14405,130138.7353,129151.3663,987.3690,0.0000,11.0545,99141.9
14406,130138.7353,129151.3663,987.3690,0.0000,11.0545,99149.0
14407,130138.7353,129151.3663,987.3690,0.0000,11.0545,99156.2
14408,130138.7353,129151.3663,987.3690,0.0000,11.0545,99163.2
14409,130138.7353,129151.3663,987.3690,0.0000,11.0545,99170.0
14410,130138.7353,129151.3663,987.3690,0.0185,11.0801,99177.1
14411,130138.7353,129151.3663,987.3690,0.0000,11.0801,99183.8
14412,130138.7353,129151.3663,987.3690,0.0000,11.0801,99190.5
14413,130138.7353,129151.3663,987.3690,0.0000,11.0801,99197.9
14414,130138.7353,129151.3663,987.3690,0.0000,11.0801,99205.5
14415,130138.7353,129151.3663,987.3690,0.0000,11.0801,99212.9
14416,130138.7353,129151.3663,987.3690,0.0000,11.0801,99218.9
14417,130138.7353,129151.3663,987.3690,0.0000,11.0801,99226.4
14418,130138.7353,129151.3663,987.3690,0.0000,11.0801,99233.0
14419,130138.7353,129151.3663,987.3690,0.0000,11.0801,99238.8
14420,130138.7353,129151.3663,987.3690,0.0000,11.0801,99246.1
14421,130138.7353,129151.3663,987.3690,0.0000,11.0801,99253.1
14422,130138.7353,129151.3663,987.3690,0.0000,11.0801,99259.9
14423,130138.7353,129151.3663,987.3690,0.0000,11.0801,99267.4
14424,130138.7353,129151.3663,987.3690,0.0000,11.0801,99274.8
14425,130138.7353,129151.3663,987.3690,0.0000,11.0801,99281.3
14426,130138.7353,129151.3663,987.3690,0.0000,11.0801,99288.7
14427,130138.7353,129151.3663,987.3690,0.0000,11.0801,99296.0
14428,130138.7353,129151.3663,987.3690,0.0000,11.0801,99302.7
14429,130138.7353,129151.3663,987.3690,0.0000,11.0801,99309.8
14430,130138.7353,129151.3663,987.3690,0.0000,11.0801,99316.5
14431,130138.7353,129151.3663,987.3690,0.0000,11.0801,99323.5
14432,130138.7353,129151.3663,987.3690,0.0000,11.0801,99330.0
14433,130138.7353,129151.3663,987.3690,0.0000,11.0801,99336.7
14434,130138.7353,129151.3663,987.3690,0.0000,11.0801,99345.0
14435,130138.7353,129151.3663,987.3690,0.0000,11.0801,99351.9
14436,130138.7353,129151.3663,987.3690,0.0000,11.0801,99358.5
14437,130138.7353,129151.3663,987.3690,0.0000,11.0801,99366.0
14438,130138.7353,129151.3663,987.3690,0.0000,11.0801,99372.5
14439,130138.7353,129151.3663,987.3690,0.0000,11.0801,99379.8
14440,130138.7353,129151.3663,987.3690,0.0000,11.0801,99386.8
14441,130138.7353,129151.3663,987.3690,0.0000,11.0801,99394.5
14442,130138.7353,129151.3663,987.3690,0.0000,11.0801,99401.4
14443,130138.7353,129151.3663,987.3690,0.0000,11.0801,99408.4
14444,130138.7353,129151.3663,987.3690,0.0000,11.0801,99415.1
14445,130138.7353,129151.3663,987.3690,0.0000,11.0801,99421.9
14446,130138.7353,129151.3663,987.3690,0.0000,11.0801,99429.7
14447,130138.7353,129151.3663,987.3690,0.0000,11.0801,99437.0
14448,130138.7353,129151.3663,987.3690,0.0000,11.0801,99444.0
14449,130138.7353,129151.3663,987.3690,0.0185,11.0867,99451.5
14450,130138.7353,129151.3663,987.3690,0.0185,11.1045,99458.8
14451,130138.7353,129151.3663,987.3690,0.0000,11.1045,99465.8
14452,130138.7353,129151.3663,987.3690,0.0000,11.1045,99471.8
14453,130138.7353,129151.3663,987.3690,0.0000,11.1045,99478.3
14454,130138.7353,129151.3663,987.3690,0.0000,11.1045,99485.1
14455,130138.7353,129151.3663,987.3690,0.0000,11.1045,99491.9
14456,130138.7353,129151.3663,987.3690,0.0185,11.1074,99498.7
14457,130138.7353,129198.9315,939.8038,0.0185,11.1097,99505.9
14458,130138.7353,129198.9315,939.8038,0.0000,11.1097,99512.5
14459,130138.7353,129198.9315,939.8038,0.0000,11.1097,99519.7
14460,130138.7353,129198.9315,939.8038,0.0000,11.1097,99527.9
14461,130138.7353,129198.9315,939.8038,0.0000,11.1097,99535.3
14462,130138.7353,129198.9315,939.8038,0.0000,11.1097,99542.2
14463,130138.7353,129198.9315,939.8038,0.0000,11.1097,99548.8
14464,130138.7353,129198.9315,939.8038,0.0000,11.1097,99555.7
14465,130138.7353,129198.9315,939.8038,0.0000,11.1097,99563.3
14466,130138.7353,129198.9315,939.8038,0.0000,11.1097,99569.4
14467,130138.7353,129198.9315,939.8038,0.0000,11.1097,99577.1
14468,130138.7353,129198.9315,939.8038,0.0000,11.1097,99584.0
14469,130138.7353,129198.9315,939.8038,0.0000,11.1097,99591.1
14470,130138.7353,129198.9315,939.8038,0.0000,11.1097,99597.8
14471,130138.7353,129198.9315,939.8038,0.0000,11.1097,99605.0
14472,130138.7353,129198.9315,939.8038,0.0185,11.1241,99611.7
14473,130138.7353,129198.9315,939.8038,0.0000,11.1241,99618.9
14474,130138.7353,129198.9315,939.8038,0.0000,11.1241,99626.2
14475,130138.7353,129198.9315,939.8038,0.0000,11.1241,99632.3
14476,130138.7353,129198.9315,939.8038,0.0000,11.1241,99639.3
14477,130138.7353,129198.9315,939.8038,0.0000,11.1241,99646.2
14478,130138.7353,129198.9315,939.8038,0.0000,11.1241,99653.3
14479,130138.7353,129198.9315,939.8038,0.0000,11.1241,99660.5
14480,130138.7353,129198.9315,939.8038,0.0000,11.1241,99667.7
14481,130138.7353,129198.9315,939.8038,0.0000,11.1241,99675.5
14482,130138.7353,129198.9315,939.8038,0.0000,11.1241,99682.0
14483,130138.7353,129198.9315,939.8038,0.0000,11.1241,99689.3
14484,130138.7353,129198.9315,939.8038,0.0185,11.1367,99696.9
14485,130138.7353,129198.9315,939.8038,0.0000,11.1367,99704.5
14486,130138.7353,129198.9315,939.8038,0.0000,11.1367,99711.6
14487,130138.7353,129198.9315,939.8038,0.0000,11.1367,99718.4
14488,130138.7353,129198.9315,939.8038,0.0000,11.1367,99725.7
14489,130138.7353,129198.9315,939.8038,0.0000,11.1367,99733.1
14490,130138.7353,129198.9315,939.8038,0.0000,11.1367,99739.6
14491,130138.7353,129198.9315,939.8038,0.0000,11.1367,99746.1
14492,130138.7353,129198.9315,939.8038,0.0000,11.1367,99753.7
14493,130138.7353,129198.9315,939.8038,0.0000,11.1367,99760.6
14494,130138.7353,129198.9315,939.8038,0.0000,11.1367,99767.7
14495,130138.7353,129198.9315,939.8038,0.0000,11.1367,99775.1
14496,130138.7353,129198.9315,939.8038,0.0000,11.1367,99781.9
14497,130138.7353,129198.9315,939.8038,0.0000,11.1367,99789.4
14498,130138.7353,129198.9315,939.8038,0.0000,11.1367,99795.5
14499,130138.7353,129198.9315,939.8038,0.0000,11.1367,99802.4
14500,130138.7353,129198.9315,939.8038,0.0000,11.1367,99809.8
14501,130138.7353,129198.9315,939.8038,0.0000,11.1367,99816.6
14502,130138.7353,129198.9315,939.8038,0.0000,11.1367,99823.5
14503,130138.7353,129198.9315,939.8038,0.0000,11.1367,99830.3
14504,130138.7353,129198.9315,939.8038,0.0000,11.1367,99837.4
14505,130138.7353,129198.9315,939.8038,0.0000,11.1367,99844.9
14506,130138.7353,129198.9315,939.8038,0.0000,11.1367,99852.0
14507,130138.7353,129198.9315,939.8038,0.0000,11.1367,99859.2
14508,130138.7353,129198.9315,939.8038,0.0000,11.1367,99866.6
14509,130138.7353,129198.9315,939.8038,0.0000,11.1367,99874.1
14510,130138.7353,129198.9315,939.8038,0.0000,11.1367,99880.9
14511,130138.7353,129198.9315,939.8038,0.0000,11.1367,99888.3
14512,130138.7353,129198.9315,939.8038,0.0000,11.1367,99895.0
14513,130138.7353,129198.9315,939.8038,0.0000,11.1367,99901.5
14514,130138.7353,129198.9315,939.8038,0.0000,11.1367,99909.1
14515,130138.7353,129198.9315,939.8038,0.0000,11.1367,99916.3
14516,130138.7353,129198.9315,939.8038,0.0000,11.1367,99923.4
14517,130138.7353,129198.9315,939.8038,0.0000,11.1367,99930.4
14518,130138.7353,129198.9315,939.8038,0.0000,11.1367,99937.2
14519,130138.7353,129198.9315,939.8038,0.0000,11.1367,99943.6
14520,130138.7353,129198.9315,939.8038,0.0000,11.1367,99950.2
14521,130138.7353,129198.9315,939.8038,0.0000,11.1367,99956.6
14522,130138.7353,129198.9315,939.8038,0.0000,11.1367,99964.2
14523,130138.7353,129198.9315,939.8038,0.0000,11.1367,99971.2
14524,130138.7353,129198.9315,939.8038,0.0000,11.1367,99977.7
14525,130138.7353,129198.9315,939.8038,0.0000,11.1367,99984.0
14526,130138.7353,129198.9315,939.8038,0.0000,11.1367,99991.1
14527,130138.7353,129198.9315,939.8038,0.0000,11.1367,99998.4
14528,130138.7353,129198.9315,939.8038,0.0000,11.1367,100005.7
14529,130138.7353,129198.9315,939.8038,0.0000,11.1367,100013.2
14530,130138.7353,129198.9315,939.8038,0.0000,11.1367,100020.5
14531,130138.7353,129198.9315,939.8038,0.0000,11.1367,100028.3
14532,130138.7353,129198.9315,939.8038,0.0000,11.1367,100036.0
14533,130138.7353,129198.9315,939.8038,0.0000,11.1367,100042.1
14534,130138.7353,129198.9315,939.8038,0.0000,11.1367,100048.5
14535,130138.7353,129198.9315,939.8038,0.0000,11.1367,100055.3
14536,130138.7353,129198.9315,939.8038,0.0000,11.1367,100062.1
14537,130138.7353,129198.9315,939.8038,0.0185,11.1608,100069.4
14538,130138.7353,129198.9315,939.8038,0.0000,11.1608,100076.0
14539,130138.7353,129198.9315,939.8038,0.0000,11.1608,100083.3
14540,130138.7353,129198.9315,939.8038,0.0000,11.1608,100090.8
14541,130138.7353,129198.9315,939.8038,0.0000,11.1608,100097.7
14542,130138.7353,129198.9315,939.8038,0.0000,11.1608,100105.1
14543,130138.7353,129198.9315,939.8038,0.0000,11.1608,100112.3
14544,130138.7353,129198.9315,939.8038,0.0000,11.1608,100119.5
14545,130138.7353,129198.9315,939.8038,0.0000,11.1608,100127.0
14546,130138.7353,129198.9315,939.8038,0.0000,11.1608,100133.6
14547,130138.7353,129198.9315,939.8038,0.0000,11.1608,100140.3
14548,130138.7353,129198.9315,939.8038,0.0000,11.1608,100146.9
14549,130138.7353,129198.9315,939.8038,0.0000,11.1608,100154.5
14550,130138.7353,129198.9315,939.8038,0.0000,11.1608,100162.0
14551,130138.7353,129198.9315,939.8038,0.0000,11.1608,100168.8
14552,130138.7353,129198.9315,939.8038,0.0000,11.1608,100176.5
14553,130138.7353,129198.9315,939.8038,0.0000,11.1608,100183.4
14554,130138.7353,129198.9315,939.8038,0.0000,11.1608,100189.6
14555,130138.7353,129198.9315,939.8038,0.0000,11.1608,100196.2
14556,130138.7353,129198.9315,939.8038,0.0000,11.1608,100203.4
14557,130138.7353,129198.9315,939.8038,0.0000,11.1608,100210.3
14558,130138.7353,129198.9315,939.8038,0.0185,11.1777,100217.4
14559,130138.7353,129198.9315,939.8038,0.0000,11.1777,100224.0
14560,130138.7353,129198.9315,939.8038,0.0000,11.1777,100231.1
14561,130138.7353,129198.9315,939.8038,0.0000,11.1777,100237.7
14562,130138.7353,129198.9315,939.8038,0.0000,11.1777,100245.1
14563,130138.7353,129198.9315,939.8038,0.0000,11.1777,100252.1
14564,130138.7353,129198.9315,939.8038,0.0185,11.1714,100260.1
14565,130138.7353,129198.9315,939.8038,0.0000,11.1714,100267.7
14566,130138.7353,129198.9315,939.8038,0.0000,11.1714,100274.2
14567,130138.7353,129198.9315,939.8038,0.0185,11.1788,100280.8
14568,130138.7353,129198.9315,939.8038,0.0000,11.1788,100288.6
14569,130138.7353,129198.9315,939.8038,0.0000,11.1788,100295.9
14570,130138.7353,129198.9315,939.8038,0.0000,11.1788,100303.2
14571,130138.7353,129198.9315,939.8038,0.0000,11.1788,100310.3
14572,130138.7353,129198.9315,939.8038,0.0000,11.1788,100317.8
14573,130138.7353,129198.9315,939.8038,0.0000,11.1788,100324.5
14574,130138.7353,129198.9315,939.8038,0.0000,11.1788,100331.4
14575,130138.7353,129198.9315,939.8038,0.0000,11.1788,100337.6
14576,130138.7353,129198.9315,939.8038,0.0000,11.1788,100344.5
14577,130138.7353,129198.9315,939.8038,0.0000,11.1788,100351.4
14578,130138.7353,129198.9315,939.8038,0.0000,11.1788,100358.6
14579,130138.7353,129198.9315,939.8038,0.0000,11.1788,100365.5
14580,130138.7353,129198.9315,939.8038,0.0000,11.1788,100372.6
14581,130138.7353,129198.9315,939.8038,0.0000,11.1788,100379.6
14582,130138.7353,129198.9315,939.8038,0.0000,11.1788,100386.4
14583,130138.7353,129198.9315,939.8038,0.0000,11.1788,100394.0
14584,130138.7353,129198.9315,939.8038,0.0000,11.1788,100400.3
14585,130138.7353,129198.9315,939.8038,0.0000,11.1788,100407.4
14586,130138.7353,129198.9315,939.8038,0.0000,11.1788,100414.6
14587,130138.7353,129198.9315,939.8038,0.0000,11.1788,100422.0
14588,130138.7353,129198.9315,939.8038,0.0000,11.1788,100428.1
14589,130138.7353,129198.9315,939.8038,0.0000,11.1788,100435.8
14590,130138.7353,129198.9315,939.8038,0.0000,11.1788,100442.3
14591,130138.7353,129198.9315,939.8038,0.0000,11.1788,100449.6
14592,130138.7353,129198.9315,939.8038,0.0000,11.1788,100456.5
14593,130138.7353,129198.9315,939.8038,0.0000,11.1788,100463.3
14594,130138.7353,129198.9315,939.8038,0.0000,11.1788,100470.2
14595,130138.7353,129198.9315,939.8038,0.0000,11.1788,100476.5
14596,130138.7353,129198.9315,939.8038,0.0000,11.1788,100482.9
14597,130138.7353,129198.9315,939.8038,0.0000,11.1788,100489.3
14598,130138.7353,129198.9315,939.8038,0.0000,11.1788,100496.4
14599,130138.7353,129198.9315,939.8038,0.0000,11.1788,100503.7
14600,130138.7353,129198.9315,939.8038,0.0000,11.1788,100511.5
14601,130138.7353,129198.9315,939.8038,0.0000,11.1788,100519.3
14602,130138.7353,129198.9315,939.8038,0.0000,11.1788,100526.2
14603,130138.7353,129198.9315,939.8038,0.0000,11.1788,100534.0
14604,130138.7353,129198.9315,939.8038,0.0000,11.1788,100540.0
14605,130138.7353,129198.9315,939.8038,0.0000,11.1788,100546.8
14606,130138.7353,129198.9315,939.8038,0.0000,11.1788,100554.2
14607,130138.7353,129198.9315,939.8038,0.0000,11.1788,100561.2
14608,130138.7353,129198.9315,939.8038,0.0000,11.1788,100567.9
14609,130138.7353,129198.9315,939.8038,0.0000,11.1788,100575.0
14610,130138.7353,129198.9315,939.8038,0.0000,11.1788,100582.3
14611,130138.7353,129198.9315,939.8038,0.0000,11.1788,100589.2
14612,130138.7353,129198.9315,939.8038,0.0000,11.1788,100596.6
14613,130138.7353,129198.9315,939.8038,0.0000,11.1788,100603.0
14614,130138.7353,129198.9315,939.8038,0.0000,11.1788,100610.2
14615,130138.7353,129198.9315,939.8038,0.0000,11.1788,100617.2
14616,130138.7353,129198.9315,939.8038,0.0000,11.1788,100623.8
14617,130138.7353,129198.9315,939.8038,0.0000,11.1788,100630.3
14618,130138.7353,129198.9315,939.8038,0.0000,11.1788,100637.8
14619,130138.7353,129198.9315,939.8038,0.0185,11.1915,100645.2
14620,130138.7353,129198.9315,939.8038,0.0185,11.2032,100652.2
14621,130138.7353,129198.9315,939.8038,0.0000,11.2032,100659.0
14622,130138.7353,129198.9315,939.8038,0.0000,11.2032,100666.5
14623,130138.7353,129198.9315,939.8038,0.0000,11.2032,100673.5
14624,130138.7353,129198.9315,939.8038,0.0000,11.2032,100680.3
14625,130138.7353,129198.9315,939.8038,0.0000,11.2032,100687.1
14626,130138.7353,129198.9315,939.8038,0.0000,11.2032,100693.9
14627,130138.7353,129198.9315,939.8038,0.0000,11.2032,100700.5
14628,130138.7353,129198.9315,939.8038,0.0000,11.2032,100706.3
14629,130138.7353,129198.9315,939.8038,0.0000,11.2032,100713.8
14630,130138.7353,129198.9315,939.8038,0.0000,11.2032,100721.3
14631,130138.7353,129198.9315,939.8038,0.0000,11.2032,100728.4
14632,130138.7353,129198.9315,939.8038,0.0000,11.2032,100736.0
14633,130138.7353,129198.9315,939.8038,0.0185,11.2095,100743.5
14634,130138.7353,129198.9315,939.8038,0.0000,11.2095,100750.2
14635,130138.7353,129198.9315,939.8038,0.0000,11.2095,100757.2
14636,130138.7353,129198.9315,939.8038,0.0000,11.2095,100764.1
14637,130138.7353,129198.9315,939.8038,0.0000,11.2095,100771.0
14638,130138.7353,129198.9315,939.8038,0.0000,11.2095,100777.7
14639,130138.7353,129198.9315,939.8038,0.0000,11.2095,100784.5
14640,130138.7353,129198.9315,939.8038,0.0000,11.2095,100790.9
14641,130138.7353,129198.9315,939.8038,0.0000,11.2095,100798.0
14642,130138.7353,129198.9315,939.8038,0.0000,11.2095,100805.5
14643,130138.7353,129198.9315,939.8038,0.0000,11.2095,100813.0
14644,130138.7353,129198.9315,939.8038,0.0000,11.2095,100820.1
14645,130138.7353,129198.9315,939.8038,0.0185,11.2171,100827.0
14646,130138.7353,129198.9315,939.8038,0.0000,11.2171,100834.5
14647,130138.7353,129198.9315,939.8038,0.0000,11.2171,100841.5
14648,130138.7353,129198.9315,939.8038,0.0000,11.2171,100848.5
14649,130138.7353,129198.9315,939.8038,0.0000,11.2171,100855.0
14650,130138.7353,129198.9315,939.8038,0.0000,11.2171,100860.9
14651,130138.7353,129198.9315,939.8038,0.0000,11.2171,100868.4
14652,130138.7353,129198.9315,939.8038,0.0000,11.2171,100876.0
14653,130138.7353,129198.9315,939.8038,0.0000,11.2171,100883.2
14654,130138.7353,129198.9315,939.8038,0.0000,11.2171,100890.2
14655,130138.7353,129198.9315,939.8038,0.0000,11.2171,100897.7
14656,130138.7353,129198.9315,939.8038,0.0000,11.2171,100905.3
14657,130138.7353,129198.9315,939.8038,0.0185,11.256,100913.2
14658,130138.7353,129198.9315,939.8038,0.0000,11.256,100921.4
14659,130138.7353,129198.9315,939.8038,0.0000,11.256,100928.6
14660,130138.7353,129198.9315,939.8038,0.0000,11.256,100935.5
14661,130138.7353,129198.9315,939.8038,0.0000,11.256,100942.3
14662,130138.7353,129198.9315,939.8038,0.0185,11.19,100949.0
14663,130138.7353,129198.9315,939.8038,0.0000,11.19,100955.7
14664,130138.7353,129198.9315,939.8038,0.0000,11.19,100962.9
14665,130138.7353,129198.9315,939.8038,0.0000,11.19,100970.1
14666,130138.7353,129198.9315,939.8038,0.0000,11.19,100977.0
14667,130138.7353,129198.9315,939.8038,0.0000,11.19,100984.3
14668,130138.7353,129198.9315,939.8038,0.0000,11.19,100991.2
14669,130138.7353,129198.9315,939.8038,0.0000,11.19,100998.6
14670,130138.7353,129198.9315,939.8038,0.0000,11.19,101004.8
14671,130138.7353,129198.9315,939.8038,0.0000,11.19,101012.1
14672,130138.7353,129198.9315,939.8038,0.0000,11.19,101019.7
14673,130138.7353,129198.9315,939.8038,0.0000,11.19,101026.4
14674,130138.7353,129198.9315,939.8038,0.0000,11.19,101033.3
14675,130138.7353,129198.9315,939.8038,0.0000,11.19,101040.6
14676,130138.7353,129198.9315,939.8038,0.0000,11.19,101048.1
14677,130138.7353,129198.9315,939.8038,0.0000,11.19,101054.9
14678,130138.7353,129198.9315,939.8038,0.0000,11.19,101061.6
14679,130138.7353,129198.9315,939.8038,0.0000,11.19,101068.3
14680,130138.7353,129198.9315,939.8038,0.0000,11.19,101075.5
14681,130138.7353,129198.9315,939.8038,0.0000,11.19,101081.8
14682,130138.7353,129198.9315,939.8038,0.0000,11.19,101089.0
14683,130138.7353,129198.9315,939.8038,0.0000,11.19,101096.7
14684,130138.7353,129198.9315,939.8038,0.0000,11.19,101103.2
14685,130138.7353,129198.9315,939.8038,0.0000,11.19,101109.6
14686,130138.7353,129198.9315,939.8038,0.0000,11.19,101116.5
14687,130138.7353,129198.9315,939.8038,0.0000,11.19,101123.8
14688,130138.7353,129198.9315,939.8038,0.0000,11.19,101130.9
14689,130138.7353,129198.9315,939.8038,0.0000,11.19,101137.3
14690,130138.7353,129198.9315,939.8038,0.0000,11.19,101143.7
14691,130138.7353,129198.9315,939.8038,0.0000,11.19,101151.0
14692,130138.7353,129198.9315,939.8038,0.0000,11.19,101158.3
14693,130138.7353,129198.9315,939.8038,0.0000,11.19,101164.2
14694,130138.7353,129198.9315,939.8038,0.0000,11.19,101171.1
14695,130138.7353,129198.9315,939.8038,0.0000,11.19,101178.7
14696,130138.7353,129198.9315,939.8038,0.0000,11.19,101185.4
14697,130138.7353,129198.9315,939.8038,0.0000,11.19,101191.8
14698,130138.7353,129198.9315,939.8038,0.0000,11.19,101198.5
14699,130138.7353,129198.9315,939.8038,0.0000,11.19,101206.4
14700,130138.7353,129198.9315,939.8038,0.0000,11.19,101213.8
14701,130138.7353,129198.9315,939.8038,0.0185,11.2273,101221.0
14702,130138.7353,129198.9315,939.8038,0.0000,11.2273,101228.5
14703,130138.7353,129198.9315,939.8038,0.0000,11.2273,101235.5
14704,130138.7353,129198.9315,939.8038,0.0000,11.2273,101242.0
14705,130138.7353,129198.9315,939.8038,0.0000,11.2273,101248.9
14706,130138.7353,129198.9315,939.8038,0.0000,11.2273,101255.3
14707,130138.7353,129198.9315,939.8038,0.0000,11.2273,101262.4
14708,130138.7353,129198.9315,939.8038,0.0000,11.2273,101269.2
14709,130138.7353,129198.9315,939.8038,0.0000,11.2273,101276.1
14710,130138.7353,129198.9315,939.8038,0.0000,11.2273,101283.0
14711,130138.7353,129198.9315,939.8038,0.0000,11.2273,101290.6
14712,130138.7353,129198.9315,939.8038,0.0000,11.2273,101298.1
14713,130138.7353,129198.9315,939.8038,0.0000,11.2273,101304.1
14714,130138.7353,129198.9315,939.8038,0.0000,11.2273,101310.9
14715,130138.7353,129198.9315,939.8038,0.0000,11.2273,101317.3
14716,130138.7353,129198.9315,939.8038,0.0000,11.2273,101324.9
14717,130138.7353,129198.9315,939.8038,0.0000,11.2273,101331.9
14718,130138.7353,129198.9315,939.8038,0.0000,11.2273,101338.7
14719,130138.7353,129198.9315,939.8038,0.0000,11.2273,101346.2
14720,130138.7353,129198.9315,939.8038,0.0000,11.2273,101353.1
14721,130138.7353,129198.9315,939.8038,0.0000,11.2273,101359.6
14722,130138.7353,129198.9315,939.8038,0.0000,11.2273,101367.0
14723,130138.7353,129198.9315,939.8038,0.0000,11.2273,101373.6
14724,130138.7353,129198.9315,939.8038,0.0000,11.2273,101381.3
14725,130138.7353,129198.9315,939.8038,0.0000,11.2273,101387.8
14726,130138.7353,129198.9315,939.8038,0.0000,11.2273,101394.6
14727,130138.7353,129198.9315,939.8038,0.0000,11.2273,101401.4
14728,130138.7353,129198.9315,939.8038,0.0000,11.2273,101408.0
14729,130138.7353,129198.9315,939.8038,0.0000,11.2273,101415.6
14730,130138.7353,129198.9315,939.8038,0.0000,11.2273,101422.7
14731,130138.7353,129198.9315,939.8038,0.0185,11.2427,101430.2
14732,130138.7353,129198.9315,939.8038,0.0000,11.2427,101436.9
14733,130138.7353,129198.9315,939.8038,0.0000,11.2427,101443.6
14734,130138.7353,129198.9315,939.8038,0.0000,11.2427,101451.0
14735,130138.7353,129198.9315,939.8038,0.0000,11.2427,101457.9
14736,130138.7353,129198.9315,939.8038,0.0000,11.2427,101465.4
14737,130138.7353,129198.9315,939.8038,0.0000,11.2427,101472.7
14738,130138.7353,129198.9315,939.8038,0.0000,11.2427,101480.1
14739,130138.7353,129198.9315,939.8038,0.0185,11.2397,101486.4
14740,130138.7353,129198.9315,939.8038,0.0000,11.2397,101493.4
14741,130138.7353,129198.9315,939.8038,0.0000,11.2397,101500.6
14742,130138.7353,129198.9315,939.8038,0.0000,11.2397,101507.8
14743,130138.7353,129198.9315,939.8038,0.0000,11.2397,101513.9
14744,130138.7353,129198.9315,939.8038,0.0000,11.2397,101520.7
14745,130138.7353,129198.9315,939.8038,0.0000,11.2397,101528.0
14746,130138.7353,129198.9315,939.8038,0.0000,11.2397,101535.3
14747,130138.7353,129198.9315,939.8038,0.0000,11.2397,101543.1
14748,130138.7353,129198.9315,939.8038,0.0000,11.2397,101549.9
14749,130138.7353,129198.9315,939.8038,0.0000,11.2397,101556.2
14750,130138.7353,129198.9315,939.8038,0.0000,11.2397,101563.9
14751,130138.7353,129198.9315,939.8038,0.0000,11.2397,101571.0
14752,130138.7353,129198.9315,939.8038,0.0000,11.2397,101578.1
14753,130138.7353,129198.9315,939.8038,0.0000,11.2397,101585.6
14754,130138.7353,129198.9315,939.8038,0.0000,11.2397,101592.4
14755,130138.7353,129198.9315,939.8038,0.0000,11.2397,101599.6
14756,130138.7353,129198.9315,939.8038,0.0000,11.2397,101606.0
14757,130138.7353,129198.9315,939.8038,0.0000,11.2397,101613.6
14758,130138.7353,129198.9315,939.8038,0.0000,11.2397,101620.0
14759,130138.7353,129198.9315,939.8038,0.0000,11.2397,101628.1
14760,130138.7353,129198.9315,939.8038,0.0000,11.2397,101635.5
14761,130138.7353,129198.9315,939.8038,0.0000,11.2397,101642.0
14762,130138.7353,129198.9315,939.8038,0.0000,11.2397,101648.8
14763,130138.7353,129198.9315,939.8038,0.0000,11.2397,101655.8
14764,130138.7353,129198.9315,939.8038,0.0000,11.2397,101662.1
14765,130138.7353,129198.9315,939.8038,0.0000,11.2397,101669.3
14766,130138.7353,129198.9315,939.8038,0.0000,11.2397,101676.2
14767,130138.7353,129198.9315,939.8038,0.0000,11.2397,101682.6
14768,130138.7353,129198.9315,939.8038,0.0000,11.2397,101688.8
14769,130138.7353,129198.9315,939.8038,0.0000,11.2397,101695.4
14770,130138.7353,129198.9315,939.8038,0.0000,11.2397,101703.0
14771,130138.7353,129198.9315,939.8038,0.0000,11.2397,101709.7
14772,130138.7353,129198.9315,939.8038,0.0000,11.2397,101717.3
14773,130138.7353,129198.9315,939.8038,0.0000,11.2397,101724.8
14774,130138.7353,129198.9315,939.8038,0.0000,11.2397,101732.1
14775,130138.7353,129198.9315,939.8038,0.0000,11.2397,101738.9
14776,130138.7353,129198.9315,939.8038,0.0000,11.2397,101747.1
14777,130138.7353,129198.9315,939.8038,0.0185,11.2313,101754.0
14778,130138.7353,129198.9315,939.8038,0.0000,11.2313,101761.3
14779,130138.7353,129198.9315,939.8038,0.0000,11.2313,101768.0
14780,130138.7353,129198.9315,939.8038,0.0000,11.2313,101775.3
14781,130138.7353,129198.9315,939.8038,0.0000,11.2313,101781.7
14782,130138.7353,129198.9315,939.8038,0.0000,11.2313,101788.6
14783,130138.7353,129198.9315,939.8038,0.0000,11.2313,101795.5
14784,130138.7353,129198.9315,939.8038,0.0000,11.2313,101802.1
14785,130138.7353,129198.9315,939.8038,0.0185,11.1594,101809.5
14786,130138.7353,129198.9315,939.8038,0.0000,11.1594,101815.7
14787,130138.7353,129198.9315,939.8038,0.0185,11.166,101822.5
14788,130138.7353,129198.9315,939.8038,0.0000,11.166,101829.5
14789,130138.7353,129198.9315,939.8038,0.0000,11.166,101836.8
14790,130138.7353,129198.9315,939.8038,0.0000,11.166,101844.2
14791,130138.7353,129198.9315,939.8038,0.0000,11.166,101851.8
14792,130138.7353,129198.9315,939.8038,0.0000,11.166,101859.9
14793,130138.7353,129198.9315,939.8038,0.0000,11.166,101866.8
14794,130138.7353,129198.9315,939.8038,0.0000,11.166,101874.4
14795,130138.7353,129198.9315,939.8038,0.0000,11.166,101880.6
14796,130138.7353,129198.9315,939.8038,0.0000,11.166,101888.0
14797,130138.7353,129198.9315,939.8038,0.0000,11.166,101894.9
14798,130138.7353,129198.9315,939.8038,0.0000,11.166,101902.4
14799,130138.7353,129198.9315,939.8038,0.0000,11.166,101909.5
14800,130138.7353,129198.9315,939.8038,0.0000,11.166,101916.9
14801,130138.7353,129198.9315,939.8038,0.0185,11.1588,101924.1
14802,130138.7353,129198.9315,939.8038,0.0000,11.1588,101930.7
14803,130138.7353,129198.9315,939.8038,0.0000,11.1588,101937.6
14804,130138.7353,129198.9315,939.8038,0.0000,11.1588,101945.4
14805,130138.7353,129198.9315,939.8038,0.0000,11.1588,101952.8
14806,130138.7353,129198.9315,939.8038,0.0000,11.1588,101959.2
14807,130138.7353,129198.9315,939.8038,0.0000,11.1588,101966.2
14808,130138.7353,129198.9315,939.8038,0.0000,11.1588,101972.7
14809,130138.7353,129198.9315,939.8038,0.0000,11.1588,101979.7
14810,130138.7353,129198.9315,939.8038,0.0000,11.1588,101986.6
14811,130138.7353,129198.9315,939.8038,0.0000,11.1588,101994.1
14812,130138.7353,129198.9315,939.8038,0.0000,11.1588,102001.0
14813,130138.7353,129198.9315,939.8038,0.0000,11.1588,102007.5
14814,130138.7353,129198.9315,939.8038,0.0000,11.1588,102014.9
14815,130138.7353,129198.9315,939.8038,0.0000,11.1588,102022.2
14816,130138.7353,129198.9315,939.8038,0.0000,11.1588,102028.7
14817,130138.7353,129198.9315,939.8038,0.0000,11.1588,102036.2
14818,130138.7353,129198.9315,939.8038,0.0000,11.1588,102042.9
14819,130138.7353,129198.9315,939.8038,0.0000,11.1588,102049.6
14820,130138.7353,129198.9315,939.8038,0.0000,11.1588,102056.6
14821,130138.7353,129198.9315,939.8038,0.0000,11.1588,102063.2
14822,130138.7353,129198.9315,939.8038,0.0000,11.1588,102070.3
14823,130138.7353,129198.9315,939.8038,0.0000,11.1588,102076.7
14824,130138.7353,129198.9315,939.8038,0.0000,11.1588,102083.3
14825,130138.7353,129198.9315,939.8038,0.0000,11.1588,102089.9
14826,130138.7353,129198.9315,939.8038,0.0000,11.1588,102097.1
14827,130138.7353,129198.9315,939.8038,0.0000,11.1588,102104.0
14828,130138.7353,129198.9315,939.8038,0.0000,11.1588,102111.7
14829,130138.7353,129198.9315,939.8038,0.0000,11.1588,102118.9
14830,130138.7353,129198.9315,939.8038,0.0000,11.1588,102125.0
14831,130138.7353,129198.9315,939.8038,0.0000,11.1588,102132.6
14832,130138.7353,129198.9315,939.8038,0.0000,11.1588,102139.8
14833,130138.7353,129198.9315,939.8038,0.0000,11.1588,102147.6
14834,130138.7353,129198.9315,939.8038,0.0000,11.1588,102154.4
14835,130138.7353,129198.9315,939.8038,0.0000,11.1588,102161.3
14836,130138.7353,129198.9315,939.8038,0.0000,11.1588,102168.4
14837,130138.7353,129198.9315,939.8038,0.0000,11.1588,102175.2
14838,130138.7353,129198.9315,939.8038,0.0000,11.1588,102182.8
14839,130138.7353,129198.9315,939.8038,0.0000,11.1588,102189.4
14840,130138.7353,129198.9315,939.8038,0.0000,11.1588,102196.9
14841,130138.7353,129198.9315,939.8038,0.0000,11.1588,102203.9
14842,130138.7353,129198.9315,939.8038,0.0000,11.1588,102211.1
14843,130138.7353,129198.9315,939.8038,0.0000,11.1588,102218.7
14844,130138.7353,129198.9315,939.8038,0.0000,11.1588,102225.0
14845,130138.7353,129198.9315,939.8038,0.0000,11.1588,102232.7
14846,130138.7353,129198.9315,939.8038,0.0000,11.1588,102240.6
14847,130138.7353,129198.9315,939.8038,0.0000,11.1588,102247.3
14848,130138.7353,129198.9315,939.8038,0.0000,11.1588,102254.3
14849,130138.7353,129198.9315,939.8038,0.0000,11.1588,102261.3
14850,130138.7353,129198.9315,939.8038,0.0000,11.1588,102268.0
14851,130138.7353,129198.9315,939.8038,0.0000,11.1588,102275.0
14852,130138.7353,129198.9315,939.8038,0.0000,11.1588,102282.0
14853,130138.7353,129198.9315,939.8038,0.0000,11.1588,102289.0
14854,130138.7353,129198.9315,939.8038,0.0000,11.1588,102295.0
14855,130138.7353,129198.9315,939.8038,0.0000,11.1588,102302.2
14856,130138.7353,129198.9315,939.8038,0.0000,11.1588,102308.4
14857,130138.7353,129198.9315,939.8038,0.0000,11.1588,102315.2
14858,130138.7353,129198.9315,939.8038,0.0000,11.1588,102321.6
14859,130138.7353,129198.9315,939.8038,0.0000,11.1588,102328.4
14860,130138.7353,129198.9315,939.8038,0.0000,11.1588,102335.7
14861,130138.7353,129198.9315,939.8038,0.0000,11.1588,102343.1
14862,130138.7353,129198.9315,939.8038,0.0000,11.1588,102350.4
14863,130138.7353,129198.9315,939.8038,0.0000,11.1588,102358.0
14864,130138.7353,129198.9315,939.8038,0.0185,11.1915,102364.6
14865,130138.7353,129198.9315,939.8038,0.0000,11.1915,102372.0
14866,130138.7353,129198.9315,939.8038,0.0000,11.1915,102378.6
14867,130138.7353,129198.9315,939.8038,0.0000,11.1915,102385.9
14868,130138.7353,129198.9315,939.8038,0.0000,11.1915,102393.3
14869,130138.7353,129198.9315,939.8038,0.0000,11.1915,102400.3
14870,130138.7353,129198.9315,939.8038,0.0000,11.1915,102407.3
14871,130138.7353,129198.9315,939.8038,0.0000,11.1915,102414.2
14872,130138.7353,129198.9315,939.8038,0.0000,11.1915,102420.6
14873,130138.7353,129198.9315,939.8038,0.0000,11.1915,102427.7
14874,130138.7353,129198.9315,939.8038,0.0000,11.1915,102434.4
14875,130138.7353,129198.9315,939.8038,0.0000,11.1915,102441.9
14876,130138.7353,129198.9315,939.8038,0.0000,11.1915,102448.3
14877,130138.7353,129198.9315,939.8038,0.0000,11.1915,102455.1
14878,130138.7353,129198.9315,939.8038,0.0000,11.1915,102462.7
14879,130138.7353,129198.9315,939.8038,0.0185,11.1175,102469.6
14880,130138.7353,129198.9315,939.8038,0.0000,11.1175,102477.4
14881,130138.7353,129198.9315,939.8038,0.0185,11.0835,102484.4
14882,130138.7353,129198.9315,939.8038,0.0000,11.0835,102490.7
14883,130138.7353,129198.9315,939.8038,0.0000,11.0835,102497.5
14884,130138.7353,129198.9315,939.8038,0.0000,11.0835,102504.2
14885,130138.7353,129198.9315,939.8038,0.0000,11.0835,102511.2
14886,130138.7353,129198.9315,939.8038,0.0000,11.0835,102518.0
14887,130138.7353,129198.9315,939.8038,0.0000,11.0835,102525.2
14888,130138.7353,129198.9315,939.8038,0.0000,11.0835,102532.6
14889,130138.7353,129198.9315,939.8038,0.0000,11.0835,102539.6
14890,130138.7353,129198.9315,939.8038,0.0000,11.0835,102546.2
14891,130138.7353,129198.9315,939.8038,0.0000,11.0835,102552.8
14892,130138.7353,129198.9315,939.8038,0.0000,11.0835,102559.7
14893,130138.7353,129198.9315,939.8038,0.0000,11.0835,102567.4
14894,130138.7353,129198.9315,939.8038,0.0000,11.0835,102573.9
14895,130138.7353,129198.9315,939.8038,0.0000,11.0835,102580.8
14896,130138.7353,129198.9315,939.8038,0.0000,11.0835,102587.8
14897,130138.7353,129198.9315,939.8038,0.0000,11.0835,102594.4
14898,130138.7353,129198.9315,939.8038,0.0000,11.0835,102601.8
14899,130138.7353,129198.9315,939.8038,0.0185,11.0792,102609.3
14900,130138.7353,129198.9315,939.8038,0.0000,11.0792,102616.3
14901,130138.7353,129198.9315,939.8038,0.0000,11.0792,102623.5
14902,130138.7353,129198.9315,939.8038,0.0000,11.0792,102630.8
14903,130138.7353,129198.9315,939.8038,0.0000,11.0792,102637.3
14904,130138.7353,129198.9315,939.8038,0.0000,11.0792,102644.4
14905,130138.7353,129198.9315,939.8038,0.0000,11.0792,102650.6
14906,130138.7353,129198.9315,939.8038,0.0000,11.0792,102657.6
14907,130138.7353,129198.9315,939.8038,0.0000,11.0792,102665.3
14908,130138.7353,129198.9315,939.8038,0.0000,11.0792,102671.8
14909,130138.7353,129198.9315,939.8038,0.0000,11.0792,102679.1
14910,130138.7353,129198.9315,939.8038,0.0000,11.0792,102686.7
14911,130138.7353,129198.9315,939.8038,0.0000,11.0792,102693.8
14912,130138.7353,129198.9315,939.8038,0.0000,11.0792,102700.5
14913,130138.7353,129198.9315,939.8038,0.0185,11.0876,102707.7
14914,130138.7353,129198.9315,939.8038,0.0000,11.0876,102714.6
14915,130138.7353,129198.9315,939.8038,0.0000,11.0876,102720.9
14916,130138.7353,129198.9315,939.8038,0.0000,11.0876,102728.1
14917,130138.7353,129198.9315,939.8038,0.0000,11.0876,102735.4
14918,130138.7353,129198.9315,939.8038,0.0000,11.0876,102742.3
14919,130138.7353,129198.9315,939.8038,0.0000,11.0876,102749.4
14920,130138.7353,129198.9315,939.8038,0.0000,11.0876,102756.5
14921,130138.7353,129198.9315,939.8038,0.0000,11.0876,102763.0
14922,130138.7353,129198.9315,939.8038,0.0000,11.0876,102770.5
14923,130138.7353,129198.9315,939.8038,0.0000,11.0876,102777.4
14924,130138.7353,129198.9315,939.8038,0.0000,11.0876,102784.7
14925,130138.7353,129198.9315,939.8038,0.0000,11.0876,102791.9
14926,130138.7353,129198.9315,939.8038,0.0000,11.0876,102798.9
14927,130138.7353,129198.9315,939.8038,0.0000,11.0876,102806.6
14928,130138.7353,129198.9315,939.8038,0.0000,11.0876,102814.2
14929,130138.7353,129198.9315,939.8038,0.0000,11.0876,102821.7
14930,130138.7353,129198.9315,939.8038,0.0000,11.0876,102828.8
14931,130138.7353,129198.9315,939.8038,0.0000,11.0876,102835.8
14932,130138.7353,129198.9315,939.8038,0.0000,11.0876,102842.7
14933,130138.7353,129198.9315,939.8038,0.0000,11.0876,102849.8
14934,130138.7353,129198.9315,939.8038,0.0000,11.0876,102856.7
14935,130138.7353,129198.9315,939.8038,0.0000,11.0876,102864.4
14936,130138.7353,129198.9315,939.8038,0.0000,11.0876,102870.9
14937,130138.7353,129198.9315,939.8038,0.0000,11.0876,102877.5
14938,130138.7353,129198.9315,939.8038,0.0000,11.0876,102885.3
14939,130138.7353,129198.9315,939.8038,0.0000,11.0876,102892.2
14940,130138.7353,129198.9315,939.8038,0.0000,11.0876,102899.4
14941,130138.7353,129198.9315,939.8038,0.0000,11.0876,102907.3
14942,130138.7353,129198.9315,939.8038,0.0000,11.0876,102914.6
14943,130138.7353,129198.9315,939.8038,0.0185,11.0961,102921.6
14944,130138.7353,129198.9315,939.8038,0.0000,11.0961,102928.9
14945,130138.7353,129198.9315,939.8038,0.0000,11.0961,102935.8
14946,130138.7353,129198.9315,939.8038,0.0000,11.0961,102943.0
14947,130138.7353,129198.9315,939.8038,0.0000,11.0961,102950.2
14948,130138.7353,129198.9315,939.8038,0.0000,11.0961,102957.7
14949,130138.7353,129198.9315,939.8038,0.0000,11.0961,102964.7
14950,130138.7353,129198.9315,939.8038,0.0000,11.0961,102971.8
14951,130138.7353,129198.9315,939.8038,0.0000,11.0961,102978.2
14952,130138.7353,129198.9315,939.8038,0.0000,11.0961,102985.2
14953,130138.7353,129198.9315,939.8038,0.0000,11.0961,102992.4
14954,130138.7353,129198.9315,939.8038,0.0000,11.0961,103000.0
14955,130138.7353,129198.9315,939.8038,0.0000,11.0961,103008.2
14956,130138.7353,129198.9315,939.8038,0.0000,11.0961,103014.5
14957,130138.7353,129198.9315,939.8038,0.0000,11.0961,103020.9
14958,130138.7353,129198.9315,939.8038,0.0000,11.0961,103028.4
14959,130138.7353,129198.9315,939.8038,0.0000,11.0961,103036.2
14960,130138.7353,129198.9315,939.8038,0.0000,11.0961,103044.2
14961,130138.7353,129198.9315,939.8038,0.0000,11.0961,103051.3
14962,130138.7353,129198.9315,939.8038,0.0000,11.0961,103058.8
14963,130138.7353,129198.9315,939.8038,0.0000,11.0961,103065.1
14964,130138.7353,129198.9315,939.8038,0.0000,11.0961,103072.1
14965,130138.7353,129198.9315,939.8038,0.0000,11.0961,103078.7
14966,130138.7353,129198.9315,939.8038,0.0000,11.0961,103086.4
14967,130138.7353,129198.9315,939.8038,0.0000,11.0961,103093.6
14968,130138.7353,129198.9315,939.8038,0.0000,11.0961,103100.2
14969,130138.7353,129198.9315,939.8038,0.0000,11.0961,103106.7
14970,130138.7353,129198.9315,939.8038,0.0000,11.0961,103113.6
14971,130138.7353,129198.9315,939.8038,0.0000,11.0961,103120.9
14972,130138.7353,129198.9315,939.8038,0.0000,11.0961,103128.4
14973,130138.7353,129198.9315,939.8038,0.0000,11.0961,103135.4
14974,130138.7353,129198.9315,939.8038,0.0000,11.0961,103142.2
14975,130138.7353,129198.9315,939.8038,0.0000,11.0961,103149.2
14976,130138.7353,129198.9315,939.8038,0.0000,11.0961,103156.7
14977,130138.7353,129198.9315,939.8038,0.0000,11.0961,103164.7
14978,130138.7353,129198.9315,939.8038,0.0000,11.0961,103171.9
14979,130138.7353,129198.9315,939.8038,0.0000,11.0961,103178.0
14980,130138.7353,129198.9315,939.8038,0.0000,11.0961,103185.1
14981,130138.7353,129198.9315,939.8038,0.0000,11.0961,103192.0
14982,130138.7353,129198.9315,939.8038,0.0000,11.0961,103199.7
14983,130138.7353,129198.9315,939.8038,0.0000,11.0961,103207.2
14984,130138.7353,129198.9315,939.8038,0.0000,11.0961,103214.6
14985,130138.7353,129198.9315,939.8038,0.0000,11.0961,103221.2
14986,130138.7353,129198.9315,939.8038,0.0000,11.0961,103227.8
14987,130138.7353,129198.9315,939.8038,0.0000,11.0961,103234.9
14988,130138.7353,129198.9315,939.8038,0.0000,11.0961,103242.4
14989,130138.7353,129198.9315,939.8038,0.0000,11.0961,103249.4
14990,130138.7353,129198.9315,939.8038,0.0000,11.0961,103255.9
14991,130138.7353,129198.9315,939.8038,0.0000,11.0961,103263.3
14992,130138.7353,129198.9315,939.8038,0.0000,11.0961,103270.8
14993,130138.7353,129198.9315,939.8038,0.0000,11.0961,103277.9
14994,130138.7353,129198.9315,939.8038,0.0000,11.0961,103285.5
14995,130138.7353,129198.9315,939.8038,0.0000,11.0961,103291.8
14996,130138.7353,129198.9315,939.8038,0.0000,11.0961,103298.5
14997,130138.7353,129198.9315,939.8038,0.0000,11.0961,103305.8
14998,130138.7353,129198.9315,939.8038,0.0000,11.0961,103312.6
14999,130138.7353,129198.9315,939.8038,0.0000,11.0961,103319.8
15000,130138.7353,129198.9315,939.8038,0.0000,11.0961,103326.4
