sweep,best_lp,median_lp,best_minus_median,accept,pop_spread,elapsed_s
1,125203.5868,86067.0520,39136.5348,0.4630,1.00772,10.9
2,125203.5868,93510.7769,31692.8099,0.4630,1.04755,21.5
3,125203.5868,96198.9272,29004.6596,0.3333,1.1041,31.6
4,125203.5868,99324.9289,25878.6579,0.2963,1.1404,41.9
5,125552.2461,104363.0613,21189.1848,0.3333,1.17658,52.2
6,125552.2461,106769.9072,18782.3389,0.2963,1.22314,62.2
7,125552.2461,109526.7744,16025.4717,0.2778,1.25594,72.6
8,125552.2461,110928.4260,14623.8201,0.1667,1.26634,83.2
9,125552.2461,114998.4374,10553.8087,0.2963,1.29551,93.3
10,125552.2461,115618.8416,9933.4045,0.2407,1.31761,103.4
11,125552.2461,115618.8416,9933.4045,0.0741,1.31855,113.3
12,125552.2461,116586.7957,8965.4504,0.3519,1.39928,123.3
13,125552.2461,117317.4097,8234.8364,0.1667,1.41951,132.9
14,125552.2461,117812.9392,7739.3069,0.2037,1.45816,142.4
15,125552.2461,118791.0687,6761.1774,0.1852,1.47248,152.4
16,125552.2461,119489.2569,6062.9892,0.1667,1.49582,162.6
17,125713.5829,119850.9011,5862.6818,0.1852,1.50762,172.2
18,125713.5829,119850.9011,5862.6818,0.1296,1.51773,181.9
19,125713.5829,120166.5867,5546.9962,0.1481,1.5392,191.7
20,125713.5829,120218.7895,5494.7934,0.0741,1.53558,201.9
21,125713.5829,120218.7895,5494.7934,0.1111,1.55565,212.0
22,125713.5829,120284.7698,5428.8131,0.1296,1.55664,221.7
23,125713.5829,120349.9398,5363.6431,0.1111,1.55445,232.0
24,126279.3349,120651.9814,5627.3535,0.1852,1.56194,242.0
25,126279.3349,120666.9331,5612.4018,0.1481,1.58588,252.2
26,126279.3349,120666.9331,5612.4018,0.0556,1.59554,262.1
27,126279.3349,120666.9331,5612.4018,0.0556,1.59464,271.6
28,126279.3349,121355.8530,4923.4819,0.1111,1.62603,282.1
29,126279.3349,121355.8530,4923.4819,0.0926,1.62987,292.1
30,126279.3349,121355.8530,4923.4819,0.1111,1.65506,302.1
31,126279.3349,121748.1117,4531.2232,0.1111,1.64775,311.8
32,126279.3349,121748.1117,4531.2232,0.0000,1.64775,321.3
33,126279.3349,121748.1117,4531.2232,0.0185,1.64796,331.2
34,126279.3349,121939.9082,4339.4266,0.0556,1.64391,341.0
35,126279.3349,121939.9082,4339.4266,0.0556,1.64806,350.8
36,126279.3349,122057.8660,4221.4689,0.0370,1.65167,360.9
37,126279.3349,122057.8660,4221.4689,0.0185,1.66788,370.5
38,126279.3349,122284.2631,3995.0718,0.0556,1.66307,380.3
39,126279.3349,122284.2631,3995.0718,0.0926,1.66835,390.2
40,126279.3349,122315.4635,3963.8714,0.0370,1.67915,399.9
41,126279.3349,122315.4635,3963.8714,0.0741,1.6837,409.8
42,126279.3349,122315.4635,3963.8714,0.0741,1.67729,420.0
43,126279.3349,122323.0542,3956.2806,0.0370,1.67772,429.5
44,126279.3349,122338.9360,3940.3988,0.0556,1.67684,439.1
45,126279.3349,122380.0869,3899.2479,0.1296,1.68291,449.0
46,126279.3349,122418.7842,3860.5506,0.0926,1.69895,458.8
47,126279.3349,122420.7131,3858.6218,0.0556,1.70899,468.7
48,126279.3349,122449.4615,3829.8733,0.0185,1.71177,478.7
49,126279.3349,122449.4615,3829.8733,0.0370,1.71846,488.6
50,126279.3349,122449.4615,3829.8733,0.0000,1.71846,498.2
51,126279.3349,122449.4615,3829.8733,0.0185,1.71732,508.0
52,126279.3349,122449.4615,3829.8733,0.0370,1.71843,517.7
53,126279.3349,122449.4615,3829.8733,0.0370,1.72507,527.1
54,126279.3349,122449.4615,3829.8733,0.0926,1.73349,536.7
55,126279.3349,122449.4615,3829.8733,0.0000,1.73349,546.5
56,126279.3349,122531.7714,3747.5635,0.0926,1.72575,556.1
57,126279.3349,122534.1881,3745.1468,0.0741,1.73483,565.9
58,126279.3349,122733.0035,3546.3313,0.0556,1.73449,575.7
59,126279.3349,122877.6630,3401.6718,0.0556,1.73273,585.7
60,126279.3349,122963.7813,3315.5536,0.0556,1.73509,595.4
61,126279.3349,123088.9964,3190.3384,0.0741,1.73515,605.3
62,126279.3349,123088.9964,3190.3384,0.0741,1.74012,615.2
63,126279.3349,123125.6094,3153.7255,0.0370,1.75099,625.2
64,126279.3349,123125.6094,3153.7255,0.0185,1.75385,635.2
65,126279.3349,123207.1677,3072.1671,0.0370,1.76311,645.0
66,126279.3349,123280.1422,2999.1926,0.0370,1.76153,654.8
67,126279.3349,123280.1422,2999.1926,0.0370,1.76166,664.3
68,126279.3349,123280.1422,2999.1926,0.0556,1.77178,674.2
69,126279.3349,123407.6976,2871.6372,0.0556,1.77876,684.1
70,126279.3349,123407.6976,2871.6372,0.0000,1.77876,694.1
71,126279.3349,123407.6976,2871.6372,0.0185,1.78012,704.1
72,126279.3349,123443.3737,2835.9612,0.0556,1.79884,713.6
73,126279.3349,123443.3737,2835.9612,0.0370,1.80427,723.5
74,126279.3349,123486.4881,2792.8467,0.0741,1.80595,733.2
75,126279.3349,123486.4881,2792.8467,0.0000,1.80595,743.0
76,126279.3349,123486.4881,2792.8467,0.0000,1.80595,752.6
77,126279.3349,123486.4881,2792.8467,0.0185,1.80601,762.4
78,126279.3349,123486.4881,2792.8467,0.0370,1.8096,772.3
79,126279.3349,123519.2812,2760.0537,0.0370,1.806,782.6
80,126279.3349,123519.2812,2760.0537,0.0185,1.80647,792.3
81,126279.3349,123519.2812,2760.0537,0.0185,1.80151,802.3
82,126279.3349,123519.2812,2760.0537,0.0000,1.80151,812.1
83,126279.3349,123519.2812,2760.0537,0.0000,1.80151,822.3
84,126842.4234,123558.0745,3284.3489,0.0556,1.79403,832.5
85,126842.4234,123558.0745,3284.3489,0.0185,1.80457,842.6
86,126842.4234,123584.5255,3257.8979,0.0370,1.79941,852.4
87,126842.4234,123584.5255,3257.8979,0.0370,1.80392,862.5
88,126842.4234,123584.5255,3257.8979,0.0370,1.80729,872.3
89,126842.4234,123584.5255,3257.8979,0.0185,1.80576,882.4
90,126842.4234,123783.0690,3059.3545,0.0926,1.80442,892.0
91,126842.4234,123783.0690,3059.3545,0.0185,1.80196,902.0
92,126842.4234,123783.0690,3059.3545,0.0000,1.80196,912.1
93,126842.4234,123783.0690,3059.3545,0.0370,1.80957,922.2
94,126842.4234,123783.0690,3059.3545,0.0741,1.82064,932.2
95,126842.4234,123783.0690,3059.3545,0.0000,1.82064,942.1
96,126842.4234,123783.0690,3059.3545,0.0000,1.82064,952.0
97,126842.4234,123783.0690,3059.3545,0.0185,1.82244,961.8
98,126842.4234,123783.0690,3059.3545,0.0000,1.82244,971.8
99,126842.4234,123783.0690,3059.3545,0.0741,1.82219,981.5
100,126842.4234,123783.0690,3059.3545,0.0000,1.82219,991.2
101,126842.4234,123783.0690,3059.3545,0.0185,1.82426,1001.0
102,126842.4234,123783.0690,3059.3545,0.0185,1.82607,1010.6
103,126842.4234,123783.0690,3059.3545,0.0000,1.82607,1020.5
104,126842.4234,123783.0690,3059.3545,0.0556,1.82619,1030.3
105,126842.4234,123783.0690,3059.3545,0.0185,1.82667,1040.0
106,126842.4234,123783.0690,3059.3545,0.0185,1.83066,1049.7
107,126842.4234,123783.0690,3059.3545,0.0556,1.83825,1059.5
108,126842.4234,123783.0690,3059.3545,0.0185,1.84319,1069.7
109,126842.4234,124008.6353,2833.7881,0.0926,1.86051,1079.4
110,126842.4234,124053.8685,2788.5550,0.0370,1.86543,1089.0
111,126842.4234,124053.8685,2788.5550,0.0370,1.86588,1099.0
112,126842.4234,124053.8685,2788.5550,0.0185,1.874,1108.7
113,126842.4234,124053.8685,2788.5550,0.0185,1.87651,1118.5
114,126842.4234,124053.8685,2788.5550,0.0926,1.88101,1128.2
115,126842.4234,124053.8685,2788.5550,0.0185,1.8939,1138.0
116,126842.4234,124053.8685,2788.5550,0.0185,1.89432,1147.9
117,126842.4234,124053.8685,2788.5550,0.0185,1.90905,1157.8
118,126842.4234,124053.8685,2788.5550,0.0556,1.91866,1167.7
119,126842.4234,124053.8685,2788.5550,0.0185,1.92064,1177.4
120,126842.4234,124215.0245,2627.3989,0.0556,1.91889,1187.4
121,126842.4234,124379.2576,2463.1658,0.0370,1.9235,1197.3
122,126842.4234,124379.2576,2463.1658,0.0185,1.92864,1206.8
123,126842.4234,124379.2576,2463.1658,0.0741,1.93901,1216.5
124,126842.4234,124379.2576,2463.1658,0.0185,1.93557,1226.3
125,126842.4234,124379.2576,2463.1658,0.0370,1.9388,1236.1
126,126842.4234,124379.2576,2463.1658,0.0370,1.94333,1245.9
127,126842.4234,124379.2576,2463.1658,0.0000,1.94333,1256.1
128,126842.4234,124379.2576,2463.1658,0.0185,1.94359,1265.5
129,126842.4234,124379.2576,2463.1658,0.0185,1.94619,1275.3
130,126842.4234,124379.2576,2463.1658,0.0000,1.94619,1285.3
131,126842.4234,124379.2576,2463.1658,0.0185,1.95177,1295.1
132,126842.4234,124379.2576,2463.1658,0.0370,1.96476,1304.8
133,126842.4234,124474.4198,2368.0036,0.0556,1.9662,1314.4
134,126842.4234,124474.4198,2368.0036,0.0000,1.9662,1324.0
135,126842.4234,124505.4914,2336.9320,0.0556,1.97718,1333.8
136,126842.4234,124505.4914,2336.9320,0.0370,1.97748,1343.5
137,126842.4234,124505.4914,2336.9320,0.0556,1.97237,1353.1
138,126842.4234,124524.0357,2318.3877,0.0370,1.96646,1362.7
139,126842.4234,124524.0357,2318.3877,0.0370,1.97161,1372.9
140,126842.4234,124524.0357,2318.3877,0.0556,1.9822,1382.7
141,127138.3047,124524.0357,2614.2690,0.0741,1.98732,1392.6
142,127138.3047,124524.0357,2614.2690,0.0185,1.99818,1402.5
143,127138.3047,124524.0357,2614.2690,0.0185,2.00119,1412.0
144,127138.3047,124524.0357,2614.2690,0.0370,2.00036,1421.5
145,127329.9313,124524.0357,2805.8956,0.0370,2.00888,1431.6
146,127329.9313,124524.0357,2805.8956,0.0185,2.02007,1441.2
147,127329.9313,124524.0357,2805.8956,0.0185,2.02669,1450.5
148,127329.9313,124524.0357,2805.8956,0.0185,2.04469,1460.1
149,127329.9313,124524.0357,2805.8956,0.0370,2.02195,1469.9
150,127329.9313,124524.0357,2805.8956,0.0000,2.02195,1479.6
151,127329.9313,124524.0357,2805.8956,0.0000,2.02195,1489.6
152,127329.9313,124526.3614,2803.5699,0.0185,2.02443,1499.6
153,127329.9313,124526.3614,2803.5699,0.0556,2.02159,1509.0
154,127329.9313,124526.3614,2803.5699,0.0556,2.02979,1518.7
155,127329.9313,124526.3614,2803.5699,0.0000,2.02979,1528.2
156,127329.9313,124526.3614,2803.5699,0.0370,2.03685,1538.0
157,127329.9313,124526.3614,2803.5699,0.0000,2.03685,1547.7
158,127329.9313,124526.3614,2803.5699,0.0185,2.03708,1557.7
159,127329.9313,124526.3614,2803.5699,0.1111,2.04906,1567.3
160,127329.9313,124526.3614,2803.5699,0.0741,2.03992,1576.9
161,127329.9313,124526.3614,2803.5699,0.0741,2.04696,1586.6
162,127329.9313,124526.3614,2803.5699,0.0000,2.04696,1596.4
163,127329.9313,124526.3614,2803.5699,0.0370,2.04153,1606.0
164,127329.9313,124526.3614,2803.5699,0.0185,2.04806,1615.7
165,127329.9313,124526.3614,2803.5699,0.0000,2.04806,1625.4
166,127329.9313,124603.1790,2726.7523,0.0370,2.04918,1635.1
167,127329.9313,124603.1790,2726.7523,0.0000,2.04918,1644.8
168,127329.9313,124698.6687,2631.2627,0.0185,2.0464,1655.0
169,127329.9313,124811.8576,2518.0737,0.0370,2.04186,1664.6
170,127329.9313,124811.8576,2518.0737,0.0000,2.04186,1674.5
171,127329.9313,124811.8576,2518.0737,0.0000,2.04186,1684.2
172,128040.8141,124811.8576,3228.9565,0.0556,2.04592,1693.7
173,128040.8141,124811.8576,3228.9565,0.0185,2.04047,1703.5
174,128040.8141,125089.8031,2951.0110,0.0556,2.03007,1713.2
175,128040.8141,125089.8031,2951.0110,0.0000,2.03007,1722.9
176,128040.8141,125089.8031,2951.0110,0.0000,2.03007,1732.5
177,128040.8141,125089.8031,2951.0110,0.0185,2.03227,1742.3
178,128040.8141,125089.8031,2951.0110,0.0185,2.04303,1752.0
179,128040.8141,125089.8031,2951.0110,0.0370,2.05029,1761.6
180,128040.8141,125089.8031,2951.0110,0.0926,2.07173,1771.1
181,128040.8141,125089.8031,2951.0110,0.0000,2.07173,1780.9
182,128040.8141,125089.8031,2951.0110,0.0370,2.08206,1791.0
183,128040.8141,125089.8031,2951.0110,0.0000,2.08206,1800.8
184,128040.8141,125089.8031,2951.0110,0.0556,2.09616,1810.5
185,128040.8141,125089.8031,2951.0110,0.0556,2.09284,1819.9
186,128040.8141,125089.8031,2951.0110,0.0000,2.09284,1829.4
187,128040.8141,125089.8031,2951.0110,0.0926,2.1021,1838.9
188,128040.8141,125089.8031,2951.0110,0.0000,2.1021,1848.7
189,128040.8141,125148.8736,2891.9405,0.0741,2.11814,1858.3
190,128040.8141,125148.8736,2891.9405,0.0185,2.124,1868.0
191,128040.8141,125148.8736,2891.9405,0.0556,2.14447,1877.7
192,128040.8141,125148.8736,2891.9405,0.0000,2.14447,1887.3
193,128040.8141,125148.8736,2891.9405,0.0370,2.15641,1896.7
194,128040.8141,125148.8736,2891.9405,0.0185,2.15576,1906.1
195,128040.8141,125148.8736,2891.9405,0.0000,2.15576,1915.9
196,128040.8141,125166.4547,2874.3594,0.0370,2.15379,1925.7
197,128040.8141,125209.4294,2831.3847,0.0556,2.16531,1935.3
198,128040.8141,125276.3457,2764.4684,0.0370,2.17547,1944.9
199,128040.8141,125276.3457,2764.4684,0.0000,2.17547,1954.9
200,128040.8141,125276.3457,2764.4684,0.0000,2.17547,1964.5
201,128040.8141,125276.3457,2764.4684,0.0370,2.19069,1974.4
202,128040.8141,125276.3457,2764.4684,0.0185,2.19551,1984.2
203,128040.8141,125276.3457,2764.4684,0.0185,2.20987,1994.0
204,128040.8141,125315.2292,2725.5849,0.0185,2.22343,2003.6
205,128040.8141,125315.2292,2725.5849,0.0185,2.22369,2013.5
206,128040.8141,125315.2292,2725.5849,0.0000,2.22369,2023.2
207,128040.8141,125315.2292,2725.5849,0.0000,2.22369,2032.9
208,128040.8141,125315.2292,2725.5849,0.0185,2.21325,2042.7
209,128040.8141,125315.2292,2725.5849,0.0000,2.21325,2052.2
210,128040.8141,125315.2292,2725.5849,0.0185,2.21204,2062.0
211,128040.8141,125315.2292,2725.5849,0.0000,2.21204,2071.9
212,128040.8141,125315.2292,2725.5849,0.0185,2.21206,2081.7
213,128040.8141,125325.6953,2715.1189,0.0370,2.21442,2091.5
214,128040.8141,125325.6953,2715.1189,0.0000,2.21442,2101.1
215,128040.8141,125325.6953,2715.1189,0.0000,2.21442,2111.1
216,128040.8141,125325.6953,2715.1189,0.0370,2.22808,2120.6
217,128040.8141,125325.6953,2715.1189,0.0185,2.22816,2130.4
218,128040.8141,125325.6953,2715.1189,0.0000,2.22816,2140.5
219,128040.8141,125325.6953,2715.1189,0.0556,2.23519,2150.4
220,128040.8141,125325.6953,2715.1189,0.0000,2.23519,2160.6
221,128040.8141,125325.6953,2715.1189,0.0185,2.24321,2170.4
222,128040.8141,125325.6953,2715.1189,0.0556,2.24301,2180.2
223,128040.8141,125347.6365,2693.1776,0.0741,2.26188,2190.1
224,128040.8141,125347.6365,2693.1776,0.0370,2.25628,2199.7
225,128040.8141,125347.6365,2693.1776,0.0370,2.27526,2209.4
226,128040.8141,125347.6365,2693.1776,0.0185,2.27639,2219.5
227,128040.8141,125347.6365,2693.1776,0.0000,2.27639,2229.1
228,128040.8141,125347.6365,2693.1776,0.0370,2.2738,2238.8
229,128040.8141,125347.6365,2693.1776,0.0000,2.2738,2248.2
230,128040.8141,125347.6365,2693.1776,0.0000,2.2738,2257.9
231,128040.8141,125347.6365,2693.1776,0.0185,2.27727,2267.4
232,128040.8141,125347.6365,2693.1776,0.0185,2.26184,2277.3
233,128040.8141,125347.6365,2693.1776,0.0000,2.26184,2287.3
234,128040.8141,125347.6365,2693.1776,0.1111,2.29885,2297.1
235,128040.8141,125347.6365,2693.1776,0.0556,2.31364,2306.5
236,128040.8141,125347.6365,2693.1776,0.0000,2.31364,2315.9
237,128040.8141,125347.6365,2693.1776,0.0185,2.30421,2325.8
238,128040.8141,125347.6365,2693.1776,0.0370,2.31809,2335.3
239,128040.8141,125347.6365,2693.1776,0.0370,2.32167,2345.0
240,128040.8141,125417.4228,2623.3913,0.0556,2.31751,2354.5
241,128040.8141,125417.4228,2623.3913,0.0000,2.31751,2364.2
242,128040.8141,125417.4228,2623.3913,0.0185,2.32744,2373.9
243,128040.8141,125417.4228,2623.3913,0.0185,2.32544,2383.7
244,128040.8141,125417.4228,2623.3913,0.0185,2.32562,2393.5
245,128040.8141,125417.4228,2623.3913,0.0556,2.32534,2403.1
246,128040.8141,125417.4228,2623.3913,0.0185,2.33137,2412.8
247,128040.8141,125417.4228,2623.3913,0.0185,2.34259,2422.4
248,128040.8141,125475.5019,2565.3122,0.0185,2.3437,2432.2
249,128040.8141,125475.5019,2565.3122,0.0000,2.3437,2441.8
250,128040.8141,125475.5019,2565.3122,0.0000,2.3437,2451.5
251,128040.8141,125475.5019,2565.3122,0.0370,2.34734,2461.3
252,128040.8141,125475.5019,2565.3122,0.0000,2.34734,2470.9
253,128040.8141,125475.5019,2565.3122,0.0000,2.34734,2480.5
254,128040.8141,125475.5019,2565.3122,0.0000,2.34734,2490.3
255,128040.8141,125475.5019,2565.3122,0.0556,2.34763,2500.2
256,128040.8141,125475.5019,2565.3122,0.0000,2.34763,2510.0
257,128040.8141,125475.5019,2565.3122,0.0000,2.34763,2519.9
258,128040.8141,125475.5019,2565.3122,0.0185,2.34862,2529.8
259,128040.8141,125594.6190,2446.1951,0.0741,2.35171,2539.7
260,128040.8141,125594.6190,2446.1951,0.0000,2.35171,2549.4
261,128040.8141,125594.6190,2446.1951,0.0370,2.35901,2559.3
262,128040.8141,125594.6190,2446.1951,0.0370,2.36881,2569.1
263,128040.8141,125594.6190,2446.1951,0.0370,2.35486,2578.8
264,128040.8141,125594.6190,2446.1951,0.0000,2.35486,2588.5
265,128040.8141,125594.6190,2446.1951,0.0556,2.35593,2598.3
266,128040.8141,125594.6190,2446.1951,0.0370,2.36035,2607.8
267,128040.8141,125594.6190,2446.1951,0.0000,2.36035,2617.6
268,128040.8141,125594.6190,2446.1951,0.0000,2.36035,2627.4
269,128040.8141,125594.6190,2446.1951,0.0370,2.35749,2637.5
270,128040.8141,125594.6190,2446.1951,0.0000,2.35749,2647.0
271,128040.8141,125622.3907,2418.4234,0.0185,2.35347,2656.7
272,128040.8141,125622.3907,2418.4234,0.0185,2.35745,2666.4
273,128040.8141,125622.3907,2418.4234,0.0000,2.35745,2676.4
274,128040.8141,125622.3907,2418.4234,0.0000,2.35745,2686.3
275,128040.8141,125622.3907,2418.4234,0.0000,2.35745,2696.0
276,128040.8141,125622.3907,2418.4234,0.0000,2.35745,2705.8
277,128040.8141,125622.3907,2418.4234,0.0000,2.35745,2715.8
278,128040.8141,125622.3907,2418.4234,0.0000,2.35745,2725.5
279,128040.8141,125622.3907,2418.4234,0.0000,2.35745,2735.7
280,128040.8141,125622.3907,2418.4234,0.0000,2.35745,2745.2
281,128040.8141,125622.3907,2418.4234,0.0185,2.35462,2755.0
282,128040.8141,125622.3907,2418.4234,0.0000,2.35462,2764.7
283,128040.8141,125622.3907,2418.4234,0.0000,2.35462,2774.6
284,128040.8141,125622.3907,2418.4234,0.0185,2.34241,2784.2
285,128040.8141,125622.3907,2418.4234,0.0185,2.33746,2793.9
286,128040.8141,125622.3907,2418.4234,0.0370,2.34165,2803.5
287,128040.8141,125622.3907,2418.4234,0.0185,2.33964,2813.2
288,128040.8141,125751.2829,2289.5312,0.0370,2.3386,2822.7
289,128040.8141,125751.2829,2289.5312,0.0556,2.33218,2832.5
290,128040.8141,125751.2829,2289.5312,0.0185,2.34441,2842.5
291,128040.8141,125751.2829,2289.5312,0.0000,2.34441,2852.5
292,128040.8141,125751.2829,2289.5312,0.0185,2.3548,2862.3
293,128040.8141,125751.2829,2289.5312,0.0185,2.36237,2872.1
294,128040.8141,125751.2829,2289.5312,0.0185,2.37014,2881.9
295,128040.8141,125751.2829,2289.5312,0.0000,2.37014,2891.7
296,128040.8141,125876.8993,2163.9148,0.0370,2.35929,2901.7
297,128040.8141,125876.8993,2163.9148,0.0185,2.35455,2911.8
298,128040.8141,125876.8993,2163.9148,0.0185,2.36918,2921.5
299,128040.8141,125876.8993,2163.9148,0.0000,2.36918,2931.4
300,128040.8141,126025.7312,2015.0829,0.0185,2.36881,2941.2
301,128040.8141,126025.7312,2015.0829,0.0185,2.36292,2950.9
302,128040.8141,126025.7312,2015.0829,0.0000,2.36292,2960.6
303,128040.8141,126025.7312,2015.0829,0.0000,2.36292,2970.2
304,128040.8141,126025.7312,2015.0829,0.0185,2.36331,2980.0
305,128040.8141,126025.7312,2015.0829,0.0000,2.36331,2989.9
306,128040.8141,126025.7312,2015.0829,0.0000,2.36331,2999.8
307,128040.8141,126109.1415,1931.6726,0.0185,2.3759,3009.4
308,128040.8141,126109.1415,1931.6726,0.0185,2.37434,3019.2
309,128040.8141,126109.1415,1931.6726,0.0000,2.37434,3028.9
310,128040.8141,126109.1415,1931.6726,0.0000,2.37434,3038.8
311,128040.8141,126109.1415,1931.6726,0.0185,2.372,3048.9
312,128040.8141,126109.1415,1931.6726,0.0185,2.37451,3058.8
313,128040.8141,126109.1415,1931.6726,0.0000,2.37451,3069.1
314,128040.8141,126109.1415,1931.6726,0.0185,2.38561,3079.0
315,128040.8141,126118.8766,1921.9375,0.0370,2.38533,3088.9
316,128040.8141,126118.8766,1921.9375,0.0000,2.38533,3098.8
317,128040.8141,126118.8766,1921.9375,0.0000,2.38533,3108.8
318,128040.8141,126118.8766,1921.9375,0.0000,2.38533,3118.5
319,128040.8141,126118.8766,1921.9375,0.0000,2.38533,3128.6
320,128040.8141,126118.8766,1921.9375,0.0000,2.38533,3138.4
321,128040.8141,126118.8766,1921.9375,0.0185,2.39444,3148.4
322,128040.8141,126118.8766,1921.9375,0.0000,2.39444,3158.2
323,128040.8141,126118.8766,1921.9375,0.0000,2.39444,3167.7
324,128040.8141,126118.8766,1921.9375,0.0185,2.38971,3177.4
325,128040.8141,126118.8766,1921.9375,0.0000,2.38971,3187.2
326,128040.8141,126118.8766,1921.9375,0.0370,2.38815,3197.3
327,128040.8141,126118.8766,1921.9375,0.0000,2.38815,3207.3
328,128040.8141,126118.8766,1921.9375,0.0370,2.3918,3217.1
329,128040.8141,126118.8766,1921.9375,0.0185,2.39393,3227.0
330,128040.8141,126118.8766,1921.9375,0.0370,2.4049,3237.1
331,128054.7891,126118.8766,1935.9125,0.0370,2.40561,3246.9
332,128054.7891,126118.8766,1935.9125,0.0185,2.40592,3256.9
333,128054.7891,126118.8766,1935.9125,0.0000,2.40592,3267.0
334,128054.7891,126118.8766,1935.9125,0.0185,2.41033,3276.8
335,128054.7891,126118.8766,1935.9125,0.0000,2.41033,3286.5
336,128054.7891,126118.8766,1935.9125,0.0000,2.41033,3296.8
337,128054.7891,126118.8766,1935.9125,0.0000,2.41033,3306.8
338,128054.7891,126118.8766,1935.9125,0.0000,2.41033,3316.4
339,128054.7891,126130.8964,1923.8927,0.0556,2.43056,3326.4
340,128054.7891,126200.7647,1854.0243,0.0370,2.4378,3336.2
341,128054.7891,126200.7647,1854.0243,0.0000,2.4378,3346.0
342,128054.7891,126200.7647,1854.0243,0.0185,2.43441,3355.9
343,128054.7891,126200.7647,1854.0243,0.0000,2.43441,3365.7
344,128054.7891,126200.7647,1854.0243,0.0185,2.43278,3375.4
345,128054.7891,126200.7647,1854.0243,0.0185,2.4394,3385.4
346,128054.7891,126200.7647,1854.0243,0.0185,2.43371,3395.4
347,128054.7891,126200.7647,1854.0243,0.0000,2.43371,3405.3
348,128054.7891,126200.7647,1854.0243,0.0000,2.43371,3415.4
349,128054.7891,126200.7647,1854.0243,0.0370,2.43392,3425.2
350,128054.7891,126200.7647,1854.0243,0.0185,2.44113,3435.0
351,128054.7891,126211.0820,1843.7070,0.0185,2.45024,3445.0
352,128054.7891,126211.0820,1843.7070,0.0370,2.45178,3454.8
353,128054.7891,126211.0820,1843.7070,0.0185,2.46925,3464.8
354,128054.7891,126211.0820,1843.7070,0.0185,2.48087,3475.0
355,128054.7891,126300.4627,1754.3264,0.0185,2.49065,3485.1
356,128054.7891,126342.2671,1712.5220,0.0185,2.48449,3495.2
357,128054.7891,126342.2671,1712.5220,0.0370,2.48306,3505.0
358,128054.7891,126342.2671,1712.5220,0.0185,2.48322,3515.4
359,128054.7891,126342.2671,1712.5220,0.0185,2.48356,3525.5
360,128054.7891,126342.2671,1712.5220,0.0000,2.48356,3535.5
361,128054.7891,126342.2671,1712.5220,0.0370,2.48774,3545.2
362,128054.7891,126342.2671,1712.5220,0.0185,2.48453,3555.4
363,128054.7891,126374.9919,1679.7972,0.0370,2.49966,3565.4
364,128054.7891,126422.0429,1632.7462,0.0556,2.50034,3575.6
365,128054.7891,126442.8964,1611.8927,0.0185,2.4906,3585.5
366,128054.7891,126442.8964,1611.8927,0.0000,2.4906,3596.4
367,128054.7891,126442.8964,1611.8927,0.0370,2.48815,3607.5
368,128054.7891,126442.8964,1611.8927,0.0556,2.52159,3618.0
369,128054.7891,126442.8964,1611.8927,0.0185,2.52723,3627.9
370,128054.7891,126442.8964,1611.8927,0.0370,2.55013,3639.0
371,128054.7891,126442.8964,1611.8927,0.0370,2.54922,3650.6
372,128155.0794,126442.8964,1712.1830,0.0741,2.58425,3661.1
373,128155.0794,126442.8964,1712.1830,0.0185,2.58299,3670.9
374,128155.0794,126442.8964,1712.1830,0.0185,2.57787,3681.1
375,128155.0794,126442.8964,1712.1830,0.0000,2.57787,3691.2
376,128155.0794,126442.8964,1712.1830,0.0000,2.57787,3700.9
377,128155.0794,126442.8964,1712.1830,0.0185,2.57673,3711.0
378,128155.0794,126442.8964,1712.1830,0.0185,2.57493,3720.9
379,128155.0794,126442.8964,1712.1830,0.0185,2.57328,3730.8
380,128407.4321,126442.8964,1964.5358,0.0556,2.58092,3740.8
381,128407.4321,126442.8964,1964.5358,0.0000,2.58092,3750.4
382,128407.4321,126442.8964,1964.5358,0.0000,2.58092,3760.3
383,128407.4321,126442.8964,1964.5358,0.0370,2.58845,3770.1
384,128407.4321,126549.8051,1857.6270,0.0370,2.59775,3780.5
385,128407.4321,126671.1131,1736.3190,0.0185,2.59024,3792.4
386,128407.4321,126671.1131,1736.3190,0.0000,2.59024,3803.8
387,128407.4321,126671.1131,1736.3190,0.0370,2.59284,3813.8
388,128407.4321,126671.1131,1736.3190,0.0185,2.60108,3824.7
389,128407.4321,126671.1131,1736.3190,0.0185,2.60256,3836.3
390,128407.4321,126671.1131,1736.3190,0.0000,2.60256,3846.6
391,128407.4321,126671.1131,1736.3190,0.0185,2.60332,3856.8
392,128407.4321,126671.1131,1736.3190,0.0185,2.61238,3866.7
393,128407.4321,126671.1131,1736.3190,0.0370,2.61969,3876.7
394,128407.4321,126671.1131,1736.3190,0.0000,2.61969,3886.9
395,128407.4321,126671.1131,1736.3190,0.0000,2.61969,3897.0
396,128407.4321,126671.1131,1736.3190,0.0000,2.61969,3906.9
397,128407.4321,126671.1131,1736.3190,0.0000,2.61969,3916.9
398,128407.4321,126671.1131,1736.3190,0.0185,2.6261,3927.2
399,128407.4321,126671.1131,1736.3190,0.0185,2.62946,3937.3
400,128407.4321,126671.1131,1736.3190,0.0185,2.63061,3947.3
401,128407.4321,126671.1131,1736.3190,0.0000,2.63061,3957.3
402,128407.4321,126671.1131,1736.3190,0.0000,2.63061,3967.6
403,128407.4321,126671.1131,1736.3190,0.0185,2.63901,3979.6
404,128407.4321,126671.1131,1736.3190,0.0185,2.64791,3990.4
405,128407.4321,126671.1131,1736.3190,0.0000,2.64791,4000.4
406,128407.4321,126671.1131,1736.3190,0.0185,2.66268,4010.6
407,128407.4321,126671.1131,1736.3190,0.0000,2.66268,4023.4
408,128407.4321,126671.1131,1736.3190,0.0185,2.66755,4033.8
409,128407.4321,126671.1131,1736.3190,0.0000,2.66755,4043.5
410,128407.4321,126671.1131,1736.3190,0.0000,2.66755,4053.3
411,128407.4321,126671.1131,1736.3190,0.0000,2.66755,4063.3
412,128407.4321,126671.1131,1736.3190,0.0185,2.67682,4073.2
413,128407.4321,126671.1131,1736.3190,0.0000,2.67682,4083.1
414,128407.4321,126671.1131,1736.3190,0.0185,2.67099,4092.9
415,128407.4321,126671.1131,1736.3190,0.0185,2.67551,4102.8
416,128407.4321,126671.1131,1736.3190,0.0000,2.67551,4112.9
417,128407.4321,126671.1131,1736.3190,0.0185,2.66973,4122.8
418,128407.4321,126671.1131,1736.3190,0.0000,2.66973,4132.8
419,128407.4321,126759.8397,1647.5925,0.1111,2.69355,4142.6
420,128407.4321,126759.8397,1647.5925,0.0000,2.69355,4152.9
421,128407.4321,126759.8397,1647.5925,0.0000,2.69355,4164.9
422,128407.4321,126773.0384,1634.3937,0.0370,2.72669,4175.8
423,128407.4321,126773.0384,1634.3937,0.0185,2.7279,4185.9
424,128407.4321,126773.0384,1634.3937,0.0000,2.7279,4195.9
425,128407.4321,126773.0384,1634.3937,0.0000,2.7279,4209.4
426,128407.4321,126773.0384,1634.3937,0.0185,2.7488,4220.2
427,128407.4321,126773.0384,1634.3937,0.0000,2.7488,4230.1
428,128477.5619,126773.0384,1704.5234,0.0185,2.7502,4239.9
429,128477.5619,126773.0384,1704.5234,0.0741,2.77386,4249.6
430,128477.5619,126773.0384,1704.5234,0.0370,2.77743,4259.6
431,128477.5619,126773.0384,1704.5234,0.0185,2.78219,4269.6
432,128477.5619,126773.0384,1704.5234,0.0000,2.78219,4279.3
433,128477.5619,126773.0384,1704.5234,0.0000,2.78219,4289.6
434,128477.5619,126773.0384,1704.5234,0.0000,2.78219,4299.1
435,128603.0032,126773.0384,1829.9648,0.0556,2.78556,4308.9
436,128603.0032,126773.0384,1829.9648,0.0000,2.78556,4318.7
437,128603.0032,126773.0384,1829.9648,0.0370,2.79988,4328.8
438,128603.0032,126773.0384,1829.9648,0.0000,2.79988,4339.7
439,128603.0032,126773.0384,1829.9648,0.0000,2.79988,4350.7
440,128603.0032,126773.0384,1829.9648,0.0000,2.79988,4360.9
441,128603.0032,126773.0384,1829.9648,0.0185,2.78909,4371.0
442,128603.0032,126773.0384,1829.9648,0.0370,2.79569,4380.8
443,128603.0032,126837.5147,1765.4885,0.0185,2.80087,4393.4
444,128603.0032,126837.5147,1765.4885,0.0185,2.79692,4403.2
445,128603.0032,126837.5147,1765.4885,0.0185,2.79935,4413.4
446,128603.0032,126837.5147,1765.4885,0.0185,2.80546,4423.4
447,128603.0032,126837.5147,1765.4885,0.0185,2.82873,4433.1
448,128603.0032,126837.5147,1765.4885,0.0185,2.82797,4442.8
449,128603.0032,126837.5147,1765.4885,0.0000,2.82797,4452.7
450,128603.0032,126852.9322,1750.0710,0.0185,2.82614,4462.6
451,128603.0032,126852.9322,1750.0710,0.0185,2.83085,4472.7
452,128603.0032,126857.2296,1745.7736,0.0185,2.83371,4482.6
453,128603.0032,126857.2296,1745.7736,0.0556,2.82864,4492.4
454,128603.0032,126857.2296,1745.7736,0.0185,2.82597,4502.3
455,128603.0032,126857.2296,1745.7736,0.0185,2.83251,4512.2
456,128603.0032,126857.2296,1745.7736,0.0000,2.83251,4522.4
457,128603.0032,126914.3951,1688.6081,0.0370,2.81656,4534.0
458,128603.0032,126914.3951,1688.6081,0.0185,2.81409,4545.0
459,128603.0032,126914.3951,1688.6081,0.0000,2.81409,4555.2
460,128603.0032,126914.3951,1688.6081,0.0185,2.80204,4565.4
461,128603.0032,126914.3951,1688.6081,0.0000,2.80204,4578.6
462,128603.0032,126914.3951,1688.6081,0.0000,2.80204,4589.5
463,128603.0032,126914.3951,1688.6081,0.0000,2.80204,4599.3
464,128603.0032,126914.3951,1688.6081,0.0370,2.79722,4609.1
465,128603.0032,126914.3951,1688.6081,0.0185,2.79973,4618.8
466,128603.0032,126914.3951,1688.6081,0.0185,2.80898,4628.6
467,128603.0032,126914.3951,1688.6081,0.0000,2.80898,4638.5
468,128603.0032,126914.3951,1688.6081,0.0000,2.80898,4648.3
469,128603.0032,126914.3951,1688.6081,0.0000,2.80898,4658.1
470,128603.0032,126962.1443,1640.8589,0.0370,2.82096,4667.8
471,128603.0032,127031.4563,1571.5469,0.0556,2.83458,4677.7
472,128603.0032,127031.4563,1571.5469,0.0185,2.83671,4687.6
473,128603.0032,127031.4563,1571.5469,0.0185,2.83804,4697.2
474,128603.0032,127031.4563,1571.5469,0.0000,2.83804,4707.9
475,128767.0189,127031.4563,1735.5625,0.0370,2.84294,4719.7
476,128767.0189,127031.4563,1735.5625,0.0185,2.84699,4729.5
477,128767.0189,127031.4563,1735.5625,0.0000,2.84699,4739.1
478,128767.0189,127031.4563,1735.5625,0.0185,2.88722,4750.4
479,128767.0189,127031.4563,1735.5625,0.0000,2.88722,4762.4
480,128767.0189,127031.4563,1735.5625,0.0741,2.88155,4772.5
481,128767.0189,127031.4563,1735.5625,0.0185,2.88291,4782.7
482,128767.0189,127031.4563,1735.5625,0.0185,2.89213,4792.7
483,128767.0189,127031.4563,1735.5625,0.0556,2.89597,4802.5
484,128767.0189,127031.4563,1735.5625,0.0000,2.89597,4812.3
485,128767.0189,127031.4563,1735.5625,0.0000,2.89597,4822.0
486,128767.0189,127031.4563,1735.5625,0.0000,2.89597,4832.1
487,128767.0189,127031.4563,1735.5625,0.0370,2.90969,4842.6
488,128767.0189,127065.1172,1701.9017,0.0185,2.92442,4852.5
489,128767.0189,127065.1172,1701.9017,0.0000,2.92442,4862.3
490,128767.0189,127065.1172,1701.9017,0.0000,2.92442,4872.2
491,128767.0189,127080.0667,1686.9521,0.0370,2.92624,4882.1
492,128767.0189,127080.0667,1686.9521,0.0185,2.91579,4892.5
493,128767.0189,127080.0667,1686.9521,0.0000,2.91579,4903.9
494,128767.0189,127080.0667,1686.9521,0.0000,2.91579,4914.3
495,128767.0189,127080.0667,1686.9521,0.0000,2.91579,4924.5
496,128767.0189,127080.0667,1686.9521,0.0185,2.92475,4936.0
497,128767.0189,127080.0667,1686.9521,0.0000,2.92475,4947.5
498,128767.0189,127080.0667,1686.9521,0.0370,2.94789,4957.4
499,128767.0189,127080.0667,1686.9521,0.0185,2.97312,4967.3
500,128767.0189,127080.0667,1686.9521,0.0370,2.98104,4976.9
501,128767.0189,127080.0667,1686.9521,0.0185,2.97387,4986.6
502,128767.0189,127080.0667,1686.9521,0.0000,2.97387,4996.3
503,128767.0189,127080.0667,1686.9521,0.0000,2.97387,5006.1
504,128767.0189,127080.0667,1686.9521,0.0000,2.97387,5016.2
505,128767.0189,127080.0667,1686.9521,0.0741,2.9903,5026.2
506,128767.0189,127080.0667,1686.9521,0.0185,2.99699,5036.3
507,128767.0189,127080.0667,1686.9521,0.0000,2.99699,5046.4
508,128767.0189,127080.0667,1686.9521,0.0000,2.99699,5056.5
509,128767.0189,127080.0667,1686.9521,0.0000,2.99699,5066.6
510,128767.0189,127080.0667,1686.9521,0.0000,2.99699,5076.5
511,128767.0189,127080.0667,1686.9521,0.0185,2.99742,5086.3
512,128767.0189,127080.0667,1686.9521,0.0000,2.99742,5096.2
513,128767.0189,127080.0667,1686.9521,0.0000,2.99742,5106.3
514,128767.0189,127080.0667,1686.9521,0.0000,2.99742,5116.2
515,128767.0189,127080.0667,1686.9521,0.0185,3.01625,5126.2
516,128767.0189,127080.0667,1686.9521,0.0185,3.0181,5136.6
517,128767.0189,127080.0667,1686.9521,0.0185,3.01789,5146.6
518,128767.0189,127080.0667,1686.9521,0.0000,3.01789,5156.9
519,128767.0189,127080.0667,1686.9521,0.0185,3.01537,5167.2
520,128767.0189,127080.0667,1686.9521,0.0000,3.01537,5176.9
521,128767.0189,127080.0667,1686.9521,0.0185,3.02058,5186.9
522,128767.0189,127080.0667,1686.9521,0.0370,3.00872,5196.7
523,128767.0189,127080.0667,1686.9521,0.0000,3.00872,5206.9
524,128767.0189,127080.0667,1686.9521,0.0000,3.00872,5217.3
525,128767.0189,127080.0667,1686.9521,0.0185,2.99707,5227.0
526,128767.0189,127080.0667,1686.9521,0.0000,2.99707,5236.9
527,128767.0189,127080.0667,1686.9521,0.0000,2.99707,5246.9
528,128767.0189,127080.0667,1686.9521,0.0000,2.99707,5256.8
529,128767.0189,127086.8250,1680.1939,0.0556,3.01474,5266.7
530,128767.0189,127086.8250,1680.1939,0.0185,3.02193,5276.9
531,128767.0189,127086.8250,1680.1939,0.0000,3.02193,5287.0
532,128767.0189,127086.8250,1680.1939,0.0185,3.02116,5296.9
533,128767.0189,127086.8250,1680.1939,0.0370,3.02421,5307.0
534,128767.0189,127086.8250,1680.1939,0.0000,3.02421,5317.0
535,128767.0189,127086.8250,1680.1939,0.0370,3.03902,5327.0
536,128767.0189,127086.8250,1680.1939,0.0370,3.036,5336.7
537,128767.0189,127086.8250,1680.1939,0.0000,3.036,5346.7
538,128767.0189,127086.8250,1680.1939,0.0556,3.00628,5356.5
539,128767.0189,127086.8250,1680.1939,0.0185,3.00424,5366.8
540,128767.0189,127086.8250,1680.1939,0.0185,3.02335,5376.8
541,128767.0189,127086.8250,1680.1939,0.0185,3.0228,5387.1
542,128767.0189,127093.0161,1674.0027,0.0370,3.02706,5397.5
543,128767.0189,127093.0161,1674.0027,0.0000,3.02706,5407.7
544,128767.0189,127093.0161,1674.0027,0.0185,3.03122,5417.5
545,128767.0189,127093.0161,1674.0027,0.0185,3.02171,5427.7
546,128767.0189,127093.0161,1674.0027,0.0000,3.02171,5437.6
547,128767.0189,127093.0161,1674.0027,0.0185,3.00031,5447.6
548,128767.0189,127093.0161,1674.0027,0.0000,3.00031,5457.4
549,128767.0189,127093.0161,1674.0027,0.0000,3.00031,5467.5
550,128767.0189,127136.6645,1630.3544,0.0185,2.9929,5477.6
551,128767.0189,127136.6645,1630.3544,0.0185,2.99946,5487.3
552,128767.0189,127136.6645,1630.3544,0.0000,2.99946,5497.1
553,128767.0189,127136.6645,1630.3544,0.0000,2.99946,5506.9
554,128767.0189,127136.6645,1630.3544,0.0000,2.99946,5516.8
555,128767.0189,127136.6645,1630.3544,0.0000,2.99946,5526.8
556,128767.0189,127136.6645,1630.3544,0.0000,2.99946,5536.8
557,128767.0189,127136.6645,1630.3544,0.0185,3.002,5547.0
558,128767.0189,127136.6645,1630.3544,0.0000,3.002,5557.3
559,128767.0189,127136.6645,1630.3544,0.0185,3.00197,5567.3
560,128767.0189,127254.6222,1512.3967,0.0185,3.00466,5577.3
561,128767.0189,127254.6222,1512.3967,0.0185,2.99833,5587.2
562,128767.0189,127394.1499,1372.8690,0.0185,2.99874,5596.9
563,128767.0189,127394.1499,1372.8690,0.0185,3.00218,5607.0
564,128767.0189,127394.1499,1372.8690,0.0370,3.01183,5616.7
565,128767.0189,127394.1499,1372.8690,0.0185,2.9982,5626.5
566,128767.0189,127394.1499,1372.8690,0.0185,3.00713,5636.3
567,128767.0189,127394.1499,1372.8690,0.0185,3.0103,5646.2
568,128767.0189,127394.1499,1372.8690,0.0000,3.0103,5656.2
569,128767.0189,127394.1499,1372.8690,0.0000,3.0103,5666.1
570,128767.0189,127394.1499,1372.8690,0.0370,3.00768,5676.1
571,128767.0189,127394.1499,1372.8690,0.0000,3.00768,5686.2
572,128767.0189,127394.1499,1372.8690,0.0000,3.00768,5696.2
573,128767.0189,127394.1499,1372.8690,0.0370,3.02138,5706.1
574,128767.0189,127394.1499,1372.8690,0.0185,3.02337,5716.0
575,128767.0189,127394.1499,1372.8690,0.0000,3.02337,5726.1
576,128767.0189,127394.1499,1372.8690,0.0000,3.02337,5736.1
577,128767.0189,127394.1499,1372.8690,0.0185,3.02655,5746.2
578,128767.0189,127434.1990,1332.8198,0.0185,3.01708,5755.9
579,128767.0189,127434.1990,1332.8198,0.0000,3.01708,5766.0
580,128767.0189,127434.1990,1332.8198,0.0185,3.01427,5776.1
581,128767.0189,127434.1990,1332.8198,0.0370,3.02399,5786.0
582,128767.0189,127434.1990,1332.8198,0.0185,3.01202,5796.1
583,128767.0189,127434.1990,1332.8198,0.0185,3.01393,5806.2
584,128767.0189,127434.1990,1332.8198,0.0000,3.01393,5815.8
585,128767.0189,127434.1990,1332.8198,0.0000,3.01393,5825.8
586,128767.0189,127434.1990,1332.8198,0.0000,3.01393,5835.8
587,128767.0189,127434.1990,1332.8198,0.0000,3.01393,5845.5
588,128767.0189,127434.1990,1332.8198,0.0185,3.02609,5855.2
589,128767.0189,127434.1990,1332.8198,0.0185,3.0248,5865.2
590,128767.0189,127434.1990,1332.8198,0.0000,3.0248,5875.1
591,128767.0189,127434.1990,1332.8198,0.0000,3.0248,5885.4
592,128767.0189,127434.1990,1332.8198,0.0000,3.0248,5895.4
593,128767.0189,127434.1990,1332.8198,0.0000,3.0248,5905.1
594,128767.0189,127434.1990,1332.8198,0.0000,3.0248,5915.1
595,128767.0189,127434.1990,1332.8198,0.0185,3.02406,5925.3
596,128767.0189,127434.1990,1332.8198,0.0000,3.02406,5935.3
597,128767.0189,127434.1990,1332.8198,0.0185,3.0338,5945.1
598,128767.0189,127434.1990,1332.8198,0.0000,3.0338,5955.0
599,128767.0189,127434.1990,1332.8198,0.0000,3.0338,5964.7
600,128767.0189,127434.1990,1332.8198,0.0000,3.0338,5974.6
601,128767.0189,127434.1990,1332.8198,0.0000,3.0338,5984.6
602,128767.0189,127434.1990,1332.8198,0.0000,3.0338,5994.4
603,128767.0189,127434.1990,1332.8198,0.0185,3.05205,6004.2
604,128767.0189,127434.1990,1332.8198,0.0185,3.05315,6014.0
605,128767.0189,127434.1990,1332.8198,0.0000,3.05315,6023.9
606,128767.0189,127434.1990,1332.8198,0.0741,3.0476,6034.0
607,128767.0189,127434.1990,1332.8198,0.0185,3.0355,6043.9
608,128767.0189,127434.1990,1332.8198,0.0000,3.0355,6053.7
609,128767.0189,127434.1990,1332.8198,0.0000,3.0355,6063.7
610,128767.0189,127434.1990,1332.8198,0.0185,3.02613,6073.7
611,128767.0189,127434.1990,1332.8198,0.0000,3.02613,6083.6
612,128767.0189,127434.1990,1332.8198,0.0185,3.0233,6093.2
613,128767.0189,127434.1990,1332.8198,0.0185,3.02158,6103.1
614,128767.0189,127434.1990,1332.8198,0.0185,3.00799,6113.1
615,128767.0189,127434.1990,1332.8198,0.0185,3.00386,6123.1
616,128767.0189,127434.1990,1332.8198,0.0000,3.00386,6133.4
617,128767.0189,127434.1990,1332.8198,0.0000,3.00386,6143.3
618,128767.0189,127434.1990,1332.8198,0.0185,3.00056,6153.4
619,128767.0189,127434.1990,1332.8198,0.0370,3.01101,6163.4
620,128767.0189,127434.1990,1332.8198,0.0370,3.01398,6173.3
621,128767.0189,127434.1990,1332.8198,0.0185,3.01275,6183.3
622,128767.0189,127434.1990,1332.8198,0.0000,3.01275,6193.5
623,128767.0189,127434.1990,1332.8198,0.0185,3.01382,6203.5
624,128767.0189,127434.1990,1332.8198,0.0000,3.01382,6213.4
625,128767.0189,127434.1990,1332.8198,0.0000,3.01382,6223.7
626,128767.0189,127434.1990,1332.8198,0.0000,3.01382,6233.6
627,128767.0189,127434.1990,1332.8198,0.0000,3.01382,6243.4
628,128767.0189,127434.1990,1332.8198,0.0000,3.01382,6253.3
629,128767.0189,127434.1990,1332.8198,0.0185,3.0169,6263.4
630,128767.0189,127434.1990,1332.8198,0.0000,3.0169,6273.2
631,128767.0189,127434.1990,1332.8198,0.0000,3.0169,6283.3
632,128767.0189,127434.1990,1332.8198,0.0185,3.01116,6293.1
633,128767.0189,127434.1990,1332.8198,0.0185,3.01667,6303.2
634,128767.0189,127434.1990,1332.8198,0.0185,3.01683,6313.1
635,128767.0189,127434.1990,1332.8198,0.0000,3.01683,6322.9
636,128767.0189,127434.1990,1332.8198,0.0185,3.01228,6333.2
637,128767.0189,127434.1990,1332.8198,0.0370,3.01672,6343.2
638,128767.0189,127434.1990,1332.8198,0.0000,3.01672,6353.2
639,128767.0189,127434.1990,1332.8198,0.0000,3.01672,6363.0
640,128767.0189,127434.1990,1332.8198,0.0000,3.01672,6373.3
641,128842.3327,127434.1990,1408.1337,0.0741,3.07877,6383.3
642,128842.3327,127434.1990,1408.1337,0.0000,3.07877,6393.0
643,128842.3327,127434.1990,1408.1337,0.0185,3.07618,6402.8
644,128842.3327,127434.1990,1408.1337,0.0185,3.07553,6413.0
645,128842.3327,127434.1990,1408.1337,0.0000,3.07553,6423.2
646,128842.3327,127496.7331,1345.5997,0.0185,3.06873,6433.0
647,128842.3327,127496.7331,1345.5997,0.0000,3.06873,6443.0
648,128842.3327,127496.7331,1345.5997,0.0000,3.06873,6453.0
649,128842.3327,127496.7331,1345.5997,0.0185,3.065,6463.2
650,128842.3327,127496.7331,1345.5997,0.0000,3.065,6473.1
651,128842.3327,127496.7331,1345.5997,0.0185,3.05696,6483.2
652,128842.3327,127496.7331,1345.5997,0.0185,3.06081,6493.0
653,128842.3327,127496.7331,1345.5997,0.0000,3.06081,6503.0
654,128842.3327,127496.7331,1345.5997,0.0000,3.06081,6513.0
655,128842.3327,127529.6854,1312.6474,0.0185,3.06707,6522.6
656,128842.3327,127529.6854,1312.6474,0.0000,3.06707,6532.8
657,128842.3327,127529.6854,1312.6474,0.0000,3.06707,6542.8
658,128842.3327,127529.6854,1312.6474,0.0000,3.06707,6552.9
659,128842.3327,127529.6854,1312.6474,0.0000,3.06707,6562.6
660,128842.3327,127529.6854,1312.6474,0.0000,3.06707,6572.6
661,128842.3327,127529.6854,1312.6474,0.0185,3.08468,6582.3
662,128842.3327,127529.6854,1312.6474,0.0000,3.08468,6592.2
663,128842.3327,127529.6854,1312.6474,0.0000,3.08468,6602.1
664,128842.3327,127529.6854,1312.6474,0.0000,3.08468,6612.0
665,128842.3327,127529.6854,1312.6474,0.0000,3.08468,6621.8
666,128842.3327,127529.6854,1312.6474,0.0000,3.08468,6631.7
667,128842.3327,127529.6854,1312.6474,0.0370,3.08724,6641.7
668,128842.3327,127529.6854,1312.6474,0.0370,3.07924,6651.4
669,128842.3327,127529.6854,1312.6474,0.0185,3.08198,6661.6
670,128870.7936,127529.6854,1341.1082,0.0185,3.08736,6671.4
671,128870.7936,127529.6854,1341.1082,0.0000,3.08736,6681.2
672,128870.7936,127529.6854,1341.1082,0.0000,3.08736,6691.6
673,128870.7936,127529.6854,1341.1082,0.0000,3.08736,6701.8
674,128870.7936,127529.6854,1341.1082,0.0000,3.08736,6711.8
675,128870.7936,127529.6854,1341.1082,0.0000,3.08736,6721.8
676,128870.7936,127529.6854,1341.1082,0.0000,3.08736,6731.8
677,128870.7936,127529.6854,1341.1082,0.0000,3.08736,6741.7
678,128870.7936,127529.6854,1341.1082,0.0000,3.08736,6751.3
679,128870.7936,127529.6854,1341.1082,0.0185,3.08153,6761.6
680,128870.7936,127529.6854,1341.1082,0.0000,3.08153,6771.5
681,128870.7936,127529.6854,1341.1082,0.0000,3.08153,6781.3
682,128870.7936,127529.6854,1341.1082,0.0000,3.08153,6791.1
683,128870.7936,127529.6854,1341.1082,0.0000,3.08153,6801.2
684,128870.7936,127529.6854,1341.1082,0.0000,3.08153,6811.2
685,128870.7936,127586.8494,1283.9442,0.0185,3.0834,6821.5
686,128870.7936,127586.8494,1283.9442,0.0000,3.0834,6831.7
687,128870.7936,127601.5001,1269.2935,0.0185,3.0838,6841.9
688,128870.7936,127628.9021,1241.8915,0.0370,3.07627,6851.7
689,128870.7936,127637.8307,1232.9628,0.0370,3.08442,6861.9
690,128870.7936,127637.8307,1232.9628,0.0000,3.08442,6871.9
691,128870.7936,127637.8307,1232.9628,0.0185,3.0874,6881.7
692,128870.7936,127637.8307,1232.9628,0.0185,3.09443,6891.4
693,128870.7936,127637.8307,1232.9628,0.0185,3.10262,6901.1
694,128870.7936,127637.8307,1232.9628,0.0000,3.10262,6911.2
695,128870.7936,127637.8307,1232.9628,0.0000,3.10262,6921.5
696,128870.7936,127637.8307,1232.9628,0.0000,3.10262,6931.4
697,128870.7936,127637.8307,1232.9628,0.0000,3.10262,6941.5
698,128870.7936,127649.9798,1220.8138,0.0370,3.11093,6951.6
699,128870.7936,127649.9798,1220.8138,0.0370,3.1145,6961.3
700,128870.7936,127649.9798,1220.8138,0.0000,3.1145,6971.2
701,128870.7936,127649.9798,1220.8138,0.0000,3.1145,6981.0
702,128870.7936,127649.9798,1220.8138,0.0000,3.1145,6991.3
703,128870.7936,127649.9798,1220.8138,0.0000,3.1145,7001.4
704,128870.7936,127649.9798,1220.8138,0.0370,3.10869,7011.3
705,128870.7936,127649.9798,1220.8138,0.0000,3.10869,7021.2
706,128870.7936,127654.0649,1216.7287,0.0185,3.12186,7031.1
707,128870.7936,127654.0649,1216.7287,0.0000,3.12186,7040.9
708,128870.7936,127654.0649,1216.7287,0.0000,3.12186,7050.7
709,128870.7936,127654.0649,1216.7287,0.0000,3.12186,7060.6
710,128870.7936,127654.0649,1216.7287,0.0000,3.12186,7070.6
711,128870.7936,127654.0649,1216.7287,0.0000,3.12186,7080.4
712,128870.7936,127654.0649,1216.7287,0.0185,3.12738,7090.2
713,128870.7936,127654.0649,1216.7287,0.0000,3.12738,7100.1
714,128870.7936,127654.0649,1216.7287,0.0000,3.12738,7109.7
715,128870.7936,127693.8226,1176.9709,0.0556,3.12461,7119.6
716,128870.7936,127693.8226,1176.9709,0.0185,3.11992,7129.4
717,128870.7936,127693.8226,1176.9709,0.0000,3.11992,7139.2
718,128870.7936,127693.8226,1176.9709,0.0000,3.11992,7149.4
719,128870.7936,127693.8226,1176.9709,0.0000,3.11992,7159.2
720,128870.7936,127693.8226,1176.9709,0.0185,3.09665,7169.4
721,128870.7936,127693.8226,1176.9709,0.0000,3.09665,7179.1
722,128870.7936,127693.8226,1176.9709,0.0000,3.09665,7189.2
723,128870.7936,127693.8226,1176.9709,0.0185,3.09584,7199.1
724,128870.7936,127693.8226,1176.9709,0.0185,3.09233,7209.3
725,128870.7936,127693.8226,1176.9709,0.0000,3.09233,7219.2
726,128870.7936,127693.8226,1176.9709,0.0000,3.09233,7229.4
727,128870.7936,127693.8226,1176.9709,0.0370,3.12048,7239.6
728,128870.7936,127693.8226,1176.9709,0.0185,3.1046,7249.6
729,128870.7936,127693.8226,1176.9709,0.0000,3.1046,7259.6
730,128870.7936,127693.8226,1176.9709,0.0000,3.1046,7269.7
731,128870.7936,127693.8226,1176.9709,0.0185,3.10555,7279.9
732,128870.7936,127693.8226,1176.9709,0.0185,3.10669,7289.9
733,128870.7936,127693.8226,1176.9709,0.0185,3.10687,7299.9
734,128870.7936,127693.8226,1176.9709,0.0185,3.10904,7310.2
735,128870.7936,127693.8226,1176.9709,0.0000,3.10904,7320.2
736,128870.7936,127693.8226,1176.9709,0.0000,3.10904,7330.0
737,128870.7936,127693.8226,1176.9709,0.0000,3.10904,7339.9
738,128870.7936,127693.8226,1176.9709,0.0000,3.10904,7349.9
739,128870.7936,127693.8226,1176.9709,0.0000,3.10904,7359.6
740,128870.7936,127693.8226,1176.9709,0.0000,3.10904,7369.8
741,128870.7936,127693.8226,1176.9709,0.0000,3.10904,7379.5
742,128870.7936,127693.8226,1176.9709,0.0370,3.12171,7389.4
743,128870.7936,127693.8226,1176.9709,0.0000,3.12171,7399.3
744,128870.7936,127693.8226,1176.9709,0.0185,3.11814,7409.0
745,128870.7936,127693.8226,1176.9709,0.0185,3.12188,7419.0
746,128870.7936,127693.8226,1176.9709,0.0185,3.13214,7428.8
747,128870.7936,127693.8226,1176.9709,0.0000,3.13214,7439.1
748,128870.7936,127693.8226,1176.9709,0.0185,3.12968,7448.9
749,128870.7936,127693.8226,1176.9709,0.0000,3.12968,7459.0
750,128870.7936,127693.8226,1176.9709,0.0370,3.17228,7469.1
751,128870.7936,127693.8226,1176.9709,0.0000,3.17228,7478.9
752,128870.7936,127693.8226,1176.9709,0.0185,3.15908,7488.5
753,128870.7936,127693.8226,1176.9709,0.0185,3.15011,7498.5
754,128870.7936,127693.8226,1176.9709,0.0000,3.15011,7508.3
755,128870.7936,127693.8226,1176.9709,0.0370,3.14474,7518.3
756,128870.7936,127693.8226,1176.9709,0.0185,3.12228,7528.3
757,128870.7936,127693.8226,1176.9709,0.0000,3.12228,7538.3
758,128870.7936,127693.8226,1176.9709,0.0185,3.1292,7548.0
759,128870.7936,127693.8226,1176.9709,0.0185,3.13082,7557.9
760,128870.7936,127693.8226,1176.9709,0.0000,3.13082,7568.0
761,128870.7936,127693.8226,1176.9709,0.0000,3.13082,7578.1
762,128870.7936,127693.8226,1176.9709,0.0370,3.12341,7588.1
763,128870.7936,127693.8226,1176.9709,0.0185,3.13291,7598.4
764,128870.7936,127693.8226,1176.9709,0.0000,3.13291,7608.6
765,128870.7936,127693.8226,1176.9709,0.0000,3.13291,7618.8
766,128870.7936,127693.8226,1176.9709,0.0370,3.15766,7629.0
767,128870.7936,127693.8226,1176.9709,0.0000,3.15766,7639.0
768,128870.7936,127693.8226,1176.9709,0.0185,3.16503,7648.8
769,128870.7936,127693.8226,1176.9709,0.0000,3.16503,7658.8
770,128870.7936,127693.8226,1176.9709,0.0370,3.16305,7668.7
771,128870.7936,127693.8226,1176.9709,0.0000,3.16305,7678.9
772,128870.7936,127693.8226,1176.9709,0.0000,3.16305,7688.9
773,128870.7936,127693.8226,1176.9709,0.0000,3.16305,7699.2
774,128870.7936,127693.8226,1176.9709,0.0000,3.16305,7709.5
775,128870.7936,127693.8226,1176.9709,0.0000,3.16305,7719.5
776,128870.7936,127693.8226,1176.9709,0.0185,3.15551,7729.5
777,128870.7936,127693.8226,1176.9709,0.0370,3.19823,7739.4
778,128870.7936,127693.8226,1176.9709,0.0000,3.19823,7749.3
779,128870.7936,127693.8226,1176.9709,0.0000,3.19823,7759.1
780,128870.7936,127693.8226,1176.9709,0.0185,3.18807,7769.1
781,128870.7936,127693.8226,1176.9709,0.0000,3.18807,7779.1
782,128870.7936,127693.8226,1176.9709,0.0000,3.18807,7789.4
783,128870.7936,127693.8226,1176.9709,0.0000,3.18807,7799.8
784,128870.7936,127693.8226,1176.9709,0.0000,3.18807,7809.8
785,128870.7936,127693.8226,1176.9709,0.0185,3.18535,7819.6
786,128870.7936,127693.8226,1176.9709,0.0000,3.18535,7829.6
787,128870.7936,127693.8226,1176.9709,0.0185,3.2054,7839.4
788,128870.7936,127693.8226,1176.9709,0.0000,3.2054,7849.4
789,128870.7936,127693.8226,1176.9709,0.0370,3.22422,7859.1
790,128870.7936,127693.8226,1176.9709,0.0000,3.22422,7869.0
791,128870.7936,127693.8226,1176.9709,0.0000,3.22422,7879.1
792,128870.7936,127693.8226,1176.9709,0.0185,3.22754,7889.1
793,128870.7936,127693.8226,1176.9709,0.0000,3.22754,7898.9
794,128870.7936,127693.8226,1176.9709,0.0185,3.23972,7909.0
795,128870.7936,127693.8226,1176.9709,0.0000,3.23972,7918.9
796,128870.7936,127693.8226,1176.9709,0.0000,3.23972,7928.5
797,128870.7936,127693.8226,1176.9709,0.0000,3.23972,7938.7
798,128870.7936,127693.8226,1176.9709,0.0185,3.24104,7948.5
799,128870.7936,127693.8226,1176.9709,0.0000,3.24104,7958.0
800,128870.7936,127693.8226,1176.9709,0.0185,3.2389,7968.3
801,128870.7936,127693.8226,1176.9709,0.0000,3.2389,7978.2
802,128870.7936,127693.8226,1176.9709,0.0000,3.2389,7988.3
803,128870.7936,127693.8226,1176.9709,0.0000,3.2389,7998.0
804,128870.7936,127693.8226,1176.9709,0.0185,3.22887,8007.9
805,128870.7936,127693.8226,1176.9709,0.0185,3.21301,8017.9
806,128870.7936,127693.8226,1176.9709,0.0185,3.20806,8027.8
807,128870.7936,127693.8226,1176.9709,0.0185,3.20287,8037.6
808,128870.7936,127693.8226,1176.9709,0.0000,3.20287,8047.3
809,128870.7936,127693.8226,1176.9709,0.0000,3.20287,8057.4
810,128870.7936,127693.8226,1176.9709,0.0000,3.20287,8067.3
811,128870.7936,127693.8226,1176.9709,0.0000,3.20287,8077.3
812,128870.7936,127693.8226,1176.9709,0.0000,3.20287,8087.3
813,128870.7936,127693.8226,1176.9709,0.0185,3.20981,8097.4
814,128870.7936,127693.8226,1176.9709,0.0000,3.20981,8107.6
815,128870.7936,127693.8226,1176.9709,0.0000,3.20981,8117.8
816,128870.7936,127693.8226,1176.9709,0.0185,3.20951,8128.1
817,128870.7936,127693.8226,1176.9709,0.0185,3.22722,8138.0
818,128870.7936,127693.8226,1176.9709,0.0000,3.22722,8148.1
819,128870.7936,127693.8226,1176.9709,0.0185,3.22867,8158.1
820,128870.7936,127693.8226,1176.9709,0.0000,3.22867,8168.0
821,128870.7936,127693.8226,1176.9709,0.0185,3.222,8178.5
822,128870.7936,127693.8226,1176.9709,0.0185,3.22774,8188.5
823,128870.7936,127693.8226,1176.9709,0.0370,3.23811,8198.4
824,128870.7936,127693.8226,1176.9709,0.0000,3.23811,8208.2
825,128870.7936,127693.8226,1176.9709,0.0370,3.24191,8218.5
826,128870.7936,127693.8226,1176.9709,0.0000,3.24191,8228.4
827,128870.7936,127693.8226,1176.9709,0.0185,3.25675,8238.4
828,128870.7936,127693.8226,1176.9709,0.0000,3.25675,8248.5
829,128870.7936,127693.8226,1176.9709,0.0000,3.25675,8258.3
830,128870.7936,127693.8226,1176.9709,0.0000,3.25675,8268.5
831,128870.7936,127693.8226,1176.9709,0.0370,3.25485,8278.5
832,128870.7936,127769.5961,1101.1975,0.0370,3.25001,8288.4
833,128870.7936,127769.5961,1101.1975,0.0185,3.23533,8298.1
834,128870.7936,127769.5961,1101.1975,0.0000,3.23533,8308.3
835,128870.7936,127769.5961,1101.1975,0.0185,3.23683,8318.2
836,128870.7936,127769.5961,1101.1975,0.0000,3.23683,8328.1
837,128870.7936,127769.5961,1101.1975,0.0000,3.23683,8338.2
838,128979.6522,127769.5961,1210.0561,0.0185,3.24077,8348.7
839,128979.6522,127769.5961,1210.0561,0.0185,3.24174,8359.0
840,128979.6522,127769.5961,1210.0561,0.0000,3.24174,8369.0
841,128979.6522,127769.5961,1210.0561,0.0000,3.24174,8378.8
842,128979.6522,127769.5961,1210.0561,0.0000,3.24174,8389.1
843,128979.6522,127769.5961,1210.0561,0.0185,3.23654,8399.1
844,128979.6522,127769.5961,1210.0561,0.0185,3.23408,8409.0
845,128979.6522,127769.5961,1210.0561,0.0000,3.23408,8419.2
846,128979.6522,127769.5961,1210.0561,0.0000,3.23408,8429.3
847,128979.6522,127769.5961,1210.0561,0.0185,3.23598,8439.4
848,128979.6522,127769.5961,1210.0561,0.0000,3.23598,8449.6
849,128979.6522,127769.5961,1210.0561,0.0000,3.23598,8459.8
850,128979.6522,127769.5961,1210.0561,0.0185,3.2488,8469.7
851,128979.6522,127769.5961,1210.0561,0.0000,3.2488,8479.8
852,128979.6522,127769.5961,1210.0561,0.0000,3.2488,8490.2
853,128979.6522,127769.5961,1210.0561,0.0000,3.2488,8500.5
854,128979.6522,127769.5961,1210.0561,0.0000,3.2488,8510.3
855,128979.6522,127769.5961,1210.0561,0.0000,3.2488,8520.4
856,128979.6522,127769.5961,1210.0561,0.0185,3.24789,8530.4
857,128979.6522,127817.1060,1162.5463,0.0185,3.24233,8540.5
858,128979.6522,127817.1060,1162.5463,0.0000,3.24233,8550.5
859,128979.6522,127817.1060,1162.5463,0.0000,3.24233,8560.6
860,128979.6522,127817.1060,1162.5463,0.0000,3.24233,8571.0
861,128979.6522,127817.1060,1162.5463,0.0000,3.24233,8580.7
862,129085.2875,127817.1060,1268.1815,0.0185,3.25323,8590.4
863,129085.2875,127817.1060,1268.1815,0.0000,3.25323,8600.8
864,129085.2875,127817.1060,1268.1815,0.0000,3.25323,8610.8
865,129085.2875,127891.4794,1193.8081,0.0185,3.27518,8620.6
866,129085.2875,127891.4794,1193.8081,0.0185,3.2787,8630.8
867,129085.2875,127891.4794,1193.8081,0.0185,3.27766,8640.9
868,129085.2875,127891.4794,1193.8081,0.0185,3.28437,8650.9
869,129085.2875,127891.4794,1193.8081,0.0000,3.28437,8661.2
870,129085.2875,127891.4794,1193.8081,0.0000,3.28437,8671.0
871,129085.2875,127891.4794,1193.8081,0.0370,3.28924,8681.2
872,129085.2875,127891.4794,1193.8081,0.0185,3.29755,8691.3
873,129085.2875,127891.4794,1193.8081,0.0000,3.29755,8701.2
874,129085.2875,127891.4794,1193.8081,0.0000,3.29755,8710.9
875,129085.2875,127891.4794,1193.8081,0.0185,3.2968,8721.3
876,129085.2875,127891.4794,1193.8081,0.0370,3.3078,8731.4
877,129085.2875,127891.4794,1193.8081,0.0185,3.2888,8741.4
878,129085.2875,127891.4794,1193.8081,0.0000,3.2888,8751.6
879,129085.2875,127891.4794,1193.8081,0.0000,3.2888,8761.7
880,129085.2875,127891.4794,1193.8081,0.0000,3.2888,8771.5
881,129085.2875,127891.4794,1193.8081,0.0185,3.27362,8781.4
882,129085.2875,127891.4794,1193.8081,0.0185,3.28592,8791.7
883,129085.2875,127891.4794,1193.8081,0.0185,3.3014,8802.0
884,129085.2875,127891.4794,1193.8081,0.0000,3.3014,8812.4
885,129085.2875,127891.4794,1193.8081,0.0000,3.3014,8822.4
886,129085.2875,127891.4794,1193.8081,0.0000,3.3014,8832.5
887,129085.2875,127891.4794,1193.8081,0.0000,3.3014,8842.7
888,129085.2875,127891.4794,1193.8081,0.0000,3.3014,8852.7
889,129085.2875,127891.4794,1193.8081,0.0000,3.3014,8862.7
890,129085.2875,127891.4794,1193.8081,0.0000,3.3014,8872.9
891,129085.2875,127891.4794,1193.8081,0.0185,3.3079,8882.7
892,129085.2875,127891.4794,1193.8081,0.0185,3.31491,8892.3
893,129085.2875,127903.1630,1182.1245,0.0185,3.31414,8902.4
894,129085.2875,127903.1630,1182.1245,0.0000,3.31414,8912.6
895,129085.2875,127903.1630,1182.1245,0.0000,3.31414,8922.8
896,129085.2875,127903.1630,1182.1245,0.0370,3.32418,8933.0
897,129085.2875,127903.1630,1182.1245,0.0000,3.32418,8942.9
898,129085.2875,127903.1630,1182.1245,0.0000,3.32418,8953.1
899,129085.2875,127903.1630,1182.1245,0.0000,3.32418,8963.2
900,129085.2875,127903.1630,1182.1245,0.0000,3.32418,8973.1
901,129085.2875,127903.1630,1182.1245,0.0185,3.32459,8983.0
902,129085.2875,127903.1630,1182.1245,0.0000,3.32459,8993.0
903,129085.2875,127903.1630,1182.1245,0.0185,3.31863,9003.3
904,129085.2875,127903.1630,1182.1245,0.0185,3.33106,9013.2
905,129085.2875,127903.1630,1182.1245,0.0000,3.33106,9023.2
906,129085.2875,127903.1630,1182.1245,0.0000,3.33106,9033.3
907,129085.2875,127903.1630,1182.1245,0.0000,3.33106,9043.7
908,129085.2875,127903.1630,1182.1245,0.0000,3.33106,9053.8
909,129085.2875,127903.1630,1182.1245,0.0370,3.34016,9063.8
910,129085.2875,127903.1630,1182.1245,0.0185,3.34185,9074.0
911,129085.2875,127903.1630,1182.1245,0.0370,3.3343,9084.4
912,129085.2875,127903.1630,1182.1245,0.0370,3.30707,9094.1
913,129085.2875,127903.1630,1182.1245,0.0370,3.29554,9104.2
914,129085.2875,127903.1630,1182.1245,0.0000,3.29554,9114.0
915,129085.2875,127930.7799,1154.5076,0.0370,3.35249,9124.2
916,129085.2875,127930.7799,1154.5076,0.0000,3.35249,9134.3
917,129085.2875,127930.7799,1154.5076,0.0185,3.36103,9144.6
918,129085.2875,127930.7799,1154.5076,0.0000,3.36103,9154.9
919,129085.2875,127930.7799,1154.5076,0.0185,3.3601,9164.8
920,129085.2875,127930.7799,1154.5076,0.0000,3.3601,9175.1
921,129085.2875,127930.7799,1154.5076,0.0370,3.36734,9185.3
922,129085.2875,127930.7799,1154.5076,0.0000,3.36734,9195.3
923,129085.2875,127930.7799,1154.5076,0.0000,3.36734,9205.5
924,129085.2875,127930.7799,1154.5076,0.0000,3.36734,9215.4
925,129085.2875,127930.7799,1154.5076,0.0370,3.36296,9225.8
926,129085.2875,127930.7799,1154.5076,0.0370,3.38558,9236.0
927,129085.2875,127930.7799,1154.5076,0.0000,3.38558,9245.8
928,129085.2875,127930.7799,1154.5076,0.0185,3.38419,9255.9
929,129085.2875,127930.7799,1154.5076,0.0000,3.38419,9266.1
930,129085.2875,127930.7799,1154.5076,0.0000,3.38419,9276.0
931,129085.2875,127930.7799,1154.5076,0.0185,3.389,9286.0
932,129085.2875,127930.7799,1154.5076,0.0370,3.3652,9296.4
933,129085.2875,127930.7799,1154.5076,0.0370,3.34894,9306.6
934,129085.2875,127930.7799,1154.5076,0.0000,3.34894,9316.6
935,129085.2875,127930.7799,1154.5076,0.0000,3.34894,9326.7
936,129085.2875,127930.7799,1154.5076,0.0185,3.35396,9336.7
937,129085.2875,127930.7799,1154.5076,0.0000,3.35396,9347.2
938,129085.2875,127930.7799,1154.5076,0.0000,3.35396,9357.7
939,129085.2875,127930.7799,1154.5076,0.0000,3.35396,9367.8
940,129085.2875,127930.7799,1154.5076,0.0000,3.35396,9377.7
941,129085.2875,127930.7799,1154.5076,0.0000,3.35396,9387.6
942,129085.2875,127930.7799,1154.5076,0.0000,3.35396,9397.8
943,129085.2875,127930.7799,1154.5076,0.0000,3.35396,9407.8
944,129085.2875,127930.7799,1154.5076,0.0000,3.35396,9418.0
945,129085.2875,127930.7799,1154.5076,0.0000,3.35396,9428.1
946,129085.2875,127930.7799,1154.5076,0.0000,3.35396,9438.6
947,129085.2875,127930.7799,1154.5076,0.0185,3.3533,9449.1
948,129085.2875,127930.7799,1154.5076,0.0185,3.35139,9459.4
949,129085.2875,127930.7799,1154.5076,0.0000,3.35139,9469.8
950,129085.2875,127930.7799,1154.5076,0.0000,3.35139,9479.9
951,129085.2875,127930.7799,1154.5076,0.0000,3.35139,9490.3
952,129085.2875,127930.7799,1154.5076,0.0000,3.35139,9500.3
953,129085.2875,127930.7799,1154.5076,0.0000,3.35139,9510.6
954,129085.2875,127930.7799,1154.5076,0.0000,3.35139,9520.6
955,129085.2875,127930.7799,1154.5076,0.0185,3.3437,9530.7
956,129085.2875,127930.7799,1154.5076,0.0370,3.35121,9541.0
957,129085.2875,127930.7799,1154.5076,0.0000,3.35121,9550.9
958,129085.2875,127930.7799,1154.5076,0.0185,3.36699,9561.2
959,129085.2875,127930.7799,1154.5076,0.0185,3.36636,9571.7
960,129085.2875,127930.7799,1154.5076,0.0000,3.36636,9581.9
961,129085.2875,127930.7799,1154.5076,0.0370,3.36084,9592.1
962,129085.2875,127930.7799,1154.5076,0.0000,3.36084,9602.2
963,129085.2875,127930.7799,1154.5076,0.0185,3.41376,9612.2
964,129085.2875,127930.7799,1154.5076,0.0000,3.41376,9622.2
965,129085.2875,127930.7799,1154.5076,0.0000,3.41376,9632.4
966,129085.2875,127930.7799,1154.5076,0.0000,3.41376,9642.5
967,129085.2875,127930.7799,1154.5076,0.0000,3.41376,9652.4
968,129085.2875,127930.7799,1154.5076,0.0000,3.41376,9662.3
969,129085.2875,127930.7799,1154.5076,0.0000,3.41376,9672.3
970,129085.2875,127930.7799,1154.5076,0.0185,3.40066,9682.5
971,129085.2875,127952.7809,1132.5066,0.0185,3.39818,9692.7
972,129085.2875,127952.7809,1132.5066,0.0000,3.39818,9702.7
973,129085.2875,127952.7809,1132.5066,0.0000,3.39818,9713.2
974,129085.2875,127952.7809,1132.5066,0.0000,3.39818,9723.4
975,129085.2875,127952.7809,1132.5066,0.0000,3.39818,9733.1
976,129085.2875,127952.7809,1132.5066,0.0000,3.39818,9743.2
977,129085.2875,127952.7809,1132.5066,0.0000,3.39818,9753.5
978,129085.2875,127952.7809,1132.5066,0.0000,3.39818,9763.6
979,129085.2875,127952.7809,1132.5066,0.0000,3.39818,9773.6
980,129085.2875,127952.7809,1132.5066,0.0000,3.39818,9783.7
981,129085.2875,127952.7809,1132.5066,0.0000,3.39818,9794.1
982,129085.2875,127952.7809,1132.5066,0.0000,3.39818,9804.3
983,129085.2875,127952.7809,1132.5066,0.0000,3.39818,9814.5
984,129085.2875,127952.7809,1132.5066,0.0000,3.39818,9824.9
985,129085.2875,127952.7809,1132.5066,0.0000,3.39818,9834.9
986,129085.2875,127952.7809,1132.5066,0.0000,3.39818,9845.1
987,129085.2875,127952.7809,1132.5066,0.0000,3.39818,9855.0
988,129113.6005,127952.7809,1160.8196,0.0185,3.41098,9865.3
989,129113.6005,127952.7809,1160.8196,0.0000,3.41098,9875.6
990,129113.6005,127952.7809,1160.8196,0.0000,3.41098,9885.6
991,129113.6005,127952.7809,1160.8196,0.0185,3.40139,9895.8
992,129113.6005,127952.7809,1160.8196,0.0185,3.41318,9905.9
993,129113.6005,127952.7809,1160.8196,0.0185,3.4256,9916.3
994,129113.6005,127952.7809,1160.8196,0.0185,3.42501,9926.4
995,129113.6005,127952.7809,1160.8196,0.0185,3.42121,9936.2
996,129113.6005,127952.7809,1160.8196,0.0185,3.40186,9946.2
997,129113.6005,127952.7809,1160.8196,0.0000,3.40186,9956.4
998,129113.6005,127952.7809,1160.8196,0.0000,3.40186,9966.4
999,129113.6005,127952.7809,1160.8196,0.0000,3.40186,9976.3
1000,129113.6005,127952.7809,1160.8196,0.0185,3.39742,9986.4
1001,129113.6005,127952.7809,1160.8196,0.0000,3.39742,9996.9
1002,129113.6005,127952.7809,1160.8196,0.0000,3.39742,10007.1
1003,129113.6005,127952.7809,1160.8196,0.0000,3.39742,10017.2
1004,129113.6005,127952.7809,1160.8196,0.0000,3.39742,10027.5
1005,129113.6005,127952.7809,1160.8196,0.0185,3.38788,10037.6
1006,129113.6005,127952.7809,1160.8196,0.0000,3.38788,10047.9
1007,129113.6005,128036.6537,1076.9468,0.0370,3.38785,10057.8
1008,129113.6005,128036.6537,1076.9468,0.0185,3.42678,10067.9
1009,129113.6005,128036.6537,1076.9468,0.0000,3.42678,10078.0
1010,129113.6005,128036.6537,1076.9468,0.0370,3.43845,10087.9
1011,129113.6005,128075.9716,1037.6289,0.0370,3.42986,10097.7
1012,129113.6005,128075.9716,1037.6289,0.0000,3.42986,10107.7
1013,129113.6005,128075.9716,1037.6289,0.0000,3.42986,10118.0
1014,129113.6005,128075.9716,1037.6289,0.0185,3.43878,10127.9
1015,129113.6005,128075.9716,1037.6289,0.0000,3.43878,10137.9
1016,129113.6005,128075.9716,1037.6289,0.0000,3.43878,10148.0
1017,129113.6005,128075.9716,1037.6289,0.0000,3.43878,10158.0
1018,129113.6005,128075.9716,1037.6289,0.0185,3.42791,10168.1
1019,129113.6005,128075.9716,1037.6289,0.0000,3.42791,10178.2
1020,129113.6005,128075.9716,1037.6289,0.0370,3.41257,10188.5
1021,129113.6005,128075.9716,1037.6289,0.0000,3.41257,10198.7
1022,129113.6005,128075.9716,1037.6289,0.0000,3.41257,10208.8
1023,129113.6005,128075.9716,1037.6289,0.0000,3.41257,10218.7
1024,129113.6005,128075.9716,1037.6289,0.0185,3.4164,10228.9
1025,129113.6005,128075.9716,1037.6289,0.0000,3.4164,10239.3
1026,129113.6005,128075.9716,1037.6289,0.0370,3.44903,10249.1
1027,129113.6005,128075.9716,1037.6289,0.0556,3.47606,10259.1
1028,129113.6005,128075.9716,1037.6289,0.0000,3.47606,10269.0
1029,129113.6005,128075.9716,1037.6289,0.0185,3.4772,10279.4
1030,129113.6005,128075.9716,1037.6289,0.0000,3.4772,10289.9
1031,129113.6005,128075.9716,1037.6289,0.0185,3.47666,10300.0
1032,129113.6005,128075.9716,1037.6289,0.0000,3.47666,10309.8
1033,129113.6005,128075.9716,1037.6289,0.0000,3.47666,10320.1
1034,129113.6005,128075.9716,1037.6289,0.0000,3.47666,10330.2
1035,129113.6005,128075.9716,1037.6289,0.0000,3.47666,10340.0
1036,129113.6005,128075.9716,1037.6289,0.0000,3.47666,10350.3
1037,129113.6005,128075.9716,1037.6289,0.0000,3.47666,10360.3
1038,129113.6005,128075.9716,1037.6289,0.0000,3.47666,10370.5
1039,129113.6005,128075.9716,1037.6289,0.0185,3.47147,10380.5
1040,129113.6005,128075.9716,1037.6289,0.0185,3.45573,10390.7
1041,129113.6005,128075.9716,1037.6289,0.0185,3.45326,10400.8
1042,129113.6005,128075.9716,1037.6289,0.0556,3.45231,10410.8
1043,129113.6005,128075.9716,1037.6289,0.0185,3.45091,10421.2
1044,129113.6005,128138.8254,974.7750,0.0185,3.45196,10431.2
1045,129113.6005,128138.8254,974.7750,0.0000,3.45196,10441.3
1046,129113.6005,128138.8254,974.7750,0.0370,3.47415,10451.1
1047,129113.6005,128138.8254,974.7750,0.0000,3.47415,10461.2
1048,129113.6005,128138.8254,974.7750,0.0000,3.47415,10471.4
1049,129113.6005,128138.8254,974.7750,0.0000,3.47415,10481.2
1050,129113.6005,128147.3346,966.2659,0.0370,3.49472,10491.2
1051,129113.6005,128147.3346,966.2659,0.0000,3.49472,10500.9
1052,129113.6005,128147.3346,966.2659,0.0000,3.49472,10510.8
1053,129113.6005,128147.3346,966.2659,0.0185,3.5108,10521.0
1054,129113.6005,128147.3346,966.2659,0.0000,3.5108,10531.2
1055,129113.6005,128147.3346,966.2659,0.0185,3.53161,10541.1
1056,129113.6005,128147.3346,966.2659,0.0000,3.53161,10551.1
1057,129113.6005,128147.3346,966.2659,0.0000,3.53161,10561.2
1058,129113.6005,128147.3346,966.2659,0.0185,3.53059,10571.7
1059,129113.6005,128147.3346,966.2659,0.0000,3.53059,10582.3
1060,129113.6005,128147.3346,966.2659,0.0000,3.53059,10592.2
1061,129113.6005,128147.3346,966.2659,0.0000,3.53059,10602.4
1062,129113.6005,128147.3346,966.2659,0.0000,3.53059,10612.8
1063,129113.6005,128147.3346,966.2659,0.0000,3.53059,10622.8
1064,129113.6005,128147.3346,966.2659,0.0000,3.53059,10633.1
1065,129113.6005,128147.3346,966.2659,0.0000,3.53059,10643.5
1066,129113.6005,128147.3346,966.2659,0.0000,3.53059,10653.7
1067,129113.6005,128147.3346,966.2659,0.0000,3.53059,10663.7
1068,129113.6005,128147.3346,966.2659,0.0000,3.53059,10673.7
1069,129113.6005,128147.3346,966.2659,0.0370,3.53719,10683.5
1070,129113.6005,128147.3346,966.2659,0.0000,3.53719,10693.8
1071,129113.6005,128147.3346,966.2659,0.0185,3.53324,10704.0
1072,129113.6005,128147.3346,966.2659,0.0000,3.53324,10714.0
1073,129113.6005,128147.3346,966.2659,0.0000,3.53324,10723.8
1074,129113.6005,128147.3346,966.2659,0.0000,3.53324,10733.7
1075,129113.6005,128147.3346,966.2659,0.0000,3.53324,10743.6
1076,129113.6005,128147.3346,966.2659,0.0185,3.5518,10753.6
1077,129113.6005,128147.3346,966.2659,0.0000,3.5518,10763.5
1078,129113.6005,128159.5450,954.0555,0.0185,3.54518,10773.4
1079,129113.6005,128159.5450,954.0555,0.0000,3.54518,10783.4
1080,129113.6005,128159.5450,954.0555,0.0185,3.53207,10793.2
1081,129113.6005,128159.5450,954.0555,0.0000,3.53207,10803.4
1082,129113.6005,128159.5450,954.0555,0.0000,3.53207,10813.4
1083,129113.6005,128159.5450,954.0555,0.0000,3.53207,10823.5
1084,129113.6005,128159.5450,954.0555,0.0000,3.53207,10833.4
1085,129113.6005,128175.1440,938.4565,0.0185,3.52663,10843.5
1086,129113.6005,128175.1440,938.4565,0.0000,3.52663,10853.8
1087,129113.6005,128175.1440,938.4565,0.0000,3.52663,10863.9
1088,129113.6005,128175.1440,938.4565,0.0000,3.52663,10874.0
1089,129113.6005,128175.1440,938.4565,0.0000,3.52663,10884.2
1090,129113.6005,128175.1440,938.4565,0.0000,3.52663,10894.4
1091,129113.6005,128175.1440,938.4565,0.0185,3.52588,10904.6
1092,129113.6005,128217.3142,896.2863,0.0185,3.5302,10914.7
1093,129354.4143,128217.3142,1137.1001,0.0185,3.52781,10924.7
1094,129354.4143,128217.3142,1137.1001,0.0185,3.52893,10934.7
1095,129354.4143,128217.3142,1137.1001,0.0370,3.53677,10944.8
1096,129354.4143,128217.3142,1137.1001,0.0000,3.53677,10954.8
1097,129354.4143,128217.3142,1137.1001,0.0000,3.53677,10964.8
1098,129354.4143,128217.3142,1137.1001,0.0000,3.53677,10975.1
1099,129354.4143,128217.3142,1137.1001,0.0185,3.52985,10985.2
1100,129354.4143,128217.3142,1137.1001,0.0000,3.52985,10995.1
1101,129354.4143,128217.3142,1137.1001,0.0000,3.52985,11005.2
1102,129354.4143,128217.3142,1137.1001,0.0185,3.52742,11015.5
1103,129354.4143,128217.3142,1137.1001,0.0185,3.52442,11025.8
1104,129354.4143,128217.3142,1137.1001,0.0185,3.52149,11036.1
1105,129354.4143,128217.3142,1137.1001,0.0370,3.53553,11046.1
1106,129354.4143,128217.3142,1137.1001,0.0000,3.53553,11056.2
1107,129354.4143,128217.3142,1137.1001,0.0000,3.53553,11066.2
1108,129354.4143,128217.3142,1137.1001,0.0185,3.53539,11076.2
1109,129354.4143,128217.3142,1137.1001,0.0000,3.53539,11086.3
1110,129354.4143,128217.3142,1137.1001,0.0000,3.53539,11096.5
1111,129354.4143,128217.3142,1137.1001,0.0000,3.53539,11106.6
1112,129354.4143,128217.3142,1137.1001,0.0000,3.53539,11116.8
1113,129354.4143,128217.3142,1137.1001,0.0000,3.53539,11127.0
1114,129354.4143,128217.3142,1137.1001,0.0000,3.53539,11137.2
1115,129354.4143,128217.3142,1137.1001,0.0000,3.53539,11147.3
1116,129354.4143,128217.3142,1137.1001,0.0000,3.53539,11157.3
1117,129354.4143,128217.3142,1137.1001,0.0000,3.53539,11167.4
1118,129354.4143,128217.3142,1137.1001,0.0000,3.53539,11177.4
1119,129354.4143,128217.3142,1137.1001,0.0000,3.53539,11187.9
1120,129354.4143,128217.3142,1137.1001,0.0185,3.52883,11197.7
1121,129354.4143,128217.3142,1137.1001,0.0000,3.52883,11207.7
1122,129354.4143,128217.3142,1137.1001,0.0000,3.52883,11217.7
1123,129354.4143,128217.3142,1137.1001,0.0000,3.52883,11228.1
1124,129354.4143,128217.3142,1137.1001,0.0185,3.53208,11238.2
1125,129354.4143,128217.3142,1137.1001,0.0000,3.53208,11248.7
1126,129354.4143,128217.3142,1137.1001,0.0000,3.53208,11258.8
1127,129354.4143,128217.3142,1137.1001,0.0370,3.53653,11269.1
1128,129354.4143,128217.3142,1137.1001,0.0000,3.53653,11279.0
1129,129354.4143,128217.3142,1137.1001,0.0000,3.53653,11289.2
1130,129354.4143,128217.3142,1137.1001,0.0000,3.53653,11299.3
1131,129354.4143,128217.3142,1137.1001,0.0000,3.53653,11309.4
1132,129354.4143,128217.3142,1137.1001,0.0000,3.53653,11319.8
1133,129354.4143,128217.3142,1137.1001,0.0000,3.53653,11329.9
1134,129354.4143,128217.3142,1137.1001,0.0000,3.53653,11340.0
1135,129354.4143,128217.3142,1137.1001,0.0000,3.53653,11350.1
1136,129354.4143,128217.3142,1137.1001,0.0000,3.53653,11359.9
1137,129354.4143,128217.3142,1137.1001,0.0000,3.53653,11370.0
1138,129354.4143,128217.3142,1137.1001,0.0000,3.53653,11380.1
1139,129354.4143,128217.3142,1137.1001,0.0185,3.53678,11389.9
1140,129354.4143,128217.3142,1137.1001,0.0000,3.53678,11399.7
1141,129354.4143,128217.3142,1137.1001,0.0370,3.54339,11410.1
1142,129354.4143,128217.3142,1137.1001,0.0000,3.54339,11420.3
1143,129354.4143,128217.3142,1137.1001,0.0000,3.54339,11430.5
1144,129354.4143,128217.3142,1137.1001,0.0000,3.54339,11440.6
1145,129354.4143,128217.3142,1137.1001,0.0000,3.54339,11450.7
1146,129354.4143,128217.3142,1137.1001,0.0000,3.54339,11460.6
1147,129354.4143,128217.3142,1137.1001,0.0000,3.54339,11470.5
1148,129354.4143,128217.3142,1137.1001,0.0185,3.53506,11480.4
1149,129354.4143,128219.5376,1134.8767,0.0185,3.54336,11490.7
1150,129354.4143,128219.5376,1134.8767,0.0000,3.54336,11500.7
1151,129354.4143,128219.5376,1134.8767,0.0000,3.54336,11510.7
1152,129354.4143,128219.5376,1134.8767,0.0000,3.54336,11521.1
1153,129354.4143,128219.5376,1134.8767,0.0000,3.54336,11531.3
1154,129354.4143,128219.5376,1134.8767,0.0000,3.54336,11541.2
1155,129354.4143,128219.5376,1134.8767,0.0000,3.54336,11551.5
1156,129354.4143,128219.5376,1134.8767,0.0185,3.55301,11561.7
1157,129354.4143,128219.5376,1134.8767,0.0185,3.55308,11571.8
1158,129354.4143,128219.5376,1134.8767,0.0000,3.55308,11581.5
1159,129354.4143,128219.5376,1134.8767,0.0000,3.55308,11591.6
1160,129354.4143,128219.5376,1134.8767,0.0000,3.55308,11601.5
1161,129354.4143,128219.5376,1134.8767,0.0000,3.55308,11611.4
1162,129354.4143,128219.5376,1134.8767,0.0185,3.55373,11621.7
1163,129354.4143,128219.5376,1134.8767,0.0185,3.55605,11631.7
1164,129354.4143,128219.5376,1134.8767,0.0000,3.55605,11641.6
1165,129354.4143,128219.5376,1134.8767,0.0000,3.55605,11651.7
1166,129354.4143,128219.5376,1134.8767,0.0000,3.55605,11661.6
1167,129354.4143,128219.5376,1134.8767,0.0185,3.56245,11671.7
1168,129354.4143,128219.5376,1134.8767,0.0000,3.56245,11681.6
1169,129354.4143,128219.5376,1134.8767,0.0185,3.56554,11691.4
1170,129354.4143,128219.5376,1134.8767,0.0000,3.56554,11701.8
1171,129354.4143,128219.5376,1134.8767,0.0370,3.58186,11711.9
1172,129354.4143,128219.5376,1134.8767,0.0185,3.58697,11722.1
1173,129354.4143,128219.5376,1134.8767,0.0000,3.58697,11732.3
1174,129354.4143,128219.5376,1134.8767,0.0000,3.58697,11742.4
1175,129354.4143,128219.5376,1134.8767,0.0185,3.5607,11752.7
1176,129354.4143,128219.5376,1134.8767,0.0000,3.5607,11762.7
1177,129354.4143,128219.5376,1134.8767,0.0370,3.57707,11772.8
1178,129354.4143,128219.5376,1134.8767,0.0000,3.57707,11782.9
1179,129354.4143,128219.5376,1134.8767,0.0000,3.57707,11792.9
1180,129354.4143,128219.5376,1134.8767,0.0000,3.57707,11802.9
1181,129354.4143,128219.5376,1134.8767,0.0185,3.58099,11813.2
1182,129354.4143,128219.5376,1134.8767,0.0000,3.58099,11823.1
1183,129354.4143,128219.5376,1134.8767,0.0000,3.58099,11833.1
1184,129354.4143,128219.5376,1134.8767,0.0000,3.58099,11843.3
1185,129354.4143,128219.5376,1134.8767,0.0000,3.58099,11853.4
1186,129354.4143,128219.5376,1134.8767,0.0000,3.58099,11863.7
1187,129354.4143,128219.5376,1134.8767,0.0000,3.58099,11873.7
1188,129354.4143,128219.5376,1134.8767,0.0000,3.58099,11883.9
1189,129354.4143,128219.5376,1134.8767,0.0185,3.58162,11894.1
1190,129354.4143,128219.5376,1134.8767,0.0000,3.58162,11904.4
1191,129354.4143,128219.5376,1134.8767,0.0000,3.58162,11914.3
1192,129354.4143,128219.5376,1134.8767,0.0000,3.58162,11924.4
1193,129354.4143,128219.5376,1134.8767,0.0000,3.58162,11934.4
1194,129354.4143,128219.5376,1134.8767,0.0185,3.58424,11944.3
1195,129354.4143,128219.5376,1134.8767,0.0000,3.58424,11954.6
1196,129354.4143,128233.2075,1121.2068,0.0185,3.58107,11964.4
1197,129354.4143,128233.2075,1121.2068,0.0185,3.5762,11974.3
1198,129354.4143,128233.2075,1121.2068,0.0185,3.56938,11984.3
1199,129354.4143,128241.8561,1112.5582,0.0370,3.55791,11994.4
1200,129354.4143,128241.8561,1112.5582,0.0000,3.55791,12004.3
1201,129354.4143,128241.8561,1112.5582,0.0000,3.55791,12014.2
1202,129354.4143,128241.8561,1112.5582,0.0000,3.55791,12024.3
1203,129354.4143,128241.8561,1112.5582,0.0000,3.55791,12034.3
1204,129354.4143,128241.8561,1112.5582,0.0000,3.55791,12044.1
1205,129354.4143,128241.8561,1112.5582,0.0000,3.55791,12054.1
1206,129354.4143,128241.8561,1112.5582,0.0000,3.55791,12064.1
1207,129354.4143,128241.8561,1112.5582,0.0000,3.55791,12074.3
1208,129354.4143,128241.8561,1112.5582,0.0000,3.55791,12084.4
1209,129354.4143,128241.8561,1112.5582,0.0000,3.55791,12094.7
1210,129354.4143,128241.8561,1112.5582,0.0000,3.55791,12105.1
1211,129354.4143,128241.8561,1112.5582,0.0185,3.55746,12115.2
1212,129354.4143,128316.4500,1037.9643,0.0185,3.55284,12125.6
1213,129354.4143,128316.4500,1037.9643,0.0185,3.56981,12135.7
1214,129354.4143,128316.4500,1037.9643,0.0000,3.56981,12146.2
1215,129354.4143,128316.4500,1037.9643,0.0000,3.56981,12156.0
1216,129354.4143,128316.4500,1037.9643,0.0000,3.56981,12166.0
1217,129354.4143,128316.4500,1037.9643,0.0000,3.56981,12176.2
1218,129354.4143,128316.4500,1037.9643,0.0000,3.56981,12186.3
1219,129354.4143,128316.4500,1037.9643,0.0000,3.56981,12196.3
1220,129354.4143,128316.4500,1037.9643,0.0000,3.56981,12207.0
1221,129354.4143,128316.4500,1037.9643,0.0000,3.56981,12217.3
1222,129354.4143,128316.4500,1037.9643,0.0000,3.56981,12227.4
1223,129354.4143,128316.4500,1037.9643,0.0000,3.56981,12238.0
1224,129354.4143,128316.4500,1037.9643,0.0000,3.56981,12248.1
1225,129354.4143,128316.4500,1037.9643,0.0000,3.56981,12258.3
1226,129354.4143,128316.4500,1037.9643,0.0000,3.56981,12268.4
1227,129354.4143,128316.4500,1037.9643,0.0000,3.56981,12278.6
1228,129354.4143,128316.4500,1037.9643,0.0000,3.56981,12288.9
1229,129354.4143,128316.4500,1037.9643,0.0185,3.56919,12299.2
1230,129354.4143,128316.4500,1037.9643,0.0000,3.56919,12309.2
1231,129354.4143,128316.4500,1037.9643,0.0000,3.56919,12319.3
1232,129354.4143,128316.4500,1037.9643,0.0000,3.56919,12329.3
1233,129354.4143,128316.4500,1037.9643,0.0000,3.56919,12339.1
1234,129354.4143,128316.4500,1037.9643,0.0185,3.57081,12349.2
1235,129354.4143,128316.4500,1037.9643,0.0000,3.57081,12359.3
1236,129354.4143,128316.4500,1037.9643,0.0000,3.57081,12369.2
1237,129354.4143,128316.4500,1037.9643,0.0185,3.57709,12379.3
1238,129354.4143,128316.4500,1037.9643,0.0370,3.59039,12389.2
1239,129354.4143,128316.4500,1037.9643,0.0000,3.59039,12399.5
1240,129354.4143,128316.4500,1037.9643,0.0185,3.59288,12409.9
1241,129354.4143,128316.4500,1037.9643,0.0000,3.59288,12420.1
1242,129354.4143,128316.4500,1037.9643,0.0000,3.59288,12430.4
1243,129354.4143,128316.4500,1037.9643,0.0185,3.59245,12440.7
1244,129354.4143,128316.4500,1037.9643,0.0185,3.5787,12450.6
1245,129354.4143,128316.4500,1037.9643,0.0000,3.5787,12460.7
1246,129354.4143,128316.4500,1037.9643,0.0000,3.5787,12471.0
1247,129354.4143,128316.4500,1037.9643,0.0000,3.5787,12481.0
1248,129354.4143,128316.4500,1037.9643,0.0185,3.58287,12490.9
1249,129354.4143,128316.4500,1037.9643,0.0000,3.58287,12501.1
1250,129354.4143,128316.4500,1037.9643,0.0000,3.58287,12511.0
1251,129354.4143,128316.4500,1037.9643,0.0185,3.60163,12521.2
1252,129354.4143,128316.4500,1037.9643,0.0000,3.60163,12531.5
1253,129354.4143,128316.4500,1037.9643,0.0000,3.60163,12541.7
1254,129354.4143,128316.4500,1037.9643,0.0000,3.60163,12551.9
1255,129354.4143,128316.4500,1037.9643,0.0000,3.60163,12561.8
1256,129354.4143,128316.4500,1037.9643,0.0000,3.60163,12572.1
1257,129354.4143,128316.4500,1037.9643,0.0000,3.60163,12582.3
1258,129354.4143,128316.4500,1037.9643,0.0185,3.61563,12592.7
1259,129354.4143,128316.4500,1037.9643,0.0000,3.61563,12602.7
1260,129354.4143,128316.4500,1037.9643,0.0000,3.61563,12612.9
1261,129354.4143,128327.2979,1027.1163,0.0370,3.63117,12623.0
1262,129354.4143,128327.2979,1027.1163,0.0000,3.63117,12632.9
1263,129354.4143,128327.2979,1027.1163,0.0000,3.63117,12643.2
1264,129354.4143,128327.2979,1027.1163,0.0000,3.63117,12653.4
1265,129354.4143,128327.2979,1027.1163,0.0000,3.63117,12663.4
1266,129354.4143,128327.2979,1027.1163,0.0185,3.62337,12673.5
1267,129354.4143,128327.2979,1027.1163,0.0000,3.62337,12683.5
1268,129354.4143,128327.2979,1027.1163,0.0000,3.62337,12693.7
1269,129354.4143,128327.2979,1027.1163,0.0185,3.61232,12703.4
1270,129354.4143,128327.2979,1027.1163,0.0000,3.61232,12713.6
1271,129354.4143,128327.2979,1027.1163,0.0000,3.61232,12723.8
1272,129354.4143,128327.2979,1027.1163,0.0000,3.61232,12733.8
1273,129354.4143,128327.2979,1027.1163,0.0000,3.61232,12743.9
1274,129354.4143,128327.2979,1027.1163,0.0000,3.61232,12754.4
1275,129354.4143,128327.2979,1027.1163,0.0000,3.61232,12764.3
1276,129354.4143,128327.2979,1027.1163,0.0000,3.61232,12774.5
1277,129354.4143,128327.2979,1027.1163,0.0000,3.61232,12784.4
1278,129354.4143,128327.2979,1027.1163,0.0000,3.61232,12794.5
1279,129354.4143,128327.2979,1027.1163,0.0185,3.6139,12804.6
1280,129354.4143,128327.2979,1027.1163,0.0185,3.6216,12814.6
1281,129354.4143,128327.2979,1027.1163,0.0185,3.62828,12824.6
1282,129354.4143,128327.2979,1027.1163,0.0000,3.62828,12834.7
1283,129354.4143,128327.2979,1027.1163,0.0000,3.62828,12844.8
1284,129354.4143,128327.2979,1027.1163,0.0000,3.62828,12854.9
1285,129354.4143,128327.2979,1027.1163,0.0000,3.62828,12865.1
1286,129354.4143,128327.2979,1027.1163,0.0000,3.62828,12875.1
1287,129354.4143,128327.2979,1027.1163,0.0000,3.62828,12885.2
1288,129354.4143,128327.2979,1027.1163,0.0000,3.62828,12895.1
1289,129354.4143,128327.2979,1027.1163,0.0000,3.62828,12905.1
1290,129354.4143,128327.2979,1027.1163,0.0000,3.62828,12914.8
1291,129354.4143,128327.2979,1027.1163,0.0000,3.62828,12924.8
1292,129354.4143,128327.2979,1027.1163,0.0370,3.63541,12934.7
1293,129354.4143,128327.2979,1027.1163,0.0185,3.63436,12944.9
1294,129354.4143,128327.2979,1027.1163,0.0000,3.63436,12955.1
1295,129354.4143,128327.2979,1027.1163,0.0000,3.63436,12964.9
1296,129354.4143,128327.2979,1027.1163,0.0000,3.63436,12974.9
1297,129354.4143,128327.2979,1027.1163,0.0000,3.63436,12985.1
1298,129354.4143,128327.2979,1027.1163,0.0000,3.63436,12995.1
1299,129354.4143,128327.2979,1027.1163,0.0000,3.63436,13005.0
1300,129354.4143,128327.2979,1027.1163,0.0000,3.63436,13015.1
1301,129354.4143,128327.2979,1027.1163,0.0000,3.63436,13025.3
1302,129354.4143,128327.2979,1027.1163,0.0000,3.63436,13035.1
1303,129354.4143,128327.2979,1027.1163,0.0000,3.63436,13045.3
1304,129354.4143,128327.2979,1027.1163,0.0185,3.63457,13055.4
1305,129354.4143,128327.2979,1027.1163,0.0000,3.63457,13065.4
1306,129354.4143,128327.2979,1027.1163,0.0000,3.63457,13075.4
1307,129354.4143,128327.2979,1027.1163,0.0000,3.63457,13085.4
1308,129354.4143,128327.2979,1027.1163,0.0000,3.63457,13095.6
1309,129354.4143,128327.2979,1027.1163,0.0000,3.63457,13105.9
1310,129354.4143,128327.2979,1027.1163,0.0000,3.63457,13116.1
1311,129354.4143,128327.2979,1027.1163,0.0000,3.63457,13126.3
1312,129354.4143,128367.0192,987.3950,0.0370,3.61327,13136.6
1313,129354.4143,128367.0192,987.3950,0.0000,3.61327,13146.6
1314,129354.4143,128367.0192,987.3950,0.0000,3.61327,13156.7
1315,129354.4143,128367.0192,987.3950,0.0185,3.62411,13166.8
1316,129354.4143,128367.0192,987.3950,0.0000,3.62411,13176.9
1317,129354.4143,128367.0192,987.3950,0.0000,3.62411,13187.1
1318,129354.4143,128367.0192,987.3950,0.0000,3.62411,13197.4
1319,129354.4143,128367.0192,987.3950,0.0000,3.62411,13207.7
1320,129354.4143,128367.0192,987.3950,0.0000,3.62411,13217.8
1321,129354.4143,128367.0192,987.3950,0.0000,3.62411,13228.1
1322,129354.4143,128367.0192,987.3950,0.0000,3.62411,13238.2
1323,129354.4143,128367.0192,987.3950,0.0000,3.62411,13248.3
1324,129354.4143,128367.0192,987.3950,0.0000,3.62411,13258.5
1325,129354.4143,128367.0192,987.3950,0.0000,3.62411,13268.6
1326,129354.4143,128367.0192,987.3950,0.0000,3.62411,13278.6
1327,129354.4143,128367.0192,987.3950,0.0185,3.6286,13289.0
1328,129354.4143,128367.0192,987.3950,0.0000,3.6286,13299.1
1329,129354.4143,128367.0192,987.3950,0.0000,3.6286,13309.3
1330,129354.4143,128367.0192,987.3950,0.0370,3.61874,13319.4
1331,129354.4143,128367.0192,987.3950,0.0000,3.61874,13329.7
1332,129354.4143,128367.0192,987.3950,0.0000,3.61874,13340.1
1333,129354.4143,128374.6475,979.7668,0.0185,3.61489,13350.3
1334,129354.4143,128374.6475,979.7668,0.0000,3.61489,13360.7
1335,129354.4143,128374.6475,979.7668,0.0000,3.61489,13370.7
1336,129354.4143,128374.6475,979.7668,0.0000,3.61489,13380.9
1337,129354.4143,128374.6475,979.7668,0.0370,3.6607,13390.8
1338,129354.4143,128374.6475,979.7668,0.0000,3.6607,13400.9
1339,129354.4143,128374.6475,979.7668,0.0000,3.6607,13410.5
1340,129354.4143,128374.6475,979.7668,0.0000,3.6607,13421.1
1341,129354.4143,128374.6475,979.7668,0.0000,3.6607,13431.0
1342,129354.4143,128374.6475,979.7668,0.0000,3.6607,13441.3
1343,129354.4143,128374.6475,979.7668,0.0000,3.6607,13451.7
1344,129354.4143,128374.6475,979.7668,0.0000,3.6607,13462.1
1345,129354.4143,128374.6475,979.7668,0.0000,3.6607,13472.5
1346,129354.4143,128374.6475,979.7668,0.0000,3.6607,13482.7
1347,129354.4143,128374.6475,979.7668,0.0000,3.6607,13492.9
1348,129354.4143,128374.6475,979.7668,0.0000,3.6607,13503.1
1349,129354.4143,128374.6475,979.7668,0.0000,3.6607,13513.3
1350,129354.4143,128374.6475,979.7668,0.0000,3.6607,13523.4
1351,129354.4143,128374.6475,979.7668,0.0185,3.65526,13533.4
1352,129354.4143,128374.6475,979.7668,0.0000,3.65526,13543.4
1353,129354.4143,128374.6475,979.7668,0.0000,3.65526,13553.5
1354,129354.4143,128374.6475,979.7668,0.0000,3.65526,13563.5
1355,129354.4143,128374.6475,979.7668,0.0000,3.65526,13573.5
1356,129354.4143,128374.6475,979.7668,0.0000,3.65526,13583.5
1357,129354.4143,128374.6475,979.7668,0.0000,3.65526,13593.9
1358,129354.4143,128374.6475,979.7668,0.0000,3.65526,13604.0
1359,129354.4143,128374.6475,979.7668,0.0000,3.65526,13614.1
1360,129354.4143,128374.6475,979.7668,0.0000,3.65526,13624.0
1361,129354.4143,128374.6475,979.7668,0.0000,3.65526,13634.1
1362,129354.4143,128374.6475,979.7668,0.0185,3.66603,13644.1
1363,129354.4143,128374.6475,979.7668,0.0000,3.66603,13654.6
1364,129354.4143,128374.6475,979.7668,0.0185,3.68421,13664.6
1365,129354.4143,128374.6475,979.7668,0.0000,3.68421,13674.7
1366,129354.4143,128384.4831,969.9312,0.0185,3.68954,13685.0
1367,129354.4143,128384.4831,969.9312,0.0185,3.68138,13695.2
1368,129354.4143,128384.4831,969.9312,0.0000,3.68138,13705.4
1369,129354.4143,128384.4831,969.9312,0.0000,3.68138,13715.4
1370,129354.4143,128384.4831,969.9312,0.0000,3.68138,13725.5
1371,129354.4143,128384.4831,969.9312,0.0000,3.68138,13735.4
1372,129354.4143,128384.4831,969.9312,0.0000,3.68138,13745.5
1373,129354.4143,128384.4831,969.9312,0.0000,3.68138,13756.0
1374,129354.4143,128384.4831,969.9312,0.0000,3.68138,13766.0
1375,129354.4143,128384.4831,969.9312,0.0185,3.67429,13775.7
1376,129354.4143,128384.4831,969.9312,0.0185,3.68191,13785.7
1377,129354.4143,128384.4831,969.9312,0.0000,3.68191,13795.7
1378,129354.4143,128384.4831,969.9312,0.0000,3.68191,13805.6
1379,129354.4143,128384.4831,969.9312,0.0000,3.68191,13815.7
1380,129354.4143,128384.4831,969.9312,0.0000,3.68191,13825.8
1381,129354.4143,128384.4831,969.9312,0.0000,3.68191,13836.0
1382,129354.4143,128384.4831,969.9312,0.0185,3.68406,13846.1
1383,129354.4143,128384.4831,969.9312,0.0000,3.68406,13856.9
1384,129354.4143,128384.4831,969.9312,0.0000,3.68406,13866.7
1385,129354.4143,128384.4831,969.9312,0.0000,3.68406,13877.0
1386,129354.4143,128384.4831,969.9312,0.0185,3.7063,13886.9
1387,129354.4143,128384.4831,969.9312,0.0000,3.7063,13896.9
1388,129354.4143,128384.4831,969.9312,0.0000,3.7063,13907.0
1389,129354.4143,128384.4831,969.9312,0.0185,3.70373,13917.1
1390,129354.4143,128384.4831,969.9312,0.0000,3.70373,13927.4
1391,129354.4143,128384.4831,969.9312,0.0000,3.70373,13937.5
1392,129354.4143,128384.4831,969.9312,0.0000,3.70373,13947.8
1393,129354.4143,128384.4831,969.9312,0.0000,3.70373,13957.9
1394,129354.4143,128384.4831,969.9312,0.0000,3.70373,13968.1
1395,129354.4143,128384.4831,969.9312,0.0000,3.70373,13978.5
1396,129354.4143,128384.4831,969.9312,0.0000,3.70373,13988.5
1397,129354.4143,128384.4831,969.9312,0.0000,3.70373,13998.6
1398,129354.4143,128384.4831,969.9312,0.0000,3.70373,14008.7
1399,129354.4143,128384.4831,969.9312,0.0000,3.70373,14018.9
1400,129354.4143,128384.4831,969.9312,0.0000,3.70373,14028.9
1401,129354.4143,128384.4831,969.9312,0.0000,3.70373,14039.1
1402,129354.4143,128384.4831,969.9312,0.0000,3.70373,14049.2
1403,129354.4143,128384.4831,969.9312,0.0185,3.69647,14059.4
1404,129354.4143,128384.4831,969.9312,0.0000,3.69647,14069.5
1405,129354.4143,128384.4831,969.9312,0.0000,3.69647,14079.9
1406,129354.4143,128384.4831,969.9312,0.0000,3.69647,14090.1
1407,129354.4143,128384.4831,969.9312,0.0000,3.69647,14100.2
1408,129354.4143,128384.4831,969.9312,0.0000,3.69647,14110.3
1409,129354.4143,128384.4831,969.9312,0.0000,3.69647,14120.4
1410,129354.4143,128384.4831,969.9312,0.0000,3.69647,14130.7
1411,129354.4143,128384.4831,969.9312,0.0185,3.70551,14140.7
1412,129354.4143,128384.4831,969.9312,0.0000,3.70551,14150.8
1413,129354.4143,128384.4831,969.9312,0.0000,3.70551,14160.8
1414,129354.4143,128384.4831,969.9312,0.0000,3.70551,14170.8
1415,129354.4143,128384.4831,969.9312,0.0000,3.70551,14180.9
1416,129354.4143,128384.4831,969.9312,0.0000,3.70551,14191.1
1417,129354.4143,128384.4831,969.9312,0.0000,3.70551,14201.6
1418,129354.4143,128384.4831,969.9312,0.0185,3.71074,14211.8
1419,129354.4143,128384.4831,969.9312,0.0000,3.71074,14221.7
1420,129354.4143,128384.4831,969.9312,0.0000,3.71074,14232.3
1421,129354.4143,128384.4831,969.9312,0.0000,3.71074,14242.3
1422,129354.4143,128384.4831,969.9312,0.0000,3.71074,14252.4
1423,129354.4143,128384.4831,969.9312,0.0185,3.70729,14262.3
1424,129354.4143,128384.4831,969.9312,0.0000,3.70729,14272.7
1425,129354.4143,128384.4831,969.9312,0.0000,3.70729,14282.6
1426,129354.4143,128384.4831,969.9312,0.0000,3.70729,14292.8
1427,129354.4143,128384.4831,969.9312,0.0000,3.70729,14303.1
1428,129354.4143,128384.4831,969.9312,0.0000,3.70729,14313.4
1429,129354.4143,128384.4831,969.9312,0.0000,3.70729,14323.5
1430,129354.4143,128384.4831,969.9312,0.0000,3.70729,14333.7
1431,129354.4143,128384.4831,969.9312,0.0000,3.70729,14343.8
1432,129354.4143,128384.4831,969.9312,0.0000,3.70729,14354.3
1433,129354.4143,128388.6200,965.7943,0.0185,3.70304,14364.6
1434,129354.4143,128388.6200,965.7943,0.0185,3.7278,14374.9
1435,129354.4143,128388.6200,965.7943,0.0000,3.7278,14384.8
1436,129354.4143,128388.6200,965.7943,0.0000,3.7278,14394.6
1437,129354.4143,128388.6200,965.7943,0.0000,3.7278,14405.0
1438,129354.4143,128388.6200,965.7943,0.0185,3.7305,14414.9
1439,129354.4143,128388.6200,965.7943,0.0185,3.72521,14425.2
1440,129354.4143,128388.6200,965.7943,0.0000,3.72521,14435.4
1441,129354.4143,128388.6200,965.7943,0.0185,3.7295,14445.7
1442,129354.4143,128388.6200,965.7943,0.0000,3.7295,14455.9
1443,129354.4143,128388.6200,965.7943,0.0000,3.7295,14465.8
1444,129354.4143,128388.6200,965.7943,0.0185,3.7119,14475.8
1445,129354.4143,128388.6200,965.7943,0.0185,3.70821,14485.8
1446,129354.4143,128388.6200,965.7943,0.0000,3.70821,14496.0
1447,129354.4143,128388.6200,965.7943,0.0000,3.70821,14506.2
1448,129354.4143,128388.6200,965.7943,0.0000,3.70821,14516.3
1449,129354.4143,128388.6200,965.7943,0.0000,3.70821,14526.4
1450,129354.4143,128388.6200,965.7943,0.0185,3.72106,14536.6
1451,129354.4143,128388.6200,965.7943,0.0000,3.72106,14546.3
1452,129354.4143,128388.6200,965.7943,0.0000,3.72106,14556.4
1453,129354.4143,128388.6200,965.7943,0.0000,3.72106,14566.5
1454,129354.4143,128388.6200,965.7943,0.0000,3.72106,14576.7
1455,129354.4143,128388.6200,965.7943,0.0000,3.72106,14586.8
1456,129354.4143,128388.6200,965.7943,0.0185,3.73045,14597.0
1457,129354.4143,128388.6200,965.7943,0.0185,3.72126,14607.0
1458,129354.4143,128388.6200,965.7943,0.0000,3.72126,14616.8
1459,129354.4143,128388.6200,965.7943,0.0000,3.72126,14626.8
1460,129354.4143,128388.6200,965.7943,0.0185,3.72986,14637.1
1461,129354.4143,128388.5000,965.9143,0.0185,3.74794,14646.8
1462,129354.4143,128388.5000,965.9143,0.0185,3.75418,14656.6
1463,129354.4143,128388.5000,965.9143,0.0000,3.75418,14666.7
1464,129354.4143,128388.5000,965.9143,0.0185,3.75785,14676.6
1465,129354.4143,128388.5000,965.9143,0.0185,3.75547,14686.7
1466,129354.4143,128388.5000,965.9143,0.0000,3.75547,14696.6
1467,129354.4143,128388.5000,965.9143,0.0000,3.75547,14706.5
1468,129354.4143,128388.5000,965.9143,0.0185,3.74675,14716.4
1469,129354.4143,128388.5000,965.9143,0.0000,3.74675,14726.5
1470,129354.4143,128388.5000,965.9143,0.0185,3.73731,14736.7
1471,129354.4143,128388.5000,965.9143,0.0370,3.74351,14746.9
1472,129354.4143,128388.5000,965.9143,0.0185,3.74739,14756.6
1473,129354.4143,128388.5000,965.9143,0.0000,3.74739,14766.7
1474,129354.4143,128388.5000,965.9143,0.0000,3.74739,14776.7
1475,129354.4143,128388.5000,965.9143,0.0000,3.74739,14786.9
1476,129354.4143,128388.5000,965.9143,0.0000,3.74739,14797.5
1477,129354.4143,128388.5000,965.9143,0.0000,3.74739,14807.7
1478,129354.4143,128388.5000,965.9143,0.0185,3.76397,14817.7
1479,129354.4143,128388.5000,965.9143,0.0000,3.76397,14827.7
1480,129354.4143,128388.5000,965.9143,0.0185,3.7838,14838.3
1481,129354.4143,128388.5000,965.9143,0.0000,3.7838,14848.0
1482,129354.4143,128388.5000,965.9143,0.0000,3.7838,14858.4
1483,129354.4143,128388.5000,965.9143,0.0000,3.7838,14868.7
1484,129354.4143,128388.5000,965.9143,0.0000,3.7838,14878.7
1485,129354.4143,128388.5000,965.9143,0.0000,3.7838,14889.0
1486,129354.4143,128388.5000,965.9143,0.0000,3.7838,14899.3
1487,129354.4143,128388.5000,965.9143,0.0000,3.7838,14909.3
1488,129354.4143,128388.5000,965.9143,0.0000,3.7838,14919.2
1489,129354.4143,128388.5000,965.9143,0.0370,3.79312,14929.2
1490,129354.4143,128388.5000,965.9143,0.0000,3.79312,14939.6
1491,129354.4143,128388.5000,965.9143,0.0000,3.79312,14949.5
1492,129354.4143,128388.5000,965.9143,0.0000,3.79312,14959.3
1493,129354.4143,128388.5000,965.9143,0.0370,3.81077,14969.2
1494,129354.4143,128388.5000,965.9143,0.0000,3.81077,14979.6
1495,129354.4143,128388.5000,965.9143,0.0000,3.81077,14989.7
1496,129354.4143,128411.5238,942.8905,0.0185,3.80768,14999.9
1497,129354.4143,128411.5238,942.8905,0.0185,3.80301,15009.9
1498,129354.4143,128411.5238,942.8905,0.0000,3.80301,15020.1
1499,129354.4143,128411.5238,942.8905,0.0000,3.80301,15030.1
1500,129354.4143,128411.5238,942.8905,0.0000,3.80301,15040.1
1501,129354.4143,128411.5238,942.8905,0.0000,3.80301,15050.2
1502,129354.4143,128411.5238,942.8905,0.0000,3.80301,15060.6
1503,129354.4143,128411.5238,942.8905,0.0000,3.80301,15070.9
1504,129354.4143,128411.5238,942.8905,0.0000,3.80301,15080.7
1505,129354.4143,128411.5238,942.8905,0.0000,3.80301,15091.0
1506,129354.4143,128411.5238,942.8905,0.0000,3.80301,15101.2
1507,129354.4143,128411.5238,942.8905,0.0000,3.80301,15111.2
1508,129354.4143,128411.5238,942.8905,0.0000,3.80301,15121.2
1509,129354.4143,128411.5238,942.8905,0.0185,3.80194,15131.2
1510,129354.4143,128411.5238,942.8905,0.0000,3.80194,15141.4
1511,129354.4143,128464.8094,889.6048,0.0556,3.77574,15151.4
1512,129354.4143,128464.8094,889.6048,0.0000,3.77574,15161.7
1513,129354.4143,128464.8094,889.6048,0.0000,3.77574,15171.9
1514,129354.4143,128464.8094,889.6048,0.0000,3.77574,15182.0
1515,129354.4143,128464.8094,889.6048,0.0000,3.77574,15192.0
1516,129354.4143,128464.8094,889.6048,0.0000,3.77574,15202.4
1517,129354.4143,128464.8094,889.6048,0.0000,3.77574,15212.5
1518,129354.4143,128464.8094,889.6048,0.0000,3.77574,15222.5
1519,129354.4143,128464.8094,889.6048,0.0185,3.76712,15232.6
1520,129354.4143,128464.8094,889.6048,0.0000,3.76712,15242.9
1521,129354.4143,128464.8094,889.6048,0.0000,3.76712,15253.1
1522,129354.4143,128464.8094,889.6048,0.0000,3.76712,15262.9
1523,129354.4143,128464.8094,889.6048,0.0185,3.77218,15273.0
1524,129354.4143,128464.8094,889.6048,0.0000,3.77218,15283.3
1525,129354.4143,128464.8094,889.6048,0.0000,3.77218,15293.7
1526,129354.4143,128464.8094,889.6048,0.0185,3.7601,15303.8
1527,129354.4143,128464.8094,889.6048,0.0000,3.7601,15314.0
1528,129354.4143,128464.8094,889.6048,0.0185,3.78855,15323.9
1529,129354.4143,128464.8094,889.6048,0.0000,3.78855,15334.2
1530,129354.4143,128464.8094,889.6048,0.0000,3.78855,15344.2
1531,129354.4143,128464.8094,889.6048,0.0185,3.79319,15354.4
1532,129354.4143,128464.8094,889.6048,0.0000,3.79319,15364.4
1533,129354.4143,128464.8094,889.6048,0.0000,3.79319,15374.7
1534,129354.4143,128464.8094,889.6048,0.0000,3.79319,15384.6
1535,129354.4143,128464.8094,889.6048,0.0000,3.79319,15394.5
1536,129354.4143,128464.8094,889.6048,0.0000,3.79319,15404.5
1537,129354.4143,128464.8094,889.6048,0.0000,3.79319,15414.6
1538,129354.4143,128464.8094,889.6048,0.0185,3.79999,15424.4
1539,129354.4143,128464.8094,889.6048,0.0000,3.79999,15434.5
1540,129354.4143,128464.8094,889.6048,0.0000,3.79999,15444.7
1541,129354.4143,128464.8094,889.6048,0.0000,3.79999,15455.1
1542,129354.4143,128464.8094,889.6048,0.0000,3.79999,15465.5
1543,129354.4143,128464.8094,889.6048,0.0000,3.79999,15475.6
1544,129354.4143,128464.8094,889.6048,0.0185,3.80539,15485.7
1545,129354.4143,128464.8094,889.6048,0.0000,3.80539,15495.8
1546,129354.4143,128464.8094,889.6048,0.0000,3.80539,15506.1
1547,129354.4143,128464.8094,889.6048,0.0185,3.80186,15516.1
1548,129354.4143,128464.8094,889.6048,0.0185,3.80919,15526.0
1549,129354.4143,128464.8094,889.6048,0.0370,3.80403,15536.2
1550,129354.4143,128464.8094,889.6048,0.0000,3.80403,15546.0
1551,129354.4143,128464.8094,889.6048,0.0000,3.80403,15556.0
1552,129354.4143,128464.8094,889.6048,0.0000,3.80403,15566.2
1553,129354.4143,128464.8094,889.6048,0.0000,3.80403,15576.2
1554,129354.4143,128464.8094,889.6048,0.0000,3.80403,15586.5
1555,129354.4143,128464.8094,889.6048,0.0000,3.80403,15596.5
1556,129354.4143,128464.8094,889.6048,0.0000,3.80403,15606.1
1557,129354.4143,128464.8094,889.6048,0.0000,3.80403,15616.3
1558,129354.4143,128464.8094,889.6048,0.0000,3.80403,15626.4
1559,129354.4143,128464.8094,889.6048,0.0185,3.81656,15636.5
1560,129354.4143,128464.8094,889.6048,0.0000,3.81656,15647.0
1561,129354.4143,128464.8094,889.6048,0.0000,3.81656,15657.0
1562,129354.4143,128464.8094,889.6048,0.0000,3.81656,15667.2
1563,129354.4143,128464.8094,889.6048,0.0000,3.81656,15677.6
1564,129354.4143,128464.8094,889.6048,0.0000,3.81656,15687.4
1565,129354.4143,128464.8094,889.6048,0.0000,3.81656,15697.4
1566,129354.4143,128464.8094,889.6048,0.0000,3.81656,15707.6
1567,129354.4143,128464.8094,889.6048,0.0185,3.80349,15717.3
1568,129354.4143,128464.8094,889.6048,0.0000,3.80349,15727.3
1569,129354.4143,128464.8094,889.6048,0.0000,3.80349,15737.2
1570,129354.4143,128464.8094,889.6048,0.0000,3.80349,15747.3
1571,129354.4143,128464.8094,889.6048,0.0000,3.80349,15757.8
1572,129354.4143,128464.8094,889.6048,0.0000,3.80349,15767.9
1573,129354.4143,128464.8094,889.6048,0.0185,3.79546,15777.7
1574,129354.4143,128464.8094,889.6048,0.0000,3.79546,15788.1
1575,129354.4143,128464.8094,889.6048,0.0000,3.79546,15798.0
1576,129354.4143,128464.8094,889.6048,0.0185,3.78811,15808.3
1577,129354.4143,128464.8094,889.6048,0.0000,3.78811,15818.5
1578,129354.4143,128464.8094,889.6048,0.0000,3.78811,15828.5
1579,129354.4143,128464.8094,889.6048,0.0000,3.78811,15838.6
1580,129354.4143,128464.8094,889.6048,0.0185,3.79525,15848.6
1581,129354.4143,128464.8094,889.6048,0.0000,3.79525,15858.6
1582,129354.4143,128464.8094,889.6048,0.0185,3.79408,15868.5
1583,129354.4143,128464.8094,889.6048,0.0370,3.81238,15878.5
1584,129354.4143,128464.8094,889.6048,0.0000,3.81238,15888.4
1585,129354.4143,128464.8094,889.6048,0.0000,3.81238,15898.2
1586,129354.4143,128464.8094,889.6048,0.0000,3.81238,15908.2
1587,129354.4143,128464.8094,889.6048,0.0185,3.80399,15918.3
1588,129354.4143,128464.8094,889.6048,0.0185,3.80275,15928.4
1589,129354.4143,128464.8094,889.6048,0.0000,3.80275,15938.6
1590,129354.4143,128464.8094,889.6048,0.0000,3.80275,15948.7
1591,129354.4143,128464.8094,889.6048,0.0000,3.80275,15958.9
1592,129354.4143,128464.8094,889.6048,0.0000,3.80275,15968.9
1593,129354.4143,128464.8094,889.6048,0.0000,3.80275,15978.9
1594,129354.4143,128464.8094,889.6048,0.0185,3.80358,15988.8
1595,129354.4143,128464.8094,889.6048,0.0000,3.80358,15998.8
1596,129354.4143,128464.8094,889.6048,0.0185,3.80696,16008.7
1597,129354.4143,128464.8094,889.6048,0.0000,3.80696,16018.7
1598,129354.4143,128464.8094,889.6048,0.0185,3.80358,16028.9
1599,129354.4143,128464.8094,889.6048,0.0000,3.80358,16038.9
1600,129354.4143,128464.8094,889.6048,0.0000,3.80358,16049.1
1601,129354.4143,128464.8094,889.6048,0.0000,3.80358,16059.1
1602,129354.4143,128464.8094,889.6048,0.0185,3.82109,16069.2
1603,129354.4143,128464.8094,889.6048,0.0000,3.82109,16079.2
1604,129354.4143,128464.8094,889.6048,0.0000,3.82109,16089.1
1605,129354.4143,128464.8094,889.6048,0.0000,3.82109,16099.1
1606,129354.4143,128464.8094,889.6048,0.0000,3.82109,16109.1
1607,129354.4143,128464.8094,889.6048,0.0000,3.82109,16119.4
1608,129354.4143,128464.8094,889.6048,0.0000,3.82109,16129.4
1609,129354.4143,128464.8094,889.6048,0.0000,3.82109,16139.4
1610,129354.4143,128464.8094,889.6048,0.0185,3.8171,16149.6
1611,129354.4143,128464.8094,889.6048,0.0185,3.82123,16159.9
1612,129354.4143,128464.8094,889.6048,0.0000,3.82123,16170.2
1613,129354.4143,128464.8094,889.6048,0.0000,3.82123,16180.4
1614,129354.4143,128464.8094,889.6048,0.0000,3.82123,16190.5
1615,129354.4143,128464.8094,889.6048,0.0000,3.82123,16200.6
1616,129354.4143,128464.8094,889.6048,0.0000,3.82123,16211.4
1617,129354.4143,128464.8094,889.6048,0.0185,3.84023,16221.7
1618,129354.4143,128464.8094,889.6048,0.0000,3.84023,16232.0
1619,129354.4143,128464.8094,889.6048,0.0000,3.84023,16242.3
1620,129354.4143,128464.8094,889.6048,0.0000,3.84023,16252.4
1621,129354.4143,128464.8094,889.6048,0.0000,3.84023,16262.4
1622,129354.4143,128464.8094,889.6048,0.0000,3.84023,16272.6
1623,129354.4143,128464.8094,889.6048,0.0185,3.82718,16282.6
1624,129354.4143,128464.8094,889.6048,0.0000,3.82718,16292.9
1625,129354.4143,128464.8094,889.6048,0.0000,3.82718,16303.1
1626,129354.4143,128464.8094,889.6048,0.0000,3.82718,16312.9
1627,129354.4143,128464.8094,889.6048,0.0000,3.82718,16323.0
1628,129354.4143,128464.8094,889.6048,0.0000,3.82718,16333.3
1629,129354.4143,128464.8094,889.6048,0.0000,3.82718,16343.6
1630,129354.4143,128464.8094,889.6048,0.0370,3.81945,16353.3
1631,129354.4143,128464.8094,889.6048,0.0000,3.81945,16363.4
1632,129354.4143,128464.8094,889.6048,0.0000,3.81945,16373.4
1633,129354.4143,128464.8094,889.6048,0.0000,3.81945,16383.5
1634,129354.4143,128464.8094,889.6048,0.0000,3.81945,16393.7
1635,129354.4143,128464.8094,889.6048,0.0000,3.81945,16404.0
1636,129354.4143,128464.8094,889.6048,0.0185,3.81605,16414.0
1637,129354.4143,128464.8094,889.6048,0.0000,3.81605,16424.4
1638,129354.4143,128464.8094,889.6048,0.0000,3.81605,16434.6
1639,129354.4143,128464.8094,889.6048,0.0000,3.81605,16444.8
1640,129354.4143,128464.8094,889.6048,0.0000,3.81605,16454.8
1641,129354.4143,128464.8094,889.6048,0.0000,3.81605,16464.9
1642,129354.4143,128464.8094,889.6048,0.0000,3.81605,16474.7
1643,129354.4143,128464.8094,889.6048,0.0000,3.81605,16484.8
1644,129354.4143,128464.8094,889.6048,0.0000,3.81605,16494.7
1645,129354.4143,128464.8094,889.6048,0.0000,3.81605,16504.9
1646,129354.4143,128464.8094,889.6048,0.0185,3.8452,16515.0
1647,129354.4143,128464.8094,889.6048,0.0000,3.8452,16524.9
1648,129354.4143,128464.8094,889.6048,0.0000,3.8452,16535.5
1649,129354.4143,128464.8094,889.6048,0.0000,3.8452,16545.6
1650,129354.4143,128464.8094,889.6048,0.0185,3.87541,16555.4
1651,129354.4143,128464.8094,889.6048,0.0000,3.87541,16565.3
1652,129354.4143,128464.8094,889.6048,0.0000,3.87541,16575.5
1653,129354.4143,128464.8094,889.6048,0.0185,3.87907,16585.5
1654,129354.4143,128464.8094,889.6048,0.0000,3.87907,16595.8
1655,129354.4143,128464.8094,889.6048,0.0000,3.87907,16605.8
1656,129354.4143,128464.8094,889.6048,0.0000,3.87907,16615.7
1657,129354.4143,128464.8094,889.6048,0.0000,3.87907,16625.6
1658,129354.4143,128464.8094,889.6048,0.0000,3.87907,16635.8
1659,129354.4143,128464.8094,889.6048,0.0000,3.87907,16646.3
1660,129354.4143,128464.8094,889.6048,0.0185,3.85002,16656.5
1661,129354.4143,128464.8094,889.6048,0.0185,3.8568,16666.5
1662,129354.4143,128464.8094,889.6048,0.0185,3.85027,16676.5
1663,129354.4143,128464.8094,889.6048,0.0185,3.86077,16686.9
1664,129354.4143,128464.8094,889.6048,0.0000,3.86077,16697.3
1665,129354.4143,128464.8094,889.6048,0.0000,3.86077,16707.1
1666,129354.4143,128464.8094,889.6048,0.0185,3.82826,16717.3
1667,129354.4143,128464.8094,889.6048,0.0000,3.82826,16727.5
1668,129354.4143,128464.8094,889.6048,0.0185,3.82967,16737.6
1669,129354.4143,128464.8094,889.6048,0.0185,3.82008,16747.9
1670,129354.4143,128464.8094,889.6048,0.0000,3.82008,16758.1
1671,129354.4143,128464.8094,889.6048,0.0185,3.81507,16768.2
1672,129354.4143,128464.8094,889.6048,0.0000,3.81507,16778.5
1673,129354.4143,128464.8094,889.6048,0.0185,3.8084,16788.4
1674,129354.4143,128464.8094,889.6048,0.0185,3.81023,16798.8
1675,129354.4143,128464.8094,889.6048,0.0000,3.81023,16809.0
1676,129354.4143,128464.8094,889.6048,0.0000,3.81023,16819.0
1677,129354.4143,128464.8094,889.6048,0.0000,3.81023,16829.2
1678,129354.4143,128464.8094,889.6048,0.0185,3.84064,16839.3
1679,129354.4143,128464.8094,889.6048,0.0000,3.84064,16849.2
1680,129354.4143,128464.8094,889.6048,0.0000,3.84064,16859.5
1681,129354.4143,128464.8094,889.6048,0.0000,3.84064,16869.8
1682,129354.4143,128464.8094,889.6048,0.0185,3.86062,16880.2
1683,129354.4143,128464.8094,889.6048,0.0185,3.8479,16890.3
1684,129354.4143,128464.8094,889.6048,0.0000,3.8479,16900.5
1685,129354.4143,128464.8094,889.6048,0.0000,3.8479,16910.6
1686,129354.4143,128464.8094,889.6048,0.0185,3.87258,16920.8
1687,129354.4143,128464.8094,889.6048,0.0000,3.87258,16931.1
1688,129354.4143,128464.8094,889.6048,0.0000,3.87258,16941.1
1689,129354.4143,128464.8094,889.6048,0.0000,3.87258,16951.3
1690,129354.4143,128464.8094,889.6048,0.0000,3.87258,16961.7
1691,129354.4143,128464.8094,889.6048,0.0000,3.87258,16972.3
1692,129354.4143,128464.8094,889.6048,0.0000,3.87258,16982.7
1693,129354.4143,128464.8094,889.6048,0.0000,3.87258,16992.6
1694,129354.4143,128464.8094,889.6048,0.0000,3.87258,17002.7
1695,129354.4143,128464.8094,889.6048,0.0000,3.87258,17013.0
1696,129354.4143,128464.8094,889.6048,0.0000,3.87258,17023.4
1697,129354.4143,128464.8094,889.6048,0.0185,3.895,17033.4
1698,129354.4143,128464.8094,889.6048,0.0000,3.895,17043.6
1699,129354.4143,128464.8094,889.6048,0.0000,3.895,17053.8
1700,129354.4143,128464.8094,889.6048,0.0185,3.91419,17063.8
1701,129354.4143,128464.8094,889.6048,0.0000,3.91419,17073.8
1702,129354.4143,128464.8094,889.6048,0.0000,3.91419,17084.0
1703,129354.4143,128464.8094,889.6048,0.0000,3.91419,17094.3
1704,129354.4143,128464.8094,889.6048,0.0000,3.91419,17104.8
1705,129354.4143,128464.8094,889.6048,0.0185,3.90507,17114.7
1706,129354.4143,128464.8094,889.6048,0.0185,3.88492,17125.0
1707,129354.4143,128464.8094,889.6048,0.0000,3.88492,17135.4
1708,129354.4143,128464.8094,889.6048,0.0000,3.88492,17145.4
1709,129354.4143,128464.8094,889.6048,0.0000,3.88492,17155.8
1710,129354.4143,128464.8094,889.6048,0.0000,3.88492,17165.9
1711,129354.4143,128464.8094,889.6048,0.0000,3.88492,17176.2
1712,129354.4143,128464.8094,889.6048,0.0000,3.88492,17186.4
1713,129354.4143,128464.8094,889.6048,0.0185,3.88689,17196.6
1714,129354.4143,128464.8094,889.6048,0.0000,3.88689,17206.9
1715,129354.4143,128464.8094,889.6048,0.0000,3.88689,17217.0
1716,129354.4143,128464.8094,889.6048,0.0000,3.88689,17227.4
1717,129354.4143,128464.8094,889.6048,0.0000,3.88689,17237.5
1718,129354.4143,128464.8094,889.6048,0.0000,3.88689,17247.9
1719,129354.4143,128464.8094,889.6048,0.0185,3.8883,17258.1
1720,129354.4143,128464.8094,889.6048,0.0185,3.94134,17268.2
1721,129354.4143,128464.8094,889.6048,0.0000,3.94134,17278.3
1722,129354.4143,128464.8094,889.6048,0.0000,3.94134,17288.5
1723,129354.4143,128464.8094,889.6048,0.0185,3.91835,17298.9
1724,129354.4143,128464.8094,889.6048,0.0000,3.91835,17309.4
1725,129354.4143,128464.8094,889.6048,0.0185,3.92847,17319.7
1726,129354.4143,128464.8094,889.6048,0.0000,3.92847,17330.0
1727,129354.4143,128464.8094,889.6048,0.0000,3.92847,17339.9
1728,129354.4143,128464.8094,889.6048,0.0000,3.92847,17350.0
1729,129354.4143,128464.8094,889.6048,0.0000,3.92847,17360.3
1730,129354.4143,128464.8094,889.6048,0.0000,3.92847,17370.6
1731,129354.4143,128464.8094,889.6048,0.0000,3.92847,17380.9
1732,129354.4143,128464.8094,889.6048,0.0185,3.92465,17391.6
1733,129354.4143,128464.8094,889.6048,0.0000,3.92465,17401.8
1734,129354.4143,128464.8094,889.6048,0.0000,3.92465,17412.1
1735,129354.4143,128464.8094,889.6048,0.0000,3.92465,17422.4
1736,129354.4143,128464.8094,889.6048,0.0000,3.92465,17432.3
1737,129354.4143,128464.8094,889.6048,0.0185,3.91691,17442.7
1738,129354.4143,128464.8094,889.6048,0.0000,3.91691,17452.9
1739,129354.4143,128464.8094,889.6048,0.0000,3.91691,17463.5
1740,129613.1619,128464.8094,1148.3525,0.0370,3.91756,17473.5
1741,129613.1619,128464.8094,1148.3525,0.0000,3.91756,17483.5
1742,129613.1619,128464.8094,1148.3525,0.0370,3.92955,17493.5
1743,129613.1619,128464.8094,1148.3525,0.0000,3.92955,17503.8
1744,129613.1619,128464.8094,1148.3525,0.0000,3.92955,17513.5
1745,129613.1619,128464.8094,1148.3525,0.0000,3.92955,17524.0
1746,129613.1619,128464.8094,1148.3525,0.0000,3.92955,17534.2
1747,129613.1619,128464.8094,1148.3525,0.0000,3.92955,17544.5
1748,129613.1619,128464.8094,1148.3525,0.0000,3.92955,17554.7
1749,129613.1619,128464.8094,1148.3525,0.0185,3.93819,17564.8
1750,129613.1619,128464.8094,1148.3525,0.0000,3.93819,17575.1
1751,129613.1619,128464.8094,1148.3525,0.0000,3.93819,17585.4
1752,129613.1619,128464.8094,1148.3525,0.0000,3.93819,17595.5
1753,129613.1619,128464.8094,1148.3525,0.0000,3.93819,17606.0
1754,129613.1619,128464.8094,1148.3525,0.0000,3.93819,17616.4
1755,129613.1619,128464.8094,1148.3525,0.0000,3.93819,17626.4
1756,129613.1619,128464.8094,1148.3525,0.0185,3.93322,17636.4
1757,129613.1619,128464.8094,1148.3525,0.0185,3.93806,17646.7
1758,129613.1619,128464.8094,1148.3525,0.0370,3.9354,17657.0
1759,129613.1619,128464.8094,1148.3525,0.0000,3.9354,17667.4
1760,129613.1619,128464.8094,1148.3525,0.0000,3.9354,17678.0
1761,129613.1619,128464.8094,1148.3525,0.0000,3.9354,17688.2
1762,129613.1619,128464.8094,1148.3525,0.0000,3.9354,17698.1
1763,129613.1619,128464.8094,1148.3525,0.0000,3.9354,17708.4
1764,129613.1619,128464.8094,1148.3525,0.0185,3.94025,17718.7
1765,129613.1619,128464.8094,1148.3525,0.0185,3.95052,17728.8
1766,129613.1619,128464.8094,1148.3525,0.0185,3.96259,17739.3
1767,129613.1619,128464.8094,1148.3525,0.0000,3.96259,17749.4
1768,129613.1619,128464.8094,1148.3525,0.0000,3.96259,17759.9
1769,129613.1619,128464.8094,1148.3525,0.0000,3.96259,17770.2
1770,129613.1619,128464.8094,1148.3525,0.0000,3.96259,17780.3
1771,129613.1619,128464.8094,1148.3525,0.0000,3.96259,17790.8
1772,129613.1619,128464.8094,1148.3525,0.0000,3.96259,17800.9
1773,129613.1619,128464.8094,1148.3525,0.0000,3.96259,17811.1
1774,129613.1619,128464.8094,1148.3525,0.0000,3.96259,17821.1
1775,129613.1619,128464.8094,1148.3525,0.0185,3.97969,17831.3
1776,129613.1619,128464.8094,1148.3525,0.0185,3.99469,17841.6
1777,129613.1619,128464.8094,1148.3525,0.0185,3.99056,17852.1
1778,129613.1619,128464.8094,1148.3525,0.0000,3.99056,17862.3
1779,129613.1619,128464.8094,1148.3525,0.0000,3.99056,17872.5
1780,129613.1619,128464.8094,1148.3525,0.0000,3.99056,17882.5
1781,129613.1619,128464.8094,1148.3525,0.0000,3.99056,17892.5
1782,129613.1619,128464.8094,1148.3525,0.0185,3.98248,17902.8
1783,129613.1619,128464.8094,1148.3525,0.0000,3.98248,17913.5
1784,129613.1619,128464.8094,1148.3525,0.0000,3.98248,17923.7
1785,129613.1619,128464.8094,1148.3525,0.0000,3.98248,17934.4
1786,129613.1619,128464.8094,1148.3525,0.0000,3.98248,17944.3
1787,129613.1619,128464.8094,1148.3525,0.0185,4.00138,17954.3
1788,129613.1619,128464.8094,1148.3525,0.0000,4.00138,17964.2
1789,129613.1619,128464.8094,1148.3525,0.0000,4.00138,17974.6
1790,129613.1619,128464.8094,1148.3525,0.0000,4.00138,17984.5
1791,129613.1619,128464.8094,1148.3525,0.0000,4.00138,17994.5
1792,129613.1619,128464.8094,1148.3525,0.0000,4.00138,18004.9
1793,129613.1619,128464.8094,1148.3525,0.0000,4.00138,18015.0
1794,129613.1619,128464.8094,1148.3525,0.0000,4.00138,18025.1
1795,129613.1619,128464.8094,1148.3525,0.0000,4.00138,18035.3
1796,129613.1619,128464.8094,1148.3525,0.0000,4.00138,18045.5
1797,129613.1619,128464.8094,1148.3525,0.0000,4.00138,18055.5
1798,129613.1619,128464.8094,1148.3525,0.0185,3.98604,18065.5
1799,129613.1619,128464.8094,1148.3525,0.0000,3.98604,18075.9
1800,129613.1619,128464.8094,1148.3525,0.0000,3.98604,18086.1
1801,129613.1619,128464.8094,1148.3525,0.0000,3.98604,18096.2
1802,129613.1619,128464.8094,1148.3525,0.0000,3.98604,18106.4
1803,129613.1619,128464.8094,1148.3525,0.0370,3.97984,18116.6
1804,129613.1619,128464.8094,1148.3525,0.0000,3.97984,18126.5
1805,129613.1619,128464.8094,1148.3525,0.0000,3.97984,18136.7
1806,129613.1619,128464.8094,1148.3525,0.0000,3.97984,18147.0
1807,129613.1619,128464.8094,1148.3525,0.0370,3.99444,18157.0
1808,129613.1619,128464.8094,1148.3525,0.0000,3.99444,18167.0
1809,129613.1619,128464.8094,1148.3525,0.0000,3.99444,18177.6
1810,129613.1619,128464.8094,1148.3525,0.0000,3.99444,18187.9
1811,129613.1619,128464.8094,1148.3525,0.0000,3.99444,18198.3
1812,129613.1619,128464.8094,1148.3525,0.0000,3.99444,18208.3
1813,129613.1619,128464.8094,1148.3525,0.0000,3.99444,18218.0
1814,129613.1619,128464.8094,1148.3525,0.0000,3.99444,18228.6
1815,129613.1619,128464.8094,1148.3525,0.0000,3.99444,18238.6
1816,129613.1619,128464.8094,1148.3525,0.0000,3.99444,18248.6
1817,129613.1619,128464.8094,1148.3525,0.0000,3.99444,18258.5
1818,129613.1619,128464.8094,1148.3525,0.0000,3.99444,18268.3
1819,129613.1619,128464.8094,1148.3525,0.0000,3.99444,18278.3
1820,129613.1619,128464.8094,1148.3525,0.0185,3.99592,18288.4
1821,129613.1619,128464.8094,1148.3525,0.0000,3.99592,18298.7
1822,129613.1619,128464.8094,1148.3525,0.0000,3.99592,18308.5
1823,129613.1619,128464.8094,1148.3525,0.0000,3.99592,18318.5
1824,129613.1619,128464.8094,1148.3525,0.0000,3.99592,18329.4
1825,129613.1619,128464.8094,1148.3525,0.0000,3.99592,18339.5
1826,129613.1619,128464.8094,1148.3525,0.0000,3.99592,18349.8
1827,129613.1619,128464.8094,1148.3525,0.0000,3.99592,18359.6
1828,129613.1619,128464.8094,1148.3525,0.0000,3.99592,18369.9
1829,129613.1619,128464.8094,1148.3525,0.0000,3.99592,18380.2
1830,129613.1619,128464.8094,1148.3525,0.0000,3.99592,18391.0
1831,129613.1619,128464.8094,1148.3525,0.0000,3.99592,18401.5
1832,129613.1619,128464.8094,1148.3525,0.0000,3.99592,18411.7
1833,129613.1619,128464.8094,1148.3525,0.0000,3.99592,18422.2
1834,129613.1619,128464.8094,1148.3525,0.0000,3.99592,18432.0
1835,129613.1619,128464.8094,1148.3525,0.0000,3.99592,18442.4
1836,129613.1619,128464.8094,1148.3525,0.0000,3.99592,18453.0
1837,129613.1619,128464.8094,1148.3525,0.0000,3.99592,18463.2
1838,129613.1619,128464.8094,1148.3525,0.0000,3.99592,18473.7
1839,129613.1619,128464.8094,1148.3525,0.0000,3.99592,18483.9
1840,129613.1619,128464.8094,1148.3525,0.0000,3.99592,18494.3
1841,129613.1619,128464.8094,1148.3525,0.0000,3.99592,18504.4
1842,129613.1619,128464.8094,1148.3525,0.0000,3.99592,18514.3
1843,129613.1619,128464.8094,1148.3525,0.0000,3.99592,18524.4
1844,129613.1619,128464.8094,1148.3525,0.0000,3.99592,18534.7
1845,129613.1619,128464.8094,1148.3525,0.0000,3.99592,18545.0
1846,129613.1619,128464.8094,1148.3525,0.0000,3.99592,18555.1
1847,129613.1619,128464.8094,1148.3525,0.0185,3.9878,18565.5
1848,129613.1619,128464.8094,1148.3525,0.0000,3.9878,18575.8
1849,129613.1619,128464.8094,1148.3525,0.0000,3.9878,18585.7
1850,129613.1619,128464.8094,1148.3525,0.0000,3.9878,18595.7
1851,129613.1619,128464.8094,1148.3525,0.0000,3.9878,18605.9
1852,129613.1619,128464.8094,1148.3525,0.0000,3.9878,18616.1
1853,129613.1619,128464.8094,1148.3525,0.0000,3.9878,18626.5
1854,129613.1619,128464.8094,1148.3525,0.0000,3.9878,18637.1
1855,129613.1619,128464.8094,1148.3525,0.0000,3.9878,18647.0
1856,129613.1619,128464.8094,1148.3525,0.0000,3.9878,18657.1
1857,129613.1619,128464.8094,1148.3525,0.0000,3.9878,18667.2
1858,129613.1619,128464.8094,1148.3525,0.0000,3.9878,18677.3
1859,129613.1619,128464.8094,1148.3525,0.0370,3.99533,18687.4
1860,129613.1619,128464.8094,1148.3525,0.0000,3.99533,18697.4
1861,129613.1619,128464.8094,1148.3525,0.0000,3.99533,18707.5
1862,129613.1619,128464.8094,1148.3525,0.0000,3.99533,18717.6
1863,129613.1619,128464.8094,1148.3525,0.0000,3.99533,18727.9
1864,129613.1619,128464.8094,1148.3525,0.0000,3.99533,18738.1
1865,129613.1619,128464.8094,1148.3525,0.0000,3.99533,18747.8
1866,129613.1619,128464.8094,1148.3525,0.0000,3.99533,18757.7
1867,129613.1619,128464.8094,1148.3525,0.0000,3.99533,18767.9
1868,129613.1619,128464.8094,1148.3525,0.0185,4.01481,18777.9
1869,129613.1619,128464.8094,1148.3525,0.0000,4.01481,18788.1
1870,129613.1619,128464.8094,1148.3525,0.0000,4.01481,18798.0
1871,129613.1619,128464.8094,1148.3525,0.0000,4.01481,18808.4
1872,129613.1619,128464.8094,1148.3525,0.0000,4.01481,18818.5
1873,129613.1619,128464.8094,1148.3525,0.0000,4.01481,18828.8
1874,129613.1619,128464.8094,1148.3525,0.0185,4.00275,18839.1
1875,129613.1619,128464.8094,1148.3525,0.0000,4.00275,18849.0
1876,129613.1619,128464.8094,1148.3525,0.0000,4.00275,18859.1
1877,129613.1619,128464.8094,1148.3525,0.0000,4.00275,18869.7
1878,129613.1619,128464.8094,1148.3525,0.0000,4.00275,18879.8
1879,129613.1619,128464.8094,1148.3525,0.0185,4.00558,18890.0
1880,129613.1619,128464.8094,1148.3525,0.0000,4.00558,18900.1
1881,129613.1619,128464.8094,1148.3525,0.0000,4.00558,18910.0
1882,129613.1619,128464.8094,1148.3525,0.0000,4.00558,18920.4
1883,129613.1619,128464.8094,1148.3525,0.0000,4.00558,18930.3
1884,129613.1619,128464.8094,1148.3525,0.0000,4.00558,18940.5
1885,129613.1619,128464.8094,1148.3525,0.0000,4.00558,18950.8
1886,129613.1619,128464.8094,1148.3525,0.0000,4.00558,18960.7
1887,129613.1619,128464.8094,1148.3525,0.0000,4.00558,18970.7
1888,129613.1619,128464.8094,1148.3525,0.0000,4.00558,18980.7
1889,129613.1619,128464.8094,1148.3525,0.0185,4.00436,18990.8
1890,129613.1619,128464.8094,1148.3525,0.0000,4.00436,19001.4
1891,129613.1619,128464.8094,1148.3525,0.0185,4.00619,19011.4
1892,129613.1619,128464.8094,1148.3525,0.0000,4.00619,19021.4
1893,129613.1619,128464.8094,1148.3525,0.0000,4.00619,19031.7
1894,129613.1619,128464.8094,1148.3525,0.0000,4.00619,19041.9
1895,129613.1619,128464.8094,1148.3525,0.0000,4.00619,19052.0
1896,129613.1619,128464.8094,1148.3525,0.0000,4.00619,19062.1
1897,129613.1619,128464.8094,1148.3525,0.0185,4.00643,19072.0
1898,129613.1619,128464.8094,1148.3525,0.0000,4.00643,19082.7
1899,129613.1619,128464.8094,1148.3525,0.0000,4.00643,19093.1
1900,129613.1619,128464.8094,1148.3525,0.0185,4.04989,19103.3
1901,129613.1619,128464.8094,1148.3525,0.0000,4.04989,19113.6
1902,129613.1619,128464.8094,1148.3525,0.0000,4.04989,19123.8
1903,129613.1619,128464.8094,1148.3525,0.0000,4.04989,19133.8
1904,129613.1619,128464.8094,1148.3525,0.0000,4.04989,19143.9
1905,129613.1619,128464.8094,1148.3525,0.0000,4.04989,19154.1
1906,129613.1619,128464.8094,1148.3525,0.0000,4.04989,19164.0
1907,129613.1619,128464.8094,1148.3525,0.0000,4.04989,19173.9
1908,129613.1619,128464.8094,1148.3525,0.0000,4.04989,19183.8
1909,129613.1619,128464.8094,1148.3525,0.0000,4.04989,19194.1
1910,129613.1619,128464.8094,1148.3525,0.0000,4.04989,19204.8
1911,129613.1619,128464.8094,1148.3525,0.0000,4.04989,19215.1
1912,129613.1619,128464.8094,1148.3525,0.0000,4.04989,19224.9
1913,129613.1619,128464.8094,1148.3525,0.0000,4.04989,19235.0
1914,129613.1619,128464.8094,1148.3525,0.0000,4.04989,19245.0
1915,129613.1619,128464.8094,1148.3525,0.0000,4.04989,19255.3
1916,129613.1619,128464.8094,1148.3525,0.0000,4.04989,19265.3
1917,129613.1619,128464.8094,1148.3525,0.0000,4.04989,19275.4
1918,129613.1619,128464.8094,1148.3525,0.0185,4.05389,19285.6
1919,129613.1619,128464.8094,1148.3525,0.0185,4.06775,19295.9
1920,129613.1619,128464.8094,1148.3525,0.0000,4.06775,19306.3
1921,129613.1619,128464.8094,1148.3525,0.0000,4.06775,19316.6
1922,129613.1619,128464.8094,1148.3525,0.0000,4.06775,19326.4
1923,129613.1619,128464.8094,1148.3525,0.0185,4.07142,19336.4
1924,129613.1619,128464.8094,1148.3525,0.0000,4.07142,19346.7
1925,129613.1619,128464.8094,1148.3525,0.0370,4.04819,19356.8
1926,129613.1619,128464.8094,1148.3525,0.0185,4.03663,19367.0
1927,129613.1619,128464.8094,1148.3525,0.0185,4.04055,19377.3
1928,129613.1619,128464.8094,1148.3525,0.0000,4.04055,19387.6
1929,129613.1619,128464.8094,1148.3525,0.0000,4.04055,19397.5
1930,129613.1619,128464.8094,1148.3525,0.0000,4.04055,19407.9
1931,129613.1619,128464.8094,1148.3525,0.0000,4.04055,19418.4
1932,129613.1619,128464.8094,1148.3525,0.0000,4.04055,19428.7
1933,129613.1619,128464.8094,1148.3525,0.0000,4.04055,19438.8
1934,129613.1619,128464.8094,1148.3525,0.0000,4.04055,19449.0
1935,129613.1619,128464.8094,1148.3525,0.0000,4.04055,19459.4
1936,129613.1619,128511.2130,1101.9489,0.0185,4.05611,19469.7
1937,129613.1619,128511.2130,1101.9489,0.0000,4.05611,19479.8
1938,129613.1619,128511.2130,1101.9489,0.0000,4.05611,19490.2
1939,129613.1619,128511.2130,1101.9489,0.0185,4.04893,19500.4
1940,129613.1619,128511.2130,1101.9489,0.0185,4.05444,19510.6
1941,129613.1619,128511.2130,1101.9489,0.0000,4.05444,19520.8
1942,129613.1619,128511.2130,1101.9489,0.0370,4.04099,19530.7
1943,129613.1619,128511.2130,1101.9489,0.0000,4.04099,19540.7
1944,129613.1619,128511.2130,1101.9489,0.0000,4.04099,19550.8
1945,129613.1619,128511.2130,1101.9489,0.0000,4.04099,19560.9
1946,129613.1619,128511.2130,1101.9489,0.0000,4.04099,19571.1
1947,129613.1619,128511.2130,1101.9489,0.0000,4.04099,19581.3
1948,129613.1619,128511.2130,1101.9489,0.0000,4.04099,19591.1
1949,129613.1619,128511.2130,1101.9489,0.0000,4.04099,19601.3
1950,129613.1619,128511.2130,1101.9489,0.0000,4.04099,19611.6
1951,129613.1619,128511.2130,1101.9489,0.0000,4.04099,19621.6
1952,129613.1619,128511.2130,1101.9489,0.0000,4.04099,19631.5
1953,129613.1619,128511.2130,1101.9489,0.0185,4.06507,19641.7
1954,129613.1619,128511.2130,1101.9489,0.0000,4.06507,19651.9
1955,129613.1619,128511.2130,1101.9489,0.0000,4.06507,19662.1
1956,129613.1619,128511.2130,1101.9489,0.0000,4.06507,19672.3
1957,129613.1619,128511.2130,1101.9489,0.0000,4.06507,19682.1
1958,129613.1619,128511.2130,1101.9489,0.0000,4.06507,19692.4
1959,129613.1619,128511.2130,1101.9489,0.0000,4.06507,19702.9
1960,129613.1619,128511.2130,1101.9489,0.0000,4.06507,19713.0
1961,129613.1619,128511.2130,1101.9489,0.0000,4.06507,19722.9
1962,129613.1619,128544.0379,1069.1240,0.0185,4.07596,19733.0
1963,129613.1619,128544.0379,1069.1240,0.0000,4.07596,19743.5
1964,129613.1619,128544.0379,1069.1240,0.0185,4.0825,19753.9
1965,129613.1619,128544.0379,1069.1240,0.0000,4.0825,19763.8
1966,129613.1619,128544.0379,1069.1240,0.0000,4.0825,19774.3
1967,129613.1619,128544.0379,1069.1240,0.0000,4.0825,19784.6
1968,129613.1619,128544.0379,1069.1240,0.0000,4.0825,19795.0
1969,129613.1619,128544.0379,1069.1240,0.0000,4.0825,19805.3
1970,129613.1619,128544.0379,1069.1240,0.0000,4.0825,19815.6
1971,129613.1619,128544.0379,1069.1240,0.0000,4.0825,19825.8
1972,129613.1619,128544.0379,1069.1240,0.0000,4.0825,19835.7
1973,129613.1619,128544.0379,1069.1240,0.0185,4.10281,19845.8
1974,129613.1619,128544.0379,1069.1240,0.0185,4.10834,19856.1
1975,129613.1619,128544.0379,1069.1240,0.0000,4.10834,19866.3
1976,129613.1619,128544.0379,1069.1240,0.0000,4.10834,19876.1
1977,129613.1619,128544.0379,1069.1240,0.0000,4.10834,19885.9
1978,129613.1619,128544.0379,1069.1240,0.0000,4.10834,19896.1
1979,129613.1619,128544.0379,1069.1240,0.0000,4.10834,19906.2
1980,129613.1619,128544.0379,1069.1240,0.0000,4.10834,19916.2
1981,129613.1619,128544.0379,1069.1240,0.0185,4.10955,19926.4
1982,129613.1619,128544.0379,1069.1240,0.0000,4.10955,19936.6
1983,129613.1619,128544.0379,1069.1240,0.0000,4.10955,19946.9
1984,129613.1619,128544.0379,1069.1240,0.0000,4.10955,19957.0
1985,129613.1619,128544.0379,1069.1240,0.0000,4.10955,19967.0
1986,129613.1619,128544.0379,1069.1240,0.0000,4.10955,19977.0
1987,129613.1619,128544.0379,1069.1240,0.0000,4.10955,19987.2
1988,129613.1619,128544.0379,1069.1240,0.0000,4.10955,19997.4
1989,129613.1619,128544.0379,1069.1240,0.0000,4.10955,20007.6
1990,129613.1619,128544.0379,1069.1240,0.0185,4.13821,20018.0
1991,129613.1619,128544.0379,1069.1240,0.0000,4.13821,20028.1
1992,129613.1619,128564.1157,1049.0462,0.0185,4.11863,20038.3
1993,129613.1619,128564.1157,1049.0462,0.0185,4.11886,20048.3
1994,129613.1619,128564.1157,1049.0462,0.0000,4.11886,20058.4
1995,129613.1619,128564.1157,1049.0462,0.0000,4.11886,20068.2
1996,129613.1619,128564.1157,1049.0462,0.0000,4.11886,20078.3
1997,129613.1619,128564.1157,1049.0462,0.0000,4.11886,20088.2
1998,129613.1619,128564.1157,1049.0462,0.0000,4.11886,20098.4
1999,129613.1619,128564.1157,1049.0462,0.0000,4.11886,20108.2
2000,129613.1619,128564.1157,1049.0462,0.0000,4.11886,20118.3
2001,129613.1619,128564.1157,1049.0462,0.0000,4.11886,20128.4
2002,129613.1619,128564.1157,1049.0462,0.0000,4.11886,20138.6
2003,129613.1619,128564.1157,1049.0462,0.0185,4.12576,20148.5
2004,129613.1619,128564.1157,1049.0462,0.0000,4.12576,20158.5
2005,129613.1619,128564.1157,1049.0462,0.0000,4.12576,20168.7
2006,129613.1619,128564.1157,1049.0462,0.0185,4.12835,20178.7
2007,129613.1619,128564.1157,1049.0462,0.0000,4.12835,20188.6
2008,129613.1619,128564.1157,1049.0462,0.0000,4.12835,20198.3
2009,129613.1619,128564.1157,1049.0462,0.0000,4.12835,20208.2
2010,129613.1619,128564.1157,1049.0462,0.0000,4.12835,20218.8
2011,129613.1619,128564.1157,1049.0462,0.0000,4.12835,20228.9
2012,129613.1619,128564.1157,1049.0462,0.0185,4.12985,20239.1
2013,129613.1619,128564.1157,1049.0462,0.0000,4.12985,20249.3
2014,129613.1619,128564.1157,1049.0462,0.0000,4.12985,20259.5
2015,129613.1619,128564.1157,1049.0462,0.0000,4.12985,20269.5
2016,129613.1619,128564.1157,1049.0462,0.0000,4.12985,20279.4
2017,129613.1619,128564.1157,1049.0462,0.0000,4.12985,20290.0
2018,129613.1619,128564.1157,1049.0462,0.0000,4.12985,20300.1
2019,129613.1619,128564.1157,1049.0462,0.0000,4.12985,20310.2
2020,129613.1619,128564.1157,1049.0462,0.0000,4.12985,20320.3
2021,129613.1619,128564.1157,1049.0462,0.0000,4.12985,20330.5
2022,129613.1619,128564.1157,1049.0462,0.0000,4.12985,20340.7
2023,129613.1619,128564.1157,1049.0462,0.0370,4.12995,20350.8
2024,129613.1619,128564.1157,1049.0462,0.0000,4.12995,20360.5
2025,129613.1619,128564.1157,1049.0462,0.0000,4.12995,20370.8
2026,129613.1619,128564.1157,1049.0462,0.0185,4.17506,20380.7
2027,129613.1619,128564.1157,1049.0462,0.0000,4.17506,20390.8
2028,129613.1619,128564.1157,1049.0462,0.0000,4.17506,20400.6
2029,129613.1619,128564.1157,1049.0462,0.0000,4.17506,20410.8
2030,129613.1619,128564.1157,1049.0462,0.0000,4.17506,20420.9
2031,129613.1619,128564.1157,1049.0462,0.0000,4.17506,20430.8
2032,129613.1619,128564.1157,1049.0462,0.0000,4.17506,20440.9
2033,129613.1619,128564.1157,1049.0462,0.0000,4.17506,20450.7
2034,129613.1619,128564.1157,1049.0462,0.0000,4.17506,20461.3
2035,129613.1619,128564.1157,1049.0462,0.0185,4.17427,20471.8
2036,129613.1619,128564.1157,1049.0462,0.0370,4.19709,20481.8
2037,129613.1619,128564.1157,1049.0462,0.0000,4.19709,20492.1
2038,129613.1619,128564.1157,1049.0462,0.0000,4.19709,20502.1
2039,129613.1619,128564.1157,1049.0462,0.0185,4.1906,20512.2
2040,129613.1619,128564.1157,1049.0462,0.0000,4.1906,20522.6
2041,129613.1619,128564.1157,1049.0462,0.0000,4.1906,20532.6
2042,129613.1619,128564.1157,1049.0462,0.0000,4.1906,20542.7
2043,129613.1619,128564.1157,1049.0462,0.0000,4.1906,20552.6
2044,129613.1619,128564.1157,1049.0462,0.0000,4.1906,20562.5
2045,129613.1619,128564.1157,1049.0462,0.0000,4.1906,20572.9
2046,129613.1619,128564.1157,1049.0462,0.0185,4.2,20582.9
2047,129613.1619,128564.1157,1049.0462,0.0000,4.2,20592.5
2048,129613.1619,128564.1157,1049.0462,0.0185,4.20602,20602.7
2049,129613.1619,128564.1157,1049.0462,0.0000,4.20602,20612.4
2050,129613.1619,128564.1157,1049.0462,0.0000,4.20602,20622.8
2051,129613.1619,128564.1157,1049.0462,0.0000,4.20602,20632.7
2052,129613.1619,128564.1157,1049.0462,0.0000,4.20602,20642.6
2053,129613.1619,128564.1157,1049.0462,0.0000,4.20602,20652.3
2054,129613.1619,128564.1157,1049.0462,0.0000,4.20602,20662.3
2055,129613.1619,128564.1157,1049.0462,0.0000,4.20602,20672.3
2056,129613.1619,128564.1157,1049.0462,0.0000,4.20602,20682.3
2057,129613.1619,128564.1157,1049.0462,0.0000,4.20602,20692.5
2058,129613.1619,128564.1157,1049.0462,0.0185,4.21328,20702.4
2059,129613.1619,128564.1157,1049.0462,0.0000,4.21328,20712.5
2060,129613.1619,128601.0240,1012.1379,0.0185,4.22397,20722.4
2061,129613.1619,128601.0240,1012.1379,0.0000,4.22397,20732.7
2062,129613.1619,128601.0240,1012.1379,0.0000,4.22397,20743.0
2063,129613.1619,128601.0240,1012.1379,0.0000,4.22397,20753.3
2064,129613.1619,128601.0240,1012.1379,0.0000,4.22397,20763.6
2065,129613.1619,128601.0240,1012.1379,0.0000,4.22397,20773.8
2066,129613.1619,128601.0240,1012.1379,0.0000,4.22397,20783.9
2067,129613.1619,128601.0240,1012.1379,0.0000,4.22397,20793.6
2068,129613.1619,128601.0240,1012.1379,0.0000,4.22397,20803.4
2069,129613.1619,128601.0240,1012.1379,0.0000,4.22397,20813.4
2070,129613.1619,128619.1779,993.9840,0.0185,4.26916,20823.2
2071,129613.1619,128619.1779,993.9840,0.0000,4.26916,20833.2
2072,129613.1619,128619.1779,993.9840,0.0000,4.26916,20843.8
2073,129613.1619,128619.1779,993.9840,0.0000,4.26916,20853.9
2074,129613.1619,128619.1779,993.9840,0.0185,4.2556,20864.3
2075,129613.1619,128619.1779,993.9840,0.0000,4.2556,20874.3
2076,129613.1619,128619.1779,993.9840,0.0000,4.2556,20884.4
2077,129613.1619,128619.1779,993.9840,0.0000,4.2556,20894.9
2078,129613.1619,128619.1779,993.9840,0.0185,4.28503,20905.0
2079,129613.1619,128619.1779,993.9840,0.0000,4.28503,20915.2
2080,129613.1619,128619.1779,993.9840,0.0000,4.28503,20925.3
2081,129613.1619,128619.1779,993.9840,0.0000,4.28503,20935.3
2082,129613.1619,128619.1779,993.9840,0.0185,4.2772,20945.3
2083,129613.1619,128619.1779,993.9840,0.0000,4.2772,20955.4
2084,129613.1619,128619.1779,993.9840,0.0000,4.2772,20965.7
2085,129613.1619,128619.1779,993.9840,0.0000,4.2772,20975.3
2086,129613.1619,128619.1779,993.9840,0.0000,4.2772,20985.5
2087,129613.1619,128619.1779,993.9840,0.0000,4.2772,20995.9
2088,129613.1619,128619.1779,993.9840,0.0000,4.2772,21006.2
2089,129613.1619,128619.1779,993.9840,0.0000,4.2772,21016.0
2090,129613.1619,128619.1779,993.9840,0.0370,4.27813,21025.8
2091,129613.1619,128619.1779,993.9840,0.0000,4.27813,21036.0
2092,129613.1619,128619.1779,993.9840,0.0000,4.27813,21046.1
2093,129613.1619,128619.1779,993.9840,0.0000,4.27813,21056.1
2094,129613.1619,128619.1779,993.9840,0.0000,4.27813,21066.3
2095,129613.1619,128619.1779,993.9840,0.0000,4.27813,21077.1
2096,129613.1619,128619.1779,993.9840,0.0000,4.27813,21087.0
2097,129613.1619,128619.1779,993.9840,0.0000,4.27813,21097.0
2098,129613.1619,128662.4845,950.6774,0.0370,4.26773,21107.0
2099,129613.1619,128662.4845,950.6774,0.0000,4.26773,21117.5
2100,129613.1619,128662.4845,950.6774,0.0000,4.26773,21127.1
2101,129613.1619,128662.4845,950.6774,0.0000,4.26773,21137.5
2102,129613.1619,128662.4845,950.6774,0.0000,4.26773,21147.8
2103,129613.1619,128662.4845,950.6774,0.0000,4.26773,21157.8
2104,129613.1619,128662.4845,950.6774,0.0000,4.26773,21167.9
2105,129613.1619,128662.4845,950.6774,0.0000,4.26773,21178.0
2106,129613.1619,128662.4845,950.6774,0.0000,4.26773,21187.8
2107,129613.1619,128662.4845,950.6774,0.0185,4.2678,21197.9
2108,129613.1619,128662.4845,950.6774,0.0000,4.2678,21207.9
2109,129613.1619,128662.4845,950.6774,0.0000,4.2678,21218.1
2110,129613.1619,128662.4845,950.6774,0.0000,4.2678,21228.1
2111,129613.1619,128662.4845,950.6774,0.0185,4.27643,21238.3
2112,129613.1619,128662.4845,950.6774,0.0000,4.27643,21248.2
2113,129613.1619,128662.4845,950.6774,0.0000,4.27643,21258.0
2114,129613.1619,128662.4845,950.6774,0.0000,4.27643,21268.3
2115,129613.1619,128662.4845,950.6774,0.0000,4.27643,21278.2
2116,129613.1619,128662.4845,950.6774,0.0000,4.27643,21288.4
2117,129613.1619,128662.4845,950.6774,0.0000,4.27643,21298.3
2118,129613.1619,128662.4845,950.6774,0.0000,4.27643,21308.6
2119,129613.1619,128662.4845,950.6774,0.0000,4.27643,21318.9
2120,129613.1619,128662.4845,950.6774,0.0000,4.27643,21329.3
2121,129613.1619,128662.4845,950.6774,0.0000,4.27643,21339.1
2122,129613.1619,128662.4845,950.6774,0.0185,4.26871,21349.2
2123,129613.1619,128662.4845,950.6774,0.0000,4.26871,21360.0
2124,129613.1619,128662.4845,950.6774,0.0000,4.26871,21369.7
2125,129613.1619,128662.4845,950.6774,0.0185,4.26244,21379.7
2126,129613.1619,128662.4845,950.6774,0.0000,4.26244,21389.6
2127,129613.1619,128662.4845,950.6774,0.0000,4.26244,21399.6
2128,129613.1619,128662.4845,950.6774,0.0000,4.26244,21409.6
2129,129613.1619,128662.4845,950.6774,0.0000,4.26244,21419.9
2130,129613.1619,128662.4845,950.6774,0.0000,4.26244,21429.9
2131,129613.1619,128662.4845,950.6774,0.0000,4.26244,21440.4
2132,129613.1619,128662.4845,950.6774,0.0000,4.26244,21450.6
2133,129613.1619,128662.4845,950.6774,0.0000,4.26244,21460.7
2134,129613.1619,128662.4845,950.6774,0.0000,4.26244,21471.0
2135,129613.1619,128662.4845,950.6774,0.0000,4.26244,21480.9
2136,129613.1619,128662.4845,950.6774,0.0000,4.26244,21491.2
2137,129613.1619,128662.4845,950.6774,0.0000,4.26244,21501.5
2138,129613.1619,128662.4845,950.6774,0.0000,4.26244,21512.2
2139,129613.1619,128662.4845,950.6774,0.0000,4.26244,21522.6
2140,129613.1619,128662.4845,950.6774,0.0000,4.26244,21532.4
2141,129613.1619,128662.4845,950.6774,0.0000,4.26244,21542.8
2142,129613.1619,128662.4845,950.6774,0.0000,4.26244,21552.7
2143,129613.1619,128662.4845,950.6774,0.0000,4.26244,21562.5
2144,129613.1619,128662.4845,950.6774,0.0000,4.26244,21572.4
2145,129613.1619,128662.4845,950.6774,0.0000,4.26244,21582.6
2146,129613.1619,128662.4845,950.6774,0.0000,4.26244,21592.7
2147,129613.1619,128662.4845,950.6774,0.0185,4.25424,21602.7
2148,129613.1619,128662.4845,950.6774,0.0000,4.25424,21613.0
2149,129613.1619,128662.4845,950.6774,0.0000,4.25424,21623.7
2150,129613.1619,128662.4845,950.6774,0.0185,4.25817,21633.8
2151,129613.1619,128662.4845,950.6774,0.0185,4.26002,21644.2
2152,129613.1619,128662.4845,950.6774,0.0000,4.26002,21654.3
2153,129613.1619,128662.4845,950.6774,0.0000,4.26002,21664.2
2154,129613.1619,128662.4845,950.6774,0.0000,4.26002,21674.1
2155,129613.1619,128662.4845,950.6774,0.0000,4.26002,21684.7
2156,129613.1619,128662.4845,950.6774,0.0000,4.26002,21694.6
2157,129613.1619,128662.4845,950.6774,0.0370,4.2431,21704.5
2158,129613.1619,128662.4845,950.6774,0.0185,4.25967,21714.7
2159,129613.1619,128662.4845,950.6774,0.0000,4.25967,21724.6
2160,129613.1619,128662.4845,950.6774,0.0000,4.25967,21734.7
2161,129613.1619,128662.4845,950.6774,0.0000,4.25967,21744.6
2162,129613.1619,128662.4845,950.6774,0.0000,4.25967,21755.0
2163,129613.1619,128662.4845,950.6774,0.0000,4.25967,21765.4
2164,129613.1619,128662.4845,950.6774,0.0000,4.25967,21776.0
2165,129613.1619,128662.4845,950.6774,0.0000,4.25967,21785.9
2166,129613.1619,128662.4845,950.6774,0.0000,4.25967,21796.2
2167,129613.1619,128662.4845,950.6774,0.0000,4.25967,21806.3
2168,129613.1619,128662.4845,950.6774,0.0000,4.25967,21816.5
2169,129613.1619,128662.4845,950.6774,0.0000,4.25967,21826.6
2170,129613.1619,128662.4845,950.6774,0.0000,4.25967,21836.9
2171,129613.1619,128662.4845,950.6774,0.0000,4.25967,21847.8
2172,129613.1619,128662.4845,950.6774,0.0000,4.25967,21857.6
2173,129613.1619,128662.4845,950.6774,0.0000,4.25967,21867.8
2174,129613.1619,128662.4845,950.6774,0.0000,4.25967,21877.9
2175,129613.1619,128662.4845,950.6774,0.0000,4.25967,21887.7
2176,129613.1619,128662.4845,950.6774,0.0000,4.25967,21897.7
2177,129613.1619,128662.4845,950.6774,0.0000,4.25967,21907.7
2178,129613.1619,128662.4845,950.6774,0.0000,4.25967,21918.1
2179,129613.1619,128662.4845,950.6774,0.0185,4.26031,21928.4
2180,129613.1619,128662.4845,950.6774,0.0000,4.26031,21938.4
2181,129613.1619,128662.4845,950.6774,0.0000,4.26031,21949.0
2182,129613.1619,128662.4845,950.6774,0.0000,4.26031,21959.2
2183,129613.1619,128662.4845,950.6774,0.0185,4.25775,21969.5
2184,129613.1619,128662.4845,950.6774,0.0000,4.25775,21979.7
2185,129613.1619,128662.4845,950.6774,0.0000,4.25775,21989.9
2186,129613.1619,128662.4845,950.6774,0.0000,4.25775,22000.1
2187,129613.1619,128662.4845,950.6774,0.0000,4.25775,22010.0
2188,129613.1619,128662.4845,950.6774,0.0000,4.25775,22020.1
2189,129613.1619,128662.4845,950.6774,0.0185,4.2717,22030.0
2190,129613.1619,128662.4845,950.6774,0.0000,4.2717,22040.0
2191,129613.1619,128662.4845,950.6774,0.0000,4.2717,22050.1
2192,129613.1619,128662.4845,950.6774,0.0000,4.2717,22060.2
2193,129613.1619,128662.4845,950.6774,0.0185,4.27779,22070.2
2194,129613.1619,128662.4845,950.6774,0.0000,4.27779,22080.1
2195,129613.1619,128662.4845,950.6774,0.0000,4.27779,22090.2
2196,129613.1619,128662.4845,950.6774,0.0000,4.27779,22100.3
2197,129613.1619,128662.4845,950.6774,0.0000,4.27779,22110.5
2198,129613.1619,128662.4845,950.6774,0.0000,4.27779,22120.7
2199,129613.1619,128662.4845,950.6774,0.0000,4.27779,22130.9
2200,129613.1619,128662.4845,950.6774,0.0000,4.27779,22140.9
2201,129613.1619,128662.4845,950.6774,0.0000,4.27779,22151.4
2202,129613.1619,128662.4845,950.6774,0.0185,4.27738,22161.7
2203,129613.1619,128662.4845,950.6774,0.0000,4.27738,22171.8
2204,129613.1619,128662.4845,950.6774,0.0000,4.27738,22181.8
2205,129613.1619,128662.4845,950.6774,0.0000,4.27738,22191.9
2206,129613.1619,128662.4845,950.6774,0.0000,4.27738,22201.9
2207,129613.1619,128662.4845,950.6774,0.0185,4.27785,22212.1
2208,129613.1619,128662.4845,950.6774,0.0000,4.27785,22222.2
2209,129613.1619,128662.4845,950.6774,0.0000,4.27785,22232.3
2210,129613.1619,128662.4845,950.6774,0.0000,4.27785,22242.6
2211,129613.1619,128662.4845,950.6774,0.0000,4.27785,22253.1
2212,129613.1619,128662.4845,950.6774,0.0185,4.28309,22263.0
2213,129613.1619,128662.4845,950.6774,0.0000,4.28309,22273.1
2214,129613.1619,128662.4845,950.6774,0.0000,4.28309,22283.3
2215,129613.1619,128662.4845,950.6774,0.0000,4.28309,22293.3
2216,129613.1619,128662.4845,950.6774,0.0000,4.28309,22303.3
2217,129613.1619,128662.4845,950.6774,0.0000,4.28309,22313.4
2218,129613.1619,128662.4845,950.6774,0.0185,4.29856,22323.8
2219,129613.1619,128662.4845,950.6774,0.0000,4.29856,22334.1
2220,129613.1619,128662.4845,950.6774,0.0185,4.30119,22344.3
2221,129613.1619,128662.4845,950.6774,0.0000,4.30119,22354.4
2222,129613.1619,128662.4845,950.6774,0.0000,4.30119,22364.6
2223,129613.1619,128662.4845,950.6774,0.0000,4.30119,22374.7
2224,129613.1619,128662.4845,950.6774,0.0000,4.30119,22385.0
2225,129613.1619,128662.4845,950.6774,0.0000,4.30119,22395.4
2226,129613.1619,128662.4845,950.6774,0.0185,4.29408,22405.4
2227,129613.1619,128662.4845,950.6774,0.0000,4.29408,22415.4
2228,129613.1619,128662.4845,950.6774,0.0000,4.29408,22425.8
2229,129613.1619,128662.4845,950.6774,0.0000,4.29408,22436.1
2230,129613.1619,128662.4845,950.6774,0.0000,4.29408,22446.3
2231,129613.1619,128662.4845,950.6774,0.0185,4.3016,22456.5
2232,129613.1619,128662.4845,950.6774,0.0000,4.3016,22467.0
2233,129613.1619,128662.4845,950.6774,0.0000,4.3016,22477.3
2234,129613.1619,128662.4845,950.6774,0.0000,4.3016,22487.4
2235,129613.1619,128662.4845,950.6774,0.0000,4.3016,22497.5
2236,129613.1619,128662.4845,950.6774,0.0000,4.3016,22508.2
2237,129613.1619,128662.4845,950.6774,0.0000,4.3016,22518.3
2238,129613.1619,128662.4845,950.6774,0.0000,4.3016,22528.3
2239,129613.1619,128662.4845,950.6774,0.0000,4.3016,22538.6
2240,129613.1619,128662.4845,950.6774,0.0185,4.31737,22548.8
2241,129613.1619,128662.4845,950.6774,0.0000,4.31737,22559.0
2242,129613.1619,128662.4845,950.6774,0.0000,4.31737,22569.4
2243,129613.1619,128662.4845,950.6774,0.0000,4.31737,22580.1
2244,129613.1619,128662.4845,950.6774,0.0000,4.31737,22590.2
2245,129613.1619,128662.4845,950.6774,0.0000,4.31737,22600.1
2246,129613.1619,128662.4845,950.6774,0.0000,4.31737,22610.2
2247,129613.1619,128662.4845,950.6774,0.0000,4.31737,22620.6
2248,129613.1619,128662.4845,950.6774,0.0000,4.31737,22630.6
2249,129613.1619,128662.4845,950.6774,0.0000,4.31737,22640.9
2250,129613.1619,128662.4845,950.6774,0.0000,4.31737,22651.4
2251,129613.1619,128662.4845,950.6774,0.0000,4.31737,22661.6
2252,129613.1619,128662.4845,950.6774,0.0000,4.31737,22671.5
2253,129613.1619,128662.4845,950.6774,0.0185,4.3017,22681.3
2254,129613.1619,128662.4845,950.6774,0.0000,4.3017,22691.4
2255,129613.1619,128662.4845,950.6774,0.0185,4.30396,22701.5
2256,129613.1619,128662.4845,950.6774,0.0000,4.30396,22711.6
2257,129613.1619,128662.4845,950.6774,0.0000,4.30396,22721.5
2258,129613.1619,128662.4845,950.6774,0.0000,4.30396,22731.6
2259,129613.1619,128662.4845,950.6774,0.0000,4.30396,22741.6
2260,129613.1619,128662.4845,950.6774,0.0000,4.30396,22751.7
2261,129613.1619,128662.4845,950.6774,0.0000,4.30396,22761.9
2262,129613.1619,128662.4845,950.6774,0.0000,4.30396,22772.1
2263,129613.1619,128662.4845,950.6774,0.0000,4.30396,22782.2
2264,129613.1619,128662.4845,950.6774,0.0000,4.30396,22792.4
2265,129613.1619,128662.4845,950.6774,0.0000,4.30396,22802.5
2266,129613.1619,128662.4845,950.6774,0.0000,4.30396,22812.5
2267,129613.1619,128662.4845,950.6774,0.0000,4.30396,22822.8
2268,129613.1619,128662.4845,950.6774,0.0000,4.30396,22832.8
2269,129613.1619,128662.4845,950.6774,0.0000,4.30396,22843.1
2270,129613.1619,128662.4845,950.6774,0.0185,4.32106,22853.2
2271,129613.1619,128662.4845,950.6774,0.0000,4.32106,22863.5
2272,129613.1619,128662.4845,950.6774,0.0000,4.32106,22874.1
2273,129613.1619,128662.4845,950.6774,0.0000,4.32106,22884.4
2274,129613.1619,128662.4845,950.6774,0.0000,4.32106,22894.6
2275,129613.1619,128662.4845,950.6774,0.0000,4.32106,22904.7
2276,129613.1619,128662.4845,950.6774,0.0000,4.32106,22914.5
2277,129613.1619,128662.4845,950.6774,0.0000,4.32106,22924.6
2278,129613.1619,128662.4845,950.6774,0.0000,4.32106,22934.6
2279,129613.1619,128662.4845,950.6774,0.0185,4.34656,22944.4
2280,129613.1619,128662.4845,950.6774,0.0000,4.34656,22954.6
2281,129613.1619,128662.4845,950.6774,0.0370,4.3497,22964.9
2282,129613.1619,128662.4845,950.6774,0.0000,4.3497,22975.1
2283,129613.1619,128662.4845,950.6774,0.0000,4.3497,22985.2
2284,129613.1619,128662.4845,950.6774,0.0000,4.3497,22995.5
2285,129613.1619,128662.4845,950.6774,0.0000,4.3497,23005.7
2286,129613.1619,128662.4845,950.6774,0.0000,4.3497,23016.0
2287,129613.1619,128662.4845,950.6774,0.0000,4.3497,23026.3
2288,129613.1619,128662.4845,950.6774,0.0000,4.3497,23036.6
2289,129613.1619,128662.4845,950.6774,0.0000,4.3497,23046.7
2290,129613.1619,128662.4845,950.6774,0.0000,4.3497,23057.2
2291,129613.1619,128662.4845,950.6774,0.0185,4.35451,23067.5
2292,129613.1619,128662.4845,950.6774,0.0000,4.35451,23077.7
2293,129613.1619,128662.4845,950.6774,0.0000,4.35451,23087.6
2294,129613.1619,128662.4845,950.6774,0.0000,4.35451,23097.7
2295,129613.1619,128662.4845,950.6774,0.0000,4.35451,23108.1
2296,129613.1619,128662.4845,950.6774,0.0185,4.35301,23118.2
2297,129613.1619,128662.4845,950.6774,0.0000,4.35301,23128.5
2298,129613.1619,128662.4845,950.6774,0.0000,4.35301,23138.8
2299,129613.1619,128662.4845,950.6774,0.0185,4.3588,23148.9
2300,129613.1619,128662.4845,950.6774,0.0000,4.3588,23159.3
2301,129613.1619,128662.4845,950.6774,0.0000,4.3588,23169.7
2302,129613.1619,128662.4845,950.6774,0.0000,4.3588,23179.5
2303,129613.1619,128662.4845,950.6774,0.0000,4.3588,23189.8
2304,129613.1619,128662.4845,950.6774,0.0000,4.3588,23200.2
2305,129613.1619,128662.4845,950.6774,0.0000,4.3588,23210.9
2306,129613.1619,128662.4845,950.6774,0.0000,4.3588,23221.6
2307,129613.1619,128662.4845,950.6774,0.0000,4.3588,23231.7
2308,129613.1619,128662.4845,950.6774,0.0000,4.3588,23241.8
2309,129613.1619,128662.4845,950.6774,0.0370,4.36502,23252.0
2310,129613.1619,128662.4845,950.6774,0.0000,4.36502,23262.0
2311,129613.1619,128708.9124,904.2495,0.0185,4.36423,23272.0
2312,129613.1619,128708.9124,904.2495,0.0000,4.36423,23282.5
2313,129613.1619,128708.9124,904.2495,0.0000,4.36423,23292.4
2314,129613.1619,128708.9124,904.2495,0.0000,4.36423,23302.7
2315,129613.1619,128708.9124,904.2495,0.0000,4.36423,23312.7
2316,129613.1619,128708.9124,904.2495,0.0000,4.36423,23323.0
2317,129613.1619,128708.9124,904.2495,0.0000,4.36423,23333.5
2318,129613.1619,128708.9124,904.2495,0.0000,4.36423,23344.0
2319,129613.1619,128708.9124,904.2495,0.0185,4.36029,23353.7
2320,129613.1619,128708.9124,904.2495,0.0000,4.36029,23363.8
2321,129613.1619,128708.9124,904.2495,0.0000,4.36029,23374.3
2322,129613.1619,128708.9124,904.2495,0.0000,4.36029,23384.8
2323,129613.1619,128708.9124,904.2495,0.0000,4.36029,23395.2
2324,129613.1619,128708.9124,904.2495,0.0000,4.36029,23405.5
2325,129613.1619,128708.9124,904.2495,0.0000,4.36029,23415.8
2326,129613.1619,128708.9124,904.2495,0.0000,4.36029,23425.9
2327,129613.1619,128708.9124,904.2495,0.0000,4.36029,23436.3
2328,129613.1619,128708.9124,904.2495,0.0000,4.36029,23446.5
2329,129613.1619,128708.9124,904.2495,0.0000,4.36029,23456.3
2330,129613.1619,128708.9124,904.2495,0.0000,4.36029,23466.3
2331,129613.1619,128708.9124,904.2495,0.0000,4.36029,23476.3
2332,129613.1619,128708.9124,904.2495,0.0000,4.36029,23486.8
2333,129613.1619,128708.9124,904.2495,0.0000,4.36029,23496.8
2334,129613.1619,128708.9124,904.2495,0.0000,4.36029,23507.0
2335,129613.1619,128708.9124,904.2495,0.0000,4.36029,23517.0
2336,129613.1619,128708.9124,904.2495,0.0000,4.36029,23527.0
2337,129613.1619,128708.9124,904.2495,0.0185,4.35759,23536.9
2338,129613.1619,128708.9124,904.2495,0.0185,4.35256,23546.9
2339,129613.1619,128708.9124,904.2495,0.0000,4.35256,23557.2
2340,129613.1619,128708.9124,904.2495,0.0000,4.35256,23567.3
2341,129613.1619,128708.9124,904.2495,0.0185,4.33624,23577.5
2342,129613.1619,128708.9124,904.2495,0.0185,4.33519,23587.6
2343,129613.1619,128708.9124,904.2495,0.0000,4.33519,23597.6
2344,129613.1619,128708.9124,904.2495,0.0000,4.33519,23607.7
2345,129613.1619,128708.9124,904.2495,0.0000,4.33519,23617.9
2346,129613.1619,128708.9124,904.2495,0.0000,4.33519,23628.2
2347,129613.1619,128708.9124,904.2495,0.0000,4.33519,23638.2
2348,129613.1619,128708.9124,904.2495,0.0000,4.33519,23648.3
2349,129613.1619,128708.9124,904.2495,0.0000,4.33519,23660.5
2350,129613.1619,128708.9124,904.2495,0.0000,4.33519,23670.8
2351,129613.1619,128708.9124,904.2495,0.0000,4.33519,23681.1
2352,129613.1619,128708.9124,904.2495,0.0370,4.35365,23698.9
2353,129613.1619,128708.9124,904.2495,0.0000,4.35365,23712.8
2354,129613.1619,128708.9124,904.2495,0.0185,4.35787,23722.9
2355,129613.1619,128708.9124,904.2495,0.0000,4.35787,23733.2
2356,129613.1619,128708.9124,904.2495,0.0000,4.35787,23743.2
2357,129613.1619,128708.9124,904.2495,0.0000,4.35787,23753.4
2358,129613.1619,128708.9124,904.2495,0.0000,4.35787,23763.9
2359,129613.1619,128708.9124,904.2495,0.0185,4.34759,23773.9
2360,129613.1619,128708.9124,904.2495,0.0000,4.34759,23784.8
2361,129613.1619,128708.9124,904.2495,0.0185,4.33518,23796.1
2362,129613.1619,128708.9124,904.2495,0.0000,4.33518,23806.3
2363,129613.1619,128708.9124,904.2495,0.0000,4.33518,23816.8
2364,129613.1619,128708.9124,904.2495,0.0000,4.33518,23826.7
2365,129613.1619,128708.9124,904.2495,0.0185,4.33542,23836.8
2366,129613.1619,128708.9124,904.2495,0.0185,4.36707,23846.9
2367,129613.1619,128708.9124,904.2495,0.0000,4.36707,23857.1
2368,129613.1619,128708.9124,904.2495,0.0000,4.36707,23867.2
2369,129613.1619,128708.9124,904.2495,0.0000,4.36707,23877.7
2370,129613.1619,128708.9124,904.2495,0.0000,4.36707,23888.1
2371,129613.1619,128708.9124,904.2495,0.0000,4.36707,23898.3
2372,129613.1619,128708.9124,904.2495,0.0000,4.36707,23908.7
2373,129613.1619,128708.9124,904.2495,0.0000,4.36707,23918.9
2374,129613.1619,128708.9124,904.2495,0.0000,4.36707,23929.2
2375,129613.1619,128708.9124,904.2495,0.0000,4.36707,23939.2
2376,129613.1619,128708.9124,904.2495,0.0000,4.36707,23950.1
2377,129613.1619,128708.9124,904.2495,0.0000,4.36707,23960.1
2378,129613.1619,128708.9124,904.2495,0.0000,4.36707,23970.1
2379,129613.1619,128708.9124,904.2495,0.0185,4.36005,23980.1
2380,129613.1619,128708.9124,904.2495,0.0000,4.36005,23990.2
2381,129613.1619,128708.9124,904.2495,0.0370,4.33094,24000.1
2382,129613.1619,128708.9124,904.2495,0.0000,4.33094,24010.1
2383,129613.1619,128708.9124,904.2495,0.0000,4.33094,24020.3
2384,129613.1619,128708.9124,904.2495,0.0000,4.33094,24030.4
2385,129613.1619,128708.9124,904.2495,0.0000,4.33094,24040.6
2386,129613.1619,128708.9124,904.2495,0.0185,4.30831,24050.6
2387,129613.1619,128708.9124,904.2495,0.0000,4.30831,24060.5
2388,129613.1619,128708.9124,904.2495,0.0000,4.30831,24070.5
2389,129613.1619,128708.9124,904.2495,0.0185,4.30863,24081.1
2390,129613.1619,128708.9124,904.2495,0.0000,4.30863,24091.3
2391,129613.1619,128708.9124,904.2495,0.0000,4.30863,24101.5
2392,129613.1619,128708.9124,904.2495,0.0000,4.30863,24112.0
2393,129613.1619,128708.9124,904.2495,0.0000,4.30863,24122.0
2394,129613.1619,128708.9124,904.2495,0.0000,4.30863,24132.5
2395,129613.1619,128708.9124,904.2495,0.0000,4.30863,24142.6
2396,129613.1619,128708.9124,904.2495,0.0000,4.30863,24152.9
2397,129613.1619,128708.9124,904.2495,0.0000,4.30863,24163.1
2398,129613.1619,128708.9124,904.2495,0.0185,4.31209,24173.5
2399,129613.1619,128708.9124,904.2495,0.0000,4.31209,24183.9
2400,129613.1619,128708.9124,904.2495,0.0000,4.31209,24194.0
2401,129613.1619,128708.9124,904.2495,0.0185,4.32058,24204.2
2402,129613.1619,128708.9124,904.2495,0.0000,4.32058,24214.3
2403,129613.1619,128708.9124,904.2495,0.0000,4.32058,24224.6
2404,129613.1619,128708.9124,904.2495,0.0370,4.32436,24234.9
2405,129613.1619,128708.9124,904.2495,0.0185,4.32165,24245.0
2406,129613.1619,128708.9124,904.2495,0.0000,4.32165,24254.9
2407,129613.1619,128708.9124,904.2495,0.0000,4.32165,24265.2
2408,129613.1619,128708.9124,904.2495,0.0000,4.32165,24275.8
2409,129613.1619,128708.9124,904.2495,0.0000,4.32165,24285.7
2410,129613.1619,128708.9124,904.2495,0.0000,4.32165,24295.5
2411,129613.1619,128708.9124,904.2495,0.0000,4.32165,24305.7
2412,129613.1619,128708.9124,904.2495,0.0000,4.32165,24316.0
2413,129613.1619,128708.9124,904.2495,0.0000,4.32165,24326.4
2414,129613.1619,128708.9124,904.2495,0.0000,4.32165,24336.5
2415,129613.1619,128708.9124,904.2495,0.0000,4.32165,24346.7
2416,129613.1619,128708.9124,904.2495,0.0000,4.32165,24356.6
2417,129613.1619,128708.9124,904.2495,0.0000,4.32165,24367.2
2418,129613.1619,128708.9124,904.2495,0.0000,4.32165,24377.0
2419,129613.1619,128708.9124,904.2495,0.0000,4.32165,24387.4
2420,129613.1619,128708.9124,904.2495,0.0000,4.32165,24397.5
2421,129613.1619,128708.9124,904.2495,0.0000,4.32165,24407.7
2422,129613.1619,128708.9124,904.2495,0.0000,4.32165,24417.9
2423,129613.1619,128708.9124,904.2495,0.0000,4.32165,24428.7
2424,129613.1619,128708.9124,904.2495,0.0000,4.32165,24439.0
2425,129613.1619,128708.9124,904.2495,0.0000,4.32165,24448.9
2426,129613.1619,128708.9124,904.2495,0.0000,4.32165,24459.0
2427,129613.1619,128708.9124,904.2495,0.0000,4.32165,24469.4
2428,129613.1619,128708.9124,904.2495,0.0000,4.32165,24479.3
2429,129613.1619,128708.9124,904.2495,0.0000,4.32165,24489.5
2430,129613.1619,128708.9124,904.2495,0.0185,4.31509,24499.3
2431,129613.1619,128708.9124,904.2495,0.0000,4.31509,24509.5
2432,129613.1619,128708.9124,904.2495,0.0000,4.31509,24519.6
2433,129613.1619,128708.9124,904.2495,0.0185,4.32396,24529.8
2434,129613.1619,128708.9124,904.2495,0.0000,4.32396,24539.9
2435,129613.1619,128708.9124,904.2495,0.0000,4.32396,24550.0
2436,129613.1619,128708.9124,904.2495,0.0000,4.32396,24560.1
2437,129613.1619,128708.9124,904.2495,0.0185,4.31706,24570.1
2438,129613.1619,128708.9124,904.2495,0.0000,4.31706,24580.2
2439,129613.1619,128708.9124,904.2495,0.0185,4.30243,24590.4
2440,129613.1619,128708.9124,904.2495,0.0000,4.30243,24600.4
2441,129613.1619,128708.9124,904.2495,0.0000,4.30243,24610.5
2442,129613.1619,128708.9124,904.2495,0.0185,4.29719,24620.6
2443,129613.1619,128708.9124,904.2495,0.0000,4.29719,24630.9
2444,129613.1619,128708.9124,904.2495,0.0000,4.29719,24640.7
2445,129613.1619,128708.9124,904.2495,0.0185,4.29964,24650.6
2446,129613.1619,128708.9124,904.2495,0.0000,4.29964,24660.7
2447,129613.1619,128708.9124,904.2495,0.0000,4.29964,24670.6
2448,129613.1619,128708.9124,904.2495,0.0000,4.29964,24681.0
2449,129613.1619,128708.9124,904.2495,0.0000,4.29964,24690.8
2450,129613.1619,128708.9124,904.2495,0.0185,4.29071,24700.9
2451,129613.1619,128708.9124,904.2495,0.0000,4.29071,24710.9
2452,129613.1619,128708.9124,904.2495,0.0000,4.29071,24720.8
2453,129613.1619,128708.9124,904.2495,0.0000,4.29071,24730.9
2454,129613.1619,128708.9124,904.2495,0.0000,4.29071,24741.2
2455,129613.1619,128708.9124,904.2495,0.0185,4.30625,24751.4
2456,129711.9681,128708.9124,1003.0556,0.0185,4.31309,24761.5
2457,129711.9681,128708.9124,1003.0556,0.0000,4.31309,24771.9
2458,129711.9681,128708.9124,1003.0556,0.0185,4.31202,24782.3
2459,129711.9681,128708.9124,1003.0556,0.0000,4.31202,24792.4
2460,129711.9681,128708.9124,1003.0556,0.0000,4.31202,24802.4
2461,129711.9681,128708.9124,1003.0556,0.0000,4.31202,24812.4
2462,129711.9681,128708.9124,1003.0556,0.0000,4.31202,24822.4
2463,129711.9681,128708.9124,1003.0556,0.0000,4.31202,24832.4
2464,129711.9681,128708.9124,1003.0556,0.0000,4.31202,24842.7
2465,129711.9681,128708.9124,1003.0556,0.0000,4.31202,24852.8
2466,129711.9681,128708.9124,1003.0556,0.0000,4.31202,24863.1
2467,129711.9681,128708.9124,1003.0556,0.0000,4.31202,24873.4
2468,129711.9681,128708.9124,1003.0556,0.0000,4.31202,24883.8
2469,129711.9681,128708.9124,1003.0556,0.0000,4.31202,24894.1
2470,129711.9681,128708.9124,1003.0556,0.0000,4.31202,24904.6
2471,129711.9681,128708.9124,1003.0556,0.0000,4.31202,24914.8
2472,129711.9681,128708.9124,1003.0556,0.0000,4.31202,24924.7
2473,129711.9681,128708.9124,1003.0556,0.0185,4.31802,24934.6
2474,129711.9681,128708.9124,1003.0556,0.0000,4.31802,24944.7
2475,129711.9681,128708.9124,1003.0556,0.0000,4.31802,24954.9
2476,129711.9681,128708.9124,1003.0556,0.0000,4.31802,24965.7
2477,129711.9681,128708.9124,1003.0556,0.0000,4.31802,24976.1
2478,129711.9681,128708.9124,1003.0556,0.0000,4.31802,24986.3
2479,129711.9681,128708.9124,1003.0556,0.0000,4.31802,24996.5
2480,129711.9681,128708.9124,1003.0556,0.0000,4.31802,25006.6
2481,129711.9681,128708.9124,1003.0556,0.0000,4.31802,25016.7
2482,129711.9681,128708.9124,1003.0556,0.0000,4.31802,25026.9
2483,129711.9681,128708.9124,1003.0556,0.0000,4.31802,25037.3
2484,129711.9681,128708.9124,1003.0556,0.0000,4.31802,25047.6
2485,129711.9681,128708.9124,1003.0556,0.0000,4.31802,25058.3
2486,129711.9681,128708.9124,1003.0556,0.0185,4.31786,25068.5
2487,129711.9681,128708.9124,1003.0556,0.0000,4.31786,25078.9
2488,129711.9681,128708.9124,1003.0556,0.0000,4.31786,25088.8
2489,129711.9681,128708.9124,1003.0556,0.0000,4.31786,25098.8
2490,129711.9681,128708.9124,1003.0556,0.0000,4.31786,25109.1
2491,129711.9681,128708.9124,1003.0556,0.0000,4.31786,25119.1
2492,129711.9681,128708.9124,1003.0556,0.0000,4.31786,25129.3
2493,129711.9681,128708.9124,1003.0556,0.0000,4.31786,25139.3
2494,129711.9681,128708.9124,1003.0556,0.0000,4.31786,25149.6
2495,129711.9681,128708.9124,1003.0556,0.0000,4.31786,25159.5
2496,129711.9681,128708.9124,1003.0556,0.0000,4.31786,25169.9
2497,129711.9681,128708.9124,1003.0556,0.0000,4.31786,25180.3
2498,129711.9681,128708.9124,1003.0556,0.0000,4.31786,25190.6
2499,129711.9681,128708.9124,1003.0556,0.0000,4.31786,25200.6
2500,129711.9681,128708.9124,1003.0556,0.0370,4.32953,25210.8
2501,129711.9681,128708.9124,1003.0556,0.0000,4.32953,25220.7
2502,129711.9681,128708.9124,1003.0556,0.0000,4.32953,25230.9
2503,129711.9681,128708.9124,1003.0556,0.0000,4.32953,25241.0
2504,129711.9681,128708.9124,1003.0556,0.0000,4.32953,25251.2
2505,129711.9681,128708.9124,1003.0556,0.0000,4.32953,25261.2
2506,129711.9681,128708.9124,1003.0556,0.0000,4.32953,25271.5
2507,129711.9681,128708.9124,1003.0556,0.0000,4.32953,25281.7
2508,129711.9681,128708.9124,1003.0556,0.0000,4.32953,25292.1
2509,129711.9681,128708.9124,1003.0556,0.0000,4.32953,25302.0
2510,129711.9681,128708.9124,1003.0556,0.0185,4.33528,25312.2
2511,129711.9681,128708.9124,1003.0556,0.0000,4.33528,25322.2
2512,129711.9681,128708.9124,1003.0556,0.0000,4.33528,25332.2
2513,129711.9681,128708.9124,1003.0556,0.0000,4.33528,25342.8
2514,129711.9681,128708.9124,1003.0556,0.0000,4.33528,25353.0
2515,129711.9681,128708.9124,1003.0556,0.0185,4.33641,25363.4
2516,129711.9681,128708.9124,1003.0556,0.0000,4.33641,25373.2
2517,129711.9681,128708.9124,1003.0556,0.0000,4.33641,25383.5
2518,129711.9681,128708.9124,1003.0556,0.0000,4.33641,25393.8
2519,129711.9681,128708.9124,1003.0556,0.0000,4.33641,25403.8
2520,129711.9681,128708.9124,1003.0556,0.0000,4.33641,25414.1
2521,129711.9681,128708.9124,1003.0556,0.0000,4.33641,25424.3
2522,129711.9681,128708.9124,1003.0556,0.0185,4.35514,25434.4
2523,129711.9681,128708.9124,1003.0556,0.0000,4.35514,25444.9
2524,129711.9681,128708.9124,1003.0556,0.0000,4.35514,25454.9
2525,129711.9681,128708.9124,1003.0556,0.0000,4.35514,25465.4
2526,129711.9681,128708.9124,1003.0556,0.0000,4.35514,25475.3
2527,129711.9681,128708.9124,1003.0556,0.0000,4.35514,25486.0
2528,129711.9681,128708.9124,1003.0556,0.0000,4.35514,25496.2
2529,129711.9681,128708.9124,1003.0556,0.0185,4.36947,25506.6
2530,129711.9681,128708.9124,1003.0556,0.0000,4.36947,25516.7
2531,129711.9681,128708.9124,1003.0556,0.0000,4.36947,25526.8
2532,129711.9681,128708.9124,1003.0556,0.0000,4.36947,25537.2
2533,129711.9681,128708.9124,1003.0556,0.0000,4.36947,25547.3
2534,129711.9681,128708.9124,1003.0556,0.0000,4.36947,25557.2
2535,129711.9681,128708.9124,1003.0556,0.0000,4.36947,25567.5
2536,129711.9681,128708.9124,1003.0556,0.0000,4.36947,25577.7
2537,129711.9681,128708.9124,1003.0556,0.0000,4.36947,25588.0
2538,129711.9681,128708.9124,1003.0556,0.0185,4.35628,25598.3
2539,129711.9681,128708.9124,1003.0556,0.0000,4.35628,25608.3
2540,129711.9681,128708.9124,1003.0556,0.0000,4.35628,25618.4
2541,129711.9681,128741.3930,970.5750,0.0185,4.35195,25628.8
2542,129711.9681,128741.3930,970.5750,0.0000,4.35195,25638.6
2543,129711.9681,128741.3930,970.5750,0.0000,4.35195,25648.9
2544,129711.9681,128741.3930,970.5750,0.0000,4.35195,25659.1
2545,129711.9681,128741.3930,970.5750,0.0000,4.35195,25669.2
2546,129711.9681,128741.3930,970.5750,0.0000,4.35195,25679.5
2547,129711.9681,128741.3930,970.5750,0.0000,4.35195,25689.6
2548,129711.9681,128741.3930,970.5750,0.0000,4.35195,25699.9
2549,129711.9681,128741.3930,970.5750,0.0000,4.35195,25710.0
2550,129711.9681,128741.3930,970.5750,0.0185,4.35191,25719.9
2551,129711.9681,128741.3930,970.5750,0.0000,4.35191,25730.1
2552,129711.9681,128741.3930,970.5750,0.0000,4.35191,25740.5
2553,129711.9681,128741.3930,970.5750,0.0000,4.35191,25750.3
2554,129711.9681,128741.3930,970.5750,0.0185,4.33273,25760.6
2555,129711.9681,128741.3930,970.5750,0.0185,4.32236,25771.0
2556,129711.9681,128741.3930,970.5750,0.0000,4.32236,25781.2
2557,129711.9681,128741.3930,970.5750,0.0000,4.32236,25791.5
2558,129711.9681,128741.3930,970.5750,0.0000,4.32236,25801.8
2559,129711.9681,128741.3930,970.5750,0.0000,4.32236,25811.9
2560,129711.9681,128741.3930,970.5750,0.0000,4.32236,25822.3
2561,129711.9681,128741.3930,970.5750,0.0000,4.32236,25832.6
2562,129711.9681,128741.3930,970.5750,0.0000,4.32236,25842.7
2563,129711.9681,128741.3930,970.5750,0.0185,4.31678,25853.0
2564,129711.9681,128741.3930,970.5750,0.0185,4.3218,25863.1
2565,129711.9681,128741.3930,970.5750,0.0000,4.3218,25873.1
2566,129711.9681,128741.3930,970.5750,0.0000,4.3218,25883.4
2567,129711.9681,128741.3930,970.5750,0.0000,4.3218,25893.6
2568,129711.9681,128741.3930,970.5750,0.0000,4.3218,25903.6
2569,129711.9681,128741.3930,970.5750,0.0000,4.3218,25913.6
2570,129711.9681,128741.3930,970.5750,0.0000,4.3218,25924.1
2571,129711.9681,128743.2880,968.6801,0.0185,4.31266,25934.2
2572,129711.9681,128743.2880,968.6801,0.0000,4.31266,25944.6
2573,129711.9681,128743.2880,968.6801,0.0000,4.31266,25954.4
2574,129711.9681,128743.2880,968.6801,0.0000,4.31266,25964.5
2575,129711.9681,128743.2880,968.6801,0.0000,4.31266,25975.1
2576,129711.9681,128743.2880,968.6801,0.0000,4.31266,25985.0
2577,129711.9681,128743.2880,968.6801,0.0000,4.31266,25995.2
2578,129711.9681,128743.2880,968.6801,0.0185,4.31369,26005.2
2579,129711.9681,128743.2880,968.6801,0.0000,4.31369,26015.2
2580,129711.9681,128743.2880,968.6801,0.0000,4.31369,26025.4
2581,129711.9681,128759.9271,952.0410,0.0185,4.29949,26035.7
2582,129711.9681,128759.9271,952.0410,0.0185,4.29272,26046.1
2583,129711.9681,128759.9271,952.0410,0.0185,4.2482,26056.6
2584,129711.9681,128759.9271,952.0410,0.0185,4.23715,26066.6
2585,129711.9681,128759.9271,952.0410,0.0000,4.23715,26076.8
2586,129711.9681,128759.9271,952.0410,0.0000,4.23715,26086.8
2587,129711.9681,128759.9271,952.0410,0.0000,4.23715,26096.8
2588,129711.9681,128759.9271,952.0410,0.0000,4.23715,26106.8
2589,129711.9681,128759.9271,952.0410,0.0000,4.23715,26117.0
2590,129711.9681,128759.9271,952.0410,0.0000,4.23715,26127.3
2591,129711.9681,128759.9271,952.0410,0.0000,4.23715,26137.3
2592,129711.9681,128759.9271,952.0410,0.0000,4.23715,26147.4
2593,129711.9681,128759.9271,952.0410,0.0000,4.23715,26157.5
2594,129711.9681,128759.9271,952.0410,0.0000,4.23715,26167.5
2595,129711.9681,128759.9271,952.0410,0.0000,4.23715,26178.0
2596,129711.9681,128759.9271,952.0410,0.0000,4.23715,26188.1
2597,129711.9681,128759.9271,952.0410,0.0000,4.23715,26198.2
2598,129711.9681,128759.9271,952.0410,0.0185,4.23936,26208.1
2599,129711.9681,128759.9271,952.0410,0.0000,4.23936,26218.7
2600,129711.9681,128759.9271,952.0410,0.0000,4.23936,26228.9
2601,129711.9681,128759.9271,952.0410,0.0000,4.23936,26239.0
2602,129711.9681,128759.9271,952.0410,0.0000,4.23936,26249.3
2603,129711.9681,128759.9271,952.0410,0.0000,4.23936,26259.5
2604,129711.9681,128759.9271,952.0410,0.0000,4.23936,26269.7
2605,129711.9681,128759.9271,952.0410,0.0000,4.23936,26279.9
2606,129711.9681,128759.9271,952.0410,0.0000,4.23936,26290.2
2607,129711.9681,128759.9271,952.0410,0.0000,4.23936,26300.5
2608,129711.9681,128759.9271,952.0410,0.0000,4.23936,26310.7
2609,129711.9681,128759.9271,952.0410,0.0000,4.23936,26321.0
2610,129711.9681,128759.9271,952.0410,0.0000,4.23936,26331.2
2611,129711.9681,128759.9271,952.0410,0.0000,4.23936,26341.4
2612,129711.9681,128759.9271,952.0410,0.0000,4.23936,26351.4
2613,129711.9681,128759.9271,952.0410,0.0000,4.23936,26361.3
2614,129711.9681,128759.9271,952.0410,0.0185,4.23413,26371.5
2615,129711.9681,128759.9271,952.0410,0.0000,4.23413,26381.9
2616,129711.9681,128759.9271,952.0410,0.0000,4.23413,26392.0
2617,129711.9681,128759.9271,952.0410,0.0000,4.23413,26401.9
2618,129711.9681,128759.9271,952.0410,0.0000,4.23413,26412.4
2619,129711.9681,128759.9271,952.0410,0.0000,4.23413,26422.7
2620,129711.9681,128759.9271,952.0410,0.0000,4.23413,26432.9
2621,129711.9681,128759.9271,952.0410,0.0000,4.23413,26442.9
2622,129711.9681,128759.9271,952.0410,0.0000,4.23413,26452.9
2623,129711.9681,128759.9271,952.0410,0.0000,4.23413,26463.0
2624,129711.9681,128759.9271,952.0410,0.0000,4.23413,26473.2
2625,129711.9681,128759.9271,952.0410,0.0185,4.23892,26483.9
2626,129711.9681,128759.9271,952.0410,0.0000,4.23892,26494.1
2627,129711.9681,128759.9271,952.0410,0.0000,4.23892,26504.4
2628,129711.9681,128759.9271,952.0410,0.0000,4.23892,26514.8
2629,129711.9681,128759.9271,952.0410,0.0000,4.23892,26525.5
2630,129711.9681,128759.9271,952.0410,0.0000,4.23892,26535.6
2631,129711.9681,128759.9271,952.0410,0.0185,4.22797,26545.8
2632,129711.9681,128759.9271,952.0410,0.0185,4.2328,26555.7
2633,129711.9681,128759.9271,952.0410,0.0000,4.2328,26568.4
2634,129711.9681,128759.9271,952.0410,0.0000,4.2328,26579.6
2635,129711.9681,128759.9271,952.0410,0.0000,4.2328,26589.9
2636,129711.9681,128759.9271,952.0410,0.0000,4.2328,26600.6
2637,129711.9681,128759.9271,952.0410,0.0000,4.2328,26612.7
2638,129711.9681,128759.9271,952.0410,0.0000,4.2328,26624.3
2639,129711.9681,128759.9271,952.0410,0.0000,4.2328,26634.8
2640,129711.9681,128759.9271,952.0410,0.0000,4.2328,26644.9
2641,129711.9681,128759.9271,952.0410,0.0000,4.2328,26654.9
2642,129711.9681,128759.9271,952.0410,0.0000,4.2328,26664.9
2643,129711.9681,128759.9271,952.0410,0.0000,4.2328,26674.9
2644,129711.9681,128759.9271,952.0410,0.0185,4.25602,26685.1
2645,129711.9681,128759.9271,952.0410,0.0000,4.25602,26695.3
2646,129711.9681,128759.9271,952.0410,0.0000,4.25602,26705.3
2647,129711.9681,128759.9271,952.0410,0.0000,4.25602,26715.6
2648,129711.9681,128759.9271,952.0410,0.0000,4.25602,26725.5
2649,129711.9681,128759.9271,952.0410,0.0000,4.25602,26735.7
2650,129711.9681,128759.9271,952.0410,0.0000,4.25602,26745.9
2651,129711.9681,128759.9271,952.0410,0.0000,4.25602,26758.0
2652,129711.9681,128759.9271,952.0410,0.0000,4.25602,26769.7
2653,129711.9681,128759.9271,952.0410,0.0000,4.25602,26779.9
2654,129711.9681,128759.9271,952.0410,0.0000,4.25602,26790.3
2655,129711.9681,128759.9271,952.0410,0.0185,4.25356,26803.3
2656,129711.9681,128759.9271,952.0410,0.0000,4.25356,26814.5
2657,129711.9681,128759.9271,952.0410,0.0000,4.25356,26824.8
2658,129711.9681,128759.9271,952.0410,0.0000,4.25356,26835.1
2659,129711.9681,128759.9271,952.0410,0.0000,4.25356,26845.6
2660,129711.9681,128766.8956,945.0724,0.0185,4.2457,26855.6
2661,129711.9681,128766.8956,945.0724,0.0000,4.2457,26866.1
2662,129711.9681,128766.8956,945.0724,0.0000,4.2457,26876.0
2663,129711.9681,128795.9393,916.0288,0.0370,4.24448,26886.9
2664,129711.9681,128795.9393,916.0288,0.0000,4.24448,26897.7
2665,129711.9681,128795.9393,916.0288,0.0000,4.24448,26907.9
2666,129711.9681,128795.9393,916.0288,0.0000,4.24448,26918.0
2667,129711.9681,128795.9393,916.0288,0.0000,4.24448,26928.4
2668,129711.9681,128795.9393,916.0288,0.0000,4.24448,26940.1
2669,129711.9681,128795.9393,916.0288,0.0000,4.24448,26951.7
2670,129711.9681,128795.9393,916.0288,0.0000,4.24448,26962.0
2671,129711.9681,128795.9393,916.0288,0.0000,4.24448,26972.7
2672,129711.9681,128795.9393,916.0288,0.0000,4.24448,26985.9
2673,129711.9681,128795.9393,916.0288,0.0000,4.24448,26996.8
2674,129711.9681,128800.3855,911.5826,0.0185,4.25052,27007.1
2675,129711.9681,128800.3855,911.5826,0.0000,4.25052,27017.4
2676,129711.9681,128800.3855,911.5826,0.0000,4.25052,27027.2
2677,129711.9681,128800.3855,911.5826,0.0000,4.25052,27037.4
2678,129711.9681,128800.3855,911.5826,0.0000,4.25052,27047.4
2679,129711.9681,128800.3855,911.5826,0.0000,4.25052,27057.4
2680,129711.9681,128800.3855,911.5826,0.0000,4.25052,27067.8
2681,129711.9681,128800.3855,911.5826,0.0000,4.25052,27077.9
2682,129711.9681,128800.3855,911.5826,0.0000,4.25052,27087.7
2683,129711.9681,128800.3855,911.5826,0.0000,4.25052,27097.7
2684,129711.9681,128800.3855,911.5826,0.0000,4.25052,27108.7
2685,129711.9681,128800.3855,911.5826,0.0000,4.25052,27120.2
2686,129711.9681,128800.3855,911.5826,0.0000,4.25052,27131.4
2687,129711.9681,128800.3855,911.5826,0.0000,4.25052,27141.6
2688,129711.9681,128800.3855,911.5826,0.0000,4.25052,27152.4
2689,129711.9681,128800.3855,911.5826,0.0000,4.25052,27165.7
2690,129711.9681,128800.3855,911.5826,0.0185,4.23736,27177.5
2691,129711.9681,128800.3855,911.5826,0.0000,4.23736,27187.6
2692,129711.9681,128800.3855,911.5826,0.0000,4.23736,27198.0
2693,129711.9681,128800.3855,911.5826,0.0000,4.23736,27207.9
2694,129711.9681,128800.3855,911.5826,0.0000,4.23736,27217.9
2695,129711.9681,128800.3855,911.5826,0.0000,4.23736,27228.4
2696,129711.9681,128800.3855,911.5826,0.0000,4.23736,27238.6
2697,129711.9681,128800.3855,911.5826,0.0000,4.23736,27248.7
2698,129711.9681,128803.7071,908.2610,0.0185,4.24592,27258.8
2699,129711.9681,128803.7071,908.2610,0.0000,4.24592,27268.8
2700,129711.9681,128803.7071,908.2610,0.0000,4.24592,27278.7
2701,129711.9681,128803.7071,908.2610,0.0000,4.24592,27290.1
2702,129711.9681,128803.7071,908.2610,0.0000,4.24592,27301.2
2703,129711.9681,128803.7071,908.2610,0.0000,4.24592,27312.1
2704,129711.9681,128803.7071,908.2610,0.0000,4.24592,27322.4
2705,129711.9681,128803.7071,908.2610,0.0185,4.22629,27334.2
2706,129711.9681,128803.7071,908.2610,0.0185,4.22262,27347.4
2707,129711.9681,128803.7071,908.2610,0.0000,4.22262,27358.1
2708,129711.9681,128803.7071,908.2610,0.0000,4.22262,27368.1
2709,129711.9681,128803.7071,908.2610,0.0370,4.19606,27378.2
2710,129711.9681,128803.7071,908.2610,0.0000,4.19606,27388.2
2711,129711.9681,128803.7071,908.2610,0.0000,4.19606,27398.6
2712,129711.9681,128803.7071,908.2610,0.0000,4.19606,27408.4
2713,129711.9681,128803.7071,908.2610,0.0000,4.19606,27418.5
2714,129711.9681,128803.7071,908.2610,0.0000,4.19606,27428.7
2715,129711.9681,128803.7071,908.2610,0.0000,4.19606,27438.9
2716,129711.9681,128803.7071,908.2610,0.0000,4.19606,27448.9
2717,129711.9681,128803.7071,908.2610,0.0000,4.19606,27458.9
2718,129711.9681,128803.7071,908.2610,0.0000,4.19606,27469.4
2719,129711.9681,128803.7071,908.2610,0.0000,4.19606,27481.9
2720,129711.9681,128803.7071,908.2610,0.0000,4.19606,27493.5
2721,129711.9681,128803.7071,908.2610,0.0000,4.19606,27503.7
2722,129711.9681,128803.7071,908.2610,0.0000,4.19606,27517.2
2723,129711.9681,128803.7071,908.2610,0.0000,4.19606,27529.4
2724,129711.9681,128803.7071,908.2610,0.0000,4.19606,27539.9
2725,129711.9681,128803.7071,908.2610,0.0000,4.19606,27550.0
2726,129711.9681,128803.7071,908.2610,0.0000,4.19606,27560.1
2727,129711.9681,128803.7071,908.2610,0.0000,4.19606,27570.1
2728,129711.9681,128803.7071,908.2610,0.0000,4.19606,27580.2
2729,129711.9681,128803.7071,908.2610,0.0185,4.19408,27590.4
2730,129711.9681,128803.7071,908.2610,0.0000,4.19408,27600.7
2731,129711.9681,128803.7071,908.2610,0.0000,4.19408,27610.9
2732,129711.9681,128803.7071,908.2610,0.0000,4.19408,27621.4
2733,129711.9681,128803.7071,908.2610,0.0185,4.19171,27631.4
2734,129711.9681,128803.7071,908.2610,0.0000,4.19171,27641.5
2735,129711.9681,128803.7071,908.2610,0.0000,4.19171,27651.7
2736,129711.9681,128803.7071,908.2610,0.0000,4.19171,27661.3
2737,129711.9681,128803.7071,908.2610,0.0000,4.19171,27671.4
2738,129711.9681,128803.7071,908.2610,0.0000,4.19171,27681.5
2739,129711.9681,128803.7071,908.2610,0.0000,4.19171,27691.9
2740,129711.9681,128803.7071,908.2610,0.0185,4.18393,27702.1
2741,129711.9681,128847.7375,864.2306,0.0185,4.17972,27712.3
2742,129711.9681,128847.7375,864.2306,0.0000,4.17972,27722.1
2743,129711.9681,128847.7375,864.2306,0.0185,4.17193,27732.1
2744,129711.9681,128847.7375,864.2306,0.0000,4.17193,27741.9
2745,129711.9681,128847.7375,864.2306,0.0000,4.17193,27752.0
2746,129711.9681,128847.7375,864.2306,0.0000,4.17193,27762.3
2747,129711.9681,128847.7375,864.2306,0.0000,4.17193,27772.3
2748,129711.9681,128847.7375,864.2306,0.0000,4.17193,27782.7
2749,129711.9681,128847.7375,864.2306,0.0000,4.17193,27792.8
2750,129711.9681,128847.7375,864.2306,0.0000,4.17193,27802.9
2751,129711.9681,128847.7375,864.2306,0.0000,4.17193,27813.0
2752,129711.9681,128847.7375,864.2306,0.0000,4.17193,27823.6
2753,129711.9681,128847.7375,864.2306,0.0185,4.16967,27833.7
2754,129711.9681,128847.7375,864.2306,0.0000,4.16967,27843.9
2755,129711.9681,128847.7375,864.2306,0.0000,4.16967,27854.3
2756,129711.9681,128847.7375,864.2306,0.0000,4.16967,27864.4
2757,129711.9681,128847.7375,864.2306,0.0000,4.16967,27874.5
2758,129711.9681,128847.7375,864.2306,0.0000,4.16967,27884.8
2759,129711.9681,128847.7375,864.2306,0.0185,4.17129,27895.1
2760,129711.9681,128847.7375,864.2306,0.0000,4.17129,27905.1
2761,129711.9681,128847.7375,864.2306,0.0000,4.17129,27915.3
2762,129711.9681,128847.7375,864.2306,0.0000,4.17129,27925.3
2763,129711.9681,128847.7375,864.2306,0.0185,4.17669,27935.6
2764,129711.9681,128847.7375,864.2306,0.0000,4.17669,27945.7
2765,129711.9681,128847.7375,864.2306,0.0000,4.17669,27955.8
2766,129711.9681,128847.7375,864.2306,0.0000,4.17669,27965.9
2767,129711.9681,128847.7375,864.2306,0.0185,4.15798,27976.1
2768,129711.9681,128847.7375,864.2306,0.0000,4.15798,27986.5
2769,129711.9681,128847.7375,864.2306,0.0000,4.15798,27996.8
2770,129711.9681,128847.7375,864.2306,0.0000,4.15798,28007.0
2771,129711.9681,128847.7375,864.2306,0.0000,4.15798,28017.3
2772,129711.9681,128847.7375,864.2306,0.0000,4.15798,28027.5
2773,129711.9681,128847.7375,864.2306,0.0000,4.15798,28037.5
2774,129711.9681,128847.7375,864.2306,0.0000,4.15798,28047.6
2775,129711.9681,128847.7375,864.2306,0.0000,4.15798,28057.9
2776,129711.9681,128847.7375,864.2306,0.0000,4.15798,28068.2
2777,129711.9681,128847.7375,864.2306,0.0000,4.15798,28078.1
2778,129711.9681,128847.7375,864.2306,0.0000,4.15798,28088.4
2779,129711.9681,128847.7375,864.2306,0.0000,4.15798,28098.2
2780,129711.9681,128847.7375,864.2306,0.0000,4.15798,28108.1
2781,129711.9681,128847.7375,864.2306,0.0000,4.15798,28118.4
2782,129711.9681,128847.7375,864.2306,0.0000,4.15798,28128.6
2783,129711.9681,128847.7375,864.2306,0.0000,4.15798,28138.5
2784,129711.9681,128847.7375,864.2306,0.0000,4.15798,28148.7
2785,129711.9681,128847.7375,864.2306,0.0000,4.15798,28158.6
2786,129711.9681,128847.7375,864.2306,0.0185,4.15105,28168.7
2787,129711.9681,128847.7375,864.2306,0.0000,4.15105,28178.5
2788,129711.9681,128847.7375,864.2306,0.0000,4.15105,28188.5
2789,129711.9681,128847.7375,864.2306,0.0000,4.15105,28198.4
2790,129711.9681,128847.7375,864.2306,0.0000,4.15105,28208.3
2791,129711.9681,128847.7375,864.2306,0.0000,4.15105,28218.5
2792,129711.9681,128847.7375,864.2306,0.0000,4.15105,28228.6
2793,129711.9681,128847.7375,864.2306,0.0000,4.15105,28238.9
2794,129711.9681,128847.7375,864.2306,0.0000,4.15105,28248.9
2795,129711.9681,128847.7375,864.2306,0.0000,4.15105,28259.4
2796,129711.9681,128847.7375,864.2306,0.0185,4.13471,28269.3
2797,129711.9681,128847.7375,864.2306,0.0000,4.13471,28279.3
2798,129711.9681,128847.7375,864.2306,0.0000,4.13471,28289.2
2799,129711.9681,128847.7375,864.2306,0.0185,4.11603,28299.3
2800,129711.9681,128847.7375,864.2306,0.0185,4.12387,28309.2
2801,129711.9681,128847.7375,864.2306,0.0185,4.1298,28319.1
2802,129711.9681,128847.7375,864.2306,0.0000,4.1298,28329.2
2803,129711.9681,128847.7375,864.2306,0.0000,4.1298,28339.2
2804,129711.9681,128847.7375,864.2306,0.0000,4.1298,28349.0
2805,129711.9681,128847.7375,864.2306,0.0000,4.1298,28359.0
2806,129711.9681,128847.7375,864.2306,0.0000,4.1298,28369.0
2807,129711.9681,128847.7375,864.2306,0.0185,4.13154,28379.0
2808,129711.9681,128847.7375,864.2306,0.0000,4.13154,28389.2
2809,129711.9681,128847.7375,864.2306,0.0000,4.13154,28399.5
2810,129711.9681,128847.7375,864.2306,0.0000,4.13154,28409.5
2811,129711.9681,128847.7375,864.2306,0.0000,4.13154,28419.5
2812,129711.9681,128847.7375,864.2306,0.0000,4.13154,28429.8
2813,129711.9681,128847.7375,864.2306,0.0000,4.13154,28440.2
2814,129711.9681,128847.7375,864.2306,0.0000,4.13154,28450.2
2815,129711.9681,128847.7375,864.2306,0.0000,4.13154,28460.0
2816,129711.9681,128847.7375,864.2306,0.0000,4.13154,28470.2
2817,129711.9681,128847.7375,864.2306,0.0000,4.13154,28480.6
2818,129711.9681,128847.7375,864.2306,0.0000,4.13154,28490.7
2819,129711.9681,128847.7375,864.2306,0.0000,4.13154,28501.0
2820,129711.9681,128847.7375,864.2306,0.0185,4.15366,28511.5
2821,129711.9681,128847.7375,864.2306,0.0000,4.15366,28521.5
2822,129711.9681,128847.7375,864.2306,0.0000,4.15366,28531.8
2823,129711.9681,128847.7375,864.2306,0.0185,4.12638,28541.6
2824,129711.9681,128847.7375,864.2306,0.0000,4.12638,28552.0
2825,129711.9681,128847.7375,864.2306,0.0000,4.12638,28562.0
2826,129711.9681,128847.7375,864.2306,0.0000,4.12638,28572.0
2827,129711.9681,128847.7375,864.2306,0.0000,4.12638,28582.1
2828,129711.9681,128847.7375,864.2306,0.0185,4.14383,28592.3
2829,129711.9681,128847.7375,864.2306,0.0000,4.14383,28602.3
2830,129711.9681,128847.7375,864.2306,0.0000,4.14383,28612.5
2831,129711.9681,128847.7375,864.2306,0.0185,4.14768,28622.5
2832,129711.9681,128847.7375,864.2306,0.0000,4.14768,28633.0
2833,129711.9681,128847.7375,864.2306,0.0000,4.14768,28643.0
2834,129711.9681,128847.7375,864.2306,0.0000,4.14768,28653.0
2835,129711.9681,128847.7375,864.2306,0.0000,4.14768,28663.4
2836,129711.9681,128847.7375,864.2306,0.0000,4.14768,28673.7
2837,129711.9681,128847.7375,864.2306,0.0185,4.14755,28683.9
2838,129711.9681,128847.7375,864.2306,0.0000,4.14755,28694.1
2839,129711.9681,128847.7375,864.2306,0.0000,4.14755,28704.3
2840,129711.9681,128847.7375,864.2306,0.0000,4.14755,28714.4
2841,129711.9681,128847.7375,864.2306,0.0000,4.14755,28724.9
2842,129711.9681,128847.7375,864.2306,0.0000,4.14755,28735.4
2843,129711.9681,128847.7375,864.2306,0.0000,4.14755,28745.5
2844,129711.9681,128847.7375,864.2306,0.0000,4.14755,28755.6
2845,129711.9681,128847.7375,864.2306,0.0000,4.14755,28765.5
2846,129711.9681,128847.7375,864.2306,0.0185,4.16464,28775.7
2847,129711.9681,128847.7375,864.2306,0.0000,4.16464,28785.8
2848,129711.9681,128847.7375,864.2306,0.0000,4.16464,28796.1
2849,129711.9681,128847.7375,864.2306,0.0185,4.16614,28806.2
2850,129711.9681,128847.7375,864.2306,0.0000,4.16614,28816.2
2851,129711.9681,128847.7375,864.2306,0.0185,4.19432,28826.1
2852,129711.9681,128847.7375,864.2306,0.0000,4.19432,28836.3
2853,129711.9681,128847.7375,864.2306,0.0000,4.19432,28846.1
2854,129711.9681,128847.7375,864.2306,0.0000,4.19432,28856.0
2855,129711.9681,128847.7375,864.2306,0.0000,4.19432,28865.9
2856,129711.9681,128847.7375,864.2306,0.0000,4.19432,28875.8
2857,129711.9681,128847.7375,864.2306,0.0185,4.19349,28886.1
2858,129711.9681,128847.7375,864.2306,0.0185,4.19754,28896.1
2859,129711.9681,128847.7375,864.2306,0.0000,4.19754,28906.1
2860,129711.9681,128847.7375,864.2306,0.0000,4.19754,28916.0
2861,129711.9681,128847.7375,864.2306,0.0000,4.19754,28926.3
2862,129711.9681,128847.7375,864.2306,0.0000,4.19754,28936.6
2863,129711.9681,128847.7375,864.2306,0.0000,4.19754,28946.6
2864,129711.9681,128847.7375,864.2306,0.0000,4.19754,28956.9
2865,129711.9681,128847.7375,864.2306,0.0000,4.19754,28967.1
2866,129711.9681,128847.7375,864.2306,0.0185,4.15771,28977.2
2867,129711.9681,128864.3221,847.6460,0.0185,4.15075,28987.4
2868,129711.9681,128864.3221,847.6460,0.0000,4.15075,28997.4
2869,129711.9681,128864.3221,847.6460,0.0000,4.15075,29007.5
2870,129711.9681,128864.3221,847.6460,0.0000,4.15075,29018.2
2871,129711.9681,128864.3221,847.6460,0.0000,4.15075,29028.9
2872,129711.9681,128864.3221,847.6460,0.0000,4.15075,29039.0
2873,129711.9681,128864.3221,847.6460,0.0000,4.15075,29049.2
2874,129711.9681,128869.4939,842.4741,0.0370,4.15009,29059.4
2875,129711.9681,128869.4939,842.4741,0.0000,4.15009,29069.6
2876,129711.9681,128869.4939,842.4741,0.0185,4.16113,29079.5
2877,129711.9681,128869.4939,842.4741,0.0000,4.16113,29089.8
2878,129711.9681,128869.4939,842.4741,0.0000,4.16113,29100.1
2879,129711.9681,128869.4939,842.4741,0.0000,4.16113,29110.1
2880,129711.9681,128869.4939,842.4741,0.0000,4.16113,29120.5
2881,129711.9681,128869.4939,842.4741,0.0000,4.16113,29130.7
2882,129711.9681,128869.4939,842.4741,0.0185,4.18381,29141.0
2883,129711.9681,128869.4939,842.4741,0.0000,4.18381,29151.3
2884,129711.9681,128869.4939,842.4741,0.0000,4.18381,29161.5
2885,129711.9681,128869.4939,842.4741,0.0000,4.18381,29171.4
2886,129711.9681,128869.4939,842.4741,0.0000,4.18381,29181.8
2887,129711.9681,128869.4939,842.4741,0.0000,4.18381,29191.8
2888,129711.9681,128869.4939,842.4741,0.0000,4.18381,29202.1
2889,129711.9681,128869.4939,842.4741,0.0000,4.18381,29212.6
2890,129711.9681,128869.4939,842.4741,0.0000,4.18381,29222.4
2891,129711.9681,128869.4939,842.4741,0.0000,4.18381,29232.6
2892,129711.9681,128869.4939,842.4741,0.0000,4.18381,29242.6
2893,129711.9681,128869.4939,842.4741,0.0000,4.18381,29253.1
2894,129711.9681,128869.4939,842.4741,0.0000,4.18381,29263.6
2895,129711.9681,128869.4939,842.4741,0.0185,4.20071,29274.0
2896,129711.9681,128869.4939,842.4741,0.0000,4.20071,29284.4
2897,129711.9681,128869.4939,842.4741,0.0000,4.20071,29294.5
2898,129711.9681,128869.4939,842.4741,0.0000,4.20071,29304.9
2899,129711.9681,128869.4939,842.4741,0.0000,4.20071,29315.1
2900,129711.9681,128869.4939,842.4741,0.0000,4.20071,29325.6
2901,129711.9681,128869.4939,842.4741,0.0000,4.20071,29335.6
2902,129711.9681,128869.4939,842.4741,0.0000,4.20071,29345.8
2903,129711.9681,128869.4939,842.4741,0.0000,4.20071,29356.1
2904,129711.9681,128869.4939,842.4741,0.0000,4.20071,29366.4
2905,129711.9681,128869.4939,842.4741,0.0185,4.19691,29376.7
2906,129711.9681,128869.4939,842.4741,0.0000,4.19691,29386.8
2907,129711.9681,128869.4939,842.4741,0.0000,4.19691,29396.7
2908,129711.9681,128869.4939,842.4741,0.0000,4.19691,29406.9
2909,129711.9681,128869.4939,842.4741,0.0000,4.19691,29417.0
2910,129711.9681,128869.4939,842.4741,0.0000,4.19691,29427.4
2911,129711.9681,128869.4939,842.4741,0.0000,4.19691,29437.7
2912,129711.9681,128869.4939,842.4741,0.0185,4.19911,29447.8
2913,129711.9681,128869.4939,842.4741,0.0000,4.19911,29457.8
2914,129711.9681,128869.4939,842.4741,0.0000,4.19911,29468.2
2915,129711.9681,128869.4939,842.4741,0.0000,4.19911,29478.4
2916,129711.9681,128869.4939,842.4741,0.0000,4.19911,29488.6
2917,129711.9681,128869.4939,842.4741,0.0185,4.20167,29498.8
2918,129711.9681,128869.4939,842.4741,0.0185,4.21594,29509.2
2919,129711.9681,128869.4939,842.4741,0.0000,4.21594,29519.4
2920,129711.9681,128869.4939,842.4741,0.0185,4.21749,29529.9
2921,129711.9681,128869.4939,842.4741,0.0000,4.21749,29540.5
2922,129711.9681,128869.4939,842.4741,0.0185,4.22178,29550.3
2923,129711.9681,128869.4939,842.4741,0.0000,4.22178,29560.6
2924,129711.9681,128869.4939,842.4741,0.0000,4.22178,29571.2
2925,129711.9681,128869.4939,842.4741,0.0000,4.22178,29581.4
2926,129711.9681,128869.4939,842.4741,0.0000,4.22178,29591.8
2927,129711.9681,128869.4939,842.4741,0.0000,4.22178,29602.0
2928,129711.9681,128884.2417,827.7264,0.0185,4.2235,29612.3
2929,129711.9681,128884.2417,827.7264,0.0000,4.2235,29622.9
2930,129711.9681,128884.2417,827.7264,0.0000,4.2235,29633.4
2931,129711.9681,128884.2417,827.7264,0.0000,4.2235,29643.5
2932,129711.9681,128884.2417,827.7264,0.0000,4.2235,29653.8
2933,129711.9681,128884.2417,827.7264,0.0000,4.2235,29664.2
2934,129711.9681,128884.2417,827.7264,0.0000,4.2235,29674.6
2935,129711.9681,128884.2417,827.7264,0.0000,4.2235,29685.0
2936,129711.9681,128884.2417,827.7264,0.0185,4.21333,29695.3
2937,129711.9681,128884.2417,827.7264,0.0000,4.21333,29705.6
2938,129711.9681,128884.2417,827.7264,0.0370,4.23326,29715.4
2939,129711.9681,128884.2417,827.7264,0.0000,4.23326,29725.6
2940,129711.9681,128884.2417,827.7264,0.0185,4.23361,29735.8
2941,129711.9681,128885.7517,826.2164,0.0185,4.23289,29745.8
2942,129711.9681,128885.7517,826.2164,0.0185,4.23187,29755.9
2943,129711.9681,128885.7517,826.2164,0.0000,4.23187,29766.5
2944,129711.9681,128885.7517,826.2164,0.0000,4.23187,29776.8
2945,129711.9681,128885.7517,826.2164,0.0000,4.23187,29786.7
2946,129711.9681,128885.7517,826.2164,0.0000,4.23187,29797.4
2947,129711.9681,128885.7517,826.2164,0.0000,4.23187,29807.9
2948,129711.9681,128885.7517,826.2164,0.0000,4.23187,29818.1
2949,129711.9681,128885.7517,826.2164,0.0000,4.23187,29828.3
2950,129711.9681,128885.7517,826.2164,0.0000,4.23187,29838.5
2951,129711.9681,128885.7517,826.2164,0.0185,4.23153,29848.6
2952,129711.9681,128885.7517,826.2164,0.0000,4.23153,29859.0
2953,129711.9681,128885.7517,826.2164,0.0000,4.23153,29869.2
2954,129711.9681,128885.7517,826.2164,0.0000,4.23153,29879.3
2955,129711.9681,128885.7517,826.2164,0.0000,4.23153,29889.4
2956,129711.9681,128885.7517,826.2164,0.0000,4.23153,29900.4
2957,129711.9681,128885.7517,826.2164,0.0000,4.23153,29910.9
2958,129711.9681,128885.7517,826.2164,0.0000,4.23153,29921.1
2959,129711.9681,128885.7517,826.2164,0.0185,4.25677,29931.2
2960,129711.9681,128885.7517,826.2164,0.0000,4.25677,29941.2
2961,129711.9681,128885.7517,826.2164,0.0000,4.25677,29951.5
2962,129711.9681,128885.7517,826.2164,0.0000,4.25677,29962.0
2963,129711.9681,128885.7517,826.2164,0.0000,4.25677,29972.5
2964,129711.9681,128885.7517,826.2164,0.0000,4.25677,29982.5
2965,129711.9681,128885.7517,826.2164,0.0000,4.25677,29992.8
2966,129711.9681,128885.7517,826.2164,0.0000,4.25677,30003.3
2967,129711.9681,128885.7517,826.2164,0.0000,4.25677,30013.6
2968,129711.9681,128885.7517,826.2164,0.0185,4.27112,30023.6
2969,129711.9681,128885.7517,826.2164,0.0000,4.27112,30033.8
2970,129711.9681,128885.7517,826.2164,0.0000,4.27112,30044.1
2971,129711.9681,128885.7517,826.2164,0.0000,4.27112,30054.5
2972,129711.9681,128885.7517,826.2164,0.0000,4.27112,30064.5
2973,129711.9681,128885.7517,826.2164,0.0000,4.27112,30074.5
2974,129711.9681,128885.7517,826.2164,0.0000,4.27112,30084.7
2975,129711.9681,128885.7517,826.2164,0.0185,4.28448,30094.7
2976,129711.9681,128885.7517,826.2164,0.0000,4.28448,30105.2
2977,129711.9681,128885.7517,826.2164,0.0000,4.28448,30115.3
2978,129711.9681,128885.7517,826.2164,0.0185,4.29318,30126.1
2979,129711.9681,128885.7517,826.2164,0.0000,4.29318,30136.5
2980,129711.9681,128885.7517,826.2164,0.0000,4.29318,30146.8
2981,129711.9681,128885.7517,826.2164,0.0000,4.29318,30157.3
2982,129711.9681,128885.7517,826.2164,0.0000,4.29318,30167.4
2983,129711.9681,128885.7517,826.2164,0.0185,4.28346,30177.7
2984,129711.9681,128885.7517,826.2164,0.0185,4.27993,30188.3
2985,129711.9681,128885.7517,826.2164,0.0000,4.27993,30198.5
2986,129711.9681,128885.7517,826.2164,0.0000,4.27993,30208.6
2987,129711.9681,128885.7517,826.2164,0.0185,4.28099,30218.8
2988,129711.9681,128885.7517,826.2164,0.0000,4.28099,30229.3
2989,129711.9681,128885.7517,826.2164,0.0000,4.28099,30239.6
2990,129711.9681,128885.7517,826.2164,0.0000,4.28099,30250.0
2991,129711.9681,128885.7517,826.2164,0.0000,4.28099,30260.5
2992,129711.9681,128885.7517,826.2164,0.0185,4.28177,30270.4
2993,129711.9681,128885.7517,826.2164,0.0000,4.28177,30280.8
2994,129711.9681,128885.7517,826.2164,0.0185,4.28393,30291.3
2995,129711.9681,128885.7517,826.2164,0.0185,4.2879,30301.3
2996,129711.9681,128885.7517,826.2164,0.0185,4.2963,30311.5
2997,129711.9681,128885.7517,826.2164,0.0000,4.2963,30321.6
2998,129711.9681,128885.7517,826.2164,0.0000,4.2963,30332.0
2999,129711.9681,128885.7517,826.2164,0.0000,4.2963,30342.5
3000,129711.9681,128885.7517,826.2164,0.0185,4.3014,30352.7
3001,129711.9681,128885.7517,826.2164,0.0000,4.3014,30362.8
3002,129711.9681,128885.7517,826.2164,0.0000,4.3014,30373.3
3003,129711.9681,128885.7517,826.2164,0.0000,4.3014,30383.5
3004,129711.9681,128885.7517,826.2164,0.0000,4.3014,30394.0
3005,129711.9681,128885.7517,826.2164,0.0000,4.3014,30404.2
3006,129711.9681,128885.7517,826.2164,0.0000,4.3014,30414.5
3007,129711.9681,128885.7517,826.2164,0.0000,4.3014,30424.8
3008,129711.9681,128885.7517,826.2164,0.0000,4.3014,30435.3
3009,129711.9681,128885.7517,826.2164,0.0000,4.3014,30445.9
3010,129711.9681,128885.7517,826.2164,0.0000,4.3014,30456.5
3011,129711.9681,128885.7517,826.2164,0.0000,4.3014,30466.6
3012,129711.9681,128885.7517,826.2164,0.0000,4.3014,30476.9
3013,129711.9681,128885.7517,826.2164,0.0000,4.3014,30487.2
3014,129711.9681,128885.7517,826.2164,0.0000,4.3014,30497.5
3015,129711.9681,128885.7517,826.2164,0.0000,4.3014,30507.8
3016,129711.9681,128885.7517,826.2164,0.0000,4.3014,30518.2
3017,129711.9681,128885.7517,826.2164,0.0370,4.33396,30528.5
3018,129711.9681,128885.7517,826.2164,0.0185,4.36447,30538.7
3019,129711.9681,128885.7517,826.2164,0.0185,4.40771,30548.9
3020,129711.9681,128885.7517,826.2164,0.0000,4.40771,30559.7
3021,129711.9681,128885.7517,826.2164,0.0185,4.40094,30570.1
3022,129711.9681,128885.7517,826.2164,0.0000,4.40094,30580.3
3023,129711.9681,128885.7517,826.2164,0.0000,4.40094,30590.6
3024,129711.9681,128885.7517,826.2164,0.0000,4.40094,30600.8
3025,129711.9681,128885.7517,826.2164,0.0000,4.40094,30610.7
3026,129711.9681,128885.7517,826.2164,0.0000,4.40094,30620.7
3027,129711.9681,128885.7517,826.2164,0.0000,4.40094,30631.1
3028,129711.9681,128885.7517,826.2164,0.0000,4.40094,30641.6
3029,129711.9681,128885.7517,826.2164,0.0000,4.40094,30651.8
3030,129711.9681,128885.7517,826.2164,0.0000,4.40094,30662.4
3031,129711.9681,128885.7517,826.2164,0.0000,4.40094,30672.6
3032,129711.9681,128885.7517,826.2164,0.0000,4.40094,30682.8
3033,129711.9681,128885.7517,826.2164,0.0000,4.40094,30693.1
3034,129711.9681,128885.7517,826.2164,0.0000,4.40094,30703.4
3035,129711.9681,128885.7517,826.2164,0.0000,4.40094,30713.5
3036,129711.9681,128885.7517,826.2164,0.0185,4.39565,30723.6
3037,129711.9681,128885.7517,826.2164,0.0000,4.39565,30733.8
3038,129711.9681,128885.7517,826.2164,0.0000,4.39565,30743.9
3039,129711.9681,128885.7517,826.2164,0.0000,4.39565,30754.0
3040,129711.9681,128885.7517,826.2164,0.0000,4.39565,30764.4
3041,129711.9681,128885.7517,826.2164,0.0000,4.39565,30774.5
3042,129711.9681,128885.7517,826.2164,0.0000,4.39565,30784.7
3043,129711.9681,128885.7517,826.2164,0.0185,4.37298,30794.9
3044,129711.9681,128885.7517,826.2164,0.0000,4.37298,30804.8
3045,129711.9681,128885.7517,826.2164,0.0000,4.37298,30815.1
3046,129711.9681,128885.7517,826.2164,0.0000,4.37298,30825.6
3047,129711.9681,128885.7517,826.2164,0.0000,4.37298,30835.8
3048,129711.9681,128885.7517,826.2164,0.0000,4.37298,30845.9
3049,129711.9681,128885.7517,826.2164,0.0000,4.37298,30856.1
3050,129711.9681,128885.7517,826.2164,0.0185,4.37293,30866.3
3051,129711.9681,128885.7517,826.2164,0.0000,4.37293,30876.4
3052,129711.9681,128885.7517,826.2164,0.0000,4.37293,30886.6
3053,129711.9681,128885.7517,826.2164,0.0000,4.37293,30897.1
3054,129711.9681,128885.7517,826.2164,0.0000,4.37293,30907.4
3055,129711.9681,128885.7517,826.2164,0.0000,4.37293,30917.7
3056,129711.9681,128885.7517,826.2164,0.0000,4.37293,30928.2
3057,129711.9681,128885.7517,826.2164,0.0000,4.37293,30938.2
3058,129711.9681,128885.7517,826.2164,0.0000,4.37293,30949.0
3059,129711.9681,128885.7517,826.2164,0.0000,4.37293,30959.2
3060,129711.9681,128885.7517,826.2164,0.0000,4.37293,30969.7
3061,129711.9681,128885.7517,826.2164,0.0000,4.37293,30979.8
3062,129711.9681,128885.7517,826.2164,0.0000,4.37293,30990.1
3063,129711.9681,128885.7517,826.2164,0.0000,4.37293,31000.2
3064,129711.9681,128885.7517,826.2164,0.0000,4.37293,31010.8
3065,129711.9681,128885.7517,826.2164,0.0185,4.36103,31021.4
3066,129711.9681,128885.7517,826.2164,0.0000,4.36103,31031.6
3067,129711.9681,128885.7517,826.2164,0.0000,4.36103,31041.9
3068,129711.9681,128885.7517,826.2164,0.0000,4.36103,31052.1
3069,129711.9681,128885.7517,826.2164,0.0000,4.36103,31062.3
3070,129711.9681,128885.7517,826.2164,0.0000,4.36103,31072.7
3071,129711.9681,128885.7517,826.2164,0.0000,4.36103,31083.0
3072,129711.9681,128885.7517,826.2164,0.0000,4.36103,31093.5
3073,129711.9681,128885.7517,826.2164,0.0000,4.36103,31104.3
3074,129711.9681,128885.7517,826.2164,0.0185,4.36315,31114.6
3075,129711.9681,128885.7517,826.2164,0.0000,4.36315,31124.6
3076,129711.9681,128885.7517,826.2164,0.0000,4.36315,31134.9
3077,129711.9681,128885.7517,826.2164,0.0185,4.37076,31145.2
3078,129711.9681,128885.7517,826.2164,0.0185,4.3984,31155.5
3079,129711.9681,128885.7517,826.2164,0.0000,4.3984,31166.0
3080,129711.9681,128885.7517,826.2164,0.0000,4.3984,31176.5
3081,129711.9681,128885.7517,826.2164,0.0185,4.37411,31186.7
3082,129711.9681,128885.7517,826.2164,0.0000,4.37411,31196.9
3083,129711.9681,128885.7517,826.2164,0.0000,4.37411,31207.1
3084,129711.9681,128885.7517,826.2164,0.0000,4.37411,31217.4
3085,129711.9681,128885.7517,826.2164,0.0000,4.37411,31227.6
3086,129711.9681,128885.7517,826.2164,0.0000,4.37411,31238.3
3087,129711.9681,128885.7517,826.2164,0.0000,4.37411,31248.6
3088,129711.9681,128885.7517,826.2164,0.0185,4.43404,31258.9
3089,129711.9681,128885.7517,826.2164,0.0000,4.43404,31269.1
3090,129711.9681,128885.7517,826.2164,0.0000,4.43404,31279.6
3091,129711.9681,128885.7517,826.2164,0.0185,4.41674,31289.8
3092,129711.9681,128885.7517,826.2164,0.0000,4.41674,31300.0
3093,129711.9681,128885.7517,826.2164,0.0000,4.41674,31310.3
3094,129711.9681,128885.7517,826.2164,0.0185,4.44763,31321.2
3095,129711.9681,128885.7517,826.2164,0.0000,4.44763,31331.6
3096,129711.9681,128885.7517,826.2164,0.0000,4.44763,31341.7
3097,129711.9681,128885.7517,826.2164,0.0185,4.44274,31351.8
3098,129711.9681,128885.7517,826.2164,0.0000,4.44274,31362.2
3099,129711.9681,128885.7517,826.2164,0.0000,4.44274,31372.4
3100,129711.9681,128885.7517,826.2164,0.0000,4.44274,31382.4
3101,129711.9681,128885.7517,826.2164,0.0000,4.44274,31392.8
3102,129711.9681,128885.7517,826.2164,0.0000,4.44274,31403.0
3103,129711.9681,128885.7517,826.2164,0.0000,4.44274,31413.4
3104,129711.9681,128885.7517,826.2164,0.0000,4.44274,31423.6
3105,129711.9681,128885.7517,826.2164,0.0000,4.44274,31434.0
3106,129711.9681,128885.7517,826.2164,0.0000,4.44274,31444.1
3107,129711.9681,128885.7517,826.2164,0.0000,4.44274,31454.0
3108,129711.9681,128885.7517,826.2164,0.0000,4.44274,31464.3
3109,129711.9681,128885.7517,826.2164,0.0185,4.43719,31474.5
3110,129711.9681,128885.7517,826.2164,0.0000,4.43719,31484.6
3111,129711.9681,128923.1420,788.8261,0.0185,4.45566,31494.6
3112,129711.9681,128923.1420,788.8261,0.0000,4.45566,31504.7
3113,129711.9681,128923.1420,788.8261,0.0185,4.44779,31514.8
3114,129711.9681,128923.1420,788.8261,0.0000,4.44779,31525.2
3115,129711.9681,128923.1420,788.8261,0.0185,4.3995,31535.6
3116,129711.9681,128923.1420,788.8261,0.0000,4.3995,31546.2
3117,129711.9681,128923.1420,788.8261,0.0000,4.3995,31556.4
3118,129711.9681,128923.1420,788.8261,0.0000,4.3995,31566.8
3119,129711.9681,128923.1420,788.8261,0.0000,4.3995,31577.0
3120,129711.9681,128923.1420,788.8261,0.0000,4.3995,31587.4
3121,129711.9681,128923.1420,788.8261,0.0000,4.3995,31598.0
3122,129711.9681,128923.1420,788.8261,0.0000,4.3995,31608.5
3123,129711.9681,128923.1420,788.8261,0.0000,4.3995,31619.0
3124,129711.9681,128923.1420,788.8261,0.0000,4.3995,31628.9
3125,129711.9681,128923.1420,788.8261,0.0000,4.3995,31639.1
3126,129711.9681,128923.1420,788.8261,0.0000,4.3995,31649.5
3127,129711.9681,128923.1420,788.8261,0.0185,4.39954,31659.6
3128,129711.9681,128923.1420,788.8261,0.0000,4.39954,31669.7
3129,129711.9681,128923.1420,788.8261,0.0000,4.39954,31679.9
3130,129711.9681,128923.1420,788.8261,0.0185,4.41108,31690.0
3131,129711.9681,128923.1420,788.8261,0.0000,4.41108,31699.9
3132,129711.9681,128923.1420,788.8261,0.0000,4.41108,31710.5
3133,129711.9681,128923.1420,788.8261,0.0000,4.41108,31720.6
3134,129711.9681,128923.1420,788.8261,0.0000,4.41108,31730.9
3135,129711.9681,128923.1420,788.8261,0.0000,4.41108,31741.1
3136,129711.9681,128923.1420,788.8261,0.0000,4.41108,31751.1
3137,129711.9681,128923.1420,788.8261,0.0000,4.41108,31761.3
3138,129711.9681,128923.1420,788.8261,0.0000,4.41108,31771.5
3139,129711.9681,128923.1420,788.8261,0.0000,4.41108,31781.7
3140,129711.9681,128923.1420,788.8261,0.0000,4.41108,31792.1
3141,129711.9681,128923.1420,788.8261,0.0000,4.41108,31802.6
3142,129711.9681,128923.1420,788.8261,0.0000,4.41108,31812.9
3143,129711.9681,128923.1420,788.8261,0.0000,4.41108,31823.0
3144,129711.9681,128923.1420,788.8261,0.0000,4.41108,31833.4
3145,129711.9681,128923.1420,788.8261,0.0000,4.41108,31843.9
3146,129711.9681,128923.1420,788.8261,0.0000,4.41108,31854.6
3147,129711.9681,128923.1420,788.8261,0.0000,4.41108,31864.9
3148,129711.9681,128923.1420,788.8261,0.0000,4.41108,31874.9
3149,129711.9681,128923.1420,788.8261,0.0000,4.41108,31885.2
3150,129711.9681,128923.1420,788.8261,0.0000,4.41108,31895.5
3151,129711.9681,128923.1420,788.8261,0.0185,4.43064,31906.0
3152,129711.9681,128923.1420,788.8261,0.0000,4.43064,31916.4
3153,129711.9681,128923.1420,788.8261,0.0000,4.43064,31926.6
3154,129711.9681,128923.1420,788.8261,0.0000,4.43064,31937.4
3155,129711.9681,128923.1420,788.8261,0.0185,4.44897,31947.6
3156,129711.9681,128923.1420,788.8261,0.0185,4.45427,31957.6
3157,129711.9681,128923.1420,788.8261,0.0000,4.45427,31968.0
3158,129711.9681,128923.1420,788.8261,0.0000,4.45427,31978.2
3159,129711.9681,128923.1420,788.8261,0.0000,4.45427,31988.9
3160,129711.9681,128923.1420,788.8261,0.0000,4.45427,31999.4
3161,129711.9681,128923.1420,788.8261,0.0370,4.42849,32009.5
3162,129711.9681,128923.1420,788.8261,0.0000,4.42849,32019.6
3163,129711.9681,128923.1420,788.8261,0.0000,4.42849,32030.0
3164,129711.9681,128923.1420,788.8261,0.0185,4.43763,32040.5
3165,129711.9681,128923.1420,788.8261,0.0000,4.43763,32050.6
3166,129711.9681,128923.1420,788.8261,0.0000,4.43763,32061.1
3167,129711.9681,128923.1420,788.8261,0.0000,4.43763,32071.4
3168,129711.9681,128923.1420,788.8261,0.0000,4.43763,32081.4
3169,129711.9681,128923.1420,788.8261,0.0000,4.43763,32091.5
3170,129711.9681,128923.1420,788.8261,0.0000,4.43763,32101.7
3171,129711.9681,128923.1420,788.8261,0.0000,4.43763,32111.9
3172,129711.9681,128923.1420,788.8261,0.0000,4.43763,32122.3
3173,129711.9681,128923.1420,788.8261,0.0000,4.43763,32132.7
3174,129711.9681,128923.1420,788.8261,0.0000,4.43763,32143.2
3175,129711.9681,128923.1420,788.8261,0.0000,4.43763,32153.5
3176,129711.9681,128923.1420,788.8261,0.0000,4.43763,32163.9
3177,129711.9681,128923.1420,788.8261,0.0000,4.43763,32174.5
3178,129711.9681,128923.1420,788.8261,0.0000,4.43763,32184.8
3179,129711.9681,128923.1420,788.8261,0.0000,4.43763,32195.3
3180,129711.9681,128923.1420,788.8261,0.0000,4.43763,32205.8
3181,129711.9681,128923.1420,788.8261,0.0185,4.51884,32216.2
3182,129711.9681,128923.1420,788.8261,0.0000,4.51884,32226.4
3183,129711.9681,128923.1420,788.8261,0.0185,4.49102,32236.4
3184,129711.9681,128923.1420,788.8261,0.0000,4.49102,32246.9
3185,129711.9681,128923.1420,788.8261,0.0000,4.49102,32257.5
3186,129711.9681,128923.1420,788.8261,0.0000,4.49102,32267.8
3187,129711.9681,128923.1420,788.8261,0.0000,4.49102,32278.1
3188,129711.9681,128923.1420,788.8261,0.0000,4.49102,32288.6
3189,129711.9681,128923.1420,788.8261,0.0000,4.49102,32298.7
3190,129711.9681,128923.1420,788.8261,0.0000,4.49102,32309.1
3191,129711.9681,128923.1420,788.8261,0.0000,4.49102,32319.3
3192,129711.9681,128923.1420,788.8261,0.0000,4.49102,32329.6
3193,129711.9681,128923.1420,788.8261,0.0000,4.49102,32339.8
3194,129711.9681,128923.1420,788.8261,0.0000,4.49102,32350.2
3195,129711.9681,128923.1420,788.8261,0.0000,4.49102,32360.5
3196,129711.9681,128923.1420,788.8261,0.0000,4.49102,32370.8
3197,129711.9681,128923.1420,788.8261,0.0185,4.42584,32381.3
3198,129711.9681,128923.1420,788.8261,0.0000,4.42584,32392.0
3199,129711.9681,128923.1420,788.8261,0.0000,4.42584,32402.4
3200,129711.9681,128923.1420,788.8261,0.0000,4.42584,32412.5
3201,129711.9681,128923.1420,788.8261,0.0000,4.42584,32422.5
3202,129711.9681,128923.1420,788.8261,0.0185,4.43627,32433.0
3203,129711.9681,128923.1420,788.8261,0.0000,4.43627,32443.2
3204,129711.9681,128923.1420,788.8261,0.0000,4.43627,32453.3
3205,129711.9681,128923.1420,788.8261,0.0000,4.43627,32463.6
3206,129711.9681,128923.1420,788.8261,0.0000,4.43627,32474.0
3207,129711.9681,128923.1420,788.8261,0.0000,4.43627,32484.1
3208,129711.9681,128923.1420,788.8261,0.0000,4.43627,32494.5
3209,129711.9681,128923.1420,788.8261,0.0000,4.43627,32505.2
3210,129711.9681,128923.1420,788.8261,0.0185,4.46812,32515.5
3211,129711.9681,128923.1420,788.8261,0.0000,4.46812,32525.7
3212,129711.9681,128923.1420,788.8261,0.0000,4.46812,32536.0
3213,129711.9681,128923.1420,788.8261,0.0000,4.46812,32546.3
3214,129711.9681,128923.1420,788.8261,0.0000,4.46812,32556.7
3215,129711.9681,128923.1420,788.8261,0.0000,4.46812,32567.3
3216,129711.9681,128923.1420,788.8261,0.0000,4.46812,32577.9
3217,129711.9681,128923.1420,788.8261,0.0000,4.46812,32588.5
3218,129711.9681,128923.1420,788.8261,0.0370,4.52641,32598.9
3219,129711.9681,128923.1420,788.8261,0.0000,4.52641,32609.4
3220,129711.9681,128923.1420,788.8261,0.0185,4.53982,32619.9
3221,129711.9681,128923.1420,788.8261,0.0185,4.49379,32630.3
3222,129711.9681,128923.1420,788.8261,0.0000,4.49379,32640.7
3223,129711.9681,128923.1420,788.8261,0.0000,4.49379,32651.1
3224,129711.9681,128923.1420,788.8261,0.0000,4.49379,32661.2
3225,129711.9681,128923.1420,788.8261,0.0000,4.49379,32671.3
3226,129711.9681,128923.1420,788.8261,0.0000,4.49379,32681.6
3227,129711.9681,128923.1420,788.8261,0.0000,4.49379,32691.8
3228,129711.9681,128923.1420,788.8261,0.0000,4.49379,32702.1
3229,129711.9681,128923.1420,788.8261,0.0000,4.49379,32712.7
3230,129711.9681,128923.1420,788.8261,0.0000,4.49379,32722.9
3231,129711.9681,128923.1420,788.8261,0.0000,4.49379,32732.8
3232,129711.9681,128923.1420,788.8261,0.0185,4.49516,32743.0
3233,129711.9681,128923.1420,788.8261,0.0000,4.49516,32753.0
3234,129711.9681,128923.1420,788.8261,0.0000,4.49516,32763.3
3235,129711.9681,128923.1420,788.8261,0.0000,4.49516,32773.4
3236,129711.9681,128923.1420,788.8261,0.0000,4.49516,32783.6
3237,129711.9681,128923.1420,788.8261,0.0000,4.49516,32793.6
3238,129711.9681,128923.1420,788.8261,0.0000,4.49516,32804.0
3239,129711.9681,128923.1420,788.8261,0.0000,4.49516,32814.7
3240,129711.9681,128923.1420,788.8261,0.0000,4.49516,32825.6
3241,129711.9681,128923.1420,788.8261,0.0185,4.48617,32835.9
3242,129711.9681,128923.1420,788.8261,0.0000,4.48617,32846.0
3243,129711.9681,128923.4716,788.4965,0.0185,4.49455,32856.0
3244,129711.9681,128923.4716,788.4965,0.0000,4.49455,32866.1
3245,129711.9681,128923.4716,788.4965,0.0000,4.49455,32876.7
3246,129711.9681,128923.4716,788.4965,0.0000,4.49455,32886.9
3247,129711.9681,128923.4716,788.4965,0.0000,4.49455,32897.6
3248,129711.9681,128923.4716,788.4965,0.0000,4.49455,32907.8
3249,129711.9681,128923.4716,788.4965,0.0000,4.49455,32918.2
3250,129711.9681,128923.4716,788.4965,0.0185,4.50055,32928.4
3251,129711.9681,128923.4716,788.4965,0.0185,4.4942,32938.4
3252,129711.9681,128923.4716,788.4965,0.0000,4.4942,32949.1
3253,129711.9681,128923.4716,788.4965,0.0000,4.4942,32959.2
3254,129711.9681,128923.4716,788.4965,0.0185,4.4637,32969.1
3255,129711.9681,128923.4716,788.4965,0.0000,4.4637,32979.5
3256,129711.9681,128923.4716,788.4965,0.0000,4.4637,32989.9
3257,129711.9681,128923.4716,788.4965,0.0000,4.4637,33000.0
3258,129711.9681,128923.4716,788.4965,0.0000,4.4637,33010.0
3259,129711.9681,128923.4716,788.4965,0.0000,4.4637,33020.3
3260,129711.9681,128923.4716,788.4965,0.0000,4.4637,33030.8
3261,129711.9681,128923.4716,788.4965,0.0185,4.47428,33040.9
3262,129711.9681,128923.4716,788.4965,0.0000,4.47428,33051.2
3263,129711.9681,128923.4716,788.4965,0.0000,4.47428,33061.6
3264,129711.9681,128923.4716,788.4965,0.0000,4.47428,33071.8
3265,129711.9681,128923.4716,788.4965,0.0000,4.47428,33082.3
3266,129711.9681,128923.4716,788.4965,0.0000,4.47428,33092.5
3267,129711.9681,128923.4716,788.4965,0.0000,4.47428,33103.0
3268,129711.9681,128923.4716,788.4965,0.0000,4.47428,33113.5
3269,129711.9681,128923.4716,788.4965,0.0185,4.48566,33123.9
3270,129711.9681,128923.4716,788.4965,0.0000,4.48566,33133.8
3271,129711.9681,128923.4716,788.4965,0.0000,4.48566,33143.7
3272,129711.9681,128923.4716,788.4965,0.0000,4.48566,33154.2
3273,129711.9681,128923.4716,788.4965,0.0000,4.48566,33164.6
3274,129711.9681,128923.4716,788.4965,0.0000,4.48566,33174.7
3275,129711.9681,128923.4716,788.4965,0.0185,4.47983,33184.9
3276,129711.9681,128926.1965,785.7715,0.0185,4.47064,33195.1
3277,129711.9681,128926.1965,785.7715,0.0000,4.47064,33205.5
3278,129711.9681,128926.1965,785.7715,0.0000,4.47064,33215.7
3279,129711.9681,128926.1965,785.7715,0.0000,4.47064,33226.0
3280,129711.9681,128926.1965,785.7715,0.0000,4.47064,33236.6
3281,129711.9681,128926.1965,785.7715,0.0000,4.47064,33247.2
3282,129711.9681,128926.1965,785.7715,0.0000,4.47064,33257.8
3283,129711.9681,128926.1965,785.7715,0.0000,4.47064,33268.2
3284,129711.9681,128926.1965,785.7715,0.0000,4.47064,33278.3
3285,129711.9681,128926.1965,785.7715,0.0000,4.47064,33288.7
3286,129711.9681,128926.1965,785.7715,0.0000,4.47064,33299.2
3287,129711.9681,128926.1965,785.7715,0.0000,4.47064,33309.7
3288,129711.9681,128926.1965,785.7715,0.0185,4.45897,33320.0
3289,129711.9681,128926.1965,785.7715,0.0000,4.45897,33330.1
3290,129711.9681,128926.1965,785.7715,0.0185,4.49032,33340.6
3291,129711.9681,128926.1965,785.7715,0.0370,4.52845,33350.6
3292,129711.9681,128926.1965,785.7715,0.0000,4.52845,33360.7
3293,129711.9681,128926.1965,785.7715,0.0000,4.52845,33370.9
3294,129711.9681,128926.1965,785.7715,0.0000,4.52845,33381.5
3295,129711.9681,128926.1965,785.7715,0.0000,4.52845,33391.7
3296,129711.9681,128926.1965,785.7715,0.0000,4.52845,33401.8
3297,129711.9681,128926.1965,785.7715,0.0000,4.52845,33412.2
3298,129711.9681,128926.1965,785.7715,0.0000,4.52845,33422.6
3299,129711.9681,128926.1965,785.7715,0.0000,4.52845,33432.8
3300,129711.9681,128926.1965,785.7715,0.0000,4.52845,33442.9
3301,129711.9681,128926.1965,785.7715,0.0000,4.52845,33453.0
3302,129711.9681,128926.1965,785.7715,0.0000,4.52845,33463.4
3303,129711.9681,128926.1965,785.7715,0.0000,4.52845,33473.8
3304,129711.9681,128926.1965,785.7715,0.0000,4.52845,33484.0
3305,129711.9681,128926.1965,785.7715,0.0185,4.50536,33493.8
3306,129711.9681,128926.1965,785.7715,0.0000,4.50536,33503.8
3307,129711.9681,128926.1965,785.7715,0.0000,4.50536,33514.1
3308,129711.9681,128926.1965,785.7715,0.0000,4.50536,33524.7
3309,129711.9681,128926.1965,785.7715,0.0000,4.50536,33535.1
3310,129711.9681,128926.1965,785.7715,0.0000,4.50536,33544.9
3311,129711.9681,128926.1965,785.7715,0.0000,4.50536,33555.2
3312,129711.9681,128926.1965,785.7715,0.0185,4.52715,33565.5
3313,129711.9681,128926.1965,785.7715,0.0000,4.52715,33576.1
3314,129711.9681,128926.1965,785.7715,0.0000,4.52715,33586.5
3315,129711.9681,128926.1965,785.7715,0.0000,4.52715,33596.9
3316,129711.9681,128926.1965,785.7715,0.0000,4.52715,33607.0
3317,129711.9681,128926.1965,785.7715,0.0000,4.52715,33617.4
3318,129711.9681,128926.1965,785.7715,0.0000,4.52715,33627.5
3319,129711.9681,128926.1965,785.7715,0.0000,4.52715,33637.6
3320,129711.9681,128926.1965,785.7715,0.0000,4.52715,33647.8
3321,129711.9681,128926.1965,785.7715,0.0000,4.52715,33657.9
3322,129711.9681,128926.1965,785.7715,0.0000,4.52715,33668.2
3323,129711.9681,128926.1965,785.7715,0.0000,4.52715,33678.3
3324,129711.9681,128926.1965,785.7715,0.0370,4.56339,33689.2
3325,129711.9681,128926.1965,785.7715,0.0000,4.56339,33699.4
3326,129711.9681,128926.1965,785.7715,0.0000,4.56339,33710.0
3327,129711.9681,128926.1965,785.7715,0.0000,4.56339,33720.6
3328,129711.9681,128926.1965,785.7715,0.0000,4.56339,33730.9
3329,129711.9681,128926.1965,785.7715,0.0000,4.56339,33741.2
3330,129711.9681,128926.1965,785.7715,0.0000,4.56339,33751.3
3331,129711.9681,128926.1965,785.7715,0.0000,4.56339,33761.6
3332,129711.9681,128926.1965,785.7715,0.0000,4.56339,33772.0
3333,129711.9681,128926.1965,785.7715,0.0185,4.55351,33782.1
3334,129711.9681,128926.1965,785.7715,0.0000,4.55351,33792.9
3335,129711.9681,128926.1965,785.7715,0.0000,4.55351,33803.1
3336,129711.9681,128926.1965,785.7715,0.0000,4.55351,33813.3
3337,129711.9681,128926.1965,785.7715,0.0000,4.55351,33823.7
3338,129711.9681,128926.1965,785.7715,0.0000,4.55351,33833.8
3339,129711.9681,128926.1965,785.7715,0.0000,4.55351,33844.0
3340,129711.9681,128926.1965,785.7715,0.0000,4.55351,33854.5
3341,129711.9681,128926.1965,785.7715,0.0000,4.55351,33865.0
3342,129711.9681,128926.1965,785.7715,0.0000,4.55351,33875.0
3343,129711.9681,128926.1965,785.7715,0.0000,4.55351,33885.3
3344,129711.9681,128926.1965,785.7715,0.0000,4.55351,33895.3
3345,129711.9681,128926.1965,785.7715,0.0000,4.55351,33905.7
3346,129711.9681,128926.1965,785.7715,0.0000,4.55351,33915.8
3347,129711.9681,128926.1965,785.7715,0.0000,4.55351,33926.1
3348,129711.9681,128926.1965,785.7715,0.0000,4.55351,33936.6
3349,129711.9681,128926.1965,785.7715,0.0000,4.55351,33947.0
3350,129711.9681,128926.1965,785.7715,0.0000,4.55351,33957.6
3351,129711.9681,128926.1965,785.7715,0.0000,4.55351,33967.9
3352,129711.9681,128946.4169,765.5512,0.0185,4.55012,33978.0
3353,129711.9681,128946.4169,765.5512,0.0000,4.55012,33988.5
3354,129711.9681,128946.4169,765.5512,0.0000,4.55012,33998.6
3355,129711.9681,128946.4169,765.5512,0.0000,4.55012,34009.1
3356,129711.9681,128946.4169,765.5512,0.0000,4.55012,34019.3
3357,129711.9681,128946.4169,765.5512,0.0000,4.55012,34029.9
3358,129711.9681,128946.4169,765.5512,0.0000,4.55012,34040.0
3359,129711.9681,128946.4169,765.5512,0.0000,4.55012,34050.6
3360,129711.9681,128946.4169,765.5512,0.0000,4.55012,34060.8
3361,129711.9681,128946.4169,765.5512,0.0000,4.55012,34070.9
3362,129711.9681,128946.4169,765.5512,0.0000,4.55012,34081.2
3363,129711.9681,128946.4169,765.5512,0.0000,4.55012,34091.5
3364,129711.9681,128946.4169,765.5512,0.0000,4.55012,34102.1
3365,129711.9681,128946.4169,765.5512,0.0000,4.55012,34112.6
3366,129711.9681,128946.4169,765.5512,0.0000,4.55012,34123.3
3367,129711.9681,128946.4169,765.5512,0.0000,4.55012,34133.9
3368,129711.9681,128946.4169,765.5512,0.0000,4.55012,34144.1
3369,129711.9681,128946.4169,765.5512,0.0000,4.55012,34154.7
3370,129711.9681,128946.4169,765.5512,0.0000,4.55012,34165.1
3371,129711.9681,128946.4169,765.5512,0.0000,4.55012,34175.8
3372,129711.9681,128946.4169,765.5512,0.0000,4.55012,34185.9
3373,129711.9681,128946.4169,765.5512,0.0000,4.55012,34196.3
3374,129711.9681,128946.4169,765.5512,0.0000,4.55012,34206.6
3375,129711.9681,128946.4169,765.5512,0.0000,4.55012,34216.6
3376,129711.9681,128946.4169,765.5512,0.0000,4.55012,34227.0
3377,129711.9681,128946.4169,765.5512,0.0000,4.55012,34237.3
3378,129711.9681,128946.4169,765.5512,0.0000,4.55012,34247.9
3379,129711.9681,128946.4169,765.5512,0.0000,4.55012,34258.1
3380,129711.9681,128946.4169,765.5512,0.0000,4.55012,34268.4
3381,129711.9681,128946.4169,765.5512,0.0000,4.55012,34278.8
3382,129711.9681,128946.4169,765.5512,0.0000,4.55012,34288.9
3383,129711.9681,128946.4169,765.5512,0.0000,4.55012,34299.1
3384,129711.9681,128946.4169,765.5512,0.0000,4.55012,34309.2
3385,129711.9681,128946.4169,765.5512,0.0000,4.55012,34319.6
3386,129711.9681,128946.4169,765.5512,0.0000,4.55012,34329.9
3387,129711.9681,128946.4169,765.5512,0.0000,4.55012,34340.0
3388,129711.9681,128946.4169,765.5512,0.0000,4.55012,34350.1
3389,129711.9681,128946.4169,765.5512,0.0000,4.55012,34360.2
3390,129711.9681,128946.4169,765.5512,0.0000,4.55012,34370.5
3391,129711.9681,128946.4169,765.5512,0.0000,4.55012,34380.6
3392,129711.9681,128946.4169,765.5512,0.0000,4.55012,34390.7
3393,129711.9681,128946.4169,765.5512,0.0000,4.55012,34400.8
3394,129711.9681,128946.4169,765.5512,0.0000,4.55012,34411.7
3395,129711.9681,128946.4169,765.5512,0.0000,4.55012,34422.0
3396,129711.9681,128946.4169,765.5512,0.0000,4.55012,34432.5
3397,129711.9681,128946.4169,765.5512,0.0000,4.55012,34442.7
3398,129711.9681,128946.4169,765.5512,0.0000,4.55012,34453.0
3399,129711.9681,128946.4169,765.5512,0.0000,4.55012,34463.1
3400,129711.9681,128957.3067,754.6613,0.0185,4.52147,34473.3
3401,129711.9681,128957.3067,754.6613,0.0000,4.52147,34483.5
3402,129711.9681,128957.3067,754.6613,0.0000,4.52147,34493.6
3403,129711.9681,128957.3067,754.6613,0.0000,4.52147,34503.6
3404,129711.9681,128957.3067,754.6613,0.0000,4.52147,34514.0
3405,129711.9681,128957.3067,754.6613,0.0000,4.52147,34525.2
3406,129711.9681,128957.3067,754.6613,0.0000,4.52147,34535.7
3407,129711.9681,128957.3067,754.6613,0.0000,4.52147,34546.1
3408,129711.9681,128957.3067,754.6613,0.0185,4.53202,34556.4
3409,129711.9681,128957.3067,754.6613,0.0000,4.53202,34566.5
3410,129711.9681,128957.3067,754.6613,0.0185,4.53314,34577.1
3411,129711.9681,128957.3067,754.6613,0.0000,4.53314,34587.5
3412,129711.9681,128957.3067,754.6613,0.0000,4.53314,34597.6
3413,129711.9681,128957.3067,754.6613,0.0000,4.53314,34608.0
3414,129711.9681,128957.3067,754.6613,0.0000,4.53314,34618.1
3415,129711.9681,128957.3067,754.6613,0.0000,4.53314,34628.4
3416,129711.9681,128957.3067,754.6613,0.0000,4.53314,34638.3
3417,129711.9681,128957.3067,754.6613,0.0000,4.53314,34648.6
3418,129711.9681,128957.3067,754.6613,0.0000,4.53314,34658.9
3419,129711.9681,128957.3067,754.6613,0.0000,4.53314,34669.2
3420,129711.9681,128957.3067,754.6613,0.0000,4.53314,34679.7
3421,129711.9681,128957.3067,754.6613,0.0000,4.53314,34689.9
3422,129711.9681,128957.3067,754.6613,0.0000,4.53314,34700.2
3423,129711.9681,128957.3067,754.6613,0.0000,4.53314,34710.8
3424,129711.9681,128957.3067,754.6613,0.0000,4.53314,34721.1
3425,129711.9681,128957.3067,754.6613,0.0000,4.53314,34731.5
3426,129711.9681,128957.3067,754.6613,0.0000,4.53314,34741.9
3427,129711.9681,128957.3067,754.6613,0.0000,4.53314,34752.3
3428,129711.9681,128957.3067,754.6613,0.0000,4.53314,34762.7
3429,129711.9681,128957.3067,754.6613,0.0000,4.53314,34773.1
3430,129711.9681,128957.3067,754.6613,0.0000,4.53314,34783.0
3431,129711.9681,128957.3067,754.6613,0.0000,4.53314,34793.1
3432,129711.9681,128957.3067,754.6613,0.0000,4.53314,34803.5
3433,129711.9681,128957.3067,754.6613,0.0000,4.53314,34813.8
3434,129711.9681,128957.3067,754.6613,0.0000,4.53314,34824.5
3435,129711.9681,128957.3067,754.6613,0.0000,4.53314,34834.9
3436,129711.9681,128957.3067,754.6613,0.0000,4.53314,34845.1
3437,129711.9681,128957.3067,754.6613,0.0000,4.53314,34855.3
3438,129711.9681,128957.3067,754.6613,0.0000,4.53314,34865.7
3439,129711.9681,128957.3067,754.6613,0.0000,4.53314,34876.0
3440,129711.9681,128957.3067,754.6613,0.0000,4.53314,34886.1
3441,129711.9681,128957.3067,754.6613,0.0000,4.53314,34896.5
3442,129711.9681,128957.3067,754.6613,0.0000,4.53314,34906.9
3443,129711.9681,128957.3067,754.6613,0.0185,4.50512,34917.1
3444,129711.9681,128957.3067,754.6613,0.0000,4.50512,34927.5
3445,129711.9681,128957.3067,754.6613,0.0000,4.50512,34937.7
3446,129711.9681,128957.3067,754.6613,0.0185,4.54404,34948.0
3447,129711.9681,128957.3067,754.6613,0.0000,4.54404,34958.4
3448,129711.9681,128957.3067,754.6613,0.0000,4.54404,34968.5
3449,129711.9681,128957.3067,754.6613,0.0185,4.54506,34979.0
3450,129711.9681,128957.3067,754.6613,0.0000,4.54506,34989.1
3451,129711.9681,128957.3067,754.6613,0.0000,4.54506,34999.3
3452,129711.9681,128957.3067,754.6613,0.0000,4.54506,35009.6
3453,129711.9681,128957.3067,754.6613,0.0000,4.54506,35020.1
3454,129711.9681,128957.3067,754.6613,0.0185,4.53995,35030.4
3455,129711.9681,128957.3067,754.6613,0.0000,4.53995,35040.8
3456,129711.9681,128957.3067,754.6613,0.0000,4.53995,35051.2
3457,129711.9681,128957.3067,754.6613,0.0000,4.53995,35061.8
3458,129711.9681,128957.3067,754.6613,0.0000,4.53995,35071.6
3459,129711.9681,128957.3067,754.6613,0.0000,4.53995,35082.3
3460,129711.9681,128957.3067,754.6613,0.0000,4.53995,35092.7
3461,129711.9681,128957.3067,754.6613,0.0185,4.54033,35102.9
3462,129711.9681,128957.3067,754.6613,0.0000,4.54033,35113.8
3463,129711.9681,128957.3067,754.6613,0.0000,4.54033,35123.8
3464,129711.9681,128957.3067,754.6613,0.0000,4.54033,35134.2
3465,129711.9681,128957.3067,754.6613,0.0000,4.54033,35144.5
3466,129711.9681,128957.3067,754.6613,0.0000,4.54033,35154.7
3467,129711.9681,128957.3067,754.6613,0.0000,4.54033,35165.2
3468,129711.9681,128957.3067,754.6613,0.0000,4.54033,35175.6
3469,129711.9681,128957.3067,754.6613,0.0000,4.54033,35186.0
3470,129711.9681,128957.3067,754.6613,0.0000,4.54033,35196.5
3471,129711.9681,128957.3067,754.6613,0.0000,4.54033,35206.7
3472,129711.9681,128957.3067,754.6613,0.0000,4.54033,35216.8
3473,129711.9681,128957.3067,754.6613,0.0000,4.54033,35227.2
3474,129711.9681,128957.3067,754.6613,0.0000,4.54033,35237.6
3475,129711.9681,128957.3067,754.6613,0.0000,4.54033,35248.1
3476,129711.9681,128957.3067,754.6613,0.0000,4.54033,35258.5
3477,129711.9681,128957.3067,754.6613,0.0000,4.54033,35268.7
3478,129711.9681,128957.3067,754.6613,0.0000,4.54033,35279.0
3479,129711.9681,128957.3067,754.6613,0.0000,4.54033,35289.3
3480,129711.9681,128957.3067,754.6613,0.0000,4.54033,35299.6
3481,129711.9681,128957.3067,754.6613,0.0000,4.54033,35310.2
3482,129711.9681,128957.3067,754.6613,0.0000,4.54033,35320.3
3483,129711.9681,128957.3067,754.6613,0.0000,4.54033,35330.4
3484,129711.9681,128957.3067,754.6613,0.0000,4.54033,35340.8
3485,129711.9681,128957.3067,754.6613,0.0000,4.54033,35351.9
3486,129711.9681,128957.3067,754.6613,0.0185,4.56009,35362.0
3487,129711.9681,128957.3067,754.6613,0.0000,4.56009,35372.3
3488,129711.9681,128957.3067,754.6613,0.0000,4.56009,35382.5
3489,129711.9681,128957.3067,754.6613,0.0000,4.56009,35392.5
3490,129711.9681,128957.3067,754.6613,0.0000,4.56009,35402.6
3491,129711.9681,128957.3067,754.6613,0.0000,4.56009,35412.9
3492,129711.9681,128957.3067,754.6613,0.0185,4.56489,35423.5
3493,129711.9681,128957.3067,754.6613,0.0000,4.56489,35434.2
3494,129711.9681,128957.3067,754.6613,0.0000,4.56489,35444.4
3495,129711.9681,128957.3067,754.6613,0.0000,4.56489,35454.3
3496,129711.9681,128957.3067,754.6613,0.0000,4.56489,35464.7
3497,129711.9681,128957.3067,754.6613,0.0185,4.5705,35475.2
3498,129711.9681,128957.3067,754.6613,0.0000,4.5705,35485.7
3499,129711.9681,128957.3067,754.6613,0.0000,4.5705,35496.1
3500,129711.9681,128957.3067,754.6613,0.0185,4.59064,35506.3
3501,129711.9681,128957.3067,754.6613,0.0000,4.59064,35516.6
3502,129711.9681,128957.3067,754.6613,0.0000,4.59064,35527.3
3503,129711.9681,128957.3067,754.6613,0.0000,4.59064,35537.7
3504,129711.9681,128957.3067,754.6613,0.0000,4.59064,35548.1
3505,129711.9681,128957.3067,754.6613,0.0000,4.59064,35558.6
3506,129711.9681,128957.3067,754.6613,0.0000,4.59064,35568.7
3507,129711.9681,128957.3067,754.6613,0.0000,4.59064,35579.0
3508,129711.9681,128957.3067,754.6613,0.0000,4.59064,35589.8
3509,129711.9681,128957.3067,754.6613,0.0000,4.59064,35600.0
3510,129711.9681,128957.3067,754.6613,0.0000,4.59064,35610.3
3511,129711.9681,128957.3067,754.6613,0.0000,4.59064,35620.8
3512,129711.9681,128957.3067,754.6613,0.0000,4.59064,35631.5
3513,129711.9681,128957.3067,754.6613,0.0000,4.59064,35642.4
3514,129711.9681,128957.3067,754.6613,0.0000,4.59064,35652.6
3515,129711.9681,128957.3067,754.6613,0.0185,4.58867,35662.7
3516,129711.9681,128957.3067,754.6613,0.0000,4.58867,35673.2
3517,129711.9681,128957.3067,754.6613,0.0000,4.58867,35683.8
3518,129711.9681,128957.3067,754.6613,0.0000,4.58867,35694.4
3519,129711.9681,128957.3067,754.6613,0.0000,4.58867,35705.1
3520,129711.9681,128957.3067,754.6613,0.0000,4.58867,35715.5
3521,129711.9681,128957.3067,754.6613,0.0000,4.58867,35725.8
3522,129711.9681,128957.3067,754.6613,0.0185,4.6068,35736.1
3523,129711.9681,128957.3067,754.6613,0.0000,4.6068,35746.7
3524,129711.9681,128957.3067,754.6613,0.0000,4.6068,35757.0
3525,129711.9681,128957.3067,754.6613,0.0000,4.6068,35767.4
3526,129711.9681,128957.3067,754.6613,0.0000,4.6068,35777.5
3527,129711.9681,128957.3067,754.6613,0.0000,4.6068,35787.7
3528,129711.9681,128957.3067,754.6613,0.0000,4.6068,35797.9
3529,129711.9681,128957.3067,754.6613,0.0000,4.6068,35808.2
3530,129711.9681,128957.3067,754.6613,0.0000,4.6068,35818.6
3531,129711.9681,128957.3067,754.6613,0.0000,4.6068,35828.5
3532,129711.9681,128957.3067,754.6613,0.0000,4.6068,35839.0
3533,129711.9681,128957.3067,754.6613,0.0000,4.6068,35849.8
3534,129711.9681,128957.3067,754.6613,0.0000,4.6068,35860.4
3535,129711.9681,128957.3067,754.6613,0.0000,4.6068,35870.6
3536,129711.9681,128957.3067,754.6613,0.0000,4.6068,35880.9
3537,129711.9681,128957.3067,754.6613,0.0000,4.6068,35891.2
3538,129711.9681,128957.3067,754.6613,0.0000,4.6068,35901.7
3539,129711.9681,128957.3067,754.6613,0.0000,4.6068,35912.0
3540,129711.9681,128957.3067,754.6613,0.0000,4.6068,35922.4
3541,129711.9681,128957.3067,754.6613,0.0000,4.6068,35932.8
3542,129711.9681,128957.3067,754.6613,0.0000,4.6068,35943.0
3543,129711.9681,128957.3067,754.6613,0.0000,4.6068,35953.7
3544,129711.9681,128957.3067,754.6613,0.0185,4.61017,35964.0
3545,129711.9681,128957.3067,754.6613,0.0000,4.61017,35974.4
3546,129711.9681,128957.3067,754.6613,0.0000,4.61017,35984.6
3547,129711.9681,128957.3067,754.6613,0.0000,4.61017,35994.8
3548,129711.9681,128957.3067,754.6613,0.0185,4.60218,36005.1
3549,129711.9681,128957.3067,754.6613,0.0000,4.60218,36015.5
3550,129711.9681,128957.3067,754.6613,0.0000,4.60218,36025.7
3551,129711.9681,128957.3067,754.6613,0.0000,4.60218,36036.0
3552,129711.9681,128957.3067,754.6613,0.0000,4.60218,36046.2
3553,129711.9681,128957.3067,754.6613,0.0000,4.60218,36056.3
3554,129711.9681,128957.3067,754.6613,0.0185,4.61472,36066.5
3555,129711.9681,128957.3067,754.6613,0.0000,4.61472,36076.8
3556,129711.9681,128957.3067,754.6613,0.0000,4.61472,36087.3
3557,129711.9681,128957.3067,754.6613,0.0000,4.61472,36097.6
3558,129711.9681,128957.3067,754.6613,0.0000,4.61472,36108.0
3559,129711.9681,128957.3067,754.6613,0.0185,4.61584,36118.6
3560,129711.9681,128957.3067,754.6613,0.0000,4.61584,36128.9
3561,129711.9681,128957.3067,754.6613,0.0000,4.61584,36139.7
3562,129711.9681,128957.3067,754.6613,0.0185,4.61791,36150.1
3563,129711.9681,128957.3067,754.6613,0.0000,4.61791,36160.4
3564,129711.9681,128957.3067,754.6613,0.0000,4.61791,36170.8
3565,129711.9681,128957.3156,754.6525,0.0185,4.61789,36181.1
3566,129711.9681,128957.3156,754.6525,0.0000,4.61789,36191.7
3567,129711.9681,128957.3156,754.6525,0.0000,4.61789,36202.0
3568,129711.9681,128957.3156,754.6525,0.0000,4.61789,36212.2
3569,129711.9681,128957.3156,754.6525,0.0000,4.61789,36222.4
3570,129711.9681,128957.3156,754.6525,0.0000,4.61789,36232.6
3571,129711.9681,128957.3156,754.6525,0.0000,4.61789,36243.4
3572,129711.9681,128957.3156,754.6525,0.0000,4.61789,36253.8
3573,129711.9681,128957.3156,754.6525,0.0185,4.65422,36264.1
3574,129711.9681,128957.3156,754.6525,0.0000,4.65422,36274.3
3575,129711.9681,128957.3156,754.6525,0.0000,4.65422,36284.6
3576,129711.9681,128957.3156,754.6525,0.0000,4.65422,36295.0
3577,129711.9681,128957.3156,754.6525,0.0000,4.65422,36305.2
3578,129711.9681,128957.3156,754.6525,0.0370,4.66721,36315.6
3579,129711.9681,128957.3156,754.6525,0.0000,4.66721,36325.5
3580,129711.9681,128964.4302,747.5379,0.0185,4.67547,36336.2
3581,129711.9681,128964.4302,747.5379,0.0000,4.67547,36346.3
3582,129711.9681,128964.4302,747.5379,0.0000,4.67547,36356.9
3583,129711.9681,128964.4302,747.5379,0.0000,4.67547,36367.1
3584,129711.9681,128964.4302,747.5379,0.0000,4.67547,36377.5
3585,129711.9681,128964.4302,747.5379,0.0185,4.68444,36387.8
3586,129711.9681,128964.4302,747.5379,0.0000,4.68444,36398.3
3587,129711.9681,128964.4302,747.5379,0.0000,4.68444,36408.7
3588,129711.9681,128964.4302,747.5379,0.0000,4.68444,36419.2
3589,129711.9681,128964.4302,747.5379,0.0000,4.68444,36429.4
3590,129711.9681,128964.4302,747.5379,0.0000,4.68444,36439.6
3591,129711.9681,128964.4302,747.5379,0.0000,4.68444,36449.8
3592,129711.9681,128964.4302,747.5379,0.0000,4.68444,36460.0
3593,129711.9681,128964.4302,747.5379,0.0000,4.68444,36470.4
3594,129711.9681,128964.4302,747.5379,0.0000,4.68444,36480.6
3595,129711.9681,128964.4302,747.5379,0.0000,4.68444,36490.7
3596,129711.9681,128964.4302,747.5379,0.0000,4.68444,36501.5
3597,129711.9681,128964.4302,747.5379,0.0000,4.68444,36511.8
3598,129711.9681,128964.4302,747.5379,0.0000,4.68444,36522.4
3599,129711.9681,128964.4302,747.5379,0.0000,4.68444,36532.4
3600,129711.9681,128964.4302,747.5379,0.0000,4.68444,36542.8
3601,129711.9681,128964.4302,747.5379,0.0000,4.68444,36553.0
3602,129711.9681,128964.4302,747.5379,0.0185,4.67703,36563.3
3603,129711.9681,128964.4302,747.5379,0.0000,4.67703,36573.6
3604,129711.9681,128992.4713,719.4968,0.0185,4.66996,36583.9
3605,129711.9681,128992.4713,719.4968,0.0000,4.66996,36593.9
3606,129711.9681,128992.4713,719.4968,0.0000,4.66996,36604.3
3607,129711.9681,128992.4713,719.4968,0.0000,4.66996,36614.6
3608,129711.9681,128992.4713,719.4968,0.0000,4.66996,36624.9
3609,129711.9681,128992.4713,719.4968,0.0000,4.66996,36635.2
3610,129711.9681,128992.4713,719.4968,0.0000,4.66996,36645.8
3611,129711.9681,128992.4713,719.4968,0.0000,4.66996,36656.7
3612,129711.9681,128992.4713,719.4968,0.0000,4.66996,36667.2
3613,129711.9681,128992.4713,719.4968,0.0000,4.66996,36677.7
3614,129711.9681,128992.4713,719.4968,0.0000,4.66996,36688.2
3615,129711.9681,128992.4713,719.4968,0.0000,4.66996,36698.6
3616,129711.9681,128992.4713,719.4968,0.0370,4.65057,36709.1
3617,129711.9681,128992.4713,719.4968,0.0000,4.65057,36719.6
3618,129711.9681,128992.4713,719.4968,0.0000,4.65057,36730.2
3619,129711.9681,128992.4713,719.4968,0.0000,4.65057,36740.6
3620,129711.9681,128992.4713,719.4968,0.0000,4.65057,36751.1
3621,129711.9681,128992.4713,719.4968,0.0000,4.65057,36761.3
3622,129711.9681,128992.4713,719.4968,0.0000,4.65057,36771.7
3623,129711.9681,128992.4713,719.4968,0.0000,4.65057,36781.7
3624,129711.9681,128992.4713,719.4968,0.0000,4.65057,36792.0
3625,129711.9681,128992.4713,719.4968,0.0185,4.65409,36802.6
3626,129711.9681,128992.4713,719.4968,0.0000,4.65409,36812.9
3627,129711.9681,128992.4713,719.4968,0.0000,4.65409,36824.0
3628,129711.9681,128992.4713,719.4968,0.0000,4.65409,36834.1
3629,129711.9681,128992.4713,719.4968,0.0000,4.65409,36844.3
3630,129711.9681,128992.4713,719.4968,0.0000,4.65409,36854.9
3631,129711.9681,128992.4713,719.4968,0.0000,4.65409,36865.6
3632,129711.9681,128992.4713,719.4968,0.0000,4.65409,36875.9
3633,129711.9681,128992.4713,719.4968,0.0000,4.65409,36886.2
3634,129711.9681,128992.4713,719.4968,0.0000,4.65409,36896.8
3635,129711.9681,128992.4713,719.4968,0.0185,4.66086,36907.5
3636,129711.9681,128992.4713,719.4968,0.0000,4.66086,36918.1
3637,129711.9681,128992.4713,719.4968,0.0000,4.66086,36928.8
3638,129711.9681,128992.4713,719.4968,0.0000,4.66086,36939.3
3639,129711.9681,128992.4713,719.4968,0.0185,4.65547,36949.6
3640,129711.9681,128992.4713,719.4968,0.0000,4.65547,36959.9
3641,129711.9681,128992.4713,719.4968,0.0000,4.65547,36970.6
3642,129711.9681,128992.4713,719.4968,0.0185,4.65949,36980.9
3643,129711.9681,128992.4713,719.4968,0.0000,4.65949,36991.5
3644,129711.9681,128992.4713,719.4968,0.0000,4.65949,37002.4
3645,129711.9681,128992.4713,719.4968,0.0000,4.65949,37012.7
3646,129711.9681,128992.4713,719.4968,0.0000,4.65949,37022.9
3647,129711.9681,128992.4713,719.4968,0.0000,4.65949,37033.3
3648,129711.9681,128992.4713,719.4968,0.0000,4.65949,37043.6
3649,129711.9681,128992.4713,719.4968,0.0000,4.65949,37054.1
3650,129711.9681,128992.4713,719.4968,0.0000,4.65949,37064.4
3651,129711.9681,128992.4713,719.4968,0.0000,4.65949,37075.1
3652,129711.9681,128992.4713,719.4968,0.0000,4.65949,37085.5
3653,129711.9681,128992.4713,719.4968,0.0000,4.65949,37096.1
3654,129711.9681,128992.4713,719.4968,0.0000,4.65949,37106.5
3655,129711.9681,128992.4713,719.4968,0.0000,4.65949,37116.6
3656,129711.9681,128992.4713,719.4968,0.0000,4.65949,37126.9
3657,129711.9681,128992.4713,719.4968,0.0000,4.65949,37137.4
3658,129711.9681,129004.6279,707.3402,0.0185,4.63808,37148.0
3659,129711.9681,129004.6279,707.3402,0.0000,4.63808,37158.3
3660,129711.9681,129004.6279,707.3402,0.0185,4.639,37168.9
3661,129711.9681,129004.6279,707.3402,0.0000,4.639,37179.0
3662,129711.9681,129004.6279,707.3402,0.0000,4.639,37189.4
3663,129711.9681,129004.6279,707.3402,0.0000,4.639,37200.0
3664,129711.9681,129004.6279,707.3402,0.0000,4.639,37210.2
3665,129711.9681,129004.6279,707.3402,0.0000,4.639,37220.8
3666,129711.9681,129004.6279,707.3402,0.0000,4.639,37231.3
3667,129711.9681,129004.6279,707.3402,0.0000,4.639,37241.6
3668,129711.9681,129004.6279,707.3402,0.0000,4.639,37252.3
3669,129711.9681,129004.6279,707.3402,0.0000,4.639,37263.1
3670,129711.9681,129004.6279,707.3402,0.0185,4.65277,37273.5
3671,129711.9681,129004.6279,707.3402,0.0000,4.65277,37284.3
3672,129711.9681,129004.6279,707.3402,0.0000,4.65277,37294.4
3673,129711.9681,129004.6279,707.3402,0.0000,4.65277,37304.5
3674,129711.9681,129004.6279,707.3402,0.0000,4.65277,37314.8
3675,129711.9681,129004.6279,707.3402,0.0000,4.65277,37325.5
3676,129711.9681,129008.3106,703.6574,0.0185,4.65103,37336.2
3677,129711.9681,129008.3106,703.6574,0.0000,4.65103,37346.7
3678,129711.9681,129008.3106,703.6574,0.0000,4.65103,37357.5
3679,129711.9681,129014.8726,697.0955,0.0185,4.65372,37367.9
3680,129711.9681,129014.8726,697.0955,0.0000,4.65372,37378.0
3681,129711.9681,129014.8726,697.0955,0.0000,4.65372,37388.4
3682,129711.9681,129014.8726,697.0955,0.0185,4.59526,37398.9
3683,129711.9681,129014.8726,697.0955,0.0000,4.59526,37409.4
3684,129711.9681,129014.8726,697.0955,0.0000,4.59526,37419.7
3685,129711.9681,129014.8726,697.0955,0.0000,4.59526,37430.2
3686,129711.9681,129014.8726,697.0955,0.0000,4.59526,37440.4
3687,129711.9681,129014.8726,697.0955,0.0185,4.60524,37450.8
3688,129711.9681,129014.8726,697.0955,0.0185,4.60945,37461.7
3689,129711.9681,129014.8726,697.0955,0.0000,4.60945,37472.2
3690,129711.9681,129014.8726,697.0955,0.0000,4.60945,37482.5
3691,129711.9681,129014.8726,697.0955,0.0000,4.60945,37493.1
3692,129711.9681,129014.8726,697.0955,0.0000,4.60945,37503.6
3693,129711.9681,129014.8726,697.0955,0.0000,4.60945,37513.9
3694,129711.9681,129014.8726,697.0955,0.0000,4.60945,37524.2
3695,129711.9681,129014.8726,697.0955,0.0000,4.60945,37534.6
3696,129711.9681,129014.8726,697.0955,0.0000,4.60945,37545.1
3697,129711.9681,129014.8726,697.0955,0.0000,4.60945,37555.7
3698,129711.9681,129014.8726,697.0955,0.0000,4.60945,37566.0
3699,129711.9681,129014.8726,697.0955,0.0000,4.60945,37576.6
3700,129711.9681,129014.8726,697.0955,0.0000,4.60945,37587.0
3701,129711.9681,129014.8726,697.0955,0.0000,4.60945,37597.8
3702,129711.9681,129014.8726,697.0955,0.0000,4.60945,37608.3
3703,129711.9681,129014.8726,697.0955,0.0185,4.59331,37618.9
3704,129711.9681,129014.8726,697.0955,0.0000,4.59331,37629.1
3705,129711.9681,129014.8726,697.0955,0.0000,4.59331,37639.5
3706,129711.9681,129014.8726,697.0955,0.0000,4.59331,37650.0
3707,129711.9681,129014.8726,697.0955,0.0185,4.60388,37660.1
3708,129711.9681,129014.8726,697.0955,0.0000,4.60388,37670.9
3709,129711.9681,129014.8726,697.0955,0.0000,4.60388,37681.2
3710,129711.9681,129014.8726,697.0955,0.0185,4.631,37691.6
3711,129711.9681,129014.8726,697.0955,0.0185,4.61689,37701.8
3712,129711.9681,129014.8726,697.0955,0.0000,4.61689,37712.5
3713,129711.9681,129014.8726,697.0955,0.0000,4.61689,37723.0
3714,129711.9681,129014.8726,697.0955,0.0000,4.61689,37734.0
3715,129711.9681,129014.8726,697.0955,0.0000,4.61689,37744.5
3716,129711.9681,129014.8726,697.0955,0.0000,4.61689,37754.9
3717,129711.9681,129014.8726,697.0955,0.0000,4.61689,37764.9
3718,129711.9681,129014.8726,697.0955,0.0000,4.61689,37775.1
3719,129711.9681,129014.8726,697.0955,0.0185,4.60765,37785.2
3720,129711.9681,129014.8726,697.0955,0.0000,4.60765,37795.9
3721,129711.9681,129014.8726,697.0955,0.0000,4.60765,37806.2
3722,129711.9681,129014.8726,697.0955,0.0185,4.60256,37816.6
3723,129711.9681,129014.8726,697.0955,0.0000,4.60256,37826.7
3724,129711.9681,129014.8726,697.0955,0.0000,4.60256,37837.0
3725,129711.9681,129014.8726,697.0955,0.0000,4.60256,37847.6
3726,129711.9681,129014.8726,697.0955,0.0000,4.60256,37858.3
3727,129711.9681,129014.8726,697.0955,0.0000,4.60256,37868.8
3728,129711.9681,129014.8726,697.0955,0.0000,4.60256,37879.3
3729,129711.9681,129014.8726,697.0955,0.0000,4.60256,37889.7
3730,129711.9681,129014.8726,697.0955,0.0000,4.60256,37900.2
3731,129711.9681,129014.8726,697.0955,0.0000,4.60256,37910.7
3732,129711.9681,129014.8726,697.0955,0.0000,4.60256,37921.0
3733,129711.9681,129014.8726,697.0955,0.0000,4.60256,37931.6
3734,129711.9681,129014.8726,697.0955,0.0000,4.60256,37941.7
3735,129711.9681,129014.8726,697.0955,0.0000,4.60256,37952.3
3736,129711.9681,129014.8726,697.0955,0.0000,4.60256,37962.6
3737,129711.9681,129014.8726,697.0955,0.0000,4.60256,37972.7
3738,129711.9681,129014.8726,697.0955,0.0000,4.60256,37983.2
3739,129711.9681,129014.8726,697.0955,0.0000,4.60256,37993.7
3740,129711.9681,129014.8726,697.0955,0.0000,4.60256,38004.4
3741,129711.9681,129014.8726,697.0955,0.0000,4.60256,38015.0
3742,129711.9681,129014.8726,697.0955,0.0000,4.60256,38025.7
3743,129711.9681,129014.8726,697.0955,0.0000,4.60256,38036.3
3744,129711.9681,129014.8726,697.0955,0.0000,4.60256,38046.9
3745,129711.9681,129014.8726,697.0955,0.0000,4.60256,38056.9
3746,129711.9681,129014.8726,697.0955,0.0000,4.60256,38067.7
3747,129711.9681,129014.8726,697.0955,0.0000,4.60256,38078.3
3748,129711.9681,129014.8726,697.0955,0.0000,4.60256,38089.0
3749,129711.9681,129014.8726,697.0955,0.0000,4.60256,38099.3
3750,129711.9681,129014.8726,697.0955,0.0000,4.60256,38109.8
3751,129711.9681,129014.8726,697.0955,0.0000,4.60256,38120.1
3752,129711.9681,129014.8726,697.0955,0.0000,4.60256,38130.4
3753,129711.9681,129014.8726,697.0955,0.0000,4.60256,38141.2
3754,129711.9681,129014.8726,697.0955,0.0000,4.60256,38151.2
3755,129711.9681,129014.8726,697.0955,0.0000,4.60256,38161.4
3756,129711.9681,129014.8726,697.0955,0.0000,4.60256,38171.8
3757,129711.9681,129014.8726,697.0955,0.0000,4.60256,38182.4
3758,129711.9681,129025.0156,686.9525,0.0185,4.60339,38192.8
3759,129711.9681,129025.0156,686.9525,0.0000,4.60339,38203.2
3760,129711.9681,129025.0156,686.9525,0.0000,4.60339,38213.7
3761,129711.9681,129025.0156,686.9525,0.0370,4.60992,38224.3
3762,129711.9681,129025.0156,686.9525,0.0000,4.60992,38234.5
3763,129711.9681,129025.0156,686.9525,0.0000,4.60992,38244.8
3764,129711.9681,129025.0156,686.9525,0.0000,4.60992,38255.4
3765,129711.9681,129025.0156,686.9525,0.0000,4.60992,38266.1
3766,129711.9681,129025.0156,686.9525,0.0000,4.60992,38276.3
3767,129711.9681,129025.0156,686.9525,0.0000,4.60992,38286.6
3768,129711.9681,129025.0156,686.9525,0.0000,4.60992,38296.8
3769,129711.9681,129025.0156,686.9525,0.0000,4.60992,38307.2
3770,129711.9681,129025.0156,686.9525,0.0000,4.60992,38317.4
3771,129711.9681,129025.0156,686.9525,0.0185,4.60776,38327.8
3772,129711.9681,129025.0156,686.9525,0.0000,4.60776,38338.1
3773,129711.9681,129025.0156,686.9525,0.0000,4.60776,38348.7
3774,129711.9681,129025.0156,686.9525,0.0000,4.60776,38358.7
3775,129711.9681,129025.0156,686.9525,0.0000,4.60776,38368.8
3776,129711.9681,129025.0156,686.9525,0.0000,4.60776,38379.5
3777,129711.9681,129025.0156,686.9525,0.0000,4.60776,38390.0
3778,129711.9681,129025.0156,686.9525,0.0000,4.60776,38400.3
3779,129711.9681,129025.0156,686.9525,0.0000,4.60776,38410.8
3780,129711.9681,129025.0156,686.9525,0.0185,4.61645,38421.2
3781,129711.9681,129025.0156,686.9525,0.0000,4.61645,38431.9
3782,129711.9681,129025.0156,686.9525,0.0185,4.59105,38442.5
3783,129711.9681,129025.0156,686.9525,0.0000,4.59105,38452.8
3784,129711.9681,129025.0156,686.9525,0.0000,4.59105,38463.1
3785,129711.9681,129025.0156,686.9525,0.0000,4.59105,38473.4
3786,129711.9681,129025.0156,686.9525,0.0000,4.59105,38483.9
3787,129711.9681,129025.0156,686.9525,0.0000,4.59105,38494.4
3788,129711.9681,129025.0156,686.9525,0.0000,4.59105,38504.6
3789,129711.9681,129025.0156,686.9525,0.0185,4.59061,38514.9
3790,129711.9681,129025.0156,686.9525,0.0000,4.59061,38525.1
3791,129711.9681,129025.0156,686.9525,0.0000,4.59061,38535.6
3792,129711.9681,129025.0156,686.9525,0.0000,4.59061,38545.9
3793,129711.9681,129025.0156,686.9525,0.0000,4.59061,38556.2
3794,129711.9681,129025.0156,686.9525,0.0000,4.59061,38566.9
3795,129711.9681,129025.0156,686.9525,0.0000,4.59061,38577.5
3796,129711.9681,129025.0156,686.9525,0.0000,4.59061,38587.9
3797,129711.9681,129025.0156,686.9525,0.0000,4.59061,38598.3
3798,129711.9681,129025.0156,686.9525,0.0000,4.59061,38608.6
3799,129711.9681,129025.0156,686.9525,0.0185,4.55605,38618.8
3800,129711.9681,129025.0156,686.9525,0.0000,4.55605,38629.2
3801,129711.9681,129025.0156,686.9525,0.0000,4.55605,38639.9
3802,129711.9681,129025.0156,686.9525,0.0185,4.54507,38650.2
3803,129711.9681,129025.0156,686.9525,0.0000,4.54507,38660.2
3804,129711.9681,129025.0156,686.9525,0.0000,4.54507,38671.0
3805,129711.9681,129025.0156,686.9525,0.0000,4.54507,38681.5
3806,129711.9681,129025.0156,686.9525,0.0000,4.54507,38692.1
3807,129711.9681,129025.0156,686.9525,0.0185,4.55642,38702.5
3808,129711.9681,129025.0156,686.9525,0.0000,4.55642,38713.1
3809,129711.9681,129025.0156,686.9525,0.0000,4.55642,38723.5
3810,129711.9681,129025.0156,686.9525,0.0000,4.55642,38733.9
3811,129711.9681,129025.0156,686.9525,0.0000,4.55642,38744.3
3812,129711.9681,129025.0156,686.9525,0.0000,4.55642,38755.0
3813,129711.9681,129025.0156,686.9525,0.0000,4.55642,38765.4
3814,129711.9681,129025.0156,686.9525,0.0000,4.55642,38775.6
3815,129711.9681,129025.0156,686.9525,0.0000,4.55642,38785.8
3816,129711.9681,129025.0156,686.9525,0.0000,4.55642,38796.1
3817,129711.9681,129025.0156,686.9525,0.0000,4.55642,38807.0
3818,129711.9681,129025.0156,686.9525,0.0000,4.55642,38817.8
3819,129711.9681,129025.0156,686.9525,0.0185,4.58331,38828.4
3820,129711.9681,129025.0156,686.9525,0.0000,4.58331,38838.5
3821,129711.9681,129025.0156,686.9525,0.0185,4.57597,38849.1
3822,129711.9681,129025.0156,686.9525,0.0000,4.57597,38859.4
3823,129711.9681,129025.0156,686.9525,0.0000,4.57597,38869.7
3824,129711.9681,129025.0156,686.9525,0.0185,4.59268,38879.9
3825,129711.9681,129025.0156,686.9525,0.0000,4.59268,38890.3
3826,129711.9681,129025.0156,686.9525,0.0000,4.59268,38900.6
3827,129711.9681,129025.0156,686.9525,0.0185,4.58923,38910.9
3828,129711.9681,129025.0156,686.9525,0.0000,4.58923,38921.2
3829,129711.9681,129025.0156,686.9525,0.0000,4.58923,38931.6
3830,129711.9681,129025.0156,686.9525,0.0000,4.58923,38941.9
3831,129711.9681,129025.0156,686.9525,0.0000,4.58923,38952.6
3832,129711.9681,129025.0156,686.9525,0.0185,4.54125,38962.8
3833,129711.9681,129025.0156,686.9525,0.0000,4.54125,38973.0
3834,129711.9681,129025.0156,686.9525,0.0000,4.54125,38983.0
3835,129711.9681,129025.0156,686.9525,0.0000,4.54125,38993.5
3836,129711.9681,129025.0156,686.9525,0.0000,4.54125,39003.8
3837,129711.9681,129025.0156,686.9525,0.0000,4.54125,39014.2
3838,129711.9681,129025.0156,686.9525,0.0000,4.54125,39024.6
3839,129711.9681,129025.0156,686.9525,0.0000,4.54125,39034.5
3840,129711.9681,129025.0156,686.9525,0.0000,4.54125,39044.9
3841,129711.9681,129025.0156,686.9525,0.0000,4.54125,39055.4
3842,129711.9681,129025.0156,686.9525,0.0000,4.54125,39065.4
3843,129711.9681,129025.0156,686.9525,0.0000,4.54125,39075.7
3844,129711.9681,129025.0156,686.9525,0.0000,4.54125,39086.0
3845,129711.9681,129025.0156,686.9525,0.0000,4.54125,39096.4
3846,129711.9681,129032.9965,678.9716,0.0185,4.5227,39107.2
3847,129711.9681,129032.9965,678.9716,0.0000,4.5227,39117.6
3848,129711.9681,129032.9965,678.9716,0.0000,4.5227,39127.8
3849,129711.9681,129032.9965,678.9716,0.0000,4.5227,39138.6
3850,129711.9681,129032.9965,678.9716,0.0000,4.5227,39148.9
3851,129711.9681,129032.9965,678.9716,0.0000,4.5227,39159.1
3852,129711.9681,129032.9965,678.9716,0.0000,4.5227,39169.5
3853,129711.9681,129032.9965,678.9716,0.0000,4.5227,39180.3
3854,129711.9681,129032.9965,678.9716,0.0000,4.5227,39190.6
3855,129711.9681,129032.9965,678.9716,0.0000,4.5227,39201.0
3856,129711.9681,129032.9965,678.9716,0.0185,4.54539,39211.2
3857,129711.9681,129032.9965,678.9716,0.0000,4.54539,39221.7
3858,129711.9681,129032.9965,678.9716,0.0000,4.54539,39232.2
3859,129711.9681,129032.9965,678.9716,0.0000,4.54539,39242.8
3860,129711.9681,129032.9965,678.9716,0.0000,4.54539,39253.0
3861,129711.9681,129032.9965,678.9716,0.0000,4.54539,39263.3
3862,129711.9681,129032.9965,678.9716,0.0000,4.54539,39273.6
3863,129711.9681,129032.9965,678.9716,0.0000,4.54539,39284.1
3864,129711.9681,129032.9965,678.9716,0.0185,4.54296,39294.5
3865,129711.9681,129032.9965,678.9716,0.0000,4.54296,39304.6
3866,129711.9681,129032.9965,678.9716,0.0000,4.54296,39314.7
3867,129711.9681,129032.9965,678.9716,0.0000,4.54296,39325.6
3868,129711.9681,129032.9965,678.9716,0.0000,4.54296,39336.0
3869,129711.9681,129032.9965,678.9716,0.0000,4.54296,39346.6
3870,129711.9681,129032.9965,678.9716,0.0000,4.54296,39357.3
3871,129711.9681,129032.9965,678.9716,0.0000,4.54296,39367.6
3872,129711.9681,129032.9965,678.9716,0.0000,4.54296,39378.0
3873,129711.9681,129032.9965,678.9716,0.0000,4.54296,39388.5
3874,129711.9681,129032.9965,678.9716,0.0000,4.54296,39398.8
3875,129711.9681,129032.9965,678.9716,0.0000,4.54296,39409.2
3876,129711.9681,129032.9965,678.9716,0.0000,4.54296,39419.9
3877,129711.9681,129032.9965,678.9716,0.0000,4.54296,39430.0
3878,129711.9681,129032.9965,678.9716,0.0000,4.54296,39440.1
3879,129711.9681,129032.9965,678.9716,0.0000,4.54296,39450.0
3880,129711.9681,129032.9965,678.9716,0.0000,4.54296,39460.9
3881,129711.9681,129032.9965,678.9716,0.0185,4.54691,39471.4
3882,129711.9681,129032.9965,678.9716,0.0000,4.54691,39481.4
3883,129711.9681,129032.9965,678.9716,0.0185,4.57375,39491.8
3884,129711.9681,129032.9965,678.9716,0.0000,4.57375,39502.3
3885,129711.9681,129032.9965,678.9716,0.0185,4.5793,39512.9
3886,129711.9681,129032.9965,678.9716,0.0000,4.5793,39523.6
3887,129711.9681,129032.9965,678.9716,0.0000,4.5793,39534.2
3888,129711.9681,129032.9965,678.9716,0.0000,4.5793,39544.4
3889,129711.9681,129032.9965,678.9716,0.0000,4.5793,39555.1
3890,129711.9681,129032.9965,678.9716,0.0000,4.5793,39565.8
3891,129711.9681,129032.9965,678.9716,0.0185,4.58204,39576.2
3892,129711.9681,129032.9965,678.9716,0.0000,4.58204,39586.9
3893,129711.9681,129032.9965,678.9716,0.0000,4.58204,39597.0
3894,129711.9681,129032.9965,678.9716,0.0185,4.58559,39607.5
3895,129711.9681,129032.9965,678.9716,0.0000,4.58559,39618.0
3896,129711.9681,129032.9965,678.9716,0.0000,4.58559,39628.4
3897,129711.9681,129032.9965,678.9716,0.0000,4.58559,39638.8
3898,129711.9681,129032.9965,678.9716,0.0185,4.57492,39649.4
3899,129711.9681,129032.9965,678.9716,0.0000,4.57492,39660.0
3900,129711.9681,129032.9965,678.9716,0.0000,4.57492,39670.6
3901,129711.9681,129032.9965,678.9716,0.0185,4.56149,39681.3
3902,129711.9681,129032.9965,678.9716,0.0185,4.55682,39691.9
3903,129711.9681,129032.9965,678.9716,0.0000,4.55682,39702.7
3904,129711.9681,129032.9965,678.9716,0.0000,4.55682,39713.1
3905,129711.9681,129032.9965,678.9716,0.0000,4.55682,39723.4
3906,129711.9681,129032.9965,678.9716,0.0000,4.55682,39734.2
3907,129711.9681,129032.9965,678.9716,0.0000,4.55682,39744.6
3908,129711.9681,129032.9965,678.9716,0.0000,4.55682,39754.8
3909,129711.9681,129032.9965,678.9716,0.0000,4.55682,39765.7
3910,129711.9681,129032.9965,678.9716,0.0000,4.55682,39776.1
3911,129711.9681,129032.9965,678.9716,0.0000,4.55682,39786.7
3912,129711.9681,129032.9965,678.9716,0.0000,4.55682,39797.0
3913,129711.9681,129032.9965,678.9716,0.0000,4.55682,39807.5
3914,129711.9681,129032.9965,678.9716,0.0000,4.55682,39817.9
3915,129711.9681,129032.9965,678.9716,0.0000,4.55682,39828.1
3916,129711.9681,129032.9965,678.9716,0.0000,4.55682,39838.3
3917,129711.9681,129032.9965,678.9716,0.0000,4.55682,39848.6
3918,129711.9681,129032.9965,678.9716,0.0000,4.55682,39859.1
3919,129711.9681,129032.9965,678.9716,0.0000,4.55682,39869.4
3920,129711.9681,129032.9965,678.9716,0.0000,4.55682,39879.5
3921,129711.9681,129032.9965,678.9716,0.0000,4.55682,39889.9
3922,129711.9681,129032.9965,678.9716,0.0000,4.55682,39900.7
3923,129711.9681,129032.9965,678.9716,0.0000,4.55682,39910.9
3924,129711.9681,129032.9965,678.9716,0.0185,4.55965,39921.0
3925,129711.9681,129032.9965,678.9716,0.0000,4.55965,39931.0
3926,129711.9681,129032.9965,678.9716,0.0000,4.55965,39941.5
3927,129711.9681,129032.9965,678.9716,0.0185,4.51157,39952.3
3928,129711.9681,129032.9965,678.9716,0.0000,4.51157,39962.3
3929,129711.9681,129032.9965,678.9716,0.0000,4.51157,39972.4
3930,129711.9681,129032.9965,678.9716,0.0000,4.51157,39982.4
3931,129711.9681,129032.9965,678.9716,0.0000,4.51157,39992.6
3932,129711.9681,129032.9965,678.9716,0.0000,4.51157,40002.8
3933,129711.9681,129032.9965,678.9716,0.0000,4.51157,40013.4
3934,129711.9681,129032.9965,678.9716,0.0185,4.53543,40023.9
3935,129711.9681,129032.9965,678.9716,0.0185,4.55076,40034.7
3936,129711.9681,129032.9965,678.9716,0.0000,4.55076,40045.0
3937,129711.9681,129032.9965,678.9716,0.0185,4.55782,40055.3
3938,129711.9681,129032.9965,678.9716,0.0000,4.55782,40065.9
3939,129711.9681,129032.9965,678.9716,0.0000,4.55782,40076.4
3940,129711.9681,129032.9965,678.9716,0.0000,4.55782,40086.9
3941,129711.9681,129032.9965,678.9716,0.0000,4.55782,40097.2
3942,129711.9681,129032.9965,678.9716,0.0185,4.57512,40108.0
3943,129711.9681,129032.9965,678.9716,0.0000,4.57512,40118.2
3944,129711.9681,129032.9965,678.9716,0.0185,4.63675,40128.5
3945,129711.9681,129032.9965,678.9716,0.0000,4.63675,40139.3
3946,129711.9681,129032.9965,678.9716,0.0370,4.63499,40149.4
3947,129711.9681,129032.9965,678.9716,0.0000,4.63499,40159.7
3948,129711.9681,129032.9965,678.9716,0.0185,4.63793,40170.2
3949,129711.9681,129032.9965,678.9716,0.0000,4.63793,40180.6
3950,129711.9681,129032.9965,678.9716,0.0000,4.63793,40191.5
3951,129711.9681,129032.9965,678.9716,0.0000,4.63793,40202.4
3952,129711.9681,129032.9965,678.9716,0.0000,4.63793,40212.8
3953,129711.9681,129032.9965,678.9716,0.0000,4.63793,40223.1
3954,129711.9681,129032.9965,678.9716,0.0000,4.63793,40233.2
3955,129711.9681,129032.9965,678.9716,0.0000,4.63793,40243.8
3956,129711.9681,129032.9965,678.9716,0.0000,4.63793,40254.0
3957,129711.9681,129032.9965,678.9716,0.0000,4.63793,40264.5
3958,129711.9681,129032.9965,678.9716,0.0000,4.63793,40275.2
3959,129711.9681,129032.9965,678.9716,0.0000,4.63793,40285.5
3960,129711.9681,129032.9965,678.9716,0.0000,4.63793,40296.0
3961,129711.9681,129032.9965,678.9716,0.0000,4.63793,40306.5
3962,129711.9681,129032.9965,678.9716,0.0000,4.63793,40316.7
3963,129711.9681,129032.9965,678.9716,0.0000,4.63793,40327.0
3964,129711.9681,129032.9965,678.9716,0.0000,4.63793,40337.4
3965,129711.9681,129032.9965,678.9716,0.0000,4.63793,40347.3
3966,129711.9681,129032.9965,678.9716,0.0000,4.63793,40357.8
3967,129711.9681,129032.9965,678.9716,0.0000,4.63793,40368.4
3968,129711.9681,129032.9965,678.9716,0.0000,4.63793,40378.6
3969,129711.9681,129032.9965,678.9716,0.0000,4.63793,40389.0
3970,129711.9681,129032.9965,678.9716,0.0000,4.63793,40399.4
3971,129711.9681,129032.9965,678.9716,0.0000,4.63793,40410.1
3972,129711.9681,129032.9965,678.9716,0.0185,4.65145,40420.4
3973,129711.9681,129032.9965,678.9716,0.0000,4.65145,40430.7
3974,129711.9681,129032.9965,678.9716,0.0000,4.65145,40441.0
3975,129711.9681,129032.9965,678.9716,0.0000,4.65145,40451.6
3976,129711.9681,129032.9965,678.9716,0.0000,4.65145,40462.5
3977,129711.9681,129032.9965,678.9716,0.0000,4.65145,40473.0
3978,129711.9681,129032.9965,678.9716,0.0370,4.62492,40483.3
3979,129711.9681,129032.9965,678.9716,0.0000,4.62492,40493.8
3980,129711.9681,129032.9965,678.9716,0.0000,4.62492,40504.2
3981,129711.9681,129032.9965,678.9716,0.0000,4.62492,40514.6
3982,129711.9681,129032.9965,678.9716,0.0000,4.62492,40525.1
3983,129711.9681,129032.9965,678.9716,0.0185,4.62625,40535.6
3984,129711.9681,129032.9965,678.9716,0.0000,4.62625,40546.4
3985,129711.9681,129032.9965,678.9716,0.0000,4.62625,40556.7
3986,129711.9681,129032.9965,678.9716,0.0000,4.62625,40567.3
3987,129711.9681,129032.9965,678.9716,0.0000,4.62625,40577.9
3988,129711.9681,129032.9965,678.9716,0.0000,4.62625,40588.3
3989,129711.9681,129032.9965,678.9716,0.0000,4.62625,40598.5
3990,129711.9681,129032.9965,678.9716,0.0000,4.62625,40609.0
3991,129711.9681,129032.9965,678.9716,0.0000,4.62625,40619.7
3992,129711.9681,129032.9965,678.9716,0.0000,4.62625,40629.9
3993,129711.9681,129032.9965,678.9716,0.0000,4.62625,40640.3
3994,129711.9681,129032.9965,678.9716,0.0000,4.62625,40650.8
3995,129711.9681,129032.9965,678.9716,0.0000,4.62625,40661.4
3996,129711.9681,129032.9965,678.9716,0.0000,4.62625,40672.0
3997,129711.9681,129032.9965,678.9716,0.0000,4.62625,40682.9
3998,129711.9681,129032.9965,678.9716,0.0000,4.62625,40693.3
3999,129711.9681,129032.9965,678.9716,0.0000,4.62625,40704.0
4000,129711.9681,129032.9965,678.9716,0.0000,4.62625,40714.1
4001,129711.9681,129032.9965,678.9716,0.0000,4.62625,40725.0
4002,129711.9681,129032.9965,678.9716,0.0000,4.62625,40735.1
4003,129711.9681,129032.9965,678.9716,0.0000,4.62625,40745.6
4004,129711.9681,129032.9965,678.9716,0.0000,4.62625,40756.1
4005,129711.9681,129032.9965,678.9716,0.0000,4.62625,40766.7
4006,129711.9681,129032.9965,678.9716,0.0000,4.62625,40776.9
4007,129711.9681,129032.9965,678.9716,0.0000,4.62625,40787.2
4008,129711.9681,129032.9965,678.9716,0.0000,4.62625,40797.9
4009,129711.9681,129032.9965,678.9716,0.0000,4.62625,40808.4
4010,129711.9681,129032.9965,678.9716,0.0000,4.62625,40818.7
4011,129711.9681,129032.9965,678.9716,0.0000,4.62625,40829.2
4012,129711.9681,129032.9965,678.9716,0.0000,4.62625,40839.4
4013,129711.9681,129032.9965,678.9716,0.0000,4.62625,40850.0
4014,129711.9681,129032.9965,678.9716,0.0185,4.64412,40860.2
4015,129711.9681,129032.9965,678.9716,0.0000,4.64412,40871.0
4016,129711.9681,129032.9965,678.9716,0.0185,4.6416,40881.6
4017,129711.9681,129032.9965,678.9716,0.0185,4.63902,40892.1
4018,129711.9681,129032.9965,678.9716,0.0000,4.63902,40902.1
4019,129711.9681,129032.9965,678.9716,0.0000,4.63902,40912.8
4020,129711.9681,129032.9965,678.9716,0.0185,4.63687,40923.2
4021,129711.9681,129032.9965,678.9716,0.0000,4.63687,40933.7
4022,129711.9681,129032.9965,678.9716,0.0000,4.63687,40944.1
4023,129711.9681,129032.9965,678.9716,0.0000,4.63687,40954.6
4024,129711.9681,129032.9965,678.9716,0.0000,4.63687,40964.6
4025,129711.9681,129032.9965,678.9716,0.0000,4.63687,40975.4
4026,129711.9681,129032.9965,678.9716,0.0000,4.63687,40985.9
4027,129711.9681,129032.9965,678.9716,0.0185,4.63426,40996.9
4028,129711.9681,129032.9965,678.9716,0.0000,4.63426,41007.5
4029,129711.9681,129032.9965,678.9716,0.0000,4.63426,41018.3
4030,129711.9681,129032.9965,678.9716,0.0000,4.63426,41028.6
4031,129711.9681,129032.9965,678.9716,0.0000,4.63426,41039.4
4032,129711.9681,129032.9965,678.9716,0.0000,4.63426,41049.5
4033,129711.9681,129032.9965,678.9716,0.0000,4.63426,41059.8
4034,129711.9681,129032.9965,678.9716,0.0000,4.63426,41070.0
4035,129711.9681,129032.9965,678.9716,0.0000,4.63426,41080.5
4036,129711.9681,129032.9965,678.9716,0.0000,4.63426,41090.9
4037,129711.9681,129032.9965,678.9716,0.0000,4.63426,41101.5
4038,129711.9681,129032.9965,678.9716,0.0000,4.63426,41111.9
4039,129711.9681,129032.9965,678.9716,0.0000,4.63426,41122.7
4040,129711.9681,129032.9965,678.9716,0.0000,4.63426,41133.2
4041,129711.9681,129032.9965,678.9716,0.0000,4.63426,41143.8
4042,129711.9681,129032.9965,678.9716,0.0000,4.63426,41154.2
4043,129711.9681,129032.9965,678.9716,0.0000,4.63426,41164.2
4044,129711.9681,129032.9965,678.9716,0.0185,4.63189,41174.6
4045,129711.9681,129032.9965,678.9716,0.0000,4.63189,41185.0
4046,129711.9681,129032.9965,678.9716,0.0185,4.61471,41195.4
4047,129711.9681,129032.9965,678.9716,0.0000,4.61471,41206.2
4048,129711.9681,129032.9965,678.9716,0.0000,4.61471,41216.6
4049,129711.9681,129032.9965,678.9716,0.0000,4.61471,41227.1
4050,129711.9681,129032.9965,678.9716,0.0000,4.61471,41237.7
4051,129711.9681,129032.9965,678.9716,0.0000,4.61471,41248.4
4052,129711.9681,129032.9965,678.9716,0.0000,4.61471,41258.9
4053,129711.9681,129032.9965,678.9716,0.0000,4.61471,41269.2
4054,129711.9681,129032.9965,678.9716,0.0000,4.61471,41280.1
4055,129711.9681,129032.9965,678.9716,0.0000,4.61471,41290.5
4056,129711.9681,129032.9965,678.9716,0.0000,4.61471,41301.5
4057,129711.9681,129032.9965,678.9716,0.0000,4.61471,41312.3
4058,129711.9681,129032.9965,678.9716,0.0000,4.61471,41322.5
4059,129711.9681,129032.9965,678.9716,0.0000,4.61471,41332.6
4060,129711.9681,129032.9965,678.9716,0.0000,4.61471,41343.1
4061,129711.9681,129032.9965,678.9716,0.0000,4.61471,41353.3
4062,129711.9681,129032.9965,678.9716,0.0000,4.61471,41363.8
4063,129711.9681,129032.9965,678.9716,0.0000,4.61471,41374.0
4064,129711.9681,129032.9965,678.9716,0.0000,4.61471,41384.3
4065,129711.9681,129032.9965,678.9716,0.0000,4.61471,41394.7
4066,129711.9681,129032.9965,678.9716,0.0000,4.61471,41405.2
4067,129711.9681,129032.9965,678.9716,0.0000,4.61471,41415.9
4068,129711.9681,129032.9965,678.9716,0.0000,4.61471,41426.4
4069,129711.9681,129032.9965,678.9716,0.0000,4.61471,41437.1
4070,129711.9681,129032.9965,678.9716,0.0000,4.61471,41447.5
4071,129711.9681,129032.9965,678.9716,0.0000,4.61471,41457.9
4072,129711.9681,129032.9965,678.9716,0.0000,4.61471,41468.5
4073,129711.9681,129032.9965,678.9716,0.0185,4.62145,41478.9
4074,129711.9681,129032.9965,678.9716,0.0000,4.62145,41489.4
4075,129711.9681,129032.9965,678.9716,0.0000,4.62145,41499.7
4076,129711.9681,129032.9965,678.9716,0.0000,4.62145,41510.2
4077,129711.9681,129032.9965,678.9716,0.0000,4.62145,41521.2
4078,129711.9681,129032.9965,678.9716,0.0000,4.62145,41531.3
4079,129711.9681,129032.9965,678.9716,0.0000,4.62145,41542.1
4080,129711.9681,129032.9965,678.9716,0.0000,4.62145,41552.6
4081,129711.9681,129032.9965,678.9716,0.0000,4.62145,41562.9
4082,129711.9681,129032.9965,678.9716,0.0000,4.62145,41572.9
4083,129711.9681,129032.9965,678.9716,0.0000,4.62145,41583.3
4084,129711.9681,129032.9965,678.9716,0.0000,4.62145,41593.8
4085,129711.9681,129032.9965,678.9716,0.0000,4.62145,41604.2
4086,129711.9681,129032.9965,678.9716,0.0370,4.60052,41614.7
4087,129711.9681,129032.9965,678.9716,0.0000,4.60052,41625.2
4088,129711.9681,129032.9965,678.9716,0.0000,4.60052,41635.7
4089,129711.9681,129032.9965,678.9716,0.0000,4.60052,41646.3
4090,129711.9681,129032.9965,678.9716,0.0000,4.60052,41657.1
4091,129711.9681,129032.9965,678.9716,0.0185,4.61505,41667.0
4092,129711.9681,129032.9965,678.9716,0.0000,4.61505,41677.3
4093,129711.9681,129032.9965,678.9716,0.0000,4.61505,41688.1
4094,129711.9681,129032.9965,678.9716,0.0000,4.61505,41698.4
4095,129711.9681,129032.9965,678.9716,0.0000,4.61505,41708.9
4096,129711.9681,129032.9965,678.9716,0.0000,4.61505,41719.2
4097,129711.9681,129032.9965,678.9716,0.0000,4.61505,41730.0
4098,129711.9681,129032.9965,678.9716,0.0000,4.61505,41740.1
4099,129711.9681,129032.9965,678.9716,0.0185,4.65992,41750.5
4100,129711.9681,129032.9965,678.9716,0.0185,4.64475,41760.8
4101,129711.9681,129032.9965,678.9716,0.0000,4.64475,41771.3
4102,129711.9681,129043.5925,668.3756,0.0185,4.61695,41781.7
4103,129711.9681,129043.5925,668.3756,0.0000,4.61695,41792.6
4104,129711.9681,129043.5925,668.3756,0.0000,4.61695,41802.4
4105,129711.9681,129043.5925,668.3756,0.0000,4.61695,41812.8
4106,129711.9681,129043.5925,668.3756,0.0000,4.61695,41823.1
4107,129711.9681,129043.5925,668.3756,0.0000,4.61695,41833.5
4108,129711.9681,129043.5925,668.3756,0.0185,4.60222,41844.0
4109,129711.9681,129043.5925,668.3756,0.0000,4.60222,41854.5
4110,129711.9681,129043.5925,668.3756,0.0000,4.60222,41865.0
4111,129711.9681,129043.5925,668.3756,0.0000,4.60222,41875.5
4112,129711.9681,129043.5925,668.3756,0.0000,4.60222,41885.8
4113,129711.9681,129043.5925,668.3756,0.0000,4.60222,41896.1
4114,129711.9681,129043.5925,668.3756,0.0000,4.60222,41906.8
4115,129711.9681,129043.5925,668.3756,0.0000,4.60222,41917.4
4116,129711.9681,129043.5925,668.3756,0.0000,4.60222,41928.1
4117,129711.9681,129043.5925,668.3756,0.0000,4.60222,41938.4
4118,129711.9681,129043.5925,668.3756,0.0000,4.60222,41948.6
4119,129711.9681,129043.5925,668.3756,0.0000,4.60222,41959.2
4120,129711.9681,129043.5925,668.3756,0.0000,4.60222,41969.9
4121,129711.9681,129043.5925,668.3756,0.0000,4.60222,41980.3
4122,129711.9681,129043.5925,668.3756,0.0185,4.60062,41990.8
4123,129711.9681,129043.5925,668.3756,0.0000,4.60062,42001.4
4124,129711.9681,129043.5925,668.3756,0.0000,4.60062,42011.8
4125,129711.9681,129043.5925,668.3756,0.0000,4.60062,42022.1
4126,129711.9681,129043.5925,668.3756,0.0000,4.60062,42032.4
4127,129711.9681,129043.5925,668.3756,0.0185,4.60077,42043.2
4128,129711.9681,129043.5925,668.3756,0.0000,4.60077,42053.6
4129,129711.9681,129043.5925,668.3756,0.0000,4.60077,42064.3
4130,129711.9681,129043.5925,668.3756,0.0000,4.60077,42074.9
4131,129711.9681,129043.5925,668.3756,0.0185,4.62878,42085.4
4132,129711.9681,129043.5925,668.3756,0.0185,4.63465,42095.5
4133,129711.9681,129043.5925,668.3756,0.0000,4.63465,42105.9
4134,129711.9681,129043.5925,668.3756,0.0000,4.63465,42116.4
4135,129711.9681,129043.5925,668.3756,0.0000,4.63465,42126.6
4136,129711.9681,129043.5925,668.3756,0.0000,4.63465,42137.2
4137,129711.9681,129043.5925,668.3756,0.0000,4.63465,42147.4
4138,129711.9681,129043.5925,668.3756,0.0000,4.63465,42157.8
4139,129711.9681,129043.5925,668.3756,0.0000,4.63465,42168.0
4140,129711.9681,129043.5925,668.3756,0.0185,4.6026,42178.4
4141,129711.9681,129043.5925,668.3756,0.0000,4.6026,42188.8
4142,129711.9681,129043.5925,668.3756,0.0000,4.6026,42199.2
4143,129711.9681,129043.5925,668.3756,0.0000,4.6026,42209.6
4144,129711.9681,129043.5925,668.3756,0.0000,4.6026,42219.9
4145,129711.9681,129043.5925,668.3756,0.0185,4.60056,42230.4
4146,129711.9681,129043.5925,668.3756,0.0000,4.60056,42241.0
4147,129711.9681,129043.5925,668.3756,0.0000,4.60056,42251.5
4148,129711.9681,129043.5925,668.3756,0.0185,4.5795,42261.9
4149,129711.9681,129043.5925,668.3756,0.0000,4.5795,42271.9
4150,129711.9681,129043.5925,668.3756,0.0000,4.5795,42282.2
4151,129711.9681,129043.5925,668.3756,0.0000,4.5795,42292.8
4152,129711.9681,129043.5925,668.3756,0.0000,4.5795,42303.3
4153,129711.9681,129043.5925,668.3756,0.0000,4.5795,42313.7
4154,129711.9681,129043.5925,668.3756,0.0000,4.5795,42324.0
4155,129711.9681,129043.5925,668.3756,0.0000,4.5795,42334.5
4156,129711.9681,129043.5925,668.3756,0.0000,4.5795,42344.8
4157,129711.9681,129043.5925,668.3756,0.0000,4.5795,42355.3
4158,129711.9681,129043.5925,668.3756,0.0185,4.58335,42365.9
4159,129711.9681,129043.5925,668.3756,0.0000,4.58335,42376.5
4160,129711.9681,129043.5925,668.3756,0.0000,4.58335,42387.2
4161,129711.9681,129043.5925,668.3756,0.0000,4.58335,42397.4
4162,129711.9681,129043.5925,668.3756,0.0000,4.58335,42407.7
4163,129711.9681,129043.5925,668.3756,0.0000,4.58335,42418.1
4164,129711.9681,129043.5925,668.3756,0.0000,4.58335,42429.2
4165,129711.9681,129043.5925,668.3756,0.0000,4.58335,42439.7
4166,129711.9681,129043.5925,668.3756,0.0370,4.58911,42450.4
4167,129711.9681,129043.5925,668.3756,0.0000,4.58911,42460.7
4168,129711.9681,129043.5925,668.3756,0.0000,4.58911,42471.2
4169,129711.9681,129043.5925,668.3756,0.0000,4.58911,42481.8
4170,129711.9681,129043.5925,668.3756,0.0000,4.58911,42492.3
4171,129711.9681,129043.5925,668.3756,0.0000,4.58911,42503.0
4172,129711.9681,129043.5925,668.3756,0.0000,4.58911,42513.8
4173,129711.9681,129043.5925,668.3756,0.0000,4.58911,42524.3
4174,129711.9681,129043.5925,668.3756,0.0000,4.58911,42534.8
4175,129711.9681,129043.5925,668.3756,0.0000,4.58911,42545.1
4176,129711.9681,129043.5925,668.3756,0.0000,4.58911,42555.7
4177,129711.9681,129043.5925,668.3756,0.0000,4.58911,42565.8
4178,129711.9681,129043.5925,668.3756,0.0000,4.58911,42576.5
4179,129711.9681,129043.5925,668.3756,0.0000,4.58911,42586.8
4180,129711.9681,129043.5925,668.3756,0.0000,4.58911,42597.4
4181,129711.9681,129043.5925,668.3756,0.0000,4.58911,42607.7
4182,129711.9681,129043.5925,668.3756,0.0185,4.58334,42618.2
4183,129711.9681,129043.5925,668.3756,0.0000,4.58334,42629.1
4184,129711.9681,129043.5925,668.3756,0.0000,4.58334,42639.7
4185,129711.9681,129043.5925,668.3756,0.0000,4.58334,42650.3
4186,129711.9681,129043.5925,668.3756,0.0000,4.58334,42660.8
4187,129711.9681,129043.5925,668.3756,0.0000,4.58334,42671.4
4188,129711.9681,129043.5925,668.3756,0.0000,4.58334,42681.9
4189,129711.9681,129043.5925,668.3756,0.0000,4.58334,42692.4
4190,129711.9681,129043.5925,668.3756,0.0000,4.58334,42702.8
4191,129711.9681,129043.5925,668.3756,0.0000,4.58334,42713.4
4192,129711.9681,129043.5925,668.3756,0.0000,4.58334,42723.7
4193,129711.9681,129043.5925,668.3756,0.0000,4.58334,42734.3
4194,129711.9681,129043.5925,668.3756,0.0000,4.58334,42744.7
4195,129711.9681,129043.5925,668.3756,0.0000,4.58334,42755.2
4196,129711.9681,129043.5925,668.3756,0.0000,4.58334,42765.5
4197,129711.9681,129043.5925,668.3756,0.0000,4.58334,42775.8
4198,129711.9681,129043.5925,668.3756,0.0000,4.58334,42786.1
4199,129711.9681,129043.5925,668.3756,0.0000,4.58334,42796.4
4200,129711.9681,129043.5925,668.3756,0.0000,4.58334,42807.2
4201,129711.9681,129043.5925,668.3756,0.0000,4.58334,42818.0
4202,129711.9681,129043.5925,668.3756,0.0000,4.58334,42828.8
4203,129711.9681,129043.5925,668.3756,0.0000,4.58334,42839.2
4204,129711.9681,129043.5925,668.3756,0.0000,4.58334,42849.6
4205,129711.9681,129043.5925,668.3756,0.0185,4.58933,42860.1
4206,129711.9681,129043.5925,668.3756,0.0000,4.58933,42870.7
4207,129711.9681,129043.5925,668.3756,0.0185,4.59736,42881.0
4208,129711.9681,129043.5925,668.3756,0.0000,4.59736,42891.6
4209,129711.9681,129043.5925,668.3756,0.0185,4.63061,42902.0
4210,129711.9681,129043.5925,668.3756,0.0000,4.63061,42912.5
4211,129711.9681,129043.5925,668.3756,0.0000,4.63061,42923.0
4212,129711.9681,129043.5925,668.3756,0.0000,4.63061,42933.7
4213,129711.9681,129043.5925,668.3756,0.0185,4.63517,42944.1
4214,129711.9681,129043.5925,668.3756,0.0000,4.63517,42954.6
4215,129711.9681,129043.5925,668.3756,0.0000,4.63517,42965.2
4216,129711.9681,129043.5925,668.3756,0.0000,4.63517,42975.6
4217,129711.9681,129043.5925,668.3756,0.0000,4.63517,42986.0
4218,129711.9681,129043.5925,668.3756,0.0000,4.63517,42996.6
4219,129711.9681,129043.5925,668.3756,0.0000,4.63517,43007.2
4220,129711.9681,129043.5925,668.3756,0.0185,4.63144,43017.5
4221,129711.9681,129043.5925,668.3756,0.0000,4.63144,43027.9
4222,129711.9681,129043.5925,668.3756,0.0000,4.63144,43038.9
4223,129711.9681,129043.5925,668.3756,0.0000,4.63144,43049.7
4224,129711.9681,129043.5925,668.3756,0.0000,4.63144,43060.4
4225,129711.9681,129043.5925,668.3756,0.0000,4.63144,43070.7
4226,129711.9681,129043.5925,668.3756,0.0185,4.646,43080.7
4227,129711.9681,129043.5925,668.3756,0.0000,4.646,43091.0
4228,129711.9681,129043.5925,668.3756,0.0185,4.62775,43101.7
4229,129711.9681,129043.5925,668.3756,0.0185,4.65952,43112.1
4230,129711.9681,129043.5925,668.3756,0.0000,4.65952,43122.4
4231,129711.9681,129043.5925,668.3756,0.0000,4.65952,43132.7
4232,129711.9681,129043.5925,668.3756,0.0000,4.65952,43142.9
4233,129711.9681,129043.5925,668.3756,0.0000,4.65952,43153.2
4234,129711.9681,129043.5925,668.3756,0.0000,4.65952,43163.6
4235,129711.9681,129043.5925,668.3756,0.0000,4.65952,43174.6
4236,129711.9681,129043.5925,668.3756,0.0000,4.65952,43184.8
4237,129711.9681,129043.5925,668.3756,0.0000,4.65952,43195.2
4238,129711.9681,129043.5925,668.3756,0.0000,4.65952,43205.5
4239,129711.9681,129043.5925,668.3756,0.0000,4.65952,43216.0
4240,129711.9681,129043.5925,668.3756,0.0000,4.65952,43226.3
4241,129711.9681,129043.5925,668.3756,0.0000,4.65952,43236.3
4242,129711.9681,129043.5925,668.3756,0.0000,4.65952,43246.8
4243,129711.9681,129043.5925,668.3756,0.0000,4.65952,43257.4
4244,129711.9681,129043.5925,668.3756,0.0000,4.65952,43267.4
4245,129711.9681,129043.5925,668.3756,0.0185,4.64208,43277.9
4246,129711.9681,129043.5925,668.3756,0.0000,4.64208,43288.1
4247,129711.9681,129043.5925,668.3756,0.0000,4.64208,43298.3
4248,129711.9681,129043.5925,668.3756,0.0000,4.64208,43308.7
4249,129711.9681,129043.5925,668.3756,0.0000,4.64208,43319.2
4250,129711.9681,129043.5925,668.3756,0.0000,4.64208,43329.8
4251,129711.9681,129043.5925,668.3756,0.0000,4.64208,43340.8
4252,129711.9681,129043.5925,668.3756,0.0000,4.64208,43351.3
4253,129711.9681,129043.5925,668.3756,0.0000,4.64208,43361.5
4254,129711.9681,129043.5925,668.3756,0.0185,4.68262,43372.0
4255,129711.9681,129043.5925,668.3756,0.0000,4.68262,43382.6
4256,129711.9681,129043.5925,668.3756,0.0000,4.68262,43393.0
4257,129711.9681,129043.5925,668.3756,0.0000,4.68262,43402.9
4258,129711.9681,129043.5925,668.3756,0.0000,4.68262,43413.4
4259,129711.9681,129043.5925,668.3756,0.0000,4.68262,43424.3
4260,129711.9681,129043.5925,668.3756,0.0000,4.68262,43434.8
4261,129711.9681,129043.5925,668.3756,0.0185,4.68678,43445.3
4262,129711.9681,129043.5925,668.3756,0.0000,4.68678,43455.6
4263,129711.9681,129043.5925,668.3756,0.0000,4.68678,43466.1
4264,129711.9681,129043.5925,668.3756,0.0000,4.68678,43476.6
4265,129711.9681,129043.5925,668.3756,0.0000,4.68678,43487.0
4266,129711.9681,129043.5925,668.3756,0.0000,4.68678,43497.6
4267,129711.9681,129043.5925,668.3756,0.0000,4.68678,43508.0
4268,129711.9681,129043.5925,668.3756,0.0000,4.68678,43518.4
4269,129711.9681,129043.5925,668.3756,0.0000,4.68678,43528.9
4270,129711.9681,129043.5925,668.3756,0.0000,4.68678,43539.0
4271,129711.9681,129043.5925,668.3756,0.0000,4.68678,43549.2
4272,129711.9681,129043.5925,668.3756,0.0000,4.68678,43559.7
4273,129711.9681,129043.5925,668.3756,0.0000,4.68678,43570.4
4274,129711.9681,129043.5925,668.3756,0.0000,4.68678,43580.5
4275,129711.9681,129043.5925,668.3756,0.0000,4.68678,43590.7
4276,129711.9681,129043.5925,668.3756,0.0000,4.68678,43601.5
4277,129711.9681,129043.5925,668.3756,0.0000,4.68678,43612.1
4278,129711.9681,129043.5925,668.3756,0.0000,4.68678,43622.7
4279,129711.9681,129043.5925,668.3756,0.0000,4.68678,43633.4
4280,129711.9681,129043.5925,668.3756,0.0000,4.68678,43643.8
4281,129711.9681,129043.5925,668.3756,0.0000,4.68678,43654.0
4282,129711.9681,129043.5925,668.3756,0.0185,4.67157,43664.4
4283,129711.9681,129043.5925,668.3756,0.0000,4.67157,43675.2
4284,129711.9681,129043.5925,668.3756,0.0000,4.67157,43685.7
4285,129711.9681,129043.5925,668.3756,0.0000,4.67157,43696.1
4286,129711.9681,129043.5925,668.3756,0.0000,4.67157,43706.9
4287,129711.9681,129043.5925,668.3756,0.0000,4.67157,43717.3
4288,129711.9681,129043.5925,668.3756,0.0000,4.67157,43727.4
4289,129711.9681,129043.5925,668.3756,0.0000,4.67157,43737.8
4290,129711.9681,129043.5925,668.3756,0.0000,4.67157,43748.0
4291,129711.9681,129043.5925,668.3756,0.0000,4.67157,43758.2
4292,129711.9681,129043.5925,668.3756,0.0000,4.67157,43768.7
4293,129711.9681,129043.5925,668.3756,0.0000,4.67157,43778.9
4294,129711.9681,129043.5925,668.3756,0.0000,4.67157,43789.3
4295,129711.9681,129043.5925,668.3756,0.0000,4.67157,43799.9
4296,129711.9681,129043.5925,668.3756,0.0000,4.67157,43809.9
4297,129711.9681,129043.5925,668.3756,0.0000,4.67157,43820.5
4298,129711.9681,129043.5925,668.3756,0.0000,4.67157,43830.7
4299,129711.9681,129043.5925,668.3756,0.0185,4.67716,43840.9
4300,129711.9681,129043.5925,668.3756,0.0000,4.67716,43851.5
4301,129711.9681,129043.5925,668.3756,0.0000,4.67716,43861.8
4302,129711.9681,129043.5925,668.3756,0.0000,4.67716,43872.2
4303,129711.9681,129043.5925,668.3756,0.0000,4.67716,43882.5
4304,129711.9681,129043.5925,668.3756,0.0000,4.67716,43893.2
4305,129711.9681,129043.5925,668.3756,0.0000,4.67716,43903.8
4306,129711.9681,129043.5925,668.3756,0.0000,4.67716,43914.4
4307,129711.9681,129043.5925,668.3756,0.0185,4.69632,43924.6
4308,129711.9681,129043.5925,668.3756,0.0000,4.69632,43935.2
4309,129711.9681,129043.5925,668.3756,0.0185,4.71169,43945.8
4310,129711.9681,129043.5925,668.3756,0.0000,4.71169,43956.4
4311,129711.9681,129043.5925,668.3756,0.0000,4.71169,43967.3
4312,129711.9681,129043.5925,668.3756,0.0000,4.71169,43978.0
4313,129711.9681,129043.5925,668.3756,0.0000,4.71169,43988.6
4314,129711.9681,129043.5925,668.3756,0.0000,4.71169,43998.9
4315,129711.9681,129043.5925,668.3756,0.0000,4.71169,44009.0
4316,129711.9681,129043.5925,668.3756,0.0000,4.71169,44019.4
4317,129711.9681,129043.5925,668.3756,0.0000,4.71169,44029.9
4318,129711.9681,129043.5925,668.3756,0.0000,4.71169,44040.3
4319,129711.9681,129043.5925,668.3756,0.0185,4.71192,44050.8
4320,129711.9681,129043.5925,668.3756,0.0000,4.71192,44061.4
4321,129711.9681,129043.5925,668.3756,0.0000,4.71192,44071.8
4322,129711.9681,129043.5925,668.3756,0.0000,4.71192,44082.0
4323,129711.9681,129043.5925,668.3756,0.0000,4.71192,44092.5
4324,129711.9681,129043.5925,668.3756,0.0185,4.71934,44103.0
4325,129711.9681,129043.5925,668.3756,0.0000,4.71934,44113.9
4326,129711.9681,129043.5925,668.3756,0.0000,4.71934,44124.1
4327,129744.8799,129043.5925,701.2874,0.0185,4.74415,44134.4
4328,129744.8799,129043.5925,701.2874,0.0185,4.73708,44144.6
4329,129744.8799,129043.5925,701.2874,0.0000,4.73708,44154.8
4330,129744.8799,129043.5925,701.2874,0.0185,4.7338,44165.1
4331,129744.8799,129043.5925,701.2874,0.0000,4.7338,44175.4
4332,129744.8799,129043.5925,701.2874,0.0000,4.7338,44185.6
4333,129744.8799,129043.5925,701.2874,0.0185,4.73109,44196.3
4334,129744.8799,129043.5925,701.2874,0.0000,4.73109,44207.0
4335,129744.8799,129043.5925,701.2874,0.0185,4.73935,44217.6
4336,129744.8799,129043.5925,701.2874,0.0000,4.73935,44228.1
4337,129744.8799,129043.5925,701.2874,0.0185,4.75591,44238.3
4338,129744.8799,129043.5925,701.2874,0.0185,4.75462,44248.4
4339,129744.8799,129043.5925,701.2874,0.0000,4.75462,44258.9
4340,129744.8799,129043.5925,701.2874,0.0000,4.75462,44269.3
4341,129744.8799,129043.5925,701.2874,0.0000,4.75462,44279.4
4342,129744.8799,129043.5925,701.2874,0.0000,4.75462,44290.0
4343,129744.8799,129043.5925,701.2874,0.0000,4.75462,44300.5
4344,129744.8799,129043.5925,701.2874,0.0185,4.76515,44311.2
4345,129744.8799,129043.5925,701.2874,0.0000,4.76515,44321.8
4346,129744.8799,129043.5925,701.2874,0.0000,4.76515,44332.3
4347,129744.8799,129043.5925,701.2874,0.0000,4.76515,44342.7
4348,129744.8799,129043.5925,701.2874,0.0185,4.73634,44353.1
4349,129744.8799,129043.5925,701.2874,0.0000,4.73634,44363.8
4350,129744.8799,129043.5925,701.2874,0.0000,4.73634,44374.4
4351,129744.8799,129043.5925,701.2874,0.0000,4.73634,44385.0
4352,129744.8799,129043.5925,701.2874,0.0000,4.73634,44395.3
4353,129744.8799,129043.5925,701.2874,0.0185,4.73861,44405.9
4354,129744.8799,129043.5925,701.2874,0.0000,4.73861,44416.2
4355,129744.8799,129043.5925,701.2874,0.0000,4.73861,44426.6
4356,129744.8799,129043.5925,701.2874,0.0000,4.73861,44437.0
4357,129744.8799,129043.5925,701.2874,0.0000,4.73861,44447.1
4358,129744.8799,129043.5925,701.2874,0.0000,4.73861,44457.3
4359,129744.8799,129043.5925,701.2874,0.0000,4.73861,44468.0
4360,129744.8799,129043.5925,701.2874,0.0000,4.73861,44478.2
4361,129744.8799,129043.5925,701.2874,0.0000,4.73861,44488.3
4362,129744.8799,129043.5925,701.2874,0.0000,4.73861,44499.0
4363,129744.8799,129043.5925,701.2874,0.0000,4.73861,44509.2
4364,129744.8799,129043.5925,701.2874,0.0185,4.67273,44519.3
4365,129744.8799,129043.5925,701.2874,0.0000,4.67273,44529.5
4366,129744.8799,129043.5925,701.2874,0.0000,4.67273,44540.1
4367,129744.8799,129043.5925,701.2874,0.0000,4.67273,44550.7
4368,129744.8799,129043.5925,701.2874,0.0000,4.67273,44561.3
4369,129744.8799,129043.5925,701.2874,0.0000,4.67273,44572.0
4370,129744.8799,129043.5925,701.2874,0.0000,4.67273,44582.2
4371,129744.8799,129043.5925,701.2874,0.0000,4.67273,44592.8
4372,129744.8799,129043.5925,701.2874,0.0000,4.67273,44603.0
4373,129744.8799,129043.5925,701.2874,0.0000,4.67273,44613.8
4374,129744.8799,129043.5925,701.2874,0.0000,4.67273,44624.1
4375,129744.8799,129043.5925,701.2874,0.0000,4.67273,44634.5
4376,129744.8799,129043.5925,701.2874,0.0000,4.67273,44645.2
4377,129744.8799,129043.5925,701.2874,0.0185,4.67235,44655.9
4378,129744.8799,129043.5925,701.2874,0.0000,4.67235,44666.2
4379,129744.8799,129043.5925,701.2874,0.0000,4.67235,44676.6
4380,129744.8799,129043.5925,701.2874,0.0000,4.67235,44687.7
4381,129744.8799,129043.5925,701.2874,0.0000,4.67235,44698.0
4382,129744.8799,129043.5925,701.2874,0.0185,4.67253,44708.2
4383,129744.8799,129043.5925,701.2874,0.0000,4.67253,44718.4
4384,129744.8799,129043.5925,701.2874,0.0000,4.67253,44728.6
4385,129744.8799,129043.5925,701.2874,0.0000,4.67253,44738.6
4386,129744.8799,129043.5925,701.2874,0.0185,4.67027,44748.9
4387,129744.8799,129043.5925,701.2874,0.0000,4.67027,44759.3
4388,129744.8799,129043.5925,701.2874,0.0000,4.67027,44770.0
4389,129744.8799,129043.5925,701.2874,0.0000,4.67027,44780.8
4390,129744.8799,129043.5925,701.2874,0.0000,4.67027,44791.3
4391,129744.8799,129043.5925,701.2874,0.0000,4.67027,44802.1
4392,129744.8799,129043.5925,701.2874,0.0000,4.67027,44812.4
4393,129744.8799,129043.5925,701.2874,0.0000,4.67027,44822.6
4394,129744.8799,129043.5925,701.2874,0.0000,4.67027,44833.0
4395,129744.8799,129043.5925,701.2874,0.0000,4.67027,44843.6
4396,129744.8799,129043.5925,701.2874,0.0000,4.67027,44853.8
4397,129744.8799,129043.5925,701.2874,0.0000,4.67027,44864.3
4398,129744.8799,129043.5925,701.2874,0.0000,4.67027,44874.7
4399,129744.8799,129043.5925,701.2874,0.0000,4.67027,44884.9
4400,129744.8799,129043.5925,701.2874,0.0000,4.67027,44895.4
4401,129744.8799,129043.5925,701.2874,0.0000,4.67027,44905.5
4402,129744.8799,129043.5925,701.2874,0.0000,4.67027,44915.9
4403,129744.8799,129043.5925,701.2874,0.0000,4.67027,44926.5
4404,129744.8799,129043.5925,701.2874,0.0000,4.67027,44936.4
4405,129744.8799,129043.5925,701.2874,0.0000,4.67027,44946.7
4406,129744.8799,129043.5925,701.2874,0.0185,4.66483,44957.1
4407,129744.8799,129043.5925,701.2874,0.0000,4.66483,44967.9
4408,129744.8799,129043.5925,701.2874,0.0000,4.66483,44978.3
4409,129744.8799,129043.5925,701.2874,0.0000,4.66483,44988.5
4410,129744.8799,129043.5925,701.2874,0.0000,4.66483,44998.8
4411,129744.8799,129043.5925,701.2874,0.0000,4.66483,45009.7
4412,129744.8799,129043.5925,701.2874,0.0000,4.66483,45020.2
4413,129744.8799,129043.5925,701.2874,0.0000,4.66483,45030.5
4414,129744.8799,129043.5925,701.2874,0.0000,4.66483,45041.0
4415,129744.8799,129043.5925,701.2874,0.0000,4.66483,45051.5
4416,129744.8799,129043.5925,701.2874,0.0000,4.66483,45062.2
4417,129744.8799,129043.5925,701.2874,0.0000,4.66483,45073.0
4418,129744.8799,129043.5925,701.2874,0.0000,4.66483,45083.3
4419,129744.8799,129043.5925,701.2874,0.0000,4.66483,45093.9
4420,129744.8799,129043.5925,701.2874,0.0000,4.66483,45104.5
4421,129744.8799,129043.5925,701.2874,0.0000,4.66483,45115.1
4422,129744.8799,129043.5925,701.2874,0.0000,4.66483,45125.4
4423,129744.8799,129043.5925,701.2874,0.0000,4.66483,45135.8
4424,129744.8799,129043.5925,701.2874,0.0000,4.66483,45146.5
4425,129744.8799,129043.5925,701.2874,0.0000,4.66483,45157.0
4426,129744.8799,129043.5925,701.2874,0.0000,4.66483,45167.3
4427,129744.8799,129043.5925,701.2874,0.0000,4.66483,45177.8
4428,129744.8799,129043.5925,701.2874,0.0000,4.66483,45188.1
4429,129744.8799,129043.5925,701.2874,0.0000,4.66483,45198.6
4430,129744.8799,129043.5925,701.2874,0.0000,4.66483,45209.3
4431,129744.8799,129043.5925,701.2874,0.0000,4.66483,45219.9
4432,129744.8799,129043.5925,701.2874,0.0000,4.66483,45230.6
4433,129744.8799,129043.5925,701.2874,0.0000,4.66483,45241.5
4434,129744.8799,129043.5925,701.2874,0.0000,4.66483,45252.2
4435,129744.8799,129043.5925,701.2874,0.0000,4.66483,45262.6
4436,129744.8799,129043.5925,701.2874,0.0000,4.66483,45272.8
4437,129744.8799,129043.5925,701.2874,0.0185,4.67592,45283.6
4438,129744.8799,129043.5925,701.2874,0.0000,4.67592,45294.2
4439,129744.8799,129043.5925,701.2874,0.0000,4.67592,45304.3
4440,129744.8799,129043.5925,701.2874,0.0185,4.70668,45315.0
4441,129744.8799,129043.5925,701.2874,0.0000,4.70668,45325.6
4442,129744.8799,129043.5925,701.2874,0.0185,4.69154,45335.8
4443,129744.8799,129043.5925,701.2874,0.0185,4.68877,45346.1
4444,129744.8799,129043.5925,701.2874,0.0000,4.68877,45356.9
4445,129744.8799,129043.5925,701.2874,0.0000,4.68877,45367.3
4446,129744.8799,129043.5925,701.2874,0.0000,4.68877,45377.7
4447,129744.8799,129043.5925,701.2874,0.0000,4.68877,45388.2
4448,129744.8799,129043.5925,701.2874,0.0000,4.68877,45398.7
4449,129744.8799,129043.5925,701.2874,0.0000,4.68877,45409.3
4450,129744.8799,129043.5925,701.2874,0.0000,4.68877,45419.8
4451,129744.8799,129043.5925,701.2874,0.0000,4.68877,45430.4
4452,129744.8799,129043.5925,701.2874,0.0000,4.68877,45440.5
4453,129744.8799,129043.5925,701.2874,0.0000,4.68877,45451.0
4454,129744.8799,129043.5925,701.2874,0.0000,4.68877,45461.7
4455,129744.8799,129043.5925,701.2874,0.0000,4.68877,45472.0
4456,129744.8799,129043.5925,701.2874,0.0000,4.68877,45482.6
4457,129744.8799,129043.5925,701.2874,0.0000,4.68877,45492.8
4458,129744.8799,129043.5925,701.2874,0.0000,4.68877,45503.5
4459,129744.8799,129043.5925,701.2874,0.0185,4.68834,45514.5
4460,129744.8799,129043.5925,701.2874,0.0000,4.68834,45525.1
4461,129744.8799,129043.5925,701.2874,0.0000,4.68834,45535.6
4462,129744.8799,129043.5925,701.2874,0.0000,4.68834,45545.9
4463,129744.8799,129043.5925,701.2874,0.0000,4.68834,45556.3
4464,129744.8799,129043.5925,701.2874,0.0000,4.68834,45566.7
4465,129744.8799,129043.5925,701.2874,0.0000,4.68834,45577.5
4466,129744.8799,129043.5925,701.2874,0.0185,4.69184,45588.0
4467,129744.8799,129043.5925,701.2874,0.0000,4.69184,45598.7
4468,129744.8799,129043.5925,701.2874,0.0000,4.69184,45609.2
4469,129744.8799,129043.5925,701.2874,0.0000,4.69184,45619.7
4470,129744.8799,129043.5925,701.2874,0.0185,4.71476,45630.2
4471,129744.8799,129043.5925,701.2874,0.0000,4.71476,45640.6
4472,129744.8799,129043.5925,701.2874,0.0000,4.71476,45650.9
4473,129744.8799,129043.5925,701.2874,0.0000,4.71476,45661.8
4474,129744.8799,129043.5925,701.2874,0.0000,4.71476,45672.5
4475,129744.8799,129043.5925,701.2874,0.0000,4.71476,45682.8
4476,129744.8799,129043.5925,701.2874,0.0000,4.71476,45693.4
4477,129744.8799,129043.5925,701.2874,0.0000,4.71476,45704.4
4478,129744.8799,129043.5925,701.2874,0.0185,4.72066,45714.9
4479,129744.8799,129043.5925,701.2874,0.0000,4.72066,45725.6
4480,129744.8799,129043.5925,701.2874,0.0000,4.72066,45736.3
4481,129744.8799,129043.5925,701.2874,0.0185,4.72276,45747.0
4482,129744.8799,129043.5925,701.2874,0.0000,4.72276,45757.5
4483,129744.8799,129043.5925,701.2874,0.0000,4.72276,45767.8
4484,129744.8799,129043.5925,701.2874,0.0000,4.72276,45778.4
4485,129744.8799,129043.5925,701.2874,0.0000,4.72276,45789.0
4486,129744.8799,129043.5925,701.2874,0.0000,4.72276,45799.2
4487,129744.8799,129043.5925,701.2874,0.0000,4.72276,45809.8
4488,129744.8799,129043.5925,701.2874,0.0000,4.72276,45820.1
4489,129744.8799,129043.5925,701.2874,0.0000,4.72276,45830.5
4490,129744.8799,129043.5925,701.2874,0.0000,4.72276,45840.9
4491,129744.8799,129043.5925,701.2874,0.0000,4.72276,45851.5
4492,129744.8799,129043.5925,701.2874,0.0000,4.72276,45862.3
4493,129744.8799,129043.5925,701.2874,0.0000,4.72276,45872.8
4494,129744.8799,129043.5925,701.2874,0.0000,4.72276,45883.3
4495,129744.8799,129043.5925,701.2874,0.0000,4.72276,45893.7
4496,129744.8799,129043.5925,701.2874,0.0000,4.72276,45904.1
4497,129744.8799,129043.5925,701.2874,0.0185,4.72534,45914.6
4498,129744.8799,129043.5925,701.2874,0.0000,4.72534,45924.8
4499,129744.8799,129043.5925,701.2874,0.0000,4.72534,45935.0
4500,129744.8799,129043.5925,701.2874,0.0185,4.71908,45945.2
4501,129744.8799,129043.5925,701.2874,0.0000,4.71908,45955.7
4502,129744.8799,129043.5925,701.2874,0.0000,4.71908,45966.3
4503,129744.8799,129043.5925,701.2874,0.0185,4.71288,45976.7
4504,129744.8799,129043.5925,701.2874,0.0000,4.71288,45987.3
4505,129744.8799,129043.5925,701.2874,0.0000,4.71288,45997.5
4506,129744.8799,129043.5925,701.2874,0.0000,4.71288,46007.9
4507,129744.8799,129043.5925,701.2874,0.0000,4.71288,46018.5
4508,129744.8799,129043.5925,701.2874,0.0185,4.7163,46028.8
4509,129744.8799,129043.5925,701.2874,0.0000,4.7163,46039.0
4510,129744.8799,129043.5925,701.2874,0.0000,4.7163,46049.6
4511,129744.8799,129043.5925,701.2874,0.0185,4.71329,46059.7
4512,129744.8799,129043.5925,701.2874,0.0000,4.71329,46070.0
4513,129744.8799,129043.5925,701.2874,0.0000,4.71329,46080.2
4514,129744.8799,129043.5925,701.2874,0.0000,4.71329,46090.7
4515,129744.8799,129043.5925,701.2874,0.0000,4.71329,46101.2
4516,129744.8799,129043.5925,701.2874,0.0000,4.71329,46111.6
4517,129744.8799,129043.5925,701.2874,0.0000,4.71329,46122.5
4518,129744.8799,129043.5925,701.2874,0.0000,4.71329,46133.0
4519,129744.8799,129043.5925,701.2874,0.0000,4.71329,46143.6
4520,129744.8799,129043.5925,701.2874,0.0000,4.71329,46153.9
4521,129744.8799,129043.5925,701.2874,0.0000,4.71329,46164.9
4522,129744.8799,129043.5925,701.2874,0.0000,4.71329,46175.4
4523,129744.8799,129043.5925,701.2874,0.0000,4.71329,46185.9
4524,129744.8799,129043.5925,701.2874,0.0000,4.71329,46196.5
4525,129744.8799,129043.5925,701.2874,0.0000,4.71329,46206.8
4526,129744.8799,129043.5925,701.2874,0.0000,4.71329,46217.2
4527,129744.8799,129043.5925,701.2874,0.0000,4.71329,46227.6
4528,129744.8799,129043.5925,701.2874,0.0000,4.71329,46238.2
4529,129744.8799,129043.5925,701.2874,0.0185,4.7101,46248.5
4530,129744.8799,129043.5925,701.2874,0.0000,4.7101,46259.5
4531,129744.8799,129043.5925,701.2874,0.0000,4.7101,46269.7
4532,129744.8799,129043.5925,701.2874,0.0000,4.7101,46279.9
4533,129744.8799,129043.5925,701.2874,0.0185,4.69814,46290.3
4534,129744.8799,129043.5925,701.2874,0.0000,4.69814,46300.5
4535,129744.8799,129043.5925,701.2874,0.0000,4.69814,46310.9
4536,129744.8799,129043.5925,701.2874,0.0000,4.69814,46321.4
4537,129744.8799,129043.5925,701.2874,0.0000,4.69814,46331.9
4538,129744.8799,129043.5925,701.2874,0.0000,4.69814,46342.5
4539,129744.8799,129043.5925,701.2874,0.0000,4.69814,46352.8
4540,129744.8799,129043.5925,701.2874,0.0000,4.69814,46363.5
4541,129744.8799,129043.5925,701.2874,0.0000,4.69814,46373.9
4542,129744.8799,129043.5925,701.2874,0.0000,4.69814,46384.1
4543,129744.8799,129043.5925,701.2874,0.0185,4.7213,46394.7
4544,129744.8799,129043.5925,701.2874,0.0000,4.7213,46405.5
4545,129744.8799,129043.5925,701.2874,0.0000,4.7213,46416.0
4546,129744.8799,129043.5925,701.2874,0.0185,4.73726,46426.2
4547,129744.8799,129043.5925,701.2874,0.0000,4.73726,46436.7
4548,129744.8799,129043.5925,701.2874,0.0000,4.73726,46447.3
4549,129744.8799,129043.5925,701.2874,0.0000,4.73726,46457.8
4550,129744.8799,129043.5925,701.2874,0.0000,4.73726,46468.1
4551,129744.8799,129043.5925,701.2874,0.0000,4.73726,46478.6
4552,129744.8799,129043.5925,701.2874,0.0000,4.73726,46489.1
4553,129744.8799,129043.5925,701.2874,0.0000,4.73726,46499.6
4554,129744.8799,129043.5925,701.2874,0.0000,4.73726,46510.0
4555,129744.8799,129043.5925,701.2874,0.0000,4.73726,46520.6
4556,129744.8799,129043.5925,701.2874,0.0000,4.73726,46531.2
4557,129744.8799,129043.5925,701.2874,0.0000,4.73726,46542.0
4558,129744.8799,129043.5925,701.2874,0.0000,4.73726,46552.2
4559,129744.8799,129043.5925,701.2874,0.0000,4.73726,46562.5
4560,129744.8799,129043.5925,701.2874,0.0000,4.73726,46573.0
4561,129744.8799,129043.5925,701.2874,0.0000,4.73726,46583.3
4562,129744.8799,129043.5925,701.2874,0.0000,4.73726,46593.6
4563,129744.8799,129043.5925,701.2874,0.0000,4.73726,46603.8
4564,129744.8799,129043.5925,701.2874,0.0000,4.73726,46614.3
4565,129744.8799,129043.5925,701.2874,0.0000,4.73726,46624.7
4566,129744.8799,129043.5925,701.2874,0.0000,4.73726,46634.7
4567,129744.8799,129043.5925,701.2874,0.0000,4.73726,46645.1
4568,129744.8799,129043.5925,701.2874,0.0185,4.7282,46655.5
4569,129744.8799,129043.5925,701.2874,0.0000,4.7282,46665.7
4570,129744.8799,129043.5925,701.2874,0.0000,4.7282,46675.8
4571,129744.8799,129043.5925,701.2874,0.0000,4.7282,46686.3
4572,129744.8799,129043.5925,701.2874,0.0000,4.7282,46696.6
4573,129744.8799,129043.5925,701.2874,0.0000,4.7282,46707.1
4574,129744.8799,129043.5925,701.2874,0.0000,4.7282,46717.6
4575,129744.8799,129043.5925,701.2874,0.0000,4.7282,46727.8
4576,129744.8799,129043.5925,701.2874,0.0000,4.7282,46738.3
4577,129744.8799,129043.5925,701.2874,0.0000,4.7282,46748.6
4578,129744.8799,129043.5925,701.2874,0.0185,4.73077,46759.0
4579,129744.8799,129043.5925,701.2874,0.0000,4.73077,46769.8
4580,129744.8799,129043.5925,701.2874,0.0000,4.73077,46780.3
4581,129744.8799,129043.5925,701.2874,0.0000,4.73077,46790.7
4582,129744.8799,129043.5925,701.2874,0.0000,4.73077,46801.0
4583,129744.8799,129043.5925,701.2874,0.0000,4.73077,46811.3
4584,129744.8799,129043.5925,701.2874,0.0185,4.72253,46821.8
4585,129744.8799,129043.5925,701.2874,0.0000,4.72253,46832.2
4586,129744.8799,129043.5925,701.2874,0.0000,4.72253,46842.8
4587,129744.8799,129059.7656,685.1142,0.0185,4.72158,46853.5
4588,129744.8799,129059.7656,685.1142,0.0000,4.72158,46863.9
4589,129744.8799,129059.7656,685.1142,0.0000,4.72158,46874.3
4590,129744.8799,129059.7656,685.1142,0.0185,4.72809,46884.7
4591,129744.8799,129059.7656,685.1142,0.0185,4.67222,46894.9
4592,129744.8799,129059.7656,685.1142,0.0000,4.67222,46905.3
4593,129744.8799,129059.7656,685.1142,0.0000,4.67222,46915.5
4594,129744.8799,129059.7656,685.1142,0.0000,4.67222,46925.9
4595,129744.8799,129059.7656,685.1142,0.0000,4.67222,46936.4
4596,129744.8799,129059.7656,685.1142,0.0000,4.67222,46947.2
4597,129744.8799,129059.7656,685.1142,0.0000,4.67222,46957.8
4598,129744.8799,129059.7656,685.1142,0.0000,4.67222,46968.4
4599,129744.8799,129059.7656,685.1142,0.0000,4.67222,46978.9
4600,129744.8799,129059.7656,685.1142,0.0000,4.67222,46989.3
4601,129744.8799,129059.7656,685.1142,0.0000,4.67222,46999.4
4602,129744.8799,129059.7656,685.1142,0.0000,4.67222,47009.8
4603,129744.8799,129059.7656,685.1142,0.0000,4.67222,47020.2
4604,129744.8799,129059.7656,685.1142,0.0000,4.67222,47030.5
4605,129744.8799,129059.7656,685.1142,0.0000,4.67222,47041.3
4606,129744.8799,129059.7656,685.1142,0.0000,4.67222,47051.4
4607,129744.8799,129059.7656,685.1142,0.0000,4.67222,47061.6
4608,129744.8799,129059.7656,685.1142,0.0000,4.67222,47071.9
4609,129744.8799,129059.7656,685.1142,0.0000,4.67222,47082.1
4610,129744.8799,129059.7656,685.1142,0.0000,4.67222,47092.5
4611,129744.8799,129059.7656,685.1142,0.0000,4.67222,47103.1
4612,129744.8799,129059.7656,685.1142,0.0000,4.67222,47113.8
4613,129744.8799,129059.7656,685.1142,0.0000,4.67222,47124.1
4614,129744.8799,129059.7656,685.1142,0.0000,4.67222,47134.3
4615,129744.8799,129059.7656,685.1142,0.0185,4.69096,47145.1
4616,129744.8799,129059.7656,685.1142,0.0000,4.69096,47155.2
4617,129744.8799,129059.7656,685.1142,0.0000,4.69096,47165.6
4618,129744.8799,129059.7656,685.1142,0.0000,4.69096,47176.0
4619,129744.8799,129059.7656,685.1142,0.0000,4.69096,47186.2
4620,129744.8799,129059.7656,685.1142,0.0000,4.69096,47197.1
4621,129744.8799,129059.7656,685.1142,0.0000,4.69096,47207.8
4622,129744.8799,129059.7656,685.1142,0.0000,4.69096,47218.6
4623,129744.8799,129059.7656,685.1142,0.0000,4.69096,47229.1
4624,129744.8799,129059.7656,685.1142,0.0185,4.6914,47239.6
4625,129744.8799,129059.7656,685.1142,0.0000,4.6914,47250.1
4626,129744.8799,129059.7656,685.1142,0.0000,4.6914,47260.5
4627,129744.8799,129059.7656,685.1142,0.0000,4.6914,47270.9
4628,129744.8799,129059.7656,685.1142,0.0185,4.69088,47280.9
4629,129744.8799,129059.7656,685.1142,0.0185,4.69568,47291.4
4630,129744.8799,129059.7656,685.1142,0.0000,4.69568,47302.0
4631,129744.8799,129059.7656,685.1142,0.0000,4.69568,47312.4
4632,129744.8799,129059.7656,685.1142,0.0000,4.69568,47323.0
4633,129744.8799,129059.7656,685.1142,0.0000,4.69568,47333.5
4634,129744.8799,129059.7656,685.1142,0.0000,4.69568,47344.1
4635,129744.8799,129059.7656,685.1142,0.0000,4.69568,47354.4
4636,129744.8799,129059.7656,685.1142,0.0000,4.69568,47364.6
4637,129744.8799,129059.7656,685.1142,0.0000,4.69568,47375.3
4638,129744.8799,129059.7656,685.1142,0.0000,4.69568,47385.9
4639,129744.8799,129059.7656,685.1142,0.0000,4.69568,47396.3
4640,129744.8799,129059.7656,685.1142,0.0000,4.69568,47407.1
4641,129744.8799,129059.7656,685.1142,0.0185,4.69273,47417.5
4642,129744.8799,129059.7656,685.1142,0.0000,4.69273,47427.6
4643,129744.8799,129059.7656,685.1142,0.0000,4.69273,47438.1
4644,129744.8799,129059.7656,685.1142,0.0000,4.69273,47448.7
4645,129744.8799,129059.7656,685.1142,0.0000,4.69273,47459.4
4646,129744.8799,129059.7656,685.1142,0.0000,4.69273,47469.8
4647,129744.8799,129059.7656,685.1142,0.0185,4.70121,47480.4
4648,129744.8799,129059.7656,685.1142,0.0000,4.70121,47490.7
4649,129744.8799,129059.7656,685.1142,0.0000,4.70121,47500.7
4650,129744.8799,129059.7656,685.1142,0.0000,4.70121,47511.2
4651,129744.8799,129059.7656,685.1142,0.0000,4.70121,47521.4
4652,129744.8799,129059.7656,685.1142,0.0000,4.70121,47531.6
4653,129744.8799,129059.7656,685.1142,0.0000,4.70121,47541.8
4654,129744.8799,129059.7656,685.1142,0.0000,4.70121,47552.5
4655,129744.8799,129059.7656,685.1142,0.0000,4.70121,47562.8
4656,129744.8799,129059.7656,685.1142,0.0000,4.70121,47572.9
4657,129744.8799,129059.7656,685.1142,0.0000,4.70121,47583.3
4658,129744.8799,129059.7656,685.1142,0.0000,4.70121,47593.6
4659,129744.8799,129059.7656,685.1142,0.0000,4.70121,47604.2
4660,129744.8799,129059.7656,685.1142,0.0000,4.70121,47614.3
4661,129744.8799,129059.7656,685.1142,0.0000,4.70121,47624.9
4662,129744.8799,129059.7656,685.1142,0.0000,4.70121,47635.5
4663,129744.8799,129059.7656,685.1142,0.0000,4.70121,47645.9
4664,129744.8799,129059.7656,685.1142,0.0000,4.70121,47656.2
4665,129744.8799,129059.7656,685.1142,0.0000,4.70121,47666.6
4666,129744.8799,129059.7656,685.1142,0.0000,4.70121,47677.2
4667,129744.8799,129059.7656,685.1142,0.0000,4.70121,47687.2
4668,129744.8799,129059.7656,685.1142,0.0370,4.70434,47697.1
4669,129744.8799,129059.7656,685.1142,0.0185,4.71742,47707.7
4670,129744.8799,129059.7656,685.1142,0.0000,4.71742,47718.4
4671,129744.8799,129059.7656,685.1142,0.0000,4.71742,47728.6
4672,129744.8799,129059.7656,685.1142,0.0000,4.71742,47739.2
4673,129744.8799,129059.7656,685.1142,0.0370,4.71471,47749.4
4674,129744.8799,129059.7656,685.1142,0.0185,4.71815,47759.6
4675,129744.8799,129059.7656,685.1142,0.0000,4.71815,47770.2
4676,129744.8799,129059.7656,685.1142,0.0000,4.71815,47780.7
4677,129744.8799,129059.7656,685.1142,0.0000,4.71815,47791.2
4678,129744.8799,129059.7656,685.1142,0.0000,4.71815,47801.3
4679,129744.8799,129059.7656,685.1142,0.0000,4.71815,47812.2
4680,129744.8799,129059.7656,685.1142,0.0000,4.71815,47822.5
4681,129744.8799,129059.7656,685.1142,0.0000,4.71815,47832.8
4682,129744.8799,129059.7656,685.1142,0.0000,4.71815,47842.9
4683,129744.8799,129059.7656,685.1142,0.0000,4.71815,47853.4
4684,129744.8799,129059.7656,685.1142,0.0000,4.71815,47863.9
4685,129744.8799,129059.7656,685.1142,0.0000,4.71815,47874.6
4686,129744.8799,129059.7656,685.1142,0.0000,4.71815,47885.0
4687,129744.8799,129059.7656,685.1142,0.0000,4.71815,47895.2
4688,129744.8799,129059.7656,685.1142,0.0000,4.71815,47905.6
4689,129744.8799,129059.7656,685.1142,0.0000,4.71815,47915.7
4690,129744.8799,129059.7656,685.1142,0.0185,4.69365,47926.3
4691,129744.8799,129059.7656,685.1142,0.0000,4.69365,47936.7
4692,129744.8799,129059.7656,685.1142,0.0185,4.75688,47947.5
4693,129744.8799,129059.7656,685.1142,0.0000,4.75688,47957.7
4694,129744.8799,129059.7656,685.1142,0.0000,4.75688,47968.3
4695,129744.8799,129059.7656,685.1142,0.0000,4.75688,47978.8
4696,129744.8799,129059.7656,685.1142,0.0000,4.75688,47989.5
4697,129744.8799,129059.7656,685.1142,0.0370,4.76825,47999.7
4698,129744.8799,129059.7656,685.1142,0.0000,4.76825,48009.8
4699,129744.8799,129059.7656,685.1142,0.0000,4.76825,48020.4
4700,129744.8799,129059.7656,685.1142,0.0000,4.76825,48030.8
4701,129744.8799,129059.7656,685.1142,0.0000,4.76825,48041.6
4702,129744.8799,129059.7656,685.1142,0.0000,4.76825,48051.9
4703,129744.8799,129059.7656,685.1142,0.0000,4.76825,48062.2
4704,129744.8799,129059.7656,685.1142,0.0000,4.76825,48072.6
4705,129744.8799,129059.7656,685.1142,0.0000,4.76825,48083.4
4706,129744.8799,129059.7656,685.1142,0.0000,4.76825,48094.1
4707,129744.8799,129059.7656,685.1142,0.0000,4.76825,48104.8
4708,129744.8799,129059.7656,685.1142,0.0000,4.76825,48114.8
4709,129744.8799,129059.7656,685.1142,0.0000,4.76825,48125.6
4710,129744.8799,129059.7656,685.1142,0.0000,4.76825,48136.5
4711,129744.8799,129059.7656,685.1142,0.0000,4.76825,48146.6
4712,129744.8799,129059.7656,685.1142,0.0000,4.76825,48157.4
4713,129744.8799,129059.7656,685.1142,0.0000,4.76825,48167.6
4714,129744.8799,129059.7656,685.1142,0.0000,4.76825,48177.9
4715,129744.8799,129059.7656,685.1142,0.0000,4.76825,48188.2
4716,129744.8799,129059.7656,685.1142,0.0000,4.76825,48198.6
4717,129744.8799,129059.7656,685.1142,0.0000,4.76825,48208.8
4718,129744.8799,129059.7656,685.1142,0.0000,4.76825,48219.4
4719,129744.8799,129059.7656,685.1142,0.0000,4.76825,48230.2
4720,129744.8799,129059.7656,685.1142,0.0000,4.76825,48240.4
4721,129744.8799,129059.7656,685.1142,0.0185,4.79385,48250.7
4722,129744.8799,129059.7656,685.1142,0.0000,4.79385,48261.5
4723,129744.8799,129059.7656,685.1142,0.0000,4.79385,48272.1
4724,129744.8799,129059.7656,685.1142,0.0000,4.79385,48282.5
4725,129744.8799,129059.7656,685.1142,0.0000,4.79385,48293.3
4726,129744.8799,129059.7656,685.1142,0.0000,4.79385,48303.8
4727,129744.8799,129059.7656,685.1142,0.0000,4.79385,48314.4
4728,129744.8799,129059.7656,685.1142,0.0000,4.79385,48324.6
4729,129744.8799,129059.7656,685.1142,0.0000,4.79385,48335.2
4730,129744.8799,129059.7656,685.1142,0.0000,4.79385,48345.7
4731,129744.8799,129059.7656,685.1142,0.0000,4.79385,48356.6
4732,129744.8799,129059.7656,685.1142,0.0000,4.79385,48367.1
4733,129744.8799,129059.7656,685.1142,0.0000,4.79385,48377.6
4734,129744.8799,129059.7656,685.1142,0.0000,4.79385,48387.9
4735,129744.8799,129059.7656,685.1142,0.0000,4.79385,48398.4
4736,129744.8799,129059.7656,685.1142,0.0000,4.79385,48409.2
4737,129744.8799,129059.7656,685.1142,0.0000,4.79385,48419.9
4738,129744.8799,129059.7656,685.1142,0.0000,4.79385,48430.1
4739,129744.8799,129059.7656,685.1142,0.0000,4.79385,48440.9
4740,129744.8799,129059.7656,685.1142,0.0000,4.79385,48451.7
4741,129744.8799,129059.7656,685.1142,0.0000,4.79385,48462.3
4742,129744.8799,129059.7656,685.1142,0.0000,4.79385,48472.5
4743,129744.8799,129059.7656,685.1142,0.0000,4.79385,48482.8
4744,129744.8799,129059.7656,685.1142,0.0000,4.79385,48493.1
4745,129744.8799,129059.7656,685.1142,0.0000,4.79385,48503.8
4746,129744.8799,129059.7656,685.1142,0.0000,4.79385,48514.2
4747,129744.8799,129059.7656,685.1142,0.0000,4.79385,48524.9
4748,129744.8799,129059.7656,685.1142,0.0000,4.79385,48535.3
4749,129744.8799,129059.7656,685.1142,0.0000,4.79385,48545.7
4750,129744.8799,129059.7656,685.1142,0.0000,4.79385,48556.4
4751,129744.8799,129059.7656,685.1142,0.0000,4.79385,48567.2
4752,129744.8799,129059.7656,685.1142,0.0000,4.79385,48577.4
4753,129744.8799,129059.7656,685.1142,0.0000,4.79385,48587.6
4754,129744.8799,129059.7656,685.1142,0.0000,4.79385,48598.4
4755,129744.8799,129059.7656,685.1142,0.0000,4.79385,48609.1
4756,129744.8799,129059.7656,685.1142,0.0000,4.79385,48619.6
4757,129744.8799,129059.7656,685.1142,0.0000,4.79385,48630.1
4758,129744.8799,129059.7656,685.1142,0.0000,4.79385,48640.3
4759,129744.8799,129059.7656,685.1142,0.0000,4.79385,48651.2
4760,129744.8799,129059.7656,685.1142,0.0000,4.79385,48661.4
4761,129744.8799,129059.7656,685.1142,0.0000,4.79385,48671.8
4762,129744.8799,129059.7656,685.1142,0.0000,4.79385,48682.1
4763,129744.8799,129059.7656,685.1142,0.0000,4.79385,48692.7
4764,129744.8799,129059.7656,685.1142,0.0185,4.80558,48703.0
4765,129744.8799,129059.7656,685.1142,0.0185,4.80753,48713.3
4766,129744.8799,129059.7656,685.1142,0.0000,4.80753,48723.6
4767,129744.8799,129059.7656,685.1142,0.0000,4.80753,48734.1
4768,129744.8799,129059.7656,685.1142,0.0000,4.80753,48744.5
4769,129744.8799,129059.7656,685.1142,0.0000,4.80753,48754.7
4770,129744.8799,129059.7656,685.1142,0.0000,4.80753,48765.1
4771,129744.8799,129059.7656,685.1142,0.0000,4.80753,48775.8
4772,129744.8799,129059.7656,685.1142,0.0000,4.80753,48786.6
4773,129744.8799,129059.7656,685.1142,0.0000,4.80753,48796.8
4774,129744.8799,129059.7656,685.1142,0.0000,4.80753,48807.1
4775,129744.8799,129059.7656,685.1142,0.0000,4.80753,48817.5
4776,129744.8799,129059.7656,685.1142,0.0000,4.80753,48828.2
4777,129744.8799,129059.7656,685.1142,0.0000,4.80753,48838.6
4778,129744.8799,129059.7656,685.1142,0.0000,4.80753,48848.9
4779,129744.8799,129059.7656,685.1142,0.0000,4.80753,48859.4
4780,129744.8799,129059.7656,685.1142,0.0000,4.80753,48870.0
4781,129744.8799,129059.7656,685.1142,0.0000,4.80753,48880.4
4782,129744.8799,129059.7656,685.1142,0.0000,4.80753,48891.0
4783,129744.8799,129059.7656,685.1142,0.0000,4.80753,48901.7
4784,129744.8799,129059.7656,685.1142,0.0000,4.80753,48912.5
4785,129744.8799,129059.7656,685.1142,0.0000,4.80753,48922.9
4786,129744.8799,129059.7656,685.1142,0.0000,4.80753,48933.2
4787,129744.8799,129059.7656,685.1142,0.0000,4.80753,48943.4
4788,129744.8799,129059.7656,685.1142,0.0000,4.80753,48953.7
4789,129744.8799,129059.7656,685.1142,0.0000,4.80753,48964.3
4790,129744.8799,129059.7656,685.1142,0.0185,4.78701,48974.5
4791,129744.8799,129059.7656,685.1142,0.0000,4.78701,48985.1
4792,129744.8799,129059.7656,685.1142,0.0000,4.78701,48995.8
4793,129744.8799,129059.7656,685.1142,0.0000,4.78701,49006.1
4794,129744.8799,129059.7656,685.1142,0.0000,4.78701,49016.3
4795,129744.8799,129059.7656,685.1142,0.0000,4.78701,49026.5
4796,129744.8799,129059.7656,685.1142,0.0000,4.78701,49037.1
4797,129744.8799,129059.7656,685.1142,0.0000,4.78701,49047.6
4798,129744.8799,129059.7656,685.1142,0.0000,4.78701,49057.9
4799,129744.8799,129059.7656,685.1142,0.0000,4.78701,49068.4
4800,129744.8799,129059.7656,685.1142,0.0000,4.78701,49078.4
4801,129744.8799,129059.7656,685.1142,0.0000,4.78701,49089.2
4802,129744.8799,129059.7656,685.1142,0.0000,4.78701,49099.7
4803,129744.8799,129059.7656,685.1142,0.0000,4.78701,49110.6
4804,129744.8799,129059.7656,685.1142,0.0000,4.78701,49121.0
4805,129744.8799,129059.7656,685.1142,0.0000,4.78701,49131.6
4806,129744.8799,129059.7656,685.1142,0.0185,4.77709,49142.2
4807,129744.8799,129059.7656,685.1142,0.0000,4.77709,49152.4
4808,129744.8799,129059.7656,685.1142,0.0000,4.77709,49162.7
4809,129744.8799,129059.7656,685.1142,0.0000,4.77709,49173.1
4810,129744.8799,129059.7656,685.1142,0.0185,4.79775,49183.8
4811,129744.8799,129059.7656,685.1142,0.0000,4.79775,49194.5
4812,129744.8799,129059.7656,685.1142,0.0000,4.79775,49204.6
4813,129744.8799,129059.7656,685.1142,0.0000,4.79775,49214.9
4814,129744.8799,129059.7656,685.1142,0.0000,4.79775,49225.6
4815,129744.8799,129059.7656,685.1142,0.0000,4.79775,49236.0
4816,129744.8799,129059.7656,685.1142,0.0000,4.79775,49246.5
4817,129744.8799,129059.7656,685.1142,0.0185,4.81115,49257.1
4818,129744.8799,129059.7656,685.1142,0.0000,4.81115,49267.2
4819,129744.8799,129059.7656,685.1142,0.0000,4.81115,49277.5
4820,129744.8799,129059.7656,685.1142,0.0000,4.81115,49287.8
4821,129744.8799,129059.7656,685.1142,0.0000,4.81115,49298.4
4822,129744.8799,129059.7656,685.1142,0.0000,4.81115,49308.8
4823,129744.8799,129059.7656,685.1142,0.0000,4.81115,49319.3
4824,129744.8799,129059.7656,685.1142,0.0000,4.81115,49329.9
4825,129744.8799,129059.7656,685.1142,0.0000,4.81115,49340.5
4826,129744.8799,129059.7656,685.1142,0.0000,4.81115,49350.8
4827,129744.8799,129059.7656,685.1142,0.0000,4.81115,49361.7
4828,129744.8799,129059.7656,685.1142,0.0000,4.81115,49372.2
4829,129744.8799,129059.7656,685.1142,0.0000,4.81115,49382.4
4830,129744.8799,129059.7656,685.1142,0.0000,4.81115,49393.0
4831,129812.5297,129059.7656,752.7641,0.0185,4.84862,49403.6
4832,129812.5297,129059.7656,752.7641,0.0000,4.84862,49413.9
4833,129812.5297,129059.7656,752.7641,0.0000,4.84862,49424.5
4834,129812.5297,129059.7656,752.7641,0.0000,4.84862,49435.0
4835,129812.5297,129059.7656,752.7641,0.0000,4.84862,49445.5
4836,129812.5297,129059.7656,752.7641,0.0000,4.84862,49456.0
4837,129812.5297,129059.7656,752.7641,0.0000,4.84862,49466.3
4838,129812.5297,129059.7656,752.7641,0.0000,4.84862,49476.4
4839,129812.5297,129059.7656,752.7641,0.0000,4.84862,49486.8
4840,129812.5297,129059.7656,752.7641,0.0000,4.84862,49497.1
4841,129812.5297,129059.7656,752.7641,0.0000,4.84862,49507.8
4842,129812.5297,129059.7656,752.7641,0.0000,4.84862,49518.3
4843,129812.5297,129059.7656,752.7641,0.0000,4.84862,49528.6
4844,129812.5297,129059.7656,752.7641,0.0000,4.84862,49539.2
4845,129812.5297,129059.7656,752.7641,0.0000,4.84862,49549.6
4846,129812.5297,129059.7656,752.7641,0.0000,4.84862,49560.0
4847,129812.5297,129059.7656,752.7641,0.0000,4.84862,49570.2
4848,129812.5297,129059.7656,752.7641,0.0000,4.84862,49580.7
4849,129812.5297,129059.7656,752.7641,0.0000,4.84862,49591.3
4850,129812.5297,129059.7656,752.7641,0.0000,4.84862,49601.7
4851,129812.5297,129059.7656,752.7641,0.0000,4.84862,49612.1
4852,129812.5297,129059.7656,752.7641,0.0000,4.84862,49623.0
4853,129812.5297,129059.7656,752.7641,0.0000,4.84862,49633.8
4854,129812.5297,129059.7656,752.7641,0.0000,4.84862,49644.4
4855,129812.5297,129059.7656,752.7641,0.0000,4.84862,49654.8
4856,129812.5297,129059.7656,752.7641,0.0000,4.84862,49665.0
4857,129812.5297,129059.7656,752.7641,0.0000,4.84862,49675.6
4858,129812.5297,129059.7656,752.7641,0.0185,4.8687,49686.1
4859,129812.5297,129059.7656,752.7641,0.0000,4.8687,49696.4
4860,129812.5297,129059.7656,752.7641,0.0000,4.8687,49707.4
4861,129812.5297,129059.7656,752.7641,0.0000,4.8687,49717.9
4862,129812.5297,129059.7656,752.7641,0.0000,4.8687,49728.7
4863,129812.5297,129059.7656,752.7641,0.0000,4.8687,49739.2
4864,129812.5297,129059.7656,752.7641,0.0000,4.8687,49750.0
4865,129812.5297,129059.7656,752.7641,0.0000,4.8687,49760.7
4866,129812.5297,129059.7656,752.7641,0.0000,4.8687,49770.9
4867,129812.5297,129059.7656,752.7641,0.0000,4.8687,49781.3
4868,129812.5297,129059.7656,752.7641,0.0185,4.88217,49791.9
4869,129812.5297,129059.7656,752.7641,0.0000,4.88217,49802.6
4870,129812.5297,129059.7656,752.7641,0.0000,4.88217,49813.1
4871,129812.5297,129059.7656,752.7641,0.0000,4.88217,49823.8
4872,129812.5297,129059.7656,752.7641,0.0000,4.88217,49834.4
4873,129812.5297,129059.7656,752.7641,0.0000,4.88217,49845.0
4874,129812.5297,129059.7656,752.7641,0.0000,4.88217,49855.4
4875,129812.5297,129059.7656,752.7641,0.0000,4.88217,49865.8
4876,129812.5297,129059.7656,752.7641,0.0185,4.88433,49876.2
4877,129812.5297,129059.7656,752.7641,0.0000,4.88433,49886.9
4878,129812.5297,129059.7656,752.7641,0.0000,4.88433,49897.3
4879,129812.5297,129059.7656,752.7641,0.0185,4.87893,49908.1
4880,129812.5297,129059.7656,752.7641,0.0000,4.87893,49917.9
4881,129812.5297,129059.7656,752.7641,0.0000,4.87893,49928.0
4882,129812.5297,129059.7656,752.7641,0.0000,4.87893,49938.6
4883,129812.5297,129059.7656,752.7641,0.0000,4.87893,49948.9
4884,129812.5297,129059.7656,752.7641,0.0000,4.87893,49959.3
4885,129812.5297,129059.7656,752.7641,0.0185,4.8789,49970.0
4886,129812.5297,129059.7656,752.7641,0.0000,4.8789,49980.5
4887,129812.5297,129059.7656,752.7641,0.0000,4.8789,49991.1
4888,129812.5297,129059.7656,752.7641,0.0000,4.8789,50001.9
4889,129812.5297,129059.7656,752.7641,0.0185,4.87855,50012.3
4890,129812.5297,129059.7656,752.7641,0.0000,4.87855,50022.8
4891,129812.5297,129059.7656,752.7641,0.0000,4.87855,50033.6
4892,129812.5297,129059.7656,752.7641,0.0000,4.87855,50044.3
4893,129812.5297,129059.7656,752.7641,0.0000,4.87855,50054.6
4894,129812.5297,129059.7656,752.7641,0.0000,4.87855,50065.3
4895,129812.5297,129059.7656,752.7641,0.0000,4.87855,50075.7
4896,129812.5297,129059.7656,752.7641,0.0000,4.87855,50086.5
4897,129812.5297,129059.7656,752.7641,0.0000,4.87855,50097.0
4898,129812.5297,129059.7656,752.7641,0.0000,4.87855,50107.3
4899,129812.5297,129059.7656,752.7641,0.0000,4.87855,50117.9
4900,129812.5297,129059.7656,752.7641,0.0000,4.87855,50128.4
4901,129812.5297,129059.7656,752.7641,0.0000,4.87855,50138.7
4902,129812.5297,129059.7656,752.7641,0.0000,4.87855,50148.9
4903,129812.5297,129059.7656,752.7641,0.0185,4.82884,50159.2
4904,129812.5297,129059.7656,752.7641,0.0185,4.85211,50169.5
4905,129812.5297,129059.7656,752.7641,0.0000,4.85211,50180.2
4906,129812.5297,129059.7656,752.7641,0.0000,4.85211,50190.6
4907,129812.5297,129059.7656,752.7641,0.0185,4.8731,50201.2
4908,129812.5297,129059.7656,752.7641,0.0000,4.8731,50211.5
4909,129812.5297,129059.7656,752.7641,0.0000,4.8731,50221.9
4910,129812.5297,129059.7656,752.7641,0.0000,4.8731,50232.4
4911,129812.5297,129059.7656,752.7641,0.0000,4.8731,50243.2
4912,129812.5297,129059.7656,752.7641,0.0000,4.8731,50253.2
4913,129812.5297,129059.7656,752.7641,0.0000,4.8731,50263.5
4914,129812.5297,129059.7656,752.7641,0.0000,4.8731,50274.0
4915,129812.5297,129059.7656,752.7641,0.0185,4.86876,50284.8
4916,129812.5297,129059.7656,752.7641,0.0000,4.86876,50295.1
4917,129812.5297,129059.7656,752.7641,0.0000,4.86876,50305.4
4918,129812.5297,129059.7656,752.7641,0.0000,4.86876,50315.5
4919,129812.5297,129059.7656,752.7641,0.0000,4.86876,50326.0
4920,129812.5297,129059.7656,752.7641,0.0000,4.86876,50336.4
4921,129812.5297,129059.7656,752.7641,0.0000,4.86876,50347.2
4922,129812.5297,129059.7656,752.7641,0.0000,4.86876,50357.6
4923,129812.5297,129059.7656,752.7641,0.0000,4.86876,50367.8
4924,129812.5297,129059.7656,752.7641,0.0000,4.86876,50378.4
4925,129812.5297,129059.7656,752.7641,0.0000,4.86876,50388.7
4926,129812.5297,129059.7656,752.7641,0.0000,4.86876,50399.5
4927,129812.5297,129059.7656,752.7641,0.0000,4.86876,50410.1
4928,129812.5297,129059.7656,752.7641,0.0000,4.86876,50420.6
4929,129812.5297,129059.7656,752.7641,0.0000,4.86876,50430.6
4930,129812.5297,129059.7656,752.7641,0.0000,4.86876,50441.4
4931,129812.5297,129059.7656,752.7641,0.0000,4.86876,50452.2
4932,129812.5297,129059.7656,752.7641,0.0000,4.86876,50462.9
4933,129812.5297,129059.7656,752.7641,0.0000,4.86876,50473.3
4934,129812.5297,129059.7656,752.7641,0.0000,4.86876,50484.0
4935,129812.5297,129059.7656,752.7641,0.0000,4.86876,50494.4
4936,129812.5297,129059.7656,752.7641,0.0000,4.86876,50504.8
4937,129812.5297,129059.7656,752.7641,0.0000,4.86876,50515.0
4938,129812.5297,129059.7656,752.7641,0.0000,4.86876,50525.6
4939,129812.5297,129059.7656,752.7641,0.0000,4.86876,50536.4
4940,129812.5297,129059.7656,752.7641,0.0000,4.86876,50546.6
4941,129812.5297,129059.7656,752.7641,0.0000,4.86876,50557.2
4942,129812.5297,129059.7656,752.7641,0.0000,4.86876,50567.8
4943,129812.5297,129059.7656,752.7641,0.0000,4.86876,50578.1
4944,129812.5297,129076.5478,735.9819,0.0185,4.87309,50588.6
4945,129812.5297,129076.5478,735.9819,0.0185,4.85828,50599.3
4946,129812.5297,129076.5478,735.9819,0.0000,4.85828,50609.7
4947,129812.5297,129076.5478,735.9819,0.0000,4.85828,50619.9
4948,129812.5297,129076.5478,735.9819,0.0000,4.85828,50630.6
4949,129812.5297,129076.5478,735.9819,0.0000,4.85828,50640.7
4950,129812.5297,129076.5478,735.9819,0.0185,4.86822,50650.8
4951,129812.5297,129076.5478,735.9819,0.0000,4.86822,50661.1
4952,129812.5297,129076.5478,735.9819,0.0000,4.86822,50671.7
4953,129812.5297,129076.5478,735.9819,0.0185,4.86775,50682.2
4954,129812.5297,129076.5478,735.9819,0.0000,4.86775,50692.5
4955,129812.5297,129076.5478,735.9819,0.0000,4.86775,50702.7
4956,129812.5297,129076.5478,735.9819,0.0000,4.86775,50713.4
4957,129812.5297,129076.5478,735.9819,0.0000,4.86775,50723.5
4958,129812.5297,129076.5478,735.9819,0.0185,4.88888,50733.8
4959,129812.5297,129076.5478,735.9819,0.0000,4.88888,50744.7
4960,129812.5297,129076.5478,735.9819,0.0000,4.88888,50754.7
4961,129812.5297,129076.5478,735.9819,0.0000,4.88888,50765.2
4962,129812.5297,129076.5478,735.9819,0.0000,4.88888,50775.5
4963,129812.5297,129076.5478,735.9819,0.0000,4.88888,50786.1
4964,129812.5297,129076.5478,735.9819,0.0185,4.88881,50796.5
4965,129812.5297,129076.5478,735.9819,0.0000,4.88881,50806.7
4966,129812.5297,129076.5478,735.9819,0.0000,4.88881,50816.8
4967,129812.5297,129076.5478,735.9819,0.0000,4.88881,50827.2
4968,129812.5297,129076.5478,735.9819,0.0000,4.88881,50837.6
4969,129812.5297,129076.5478,735.9819,0.0000,4.88881,50848.1
4970,129812.5297,129076.5478,735.9819,0.0000,4.88881,50858.9
4971,129812.5297,129076.5478,735.9819,0.0000,4.88881,50869.2
4972,129812.5297,129076.5478,735.9819,0.0000,4.88881,50879.9
4973,129812.5297,129076.5478,735.9819,0.0000,4.88881,50890.4
4974,129812.5297,129076.5478,735.9819,0.0000,4.88881,50900.6
4975,129812.5297,129076.5478,735.9819,0.0000,4.88881,50911.5
4976,129812.5297,129076.5478,735.9819,0.0000,4.88881,50922.0
4977,129812.5297,129076.5478,735.9819,0.0000,4.88881,50932.7
4978,129812.5297,129076.5478,735.9819,0.0000,4.88881,50943.1
4979,129812.5297,129076.5478,735.9819,0.0000,4.88881,50953.9
4980,129812.5297,129076.5478,735.9819,0.0000,4.88881,50964.6
4981,129812.5297,129076.5478,735.9819,0.0000,4.88881,50975.6
4982,129812.5297,129076.5478,735.9819,0.0000,4.88881,50986.0
4983,129812.5297,129076.5478,735.9819,0.0000,4.88881,50996.2
4984,129812.5297,129076.5478,735.9819,0.0000,4.88881,51006.9
4985,129812.5297,129076.5478,735.9819,0.0000,4.88881,51017.2
4986,129812.5297,129076.5478,735.9819,0.0000,4.88881,51027.4
4987,129812.5297,129076.5478,735.9819,0.0000,4.88881,51037.9
4988,129812.5297,129076.5478,735.9819,0.0000,4.88881,51048.6
4989,129812.5297,129076.5478,735.9819,0.0000,4.88881,51059.4
4990,129812.5297,129076.5478,735.9819,0.0000,4.88881,51069.5
4991,129812.5297,129076.5478,735.9819,0.0000,4.88881,51080.0
4992,129812.5297,129076.5478,735.9819,0.0000,4.88881,51090.7
4993,129812.5297,129076.5478,735.9819,0.0000,4.88881,51101.3
4994,129812.5297,129076.5478,735.9819,0.0185,4.89638,51112.0
4995,129812.5297,129076.5478,735.9819,0.0000,4.89638,51122.3
4996,129812.5297,129076.5478,735.9819,0.0000,4.89638,51132.8
4997,129812.5297,129076.5478,735.9819,0.0000,4.89638,51142.9
4998,129812.5297,129076.5478,735.9819,0.0000,4.89638,51153.3
4999,129812.5297,129076.5478,735.9819,0.0000,4.89638,51163.9
5000,129812.5297,129076.5478,735.9819,0.0185,4.90325,51174.4
5001,129812.5297,129076.5478,735.9819,0.0000,4.90325,51184.8
5002,129812.5297,129076.5478,735.9819,0.0000,4.90325,51195.0
5003,129812.5297,129076.5478,735.9819,0.0000,4.90325,51205.7
5004,129812.5297,129076.5478,735.9819,0.0000,4.90325,51216.1
5005,129812.5297,129076.5478,735.9819,0.0000,4.90325,51226.8
5006,129812.5297,129076.5478,735.9819,0.0185,4.9034,51236.8
5007,129812.5297,129076.5478,735.9819,0.0000,4.9034,51247.5
5008,129812.5297,129076.5478,735.9819,0.0185,4.89878,51258.3
5009,129812.5297,129076.5478,735.9819,0.0000,4.89878,51268.2
5010,129812.5297,129076.5478,735.9819,0.0000,4.89878,51278.5
5011,129812.5297,129076.5478,735.9819,0.0000,4.89878,51288.7
5012,129812.5297,129076.5478,735.9819,0.0000,4.89878,51299.3
5013,129812.5297,129076.5478,735.9819,0.0000,4.89878,51309.4
5014,129812.5297,129076.5478,735.9819,0.0000,4.89878,51319.8
5015,129812.5297,129076.5478,735.9819,0.0000,4.89878,51330.2
5016,129812.5297,129076.5478,735.9819,0.0000,4.89878,51340.5
5017,129812.5297,129076.5478,735.9819,0.0000,4.89878,51350.6
5018,129812.5297,129076.5478,735.9819,0.0000,4.89878,51361.0
5019,129812.5297,129076.5478,735.9819,0.0000,4.89878,51371.2
5020,129812.5297,129076.5478,735.9819,0.0000,4.89878,51381.7
5021,129812.5297,129076.5478,735.9819,0.0000,4.89878,51392.1
5022,129812.5297,129076.5478,735.9819,0.0000,4.89878,51402.4
5023,129812.5297,129076.5478,735.9819,0.0185,4.90598,51412.6
5024,129812.5297,129076.5478,735.9819,0.0000,4.90598,51423.1
5025,129812.5297,129076.5478,735.9819,0.0000,4.90598,51433.3
5026,129812.5297,129076.5478,735.9819,0.0185,4.90437,51443.9
5027,129812.5297,129076.5478,735.9819,0.0000,4.90437,51454.2
5028,129812.5297,129076.5478,735.9819,0.0000,4.90437,51464.3
5029,129812.5297,129076.5478,735.9819,0.0000,4.90437,51474.5
5030,129812.5297,129076.5478,735.9819,0.0000,4.90437,51484.6
5031,129812.5297,129076.5478,735.9819,0.0185,4.91091,51494.6
5032,129812.5297,129076.5478,735.9819,0.0000,4.91091,51505.2
5033,129812.5297,129076.5478,735.9819,0.0000,4.91091,51515.5
5034,129812.5297,129076.5478,735.9819,0.0000,4.91091,51525.8
5035,129812.5297,129076.5478,735.9819,0.0000,4.91091,51536.2
5036,129812.5297,129076.5478,735.9819,0.0000,4.91091,51546.4
5037,129812.5297,129076.5478,735.9819,0.0000,4.91091,51556.6
5038,129812.5297,129076.5478,735.9819,0.0185,4.91478,51567.1
5039,129812.5297,129076.5478,735.9819,0.0000,4.91478,51577.4
5040,129812.5297,129076.5478,735.9819,0.0000,4.91478,51587.8
5041,129812.5297,129076.5478,735.9819,0.0000,4.91478,51598.1
5042,129812.5297,129076.5478,735.9819,0.0000,4.91478,51608.3
5043,129812.5297,129076.5478,735.9819,0.0000,4.91478,51618.4
5044,129812.5297,129076.5478,735.9819,0.0000,4.91478,51628.9
5045,129812.5297,129076.5478,735.9819,0.0000,4.91478,51639.6
5046,129812.5297,129076.5478,735.9819,0.0000,4.91478,51649.9
5047,129812.5297,129076.5478,735.9819,0.0185,4.93233,51660.1
5048,129812.5297,129076.5478,735.9819,0.0185,4.9052,51670.3
5049,129812.5297,129076.5478,735.9819,0.0000,4.9052,51680.6
5050,129812.5297,129076.5478,735.9819,0.0185,4.89183,51690.7
5051,129812.5297,129076.5478,735.9819,0.0000,4.89183,51700.8
5052,129812.5297,129076.5478,735.9819,0.0000,4.89183,51710.8
5053,129812.5297,129076.5478,735.9819,0.0000,4.89183,51721.1
5054,129812.5297,129076.5478,735.9819,0.0000,4.89183,51731.4
5055,129812.5297,129076.5478,735.9819,0.0000,4.89183,51742.3
5056,129812.5297,129076.5478,735.9819,0.0000,4.89183,51752.9
5057,129812.5297,129076.5478,735.9819,0.0000,4.89183,51763.2
5058,129812.5297,129076.5478,735.9819,0.0000,4.89183,51773.3
5059,129812.5297,129076.5478,735.9819,0.0000,4.89183,51783.4
5060,129812.5297,129076.5478,735.9819,0.0000,4.89183,51794.0
5061,129812.5297,129076.5478,735.9819,0.0000,4.89183,51804.4
5062,129812.5297,129076.5478,735.9819,0.0000,4.89183,51815.0
5063,129812.5297,129076.5478,735.9819,0.0000,4.89183,51825.2
5064,129812.5297,129076.5478,735.9819,0.0000,4.89183,51835.4
5065,129812.5297,129076.5478,735.9819,0.0000,4.89183,51845.8
5066,129812.5297,129093.1295,719.4002,0.0185,4.88958,51856.2
5067,129812.5297,129093.1295,719.4002,0.0000,4.88958,51866.5
5068,129812.5297,129093.1295,719.4002,0.0000,4.88958,51877.3
5069,129812.5297,129093.1295,719.4002,0.0185,4.86721,51887.4
5070,129812.5297,129093.1295,719.4002,0.0000,4.86721,51897.4
5071,129812.5297,129093.1295,719.4002,0.0000,4.86721,51907.6
5072,129812.5297,129093.1295,719.4002,0.0000,4.86721,51918.0
5073,129812.5297,129093.1295,719.4002,0.0000,4.86721,51928.3
5074,129812.5297,129093.1295,719.4002,0.0000,4.86721,51938.7
5075,129812.5297,129093.1295,719.4002,0.0000,4.86721,51949.0
5076,129812.5297,129093.1295,719.4002,0.0000,4.86721,51959.5
5077,129812.5297,129093.1295,719.4002,0.0000,4.86721,51969.7
5078,129812.5297,129093.1295,719.4002,0.0000,4.86721,51980.2
5079,129812.5297,129093.1295,719.4002,0.0000,4.86721,51990.6
5080,129812.5297,129093.1295,719.4002,0.0000,4.86721,52001.4
5081,129812.5297,129093.1295,719.4002,0.0000,4.86721,52011.8
5082,129812.5297,129093.1295,719.4002,0.0000,4.86721,52022.7
5083,129812.5297,129093.1295,719.4002,0.0000,4.86721,52033.2
5084,129812.5297,129093.1295,719.4002,0.0000,4.86721,52043.5
5085,129812.5297,129093.1295,719.4002,0.0000,4.86721,52054.1
5086,129812.5297,129093.1295,719.4002,0.0000,4.86721,52064.3
5087,129812.5297,129093.1295,719.4002,0.0000,4.86721,52074.6
5088,129812.5297,129093.1295,719.4002,0.0000,4.86721,52085.0
5089,129812.5297,129093.1295,719.4002,0.0000,4.86721,52095.7
5090,129812.5297,129093.1295,719.4002,0.0000,4.86721,52106.5
5091,129812.5297,129093.1295,719.4002,0.0185,4.84913,52117.1
5092,129812.5297,129093.1295,719.4002,0.0000,4.84913,52127.4
5093,129812.5297,129093.1295,719.4002,0.0000,4.84913,52137.8
5094,129812.5297,129093.1295,719.4002,0.0000,4.84913,52148.2
5095,129812.5297,129093.1295,719.4002,0.0000,4.84913,52158.7
5096,129812.5297,129093.1295,719.4002,0.0000,4.84913,52169.4
5097,129812.5297,129093.1295,719.4002,0.0185,4.85729,52179.9
5098,129812.5297,129093.1295,719.4002,0.0000,4.85729,52190.6
5099,129812.5297,129093.1295,719.4002,0.0000,4.85729,52201.3
5100,129812.5297,129093.1295,719.4002,0.0000,4.85729,52211.5
5101,129812.5297,129093.1295,719.4002,0.0185,4.88467,52221.7
5102,129812.5297,129093.1295,719.4002,0.0000,4.88467,52232.2
5103,129812.5297,129093.1295,719.4002,0.0000,4.88467,52242.5
5104,129812.5297,129093.1295,719.4002,0.0000,4.88467,52252.8
5105,129812.5297,129093.1295,719.4002,0.0000,4.88467,52262.8
5106,129812.5297,129093.1295,719.4002,0.0000,4.88467,52273.2
5107,129812.5297,129093.1295,719.4002,0.0000,4.88467,52283.6
5108,129812.5297,129093.1295,719.4002,0.0000,4.88467,52294.3
5109,129812.5297,129093.1295,719.4002,0.0000,4.88467,52304.9
5110,129812.5297,129093.1295,719.4002,0.0000,4.88467,52314.9
5111,129812.5297,129093.1295,719.4002,0.0000,4.88467,52325.4
5112,129812.5297,129093.1295,719.4002,0.0185,4.84798,52335.5
5113,129812.5297,129093.1295,719.4002,0.0000,4.84798,52346.1
5114,129812.5297,129093.1295,719.4002,0.0000,4.84798,52356.5
5115,129812.5297,129093.1295,719.4002,0.0000,4.84798,52367.2
5116,129812.5297,129093.1295,719.4002,0.0000,4.84798,52377.6
5117,129812.5297,129093.1295,719.4002,0.0000,4.84798,52387.9
5118,129812.5297,129093.1295,719.4002,0.0185,4.84506,52398.0
5119,129812.5297,129093.1295,719.4002,0.0185,4.82966,52408.4
5120,129812.5297,129093.1295,719.4002,0.0000,4.82966,52418.5
5121,129812.5297,129093.1295,719.4002,0.0000,4.82966,52429.3
5122,129812.5297,129093.1295,719.4002,0.0000,4.82966,52439.8
5123,129812.5297,129093.1295,719.4002,0.0000,4.82966,52450.1
5124,129812.5297,129093.1295,719.4002,0.0000,4.82966,52460.0
5125,129812.5297,129093.1295,719.4002,0.0000,4.82966,52470.6
5126,129812.5297,129093.1295,719.4002,0.0000,4.82966,52481.3
5127,129812.5297,129093.1295,719.4002,0.0000,4.82966,52491.7
5128,129812.5297,129093.1295,719.4002,0.0000,4.82966,52502.2
5129,129812.5297,129093.1295,719.4002,0.0000,4.82966,52512.9
5130,129812.5297,129093.1295,719.4002,0.0000,4.82966,52523.6
5131,129812.5297,129093.1295,719.4002,0.0000,4.82966,52533.5
5132,129812.5297,129093.1295,719.4002,0.0000,4.82966,52543.4
5133,129812.5297,129093.1295,719.4002,0.0000,4.82966,52553.8
5134,129812.5297,129093.1295,719.4002,0.0000,4.82966,52564.2
5135,129812.5297,129093.1295,719.4002,0.0000,4.82966,52574.7
5136,129812.5297,129093.1295,719.4002,0.0000,4.82966,52585.4
5137,129812.5297,129093.1295,719.4002,0.0000,4.82966,52596.3
5138,129812.5297,129093.1295,719.4002,0.0000,4.82966,52606.7
5139,129812.5297,129093.1295,719.4002,0.0000,4.82966,52616.8
5140,129812.5297,129093.1295,719.4002,0.0000,4.82966,52626.8
5141,129812.5297,129093.1295,719.4002,0.0000,4.82966,52637.0
5142,129812.5297,129093.1295,719.4002,0.0000,4.82966,52647.5
5143,129812.5297,129093.1295,719.4002,0.0185,4.83189,52658.0
5144,129812.5297,129093.1295,719.4002,0.0000,4.83189,52668.2
5145,129812.5297,129093.1295,719.4002,0.0185,4.82989,52678.4
5146,129812.5297,129093.1295,719.4002,0.0185,4.83397,52688.7
5147,129812.5297,129093.1295,719.4002,0.0000,4.83397,52699.1
5148,129812.5297,129093.1295,719.4002,0.0000,4.83397,52709.6
5149,129812.5297,129093.1295,719.4002,0.0185,4.83841,52719.7
5150,129812.5297,129093.1295,719.4002,0.0000,4.83841,52730.1
5151,129812.5297,129093.1295,719.4002,0.0000,4.83841,52740.5
5152,129812.5297,129093.1295,719.4002,0.0000,4.83841,52751.0
5153,129812.5297,129093.1295,719.4002,0.0000,4.83841,52762.0
5154,129812.5297,129093.1295,719.4002,0.0000,4.83841,52772.6
5155,129812.5297,129093.1295,719.4002,0.0000,4.83841,52783.2
5156,129812.5297,129093.1295,719.4002,0.0000,4.83841,52793.4
5157,129812.5297,129093.1295,719.4002,0.0000,4.83841,52803.6
5158,129812.5297,129093.1295,719.4002,0.0000,4.83841,52814.2
5159,129812.5297,129093.1295,719.4002,0.0000,4.83841,52824.8
5160,129812.5297,129093.1295,719.4002,0.0000,4.83841,52835.0
5161,129812.5297,129093.1295,719.4002,0.0000,4.83841,52845.3
5162,129812.5297,129093.1295,719.4002,0.0000,4.83841,52855.7
5163,129812.5297,129093.1295,719.4002,0.0000,4.83841,52866.2
5164,129812.5297,129093.1295,719.4002,0.0000,4.83841,52876.7
5165,129812.5297,129093.1295,719.4002,0.0000,4.83841,52886.7
5166,129812.5297,129093.1295,719.4002,0.0000,4.83841,52897.3
5167,129812.5297,129093.1295,719.4002,0.0000,4.83841,52907.8
5168,129812.5297,129093.1295,719.4002,0.0000,4.83841,52917.8
5169,129812.5297,129093.1295,719.4002,0.0000,4.83841,52928.0
5170,129812.5297,129093.1295,719.4002,0.0000,4.83841,52938.2
5171,129812.5297,129093.1295,719.4002,0.0000,4.83841,52948.5
5172,129812.5297,129093.1295,719.4002,0.0000,4.83841,52958.8
5173,129812.5297,129093.1295,719.4002,0.0000,4.83841,52969.4
5174,129812.5297,129093.1295,719.4002,0.0000,4.83841,52979.9
5175,129812.5297,129093.1295,719.4002,0.0000,4.83841,52990.1
5176,129812.5297,129093.1295,719.4002,0.0000,4.83841,53000.4
5177,129812.5297,129093.1295,719.4002,0.0000,4.83841,53010.8
5178,129812.5297,129093.1295,719.4002,0.0000,4.83841,53021.3
5179,129812.5297,129093.1295,719.4002,0.0000,4.83841,53031.5
5180,129812.5297,129093.1295,719.4002,0.0000,4.83841,53041.8
5181,129812.5297,129093.1295,719.4002,0.0000,4.83841,53052.4
5182,129812.5297,129093.1295,719.4002,0.0000,4.83841,53063.2
5183,129812.5297,129093.1295,719.4002,0.0000,4.83841,53073.5
5184,129812.5297,129093.1295,719.4002,0.0000,4.83841,53083.9
5185,129812.5297,129093.1295,719.4002,0.0000,4.83841,53094.4
5186,129812.5297,129093.1295,719.4002,0.0000,4.83841,53104.7
5187,129812.5297,129093.1295,719.4002,0.0000,4.83841,53114.8
5188,129812.5297,129093.1295,719.4002,0.0000,4.83841,53125.2
5189,129812.5297,129093.1295,719.4002,0.0000,4.83841,53136.2
5190,129812.5297,129093.1295,719.4002,0.0000,4.83841,53146.4
5191,129812.5297,129093.1295,719.4002,0.0000,4.83841,53156.6
5192,129812.5297,129093.1295,719.4002,0.0000,4.83841,53167.0
5193,129812.5297,129093.1295,719.4002,0.0000,4.83841,53177.5
5194,129812.5297,129093.1295,719.4002,0.0000,4.83841,53188.3
5195,129812.5297,129093.1295,719.4002,0.0185,4.84282,53198.7
5196,129812.5297,129093.1295,719.4002,0.0185,4.84991,53209.3
5197,129812.5297,129093.1295,719.4002,0.0000,4.84991,53219.4
5198,129812.5297,129093.1295,719.4002,0.0000,4.84991,53229.4
5199,129812.5297,129093.1295,719.4002,0.0000,4.84991,53239.9
5200,129812.5297,129093.1295,719.4002,0.0185,4.85566,53250.4
5201,129812.5297,129093.1295,719.4002,0.0000,4.85566,53260.6
5202,129812.5297,129093.1295,719.4002,0.0000,4.85566,53270.7
5203,129812.5297,129093.1295,719.4002,0.0000,4.85566,53280.9
5204,129812.5297,129093.1295,719.4002,0.0000,4.85566,53291.5
5205,129812.5297,129093.1295,719.4002,0.0185,4.85143,53301.4
5206,129812.5297,129093.1295,719.4002,0.0000,4.85143,53311.7
5207,129812.5297,129093.1295,719.4002,0.0000,4.85143,53322.5
5208,129812.5297,129093.1295,719.4002,0.0000,4.85143,53332.7
5209,129812.5297,129093.1295,719.4002,0.0185,4.8739,53343.2
5210,129812.5297,129093.1295,719.4002,0.0000,4.8739,53353.2
5211,129812.5297,129093.1295,719.4002,0.0000,4.8739,53363.3
5212,129812.5297,129093.1295,719.4002,0.0000,4.8739,53373.6
5213,129812.5297,129093.1295,719.4002,0.0185,4.86885,53384.1
5214,129812.5297,129093.1295,719.4002,0.0000,4.86885,53394.3
5215,129812.5297,129093.1295,719.4002,0.0000,4.86885,53404.6
5216,129812.5297,129093.1295,719.4002,0.0000,4.86885,53415.1
5217,129812.5297,129093.1295,719.4002,0.0000,4.86885,53425.8
5218,129812.5297,129093.1295,719.4002,0.0000,4.86885,53436.0
5219,129812.5297,129093.1295,719.4002,0.0000,4.86885,53446.6
5220,129812.5297,129093.1295,719.4002,0.0000,4.86885,53456.8
5221,129812.5297,129093.1295,719.4002,0.0000,4.86885,53467.5
5222,129812.5297,129093.1295,719.4002,0.0000,4.86885,53477.8
5223,129812.5297,129093.1295,719.4002,0.0000,4.86885,53488.0
5224,129812.5297,129093.1295,719.4002,0.0000,4.86885,53498.1
5225,129812.5297,129093.1295,719.4002,0.0000,4.86885,53508.4
5226,129812.5297,129093.1295,719.4002,0.0000,4.86885,53518.8
5227,129812.5297,129093.1295,719.4002,0.0185,4.86293,53529.1
5228,129812.5297,129093.1295,719.4002,0.0000,4.86293,53539.2
5229,129812.5297,129093.1295,719.4002,0.0000,4.86293,53549.3
5230,129812.5297,129093.1295,719.4002,0.0000,4.86293,53559.7
5231,129812.5297,129093.1295,719.4002,0.0000,4.86293,53569.9
5232,129812.5297,129093.1295,719.4002,0.0000,4.86293,53580.3
5233,129812.5297,129093.1295,719.4002,0.0000,4.86293,53590.6
5234,129812.5297,129093.1295,719.4002,0.0185,4.87615,53600.7
5235,129812.5297,129093.1295,719.4002,0.0000,4.87615,53611.0
5236,129812.5297,129093.1295,719.4002,0.0000,4.87615,53621.3
5237,129812.5297,129093.1295,719.4002,0.0000,4.87615,53631.7
5238,129812.5297,129093.1295,719.4002,0.0000,4.87615,53642.1
5239,129812.5297,129093.1295,719.4002,0.0000,4.87615,53652.5
5240,129812.5297,129093.1295,719.4002,0.0000,4.87615,53663.3
5241,129812.5297,129093.1295,719.4002,0.0000,4.87615,53673.7
5242,129812.5297,129093.1295,719.4002,0.0000,4.87615,53683.8
5243,129812.5297,129093.1295,719.4002,0.0000,4.87615,53694.8
5244,129812.5297,129093.1295,719.4002,0.0000,4.87615,53705.0
5245,129812.5297,129093.1295,719.4002,0.0000,4.87615,53715.7
5246,129812.5297,129093.1295,719.4002,0.0000,4.87615,53726.1
5247,129812.5297,129093.1295,719.4002,0.0000,4.87615,53736.7
5248,129812.5297,129093.1295,719.4002,0.0000,4.87615,53746.9
5249,129812.5297,129093.1295,719.4002,0.0000,4.87615,53757.3
5250,129812.5297,129093.1295,719.4002,0.0000,4.87615,53767.6
5251,129812.5297,129093.1295,719.4002,0.0000,4.87615,53777.7
5252,129812.5297,129093.1295,719.4002,0.0000,4.87615,53788.1
5253,129812.5297,129093.1295,719.4002,0.0000,4.87615,53798.5
5254,129812.5297,129093.1295,719.4002,0.0000,4.87615,53808.7
5255,129812.5297,129093.1295,719.4002,0.0000,4.87615,53818.8
5256,129812.5297,129093.1295,719.4002,0.0000,4.87615,53829.0
5257,129812.5297,129093.1295,719.4002,0.0000,4.87615,53839.0
5258,129812.5297,129093.1295,719.4002,0.0000,4.87615,53849.5
5259,129812.5297,129093.1295,719.4002,0.0185,4.89342,53860.1
5260,129812.5297,129093.1295,719.4002,0.0000,4.89342,53870.6
5261,129812.5297,129093.1295,719.4002,0.0000,4.89342,53881.1
5262,129812.5297,129093.1295,719.4002,0.0000,4.89342,53891.9
5263,129812.5297,129093.1295,719.4002,0.0000,4.89342,53902.0
5264,129812.5297,129093.1295,719.4002,0.0000,4.89342,53912.5
5265,129812.5297,129093.1295,719.4002,0.0000,4.89342,53922.8
5266,129812.5297,129093.1295,719.4002,0.0000,4.89342,53933.1
5267,129812.5297,129093.1295,719.4002,0.0000,4.89342,53943.9
5268,129812.5297,129093.1295,719.4002,0.0000,4.89342,53954.3
5269,129812.5297,129093.1295,719.4002,0.0000,4.89342,53964.6
5270,129812.5297,129093.1295,719.4002,0.0000,4.89342,53975.1
5271,129812.5297,129093.1295,719.4002,0.0000,4.89342,53985.3
5272,129812.5297,129093.1295,719.4002,0.0000,4.89342,53995.5
5273,129812.5297,129093.1295,719.4002,0.0000,4.89342,54005.9
5274,129812.5297,129093.1295,719.4002,0.0000,4.89342,54016.3
5275,129812.5297,129093.1295,719.4002,0.0000,4.89342,54026.5
5276,129812.5297,129093.1295,719.4002,0.0000,4.89342,54037.2
5277,129812.5297,129093.1295,719.4002,0.0000,4.89342,54047.7
5278,129812.5297,129093.1295,719.4002,0.0000,4.89342,54058.1
5279,129812.5297,129093.1295,719.4002,0.0000,4.89342,54068.0
5280,129812.5297,129093.1295,719.4002,0.0185,4.89305,54078.3
5281,129812.5297,129093.1295,719.4002,0.0000,4.89305,54088.7
5282,129812.5297,129093.1295,719.4002,0.0000,4.89305,54098.8
5283,129812.5297,129093.1295,719.4002,0.0000,4.89305,54109.1
5284,129812.5297,129093.1295,719.4002,0.0000,4.89305,54119.9
5285,129812.5297,129093.1295,719.4002,0.0000,4.89305,54130.0
5286,129812.5297,129093.1295,719.4002,0.0000,4.89305,54140.1
5287,129812.5297,129093.1295,719.4002,0.0000,4.89305,54150.3
5288,129812.5297,129093.1295,719.4002,0.0000,4.89305,54160.5
5289,129812.5297,129093.1295,719.4002,0.0185,4.91615,54171.0
5290,129812.5297,129093.1295,719.4002,0.0000,4.91615,54181.4
5291,129812.5297,129093.1295,719.4002,0.0000,4.91615,54191.2
5292,129812.5297,129093.1295,719.4002,0.0185,4.91227,54201.2
5293,129812.5297,129093.1295,719.4002,0.0000,4.91227,54211.6
5294,129812.5297,129093.1295,719.4002,0.0000,4.91227,54222.0
5295,129812.5297,129093.1295,719.4002,0.0000,4.91227,54232.4
5296,129812.5297,129093.1295,719.4002,0.0000,4.91227,54242.8
5297,129812.5297,129093.1295,719.4002,0.0000,4.91227,54253.1
5298,129812.5297,129093.1295,719.4002,0.0000,4.91227,54263.8
5299,129812.5297,129093.1295,719.4002,0.0185,4.88502,54273.9
5300,129812.5297,129093.1295,719.4002,0.0185,4.88703,54284.4
5301,129812.5297,129093.1295,719.4002,0.0185,4.90682,54294.7
5302,129812.5297,129093.1295,719.4002,0.0000,4.90682,54305.3
5303,129812.5297,129093.1295,719.4002,0.0000,4.90682,54315.6
5304,129812.5297,129093.1295,719.4002,0.0000,4.90682,54325.7
5305,129812.5297,129093.1295,719.4002,0.0000,4.90682,54336.3
5306,129812.5297,129093.1295,719.4002,0.0000,4.90682,54346.5
5307,129812.5297,129093.1295,719.4002,0.0000,4.90682,54356.8
5308,129812.5297,129095.9247,716.6050,0.0185,4.89462,54367.0
5309,129812.5297,129095.9247,716.6050,0.0185,4.89145,54377.5
5310,129812.5297,129095.9247,716.6050,0.0000,4.89145,54388.1
5311,129812.5297,129095.9247,716.6050,0.0000,4.89145,54398.3
5312,129812.5297,129095.9247,716.6050,0.0000,4.89145,54408.7
5313,129812.5297,129095.9247,716.6050,0.0000,4.89145,54419.1
5314,129812.5297,129095.9247,716.6050,0.0000,4.89145,54429.5
5315,129812.5297,129095.9247,716.6050,0.0000,4.89145,54439.9
5316,129812.5297,129095.9247,716.6050,0.0000,4.89145,54450.3
5317,129812.5297,129095.9247,716.6050,0.0000,4.89145,54460.2
5318,129812.5297,129095.9247,716.6050,0.0000,4.89145,54470.2
5319,129812.5297,129095.9247,716.6050,0.0000,4.89145,54480.9
5320,129812.5297,129095.9247,716.6050,0.0000,4.89145,54491.2
5321,129812.5297,129095.9247,716.6050,0.0185,4.88281,54501.5
5322,129812.5297,129095.9247,716.6050,0.0000,4.88281,54511.9
5323,129812.5297,129095.9247,716.6050,0.0000,4.88281,54522.2
5324,129812.5297,129095.9247,716.6050,0.0185,4.87966,54532.9
5325,129812.5297,129095.9247,716.6050,0.0000,4.87966,54543.4
5326,129812.5297,129095.9247,716.6050,0.0000,4.87966,54553.6
5327,129812.5297,129095.9247,716.6050,0.0000,4.87966,54564.2
5328,129812.5297,129095.9247,716.6050,0.0000,4.87966,54574.5
5329,129812.5297,129095.9247,716.6050,0.0000,4.87966,54584.5
5330,129812.5297,129095.9247,716.6050,0.0000,4.87966,54594.8
5331,129812.5297,129095.9247,716.6050,0.0000,4.87966,54605.1
5332,129812.5297,129095.9247,716.6050,0.0000,4.87966,54615.1
5333,129812.5297,129095.9247,716.6050,0.0000,4.87966,54625.5
5334,129812.5297,129095.9247,716.6050,0.0000,4.87966,54635.8
5335,129812.5297,129095.9247,716.6050,0.0000,4.87966,54646.1
5336,129812.5297,129095.9247,716.6050,0.0000,4.87966,54656.0
5337,129812.5297,129095.9247,716.6050,0.0000,4.87966,54665.9
5338,129812.5297,129095.9247,716.6050,0.0000,4.87966,54676.2
5339,129812.5297,129095.9247,716.6050,0.0000,4.87966,54686.7
5340,129812.5297,129095.9247,716.6050,0.0000,4.87966,54697.3
5341,129812.5297,129095.9247,716.6050,0.0000,4.87966,54707.9
5342,129812.5297,129095.9247,716.6050,0.0000,4.87966,54718.5
5343,129812.5297,129095.9247,716.6050,0.0000,4.87966,54728.6
5344,129812.5297,129095.9247,716.6050,0.0000,4.87966,54738.9
5345,129812.5297,129095.9247,716.6050,0.0000,4.87966,54749.2
5346,129812.5297,129095.9247,716.6050,0.0000,4.87966,54759.7
5347,129812.5297,129095.9247,716.6050,0.0000,4.87966,54769.8
5348,129812.5297,129095.9247,716.6050,0.0000,4.87966,54780.2
5349,129812.5297,129095.9247,716.6050,0.0000,4.87966,54790.4
5350,129812.5297,129095.9247,716.6050,0.0000,4.87966,54800.6
5351,129812.5297,129095.9247,716.6050,0.0000,4.87966,54810.8
5352,129812.5297,129095.9247,716.6050,0.0000,4.87966,54821.1
5353,129812.5297,129095.9247,716.6050,0.0000,4.87966,54831.3
5354,129812.5297,129095.9247,716.6050,0.0000,4.87966,54841.3
5355,129812.5297,129095.9247,716.6050,0.0185,4.88025,54851.6
5356,129812.5297,129095.9247,716.6050,0.0185,4.9403,54862.2
5357,129812.5297,129095.9247,716.6050,0.0000,4.9403,54872.4
5358,129812.5297,129095.9247,716.6050,0.0000,4.9403,54882.9
5359,129812.5297,129095.9247,716.6050,0.0000,4.9403,54893.2
5360,129812.5297,129095.9247,716.6050,0.0000,4.9403,54903.7
5361,129812.5297,129114.5208,698.0089,0.0185,4.94482,54914.1
5362,129812.5297,129114.5208,698.0089,0.0000,4.94482,54924.1
5363,129812.5297,129114.5208,698.0089,0.0000,4.94482,54934.5
5364,129812.5297,129114.5208,698.0089,0.0000,4.94482,54945.1
5365,129812.5297,129114.5208,698.0089,0.0000,4.94482,54955.8
5366,129812.5297,129114.5208,698.0089,0.0000,4.94482,54966.3
5367,129812.5297,129114.5208,698.0089,0.0185,4.92983,54977.2
5368,129812.5297,129114.5208,698.0089,0.0000,4.92983,54987.7
5369,129812.5297,129114.5208,698.0089,0.0185,4.93543,54997.9
5370,129812.5297,129114.5208,698.0089,0.0000,4.93543,55008.3
5371,129812.5297,129114.5208,698.0089,0.0000,4.93543,55019.0
5372,129812.5297,129114.5208,698.0089,0.0000,4.93543,55029.4
5373,129812.5297,129114.5208,698.0089,0.0000,4.93543,55039.7
5374,129812.5297,129114.5208,698.0089,0.0000,4.93543,55049.8
5375,129812.5297,129114.5208,698.0089,0.0000,4.93543,55060.3
5376,129812.5297,129114.5208,698.0089,0.0000,4.93543,55070.7
5377,129812.5297,129114.5208,698.0089,0.0000,4.93543,55081.1
5378,129812.5297,129114.5208,698.0089,0.0000,4.93543,55091.7
5379,129812.5297,129114.5208,698.0089,0.0000,4.93543,55102.4
5380,129812.5297,129114.5208,698.0089,0.0000,4.93543,55112.6
5381,129812.5297,129114.5208,698.0089,0.0185,4.93673,55123.3
5382,129812.5297,129114.5208,698.0089,0.0000,4.93673,55133.5
5383,129812.5297,129114.5208,698.0089,0.0000,4.93673,55143.9
5384,129812.5297,129114.5208,698.0089,0.0000,4.93673,55154.2
5385,129812.5297,129114.5208,698.0089,0.0000,4.93673,55164.6
5386,129812.5297,129114.5208,698.0089,0.0000,4.93673,55175.1
5387,129812.5297,129114.5208,698.0089,0.0000,4.93673,55185.4
5388,129812.5297,129114.5208,698.0089,0.0000,4.93673,55195.4
5389,129812.5297,129114.5208,698.0089,0.0000,4.93673,55205.7
5390,129812.5297,129114.5208,698.0089,0.0000,4.93673,55215.7
5391,129812.5297,129114.5208,698.0089,0.0185,4.9357,55226.1
5392,129812.5297,129114.5208,698.0089,0.0000,4.9357,55236.6
5393,129812.5297,129114.5208,698.0089,0.0000,4.9357,55246.9
5394,129812.5297,129114.5208,698.0089,0.0000,4.9357,55257.0
5395,129812.5297,129114.5208,698.0089,0.0000,4.9357,55267.8
5396,129812.5297,129114.5208,698.0089,0.0000,4.9357,55278.3
5397,129812.5297,129114.5208,698.0089,0.0000,4.9357,55289.1
5398,129812.5297,129114.5208,698.0089,0.0000,4.9357,55299.6
5399,129812.5297,129114.5208,698.0089,0.0000,4.9357,55309.7
5400,129812.5297,129114.5208,698.0089,0.0000,4.9357,55320.3
5401,129812.5297,129114.5208,698.0089,0.0000,4.9357,55330.5
5402,129812.5297,129114.5208,698.0089,0.0000,4.9357,55340.9
5403,129812.5297,129114.5208,698.0089,0.0000,4.9357,55351.2
5404,129812.5297,129114.5208,698.0089,0.0000,4.9357,55361.6
5405,129812.5297,129114.5208,698.0089,0.0000,4.9357,55371.8
5406,129812.5297,129114.5208,698.0089,0.0185,4.94435,55382.2
5407,129812.5297,129114.5208,698.0089,0.0000,4.94435,55393.0
5408,129812.5297,129114.5208,698.0089,0.0000,4.94435,55403.7
5409,129812.5297,129114.5208,698.0089,0.0000,4.94435,55413.9
5410,129812.5297,129114.5208,698.0089,0.0000,4.94435,55424.1
5411,129812.5297,129114.5208,698.0089,0.0000,4.94435,55434.7
5412,129812.5297,129114.5208,698.0089,0.0000,4.94435,55445.2
5413,129812.5297,129114.5208,698.0089,0.0000,4.94435,55455.4
5414,129812.5297,129114.5208,698.0089,0.0000,4.94435,55465.6
5415,129812.5297,129114.5208,698.0089,0.0185,4.9379,55475.8
5416,129812.5297,129114.5208,698.0089,0.0000,4.9379,55486.3
5417,129812.5297,129114.5208,698.0089,0.0000,4.9379,55496.6
5418,129812.5297,129114.5208,698.0089,0.0185,4.92927,55507.2
5419,129812.5297,129114.5208,698.0089,0.0000,4.92927,55517.7
5420,129812.5297,129114.5208,698.0089,0.0000,4.92927,55527.8
5421,129812.5297,129114.5208,698.0089,0.0000,4.92927,55538.0
5422,129812.5297,129114.5208,698.0089,0.0000,4.92927,55548.7
5423,129812.5297,129114.5208,698.0089,0.0185,4.9322,55559.6
5424,129812.5297,129114.5208,698.0089,0.0185,4.93914,55569.8
5425,129812.5297,129114.5208,698.0089,0.0000,4.93914,55580.2
5426,129812.5297,129114.5208,698.0089,0.0000,4.93914,55590.7
5427,129812.5297,129114.5208,698.0089,0.0000,4.93914,55601.0
5428,129812.5297,129114.5208,698.0089,0.0185,4.93749,55611.3
5429,129812.5297,129114.5208,698.0089,0.0000,4.93749,55621.7
5430,129812.5297,129114.5208,698.0089,0.0000,4.93749,55632.4
5431,129812.5297,129114.5208,698.0089,0.0000,4.93749,55642.6
5432,129812.5297,129114.5208,698.0089,0.0000,4.93749,55653.0
5433,129812.5297,129114.5208,698.0089,0.0000,4.93749,55663.2
5434,129812.5297,129114.5208,698.0089,0.0000,4.93749,55673.5
5435,129812.5297,129114.5208,698.0089,0.0000,4.93749,55683.5
5436,129812.5297,129114.5208,698.0089,0.0000,4.93749,55693.9
5437,129812.5297,129114.5208,698.0089,0.0000,4.93749,55704.0
5438,129812.5297,129114.5208,698.0089,0.0000,4.93749,55714.4
5439,129812.5297,129114.5208,698.0089,0.0000,4.93749,55724.6
5440,129812.5297,129114.5208,698.0089,0.0000,4.93749,55735.1
5441,129812.5297,129114.5208,698.0089,0.0000,4.93749,55745.3
5442,129812.5297,129114.5208,698.0089,0.0000,4.93749,55755.7
5443,129812.5297,129114.5208,698.0089,0.0000,4.93749,55766.1
5444,129812.5297,129114.5208,698.0089,0.0000,4.93749,55776.4
5445,129812.5297,129114.5208,698.0089,0.0000,4.93749,55787.1
5446,129812.5297,129114.5208,698.0089,0.0000,4.93749,55797.2
5447,129812.5297,129114.5208,698.0089,0.0000,4.93749,55807.8
5448,129812.5297,129114.5208,698.0089,0.0000,4.93749,55818.1
5449,129812.5297,129114.5208,698.0089,0.0000,4.93749,55828.2
5450,129812.5297,129114.5208,698.0089,0.0000,4.93749,55838.7
5451,129812.5297,129114.5208,698.0089,0.0000,4.93749,55848.9
5452,129812.5297,129114.5208,698.0089,0.0000,4.93749,55858.9
5453,129812.5297,129114.5208,698.0089,0.0000,4.93749,55869.2
5454,129812.5297,129114.5208,698.0089,0.0000,4.93749,55879.3
5455,129812.5297,129114.5208,698.0089,0.0000,4.93749,55889.7
5456,129812.5297,129114.5208,698.0089,0.0000,4.93749,55900.1
5457,129812.5297,129114.5208,698.0089,0.0000,4.93749,55910.2
5458,129812.5297,129114.5208,698.0089,0.0000,4.93749,55920.7
5459,129812.5297,129119.1313,693.3984,0.0185,4.94761,55930.9
5460,129812.5297,129119.1313,693.3984,0.0000,4.94761,55941.4
5461,129812.5297,129119.1313,693.3984,0.0000,4.94761,55952.0
5462,129812.5297,129119.1313,693.3984,0.0000,4.94761,55962.3
5463,129812.5297,129119.1313,693.3984,0.0000,4.94761,55972.7
5464,129812.5297,129119.1313,693.3984,0.0000,4.94761,55983.1
5465,129812.5297,129119.1313,693.3984,0.0000,4.94761,55993.6
5466,129812.5297,129119.1313,693.3984,0.0000,4.94761,56003.9
5467,129812.5297,129119.1313,693.3984,0.0000,4.94761,56014.5
5468,129812.5297,129119.1313,693.3984,0.0000,4.94761,56024.9
5469,129812.5297,129119.1313,693.3984,0.0000,4.94761,56035.3
5470,129812.5297,129119.1313,693.3984,0.0000,4.94761,56046.4
5471,129812.5297,129119.1313,693.3984,0.0185,4.96165,56056.6
5472,129812.5297,129119.1313,693.3984,0.0000,4.96165,56066.8
5473,129812.5297,129119.1313,693.3984,0.0000,4.96165,56077.3
5474,129812.5297,129119.1313,693.3984,0.0000,4.96165,56087.6
5475,129812.5297,129119.1313,693.3984,0.0185,4.9707,56098.0
5476,129812.5297,129119.1313,693.3984,0.0000,4.9707,56108.4
5477,129812.5297,129119.1313,693.3984,0.0185,4.97187,56118.5
5478,129812.5297,129119.1313,693.3984,0.0000,4.97187,56128.9
5479,129812.5297,129119.1313,693.3984,0.0000,4.97187,56138.9
5480,129812.5297,129119.1313,693.3984,0.0000,4.97187,56149.4
5481,129812.5297,129119.1313,693.3984,0.0000,4.97187,56159.5
5482,129812.5297,129119.1313,693.3984,0.0000,4.97187,56170.0
5483,129812.5297,129119.1313,693.3984,0.0000,4.97187,56180.0
5484,129812.5297,129119.1313,693.3984,0.0000,4.97187,56190.7
5485,129812.5297,129119.1313,693.3984,0.0000,4.97187,56200.7
5486,129812.5297,129119.1313,693.3984,0.0000,4.97187,56211.1
5487,129812.5297,129119.1313,693.3984,0.0000,4.97187,56221.4
5488,129812.5297,129119.1313,693.3984,0.0000,4.97187,56231.5
5489,129812.5297,129119.1313,693.3984,0.0000,4.97187,56241.6
5490,129812.5297,129119.1313,693.3984,0.0000,4.97187,56252.1
5491,129812.5297,129119.1313,693.3984,0.0185,4.97526,56262.3
5492,129812.5297,129119.1313,693.3984,0.0000,4.97526,56272.6
5493,129812.5297,129119.1313,693.3984,0.0000,4.97526,56282.9
5494,129812.5297,129119.1313,693.3984,0.0000,4.97526,56293.8
5495,129812.5297,129119.1313,693.3984,0.0000,4.97526,56304.1
5496,129812.5297,129119.1313,693.3984,0.0000,4.97526,56314.5
5497,129812.5297,129119.1313,693.3984,0.0000,4.97526,56325.6
5498,129812.5297,129119.1313,693.3984,0.0000,4.97526,56336.4
5499,129812.5297,129119.1313,693.3984,0.0000,4.97526,56346.8
5500,129812.5297,129119.1313,693.3984,0.0000,4.97526,56356.9
5501,129812.5297,129119.1313,693.3984,0.0000,4.97526,56367.0
5502,129812.5297,129119.1313,693.3984,0.0000,4.97526,56377.5
5503,129812.5297,129119.1313,693.3984,0.0000,4.97526,56388.0
5504,129812.5297,129119.1313,693.3984,0.0000,4.97526,56398.4
5505,129812.5297,129119.1313,693.3984,0.0000,4.97526,56409.0
5506,129812.5297,129119.1313,693.3984,0.0185,4.9543,56419.6
5507,129812.5297,129119.1313,693.3984,0.0000,4.9543,56430.2
5508,129812.5297,129119.1313,693.3984,0.0000,4.9543,56440.4
5509,129812.5297,129119.1313,693.3984,0.0000,4.9543,56450.6
5510,129812.5297,129119.1313,693.3984,0.0000,4.9543,56460.8
5511,129812.5297,129119.1313,693.3984,0.0000,4.9543,56471.1
5512,129812.5297,129119.1313,693.3984,0.0000,4.9543,56481.5
5513,129812.5297,129119.1313,693.3984,0.0000,4.9543,56491.6
5514,129812.5297,129119.1313,693.3984,0.0000,4.9543,56502.0
5515,129812.5297,129119.1313,693.3984,0.0000,4.9543,56512.4
5516,129812.5297,129119.1313,693.3984,0.0000,4.9543,56522.8
5517,129812.5297,129119.1313,693.3984,0.0000,4.9543,56533.6
5518,129812.5297,129119.1313,693.3984,0.0000,4.9543,56543.8
5519,129812.5297,129119.1313,693.3984,0.0000,4.9543,56554.3
5520,129812.5297,129119.1313,693.3984,0.0000,4.9543,56564.9
5521,129812.5297,129119.1313,693.3984,0.0000,4.9543,56575.2
5522,129812.5297,129119.1313,693.3984,0.0000,4.9543,56586.0
5523,129812.5297,129119.1313,693.3984,0.0000,4.9543,56596.7
5524,129812.5297,129119.1313,693.3984,0.0000,4.9543,56607.1
5525,129812.5297,129119.1313,693.3984,0.0000,4.9543,56617.4
5526,129812.5297,129119.1313,693.3984,0.0000,4.9543,56627.7
5527,129812.5297,129119.1313,693.3984,0.0000,4.9543,56638.0
5528,129812.5297,129119.1313,693.3984,0.0000,4.9543,56648.3
5529,129812.5297,129119.1313,693.3984,0.0000,4.9543,56659.2
5530,129812.5297,129119.1313,693.3984,0.0000,4.9543,56670.3
5531,129812.5297,129119.1313,693.3984,0.0000,4.9543,56680.7
5532,129812.5297,129119.1313,693.3984,0.0000,4.9543,56691.4
5533,129812.5297,129119.1313,693.3984,0.0000,4.9543,56701.8
5534,129812.5297,129119.1313,693.3984,0.0000,4.9543,56712.4
5535,129812.5297,129119.1313,693.3984,0.0000,4.9543,56723.1
5536,129812.5297,129119.1313,693.3984,0.0185,4.92423,56733.7
5537,129812.5297,129119.1313,693.3984,0.0000,4.92423,56744.5
5538,129812.5297,129119.1313,693.3984,0.0000,4.92423,56755.0
5539,129812.5297,129119.1313,693.3984,0.0000,4.92423,56765.5
5540,129812.5297,129119.1313,693.3984,0.0000,4.92423,56775.7
5541,129812.5297,129119.1313,693.3984,0.0000,4.92423,56785.8
5542,129812.5297,129119.1313,693.3984,0.0000,4.92423,56796.3
5543,129812.5297,129119.1313,693.3984,0.0000,4.92423,56806.7
5544,129812.5297,129119.1313,693.3984,0.0000,4.92423,56816.8
5545,129812.5297,129119.1313,693.3984,0.0000,4.92423,56827.2
5546,129812.5297,129119.1313,693.3984,0.0000,4.92423,56837.7
5547,129812.5297,129119.1313,693.3984,0.0000,4.92423,56848.1
5548,129812.5297,129119.1313,693.3984,0.0000,4.92423,56858.4
5549,129812.5297,129119.1313,693.3984,0.0000,4.92423,56868.7
5550,129812.5297,129119.1313,693.3984,0.0000,4.92423,56879.0
5551,129812.5297,129119.1313,693.3984,0.0000,4.92423,56889.1
5552,129812.5297,129119.1313,693.3984,0.0000,4.92423,56899.3
5553,129812.5297,129119.1313,693.3984,0.0000,4.92423,56909.8
5554,129812.5297,129119.1313,693.3984,0.0000,4.92423,56920.1
5555,129812.5297,129119.1313,693.3984,0.0000,4.92423,56930.6
5556,129812.5297,129119.1313,693.3984,0.0000,4.92423,56940.9
5557,129812.5297,129119.1313,693.3984,0.0000,4.92423,56951.3
5558,129812.5297,129119.1313,693.3984,0.0185,4.93044,56961.8
5559,129812.5297,129119.1313,693.3984,0.0000,4.93044,56972.2
5560,129812.5297,129119.1313,693.3984,0.0000,4.93044,56982.3
5561,129812.5297,129119.1313,693.3984,0.0000,4.93044,56992.6
5562,129812.5297,129119.1313,693.3984,0.0185,4.92473,57002.9
5563,129812.5297,129119.1313,693.3984,0.0000,4.92473,57013.3
5564,129812.5297,129119.1313,693.3984,0.0000,4.92473,57023.7
5565,129812.5297,129119.1313,693.3984,0.0000,4.92473,57034.3
5566,129812.5297,129119.1313,693.3984,0.0000,4.92473,57044.8
5567,129812.5297,129119.1313,693.3984,0.0000,4.92473,57055.2
5568,129812.5297,129119.1313,693.3984,0.0000,4.92473,57065.7
5569,129812.5297,129119.1313,693.3984,0.0000,4.92473,57076.0
5570,129812.5297,129119.1313,693.3984,0.0185,4.89104,57086.2
5571,129812.5297,129119.1313,693.3984,0.0000,4.89104,57096.6
5572,129812.5297,129119.1313,693.3984,0.0000,4.89104,57107.3
5573,129812.5297,129119.1313,693.3984,0.0000,4.89104,57117.5
5574,129812.5297,129119.1313,693.3984,0.0000,4.89104,57127.9
5575,129812.5297,129119.1313,693.3984,0.0000,4.89104,57138.2
5576,129812.5297,129119.1313,693.3984,0.0000,4.89104,57148.5
5577,129812.5297,129119.1313,693.3984,0.0000,4.89104,57159.1
5578,129812.5297,129119.1313,693.3984,0.0000,4.89104,57170.0
5579,129812.5297,129119.1313,693.3984,0.0000,4.89104,57180.1
5580,129812.5297,129119.1313,693.3984,0.0000,4.89104,57190.9
5581,129812.5297,129119.1313,693.3984,0.0000,4.89104,57201.6
5582,129812.5297,129119.1313,693.3984,0.0000,4.89104,57211.9
5583,129812.5297,129119.1313,693.3984,0.0000,4.89104,57222.6
5584,129812.5297,129119.1313,693.3984,0.0000,4.89104,57233.0
5585,129812.5297,129119.1313,693.3984,0.0000,4.89104,57243.3
5586,129812.5297,129119.1313,693.3984,0.0000,4.89104,57253.4
5587,129812.5297,129119.1313,693.3984,0.0000,4.89104,57263.7
5588,129812.5297,129119.1313,693.3984,0.0000,4.89104,57274.2
5589,129812.5297,129119.1313,693.3984,0.0000,4.89104,57284.8
5590,129812.5297,129119.1313,693.3984,0.0000,4.89104,57295.1
5591,129812.5297,129119.1313,693.3984,0.0370,4.90261,57305.3
5592,129812.5297,129119.1313,693.3984,0.0000,4.90261,57316.1
5593,129812.5297,129119.1313,693.3984,0.0000,4.90261,57326.7
5594,129812.5297,129119.1313,693.3984,0.0185,4.92711,57337.1
5595,129812.5297,129119.1313,693.3984,0.0000,4.92711,57347.5
5596,129812.5297,129119.1313,693.3984,0.0000,4.92711,57357.8
5597,129812.5297,129119.1313,693.3984,0.0000,4.92711,57368.1
5598,129812.5297,129119.1313,693.3984,0.0000,4.92711,57378.7
5599,129812.5297,129119.1313,693.3984,0.0000,4.92711,57389.1
5600,129812.5297,129119.1313,693.3984,0.0000,4.92711,57399.4
5601,129812.5297,129119.1313,693.3984,0.0000,4.92711,57409.8
5602,129812.5297,129119.1313,693.3984,0.0000,4.92711,57419.9
5603,129812.5297,129119.1313,693.3984,0.0000,4.92711,57430.5
5604,129812.5297,129119.1313,693.3984,0.0000,4.92711,57440.7
5605,129812.5297,129119.1313,693.3984,0.0000,4.92711,57451.1
5606,129812.5297,129119.1313,693.3984,0.0185,4.97113,57461.5
5607,129812.5297,129119.1313,693.3984,0.0000,4.97113,57472.3
5608,129812.5297,129119.1313,693.3984,0.0000,4.97113,57482.7
5609,129812.5297,129119.1313,693.3984,0.0000,4.97113,57493.4
5610,129812.5297,129119.1313,693.3984,0.0000,4.97113,57503.7
5611,129812.5297,129119.1313,693.3984,0.0000,4.97113,57513.8
5612,129812.5297,129119.1313,693.3984,0.0000,4.97113,57524.2
5613,129812.5297,129119.1313,693.3984,0.0000,4.97113,57534.7
5614,129812.5297,129119.1313,693.3984,0.0000,4.97113,57544.8
5615,129812.5297,129119.1313,693.3984,0.0000,4.97113,57555.2
5616,129812.5297,129119.1313,693.3984,0.0000,4.97113,57565.4
5617,129812.5297,129119.1313,693.3984,0.0185,4.95825,57576.1
5618,129812.5297,129119.1313,693.3984,0.0000,4.95825,57586.3
5619,129812.5297,129119.1313,693.3984,0.0000,4.95825,57596.6
5620,129812.5297,129119.1313,693.3984,0.0000,4.95825,57606.8
5621,129812.5297,129119.1313,693.3984,0.0000,4.95825,57617.5
5622,129812.5297,129119.1313,693.3984,0.0370,4.98402,57627.6
5623,129812.5297,129119.1313,693.3984,0.0000,4.98402,57638.0
5624,129812.5297,129119.1313,693.3984,0.0000,4.98402,57648.5
5625,129812.5297,129119.1313,693.3984,0.0000,4.98402,57658.9
5626,129812.5297,129119.1313,693.3984,0.0000,4.98402,57669.0
5627,129812.5297,129119.1313,693.3984,0.0000,4.98402,57679.1
5628,129812.5297,129119.1313,693.3984,0.0000,4.98402,57689.7
5629,129812.5297,129119.1313,693.3984,0.0000,4.98402,57699.9
5630,129812.5297,129119.1313,693.3984,0.0000,4.98402,57710.4
5631,129812.5297,129119.1313,693.3984,0.0000,4.98402,57721.0
5632,129812.5297,129119.1313,693.3984,0.0000,4.98402,57731.3
5633,129812.5297,129119.1313,693.3984,0.0000,4.98402,57741.6
5634,129812.5297,129119.1313,693.3984,0.0000,4.98402,57751.6
5635,129812.5297,129119.1313,693.3984,0.0000,4.98402,57761.9
5636,129812.5297,129119.1313,693.3984,0.0185,4.98921,57772.0
5637,129812.5297,129119.1313,693.3984,0.0000,4.98921,57782.3
5638,129812.5297,129119.1313,693.3984,0.0000,4.98921,57792.7
5639,129812.5297,129119.1313,693.3984,0.0000,4.98921,57803.1
5640,129812.5297,129119.1313,693.3984,0.0000,4.98921,57813.7
5641,129812.5297,129119.1313,693.3984,0.0000,4.98921,57824.1
5642,129812.5297,129119.1313,693.3984,0.0000,4.98921,57834.1
5643,129812.5297,129119.1313,693.3984,0.0000,4.98921,57844.3
5644,129812.5297,129119.1313,693.3984,0.0000,4.98921,57854.8
5645,129812.5297,129119.1313,693.3984,0.0000,4.98921,57865.6
5646,129812.5297,129119.1313,693.3984,0.0000,4.98921,57875.9
5647,129812.5297,129119.1313,693.3984,0.0000,4.98921,57886.3
5648,129812.5297,129119.1313,693.3984,0.0000,4.98921,57896.6
5649,129812.5297,129119.1313,693.3984,0.0000,4.98921,57906.9
5650,129812.5297,129119.1313,693.3984,0.0000,4.98921,57918.0
5651,129812.5297,129119.1313,693.3984,0.0000,4.98921,57928.7
5652,129812.5297,129119.1313,693.3984,0.0000,4.98921,57939.2
5653,129812.5297,129119.1313,693.3984,0.0000,4.98921,57949.7
5654,129812.5297,129119.1313,693.3984,0.0000,4.98921,57959.8
5655,129812.5297,129119.1313,693.3984,0.0000,4.98921,57970.2
5656,129812.5297,129119.1313,693.3984,0.0000,4.98921,57981.1
5657,129812.5297,129119.1313,693.3984,0.0000,4.98921,57991.1
5658,129812.5297,129119.1313,693.3984,0.0185,4.98686,58001.8
5659,129812.5297,129119.1313,693.3984,0.0000,4.98686,58012.4
5660,129812.5297,129119.1313,693.3984,0.0000,4.98686,58022.5
5661,129812.5297,129119.1313,693.3984,0.0000,4.98686,58032.5
5662,129812.5297,129119.1313,693.3984,0.0000,4.98686,58042.8
5663,129812.5297,129119.1313,693.3984,0.0000,4.98686,58053.3
5664,129812.5297,129119.1313,693.3984,0.0000,4.98686,58063.7
5665,129812.5297,129119.1313,693.3984,0.0000,4.98686,58073.6
5666,129812.5297,129119.1313,693.3984,0.0000,4.98686,58084.7
5667,129812.5297,129119.1313,693.3984,0.0000,4.98686,58095.1
5668,129812.5297,129119.1313,693.3984,0.0000,4.98686,58106.0
5669,129812.5297,129119.1313,693.3984,0.0000,4.98686,58116.3
5670,129812.5297,129119.1313,693.3984,0.0000,4.98686,58126.6
5671,129812.5297,129119.1313,693.3984,0.0000,4.98686,58137.0
5672,129812.5297,129119.1313,693.3984,0.0000,4.98686,58147.2
5673,129812.5297,129119.1313,693.3984,0.0000,4.98686,58157.5
5674,129812.5297,129119.1313,693.3984,0.0000,4.98686,58168.0
5675,129812.5297,129119.1313,693.3984,0.0000,4.98686,58178.5
5676,129812.5297,129119.1313,693.3984,0.0000,4.98686,58188.9
5677,129812.5297,129119.1313,693.3984,0.0000,4.98686,58199.3
5678,129812.5297,129119.1313,693.3984,0.0000,4.98686,58209.8
5679,129812.5297,129119.1313,693.3984,0.0000,4.98686,58220.1
5680,129812.5297,129119.1313,693.3984,0.0000,4.98686,58230.3
5681,129812.5297,129119.1313,693.3984,0.0000,4.98686,58240.9
5682,129812.5297,129119.1313,693.3984,0.0000,4.98686,58251.0
5683,129812.5297,129119.1313,693.3984,0.0000,4.98686,58261.7
5684,129812.5297,129119.1313,693.3984,0.0000,4.98686,58272.2
5685,129812.5297,129119.1313,693.3984,0.0000,4.98686,58282.6
5686,129812.5297,129119.1313,693.3984,0.0000,4.98686,58293.1
5687,129812.5297,129119.1313,693.3984,0.0000,4.98686,58303.9
5688,129812.5297,129119.1313,693.3984,0.0000,4.98686,58314.1
5689,129812.5297,129119.1313,693.3984,0.0000,4.98686,58324.5
5690,129812.5297,129119.1313,693.3984,0.0000,4.98686,58334.5
5691,129812.5297,129119.1313,693.3984,0.0000,4.98686,58345.1
5692,129812.5297,129119.1313,693.3984,0.0000,4.98686,58355.4
5693,129812.5297,129119.1313,693.3984,0.0000,4.98686,58365.2
5694,129812.5297,129119.1313,693.3984,0.0000,4.98686,58375.7
5695,129812.5297,129119.1313,693.3984,0.0000,4.98686,58386.5
5696,129812.5297,129119.1313,693.3984,0.0000,4.98686,58397.0
5697,129812.5297,129119.1313,693.3984,0.0000,4.98686,58407.6
5698,129812.5297,129119.1313,693.3984,0.0000,4.98686,58417.8
5699,129812.5297,129119.1313,693.3984,0.0000,4.98686,58428.4
5700,129812.5297,129119.1313,693.3984,0.0000,4.98686,58438.8
5701,129812.5297,129119.1313,693.3984,0.0000,4.98686,58448.9
5702,129812.5297,129119.1313,693.3984,0.0000,4.98686,58459.1
5703,129812.5297,129119.1313,693.3984,0.0000,4.98686,58469.0
5704,129812.5297,129119.1313,693.3984,0.0000,4.98686,58479.4
5705,129812.5297,129119.1313,693.3984,0.0185,4.99995,58489.7
5706,129812.5297,129119.1313,693.3984,0.0000,4.99995,58500.1
5707,129812.5297,129119.1313,693.3984,0.0000,4.99995,58510.5
5708,129812.5297,129119.1313,693.3984,0.0000,4.99995,58520.9
5709,129812.5297,129119.1313,693.3984,0.0000,4.99995,58531.5
5710,129812.5297,129119.1313,693.3984,0.0000,4.99995,58542.1
5711,129812.5297,129119.1313,693.3984,0.0000,4.99995,58553.1
5712,129812.5297,129119.1313,693.3984,0.0000,4.99995,58563.6
5713,129812.5297,129119.1313,693.3984,0.0000,4.99995,58573.9
5714,129812.5297,129119.1313,693.3984,0.0000,4.99995,58583.9
5715,129812.5297,129119.1313,693.3984,0.0000,4.99995,58594.2
5716,129812.5297,129119.1313,693.3984,0.0000,4.99995,58604.7
5717,129812.5297,129119.1313,693.3984,0.0000,4.99995,58615.5
5718,129812.5297,129119.1313,693.3984,0.0000,4.99995,58625.7
5719,129812.5297,129119.1313,693.3984,0.0000,4.99995,58636.3
5720,129812.5297,129119.1313,693.3984,0.0000,4.99995,58646.8
5721,129812.5297,129119.1313,693.3984,0.0000,4.99995,58657.3
5722,129812.5297,129119.1313,693.3984,0.0000,4.99995,58667.8
5723,129812.5297,129119.1313,693.3984,0.0000,4.99995,58678.1
5724,129812.5297,129119.1313,693.3984,0.0000,4.99995,58688.5
5725,129812.5297,129119.1313,693.3984,0.0000,4.99995,58698.7
5726,129812.5297,129119.1313,693.3984,0.0185,4.97789,58709.0
5727,129812.5297,129119.1313,693.3984,0.0000,4.97789,58719.4
5728,129812.5297,129119.1313,693.3984,0.0000,4.97789,58730.0
5729,129812.5297,129119.1313,693.3984,0.0000,4.97789,58740.2
5730,129812.5297,129119.1313,693.3984,0.0000,4.97789,58750.6
5731,129812.5297,129119.1313,693.3984,0.0000,4.97789,58761.3
5732,129812.5297,129119.1313,693.3984,0.0000,4.97789,58771.6
5733,129812.5297,129119.1313,693.3984,0.0000,4.97789,58782.0
5734,129812.5297,129119.1313,693.3984,0.0000,4.97789,58792.2
5735,129812.5297,129119.1313,693.3984,0.0185,4.96772,58802.8
5736,129812.5297,129119.1313,693.3984,0.0185,4.9472,58813.6
5737,129812.5297,129119.1313,693.3984,0.0000,4.9472,58824.1
5738,129812.5297,129119.1313,693.3984,0.0000,4.9472,58834.8
5739,129812.5297,129119.1313,693.3984,0.0000,4.9472,58845.3
5740,129812.5297,129119.1313,693.3984,0.0000,4.9472,58855.9
5741,129812.5297,129119.1313,693.3984,0.0000,4.9472,58866.2
5742,129812.5297,129119.1313,693.3984,0.0000,4.9472,58876.5
5743,129812.5297,129119.1313,693.3984,0.0185,4.93718,58886.8
5744,129812.5297,129119.1313,693.3984,0.0000,4.93718,58897.1
5745,129812.5297,129119.1313,693.3984,0.0000,4.93718,58907.4
5746,129812.5297,129119.1313,693.3984,0.0000,4.93718,58917.9
5747,129812.5297,129119.1313,693.3984,0.0000,4.93718,58928.3
5748,129812.5297,129119.1313,693.3984,0.0000,4.93718,58939.1
5749,129812.5297,129119.1313,693.3984,0.0000,4.93718,58949.9
5750,129812.5297,129119.1313,693.3984,0.0000,4.93718,58960.1
5751,129812.5297,129119.1313,693.3984,0.0000,4.93718,58970.3
5752,129812.5297,129119.1313,693.3984,0.0000,4.93718,58980.6
5753,129812.5297,129119.1313,693.3984,0.0000,4.93718,58991.0
5754,129812.5297,129119.1313,693.3984,0.0000,4.93718,59001.3
5755,129812.5297,129119.1313,693.3984,0.0000,4.93718,59011.8
5756,129812.5297,129119.1313,693.3984,0.0000,4.93718,59021.9
5757,129812.5297,129119.1313,693.3984,0.0000,4.93718,59032.0
5758,129812.5297,129119.1313,693.3984,0.0000,4.93718,59042.4
5759,129812.5297,129119.1313,693.3984,0.0000,4.93718,59052.5
5760,129812.5297,129119.1313,693.3984,0.0000,4.93718,59062.7
5761,129812.5297,129119.1313,693.3984,0.0000,4.93718,59073.0
5762,129812.5297,129119.1313,693.3984,0.0000,4.93718,59083.3
5763,129812.5297,129119.1313,693.3984,0.0000,4.93718,59093.5
5764,129812.5297,129119.1313,693.3984,0.0185,4.91541,59104.3
5765,129812.5297,129119.1313,693.3984,0.0000,4.91541,59114.5
5766,129812.5297,129119.1313,693.3984,0.0000,4.91541,59124.7
5767,129812.5297,129119.1313,693.3984,0.0000,4.91541,59134.9
5768,129812.5297,129119.1313,693.3984,0.0000,4.91541,59145.3
5769,129812.5297,129119.1313,693.3984,0.0000,4.91541,59155.8
5770,129812.5297,129119.1313,693.3984,0.0000,4.91541,59166.1
5771,129812.5297,129119.1313,693.3984,0.0000,4.91541,59176.7
5772,129812.5297,129119.1313,693.3984,0.0000,4.91541,59187.0
5773,129812.5297,129119.1313,693.3984,0.0000,4.91541,59197.6
5774,129812.5297,129119.1313,693.3984,0.0000,4.91541,59208.4
5775,129812.5297,129119.1313,693.3984,0.0000,4.91541,59218.7
5776,129812.5297,129119.1313,693.3984,0.0000,4.91541,59229.3
5777,129812.5297,129119.1313,693.3984,0.0000,4.91541,59239.9
5778,129812.5297,129119.1313,693.3984,0.0000,4.91541,59250.6
5779,129812.5297,129119.1313,693.3984,0.0000,4.91541,59261.1
5780,129812.5297,129119.1313,693.3984,0.0000,4.91541,59271.3
5781,129812.5297,129119.1313,693.3984,0.0000,4.91541,59281.8
5782,129812.5297,129119.1313,693.3984,0.0000,4.91541,59292.5
5783,129812.5297,129119.1313,693.3984,0.0000,4.91541,59302.9
5784,129812.5297,129119.1313,693.3984,0.0000,4.91541,59313.3
5785,129812.5297,129119.1313,693.3984,0.0000,4.91541,59323.4
5786,129812.5297,129119.1313,693.3984,0.0000,4.91541,59334.1
5787,129812.5297,129119.1313,693.3984,0.0000,4.91541,59344.4
5788,129812.5297,129119.1313,693.3984,0.0000,4.91541,59354.5
5789,129812.5297,129119.1313,693.3984,0.0000,4.91541,59365.3
5790,129812.5297,129119.1313,693.3984,0.0185,4.91332,59375.7
5791,129812.5297,129119.1313,693.3984,0.0000,4.91332,59386.1
5792,129812.5297,129119.1313,693.3984,0.0000,4.91332,59396.2
5793,129812.5297,129119.1313,693.3984,0.0000,4.91332,59406.7
5794,129812.5297,129119.1313,693.3984,0.0000,4.91332,59417.1
5795,129812.5297,129119.1313,693.3984,0.0000,4.91332,59427.3
5796,129812.5297,129119.1313,693.3984,0.0000,4.91332,59437.6
5797,129812.5297,129119.1313,693.3984,0.0000,4.91332,59448.2
5798,129812.5297,129119.1313,693.3984,0.0000,4.91332,59458.2
5799,129812.5297,129119.1313,693.3984,0.0000,4.91332,59468.6
5800,129812.5297,129119.1313,693.3984,0.0000,4.91332,59478.6
5801,129812.5297,129119.1313,693.3984,0.0000,4.91332,59489.0
5802,129812.5297,129119.1313,693.3984,0.0000,4.91332,59499.7
5803,129812.5297,129119.1313,693.3984,0.0000,4.91332,59510.0
5804,129812.5297,129119.1313,693.3984,0.0000,4.91332,59520.3
5805,129812.5297,129119.1313,693.3984,0.0000,4.91332,59530.5
5806,129812.5297,129119.1313,693.3984,0.0000,4.91332,59541.0
5807,129812.5297,129119.1313,693.3984,0.0000,4.91332,59551.3
5808,129812.5297,129119.1313,693.3984,0.0000,4.91332,59561.3
5809,129812.5297,129119.1313,693.3984,0.0000,4.91332,59571.7
5810,129812.5297,129119.1313,693.3984,0.0000,4.91332,59582.3
5811,129812.5297,129119.1313,693.3984,0.0185,4.91806,59592.6
5812,129812.5297,129119.1313,693.3984,0.0000,4.91806,59602.8
5813,129812.5297,129119.1313,693.3984,0.0000,4.91806,59613.0
5814,129812.5297,129119.1313,693.3984,0.0000,4.91806,59623.0
5815,129812.5297,129119.1313,693.3984,0.0000,4.91806,59633.1
5816,129812.5297,129119.1313,693.3984,0.0000,4.91806,59643.2
5817,129812.5297,129119.1313,693.3984,0.0000,4.91806,59653.3
5818,129812.5297,129119.1313,693.3984,0.0000,4.91806,59664.0
5819,129812.5297,129119.1313,693.3984,0.0000,4.91806,59674.3
5820,129812.5297,129119.1313,693.3984,0.0000,4.91806,59684.6
5821,129812.5297,129119.1313,693.3984,0.0000,4.91806,59695.0
5822,129812.5297,129119.1313,693.3984,0.0000,4.91806,59705.2
5823,129812.5297,129119.1313,693.3984,0.0000,4.91806,59715.5
5824,129812.5297,129119.1313,693.3984,0.0000,4.91806,59725.7
5825,129812.5297,129119.1313,693.3984,0.0000,4.91806,59735.9
5826,129812.5297,129119.1313,693.3984,0.0000,4.91806,59746.1
5827,129812.5297,129119.1313,693.3984,0.0000,4.91806,59756.3
5828,129812.5297,129119.1313,693.3984,0.0000,4.91806,59766.6
5829,129812.5297,129119.1313,693.3984,0.0000,4.91806,59777.3
5830,129812.5297,129119.1313,693.3984,0.0000,4.91806,59787.9
5831,129812.5297,129119.1313,693.3984,0.0000,4.91806,59798.3
5832,129812.5297,129119.1313,693.3984,0.0000,4.91806,59808.7
5833,129812.5297,129119.1313,693.3984,0.0000,4.91806,59818.8
5834,129812.5297,129119.1313,693.3984,0.0000,4.91806,59829.2
5835,129812.5297,129119.1313,693.3984,0.0000,4.91806,59839.7
5836,129812.5297,129119.1313,693.3984,0.0000,4.91806,59850.2
5837,129812.5297,129119.1313,693.3984,0.0000,4.91806,59860.3
5838,129812.5297,129119.1313,693.3984,0.0000,4.91806,59871.0
5839,129812.5297,129119.1313,693.3984,0.0000,4.91806,59881.4
5840,129812.5297,129119.1313,693.3984,0.0000,4.91806,59891.7
5841,129812.5297,129119.1313,693.3984,0.0000,4.91806,59902.3
5842,129812.5297,129119.1313,693.3984,0.0000,4.91806,59913.0
5843,129812.5297,129119.1313,693.3984,0.0000,4.91806,59923.4
5844,129812.5297,129119.1313,693.3984,0.0000,4.91806,59933.9
5845,129812.5297,129119.1313,693.3984,0.0000,4.91806,59944.1
5846,129812.5297,129119.1313,693.3984,0.0000,4.91806,59954.6
5847,129812.5297,129119.1313,693.3984,0.0000,4.91806,59964.8
5848,129812.5297,129119.1313,693.3984,0.0000,4.91806,59975.1
5849,129812.5297,129119.1313,693.3984,0.0000,4.91806,59985.4
5850,129812.5297,129122.4727,690.0570,0.0185,4.93153,59996.3
5851,129812.5297,129122.4727,690.0570,0.0000,4.93153,60007.0
5852,129812.5297,129122.4727,690.0570,0.0000,4.93153,60017.8
5853,129812.5297,129122.4727,690.0570,0.0000,4.93153,60028.0
5854,129812.5297,129122.4727,690.0570,0.0000,4.93153,60038.6
5855,129812.5297,129122.4727,690.0570,0.0000,4.93153,60048.9
5856,129812.5297,129122.4727,690.0570,0.0000,4.93153,60059.1
5857,129812.5297,129122.4727,690.0570,0.0000,4.93153,60069.1
5858,129812.5297,129122.4727,690.0570,0.0000,4.93153,60079.4
5859,129812.5297,129122.4727,690.0570,0.0000,4.93153,60089.8
5860,129812.5297,129122.4727,690.0570,0.0000,4.93153,60099.9
5861,129812.5297,129122.4727,690.0570,0.0000,4.93153,60110.4
5862,129812.5297,129122.4727,690.0570,0.0000,4.93153,60121.0
5863,129812.5297,129122.4727,690.0570,0.0000,4.93153,60131.4
5864,129812.5297,129122.4727,690.0570,0.0000,4.93153,60141.8
5865,129812.5297,129122.4727,690.0570,0.0000,4.93153,60152.0
5866,129812.5297,129122.4727,690.0570,0.0000,4.93153,60162.2
5867,129812.5297,129122.4727,690.0570,0.0000,4.93153,60172.3
5868,129812.5297,129122.4727,690.0570,0.0000,4.93153,60182.5
5869,129812.5297,129122.4727,690.0570,0.0185,4.95676,60193.0
5870,129812.5297,129122.4727,690.0570,0.0000,4.95676,60203.7
5871,129812.5297,129122.4727,690.0570,0.0000,4.95676,60214.0
5872,129812.5297,129122.4727,690.0570,0.0000,4.95676,60224.8
5873,129812.5297,129122.4727,690.0570,0.0000,4.95676,60235.1
5874,129812.5297,129122.4727,690.0570,0.0000,4.95676,60245.4
5875,129812.5297,129122.4727,690.0570,0.0000,4.95676,60255.9
5876,129812.5297,129122.4727,690.0570,0.0000,4.95676,60266.2
5877,129812.5297,129122.4727,690.0570,0.0000,4.95676,60276.6
5878,129812.5297,129122.4727,690.0570,0.0000,4.95676,60287.0
5879,129812.5297,129122.4727,690.0570,0.0000,4.95676,60296.8
5880,129812.5297,129122.4727,690.0570,0.0000,4.95676,60307.0
5881,129812.5297,129122.4727,690.0570,0.0000,4.95676,60317.2
5882,129812.5297,129122.4727,690.0570,0.0000,4.95676,60327.6
5883,129812.5297,129122.4727,690.0570,0.0000,4.95676,60338.1
5884,129812.5297,129122.4727,690.0570,0.0000,4.95676,60348.4
5885,129812.5297,129122.4727,690.0570,0.0185,4.9521,60358.6
5886,129812.5297,129122.4727,690.0570,0.0000,4.9521,60368.9
5887,129812.5297,129122.4727,690.0570,0.0000,4.9521,60379.2
5888,129812.5297,129122.4727,690.0570,0.0000,4.9521,60389.4
5889,129812.5297,129122.4727,690.0570,0.0000,4.9521,60399.8
5890,129812.5297,129122.4727,690.0570,0.0000,4.9521,60410.3
5891,129812.5297,129122.4727,690.0570,0.0000,4.9521,60420.7
5892,129812.5297,129122.4727,690.0570,0.0000,4.9521,60431.1
5893,129812.5297,129122.4727,690.0570,0.0000,4.9521,60441.2
5894,129812.5297,129122.4727,690.0570,0.0000,4.9521,60451.7
5895,129812.5297,129122.4727,690.0570,0.0000,4.9521,60462.6
5896,129812.5297,129122.4727,690.0570,0.0000,4.9521,60472.7
5897,129812.5297,129122.4727,690.0570,0.0185,4.92526,60482.8
5898,129812.5297,129122.4727,690.0570,0.0000,4.92526,60493.2
5899,129812.5297,129122.4727,690.0570,0.0000,4.92526,60503.8
5900,129812.5297,129122.4727,690.0570,0.0000,4.92526,60514.3
5901,129812.5297,129122.4727,690.0570,0.0000,4.92526,60524.9
5902,129812.5297,129122.4727,690.0570,0.0000,4.92526,60535.5
5903,129812.5297,129122.4727,690.0570,0.0000,4.92526,60545.7
5904,129812.5297,129122.4727,690.0570,0.0000,4.92526,60556.0
5905,129812.5297,129122.4727,690.0570,0.0185,4.92886,60566.5
5906,129812.5297,129122.4727,690.0570,0.0000,4.92886,60576.6
5907,129812.5297,129122.4727,690.0570,0.0000,4.92886,60587.2
5908,129812.5297,129122.4727,690.0570,0.0000,4.92886,60597.1
5909,129812.5297,129122.4727,690.0570,0.0000,4.92886,60607.2
5910,129812.5297,129122.4727,690.0570,0.0000,4.92886,60617.2
5911,129812.5297,129122.4727,690.0570,0.0000,4.92886,60627.4
5912,129812.5297,129122.4727,690.0570,0.0000,4.92886,60637.6
5913,129812.5297,129122.4727,690.0570,0.0000,4.92886,60648.0
5914,129812.5297,129122.4727,690.0570,0.0370,4.94226,60658.5
5915,129812.5297,129122.4727,690.0570,0.0000,4.94226,60668.7
5916,129812.5297,129122.4727,690.0570,0.0000,4.94226,60679.2
5917,129812.5297,129122.4727,690.0570,0.0185,4.92323,60689.6
5918,129812.5297,129122.4727,690.0570,0.0000,4.92323,60700.7
5919,129812.5297,129122.4727,690.0570,0.0000,4.92323,60711.5
5920,129812.5297,129122.4727,690.0570,0.0000,4.92323,60721.8
5921,129812.5297,129122.4727,690.0570,0.0000,4.92323,60732.1
5922,129812.5297,129122.4727,690.0570,0.0000,4.92323,60742.6
5923,129812.5297,129122.4727,690.0570,0.0000,4.92323,60753.0
5924,129812.5297,129122.4727,690.0570,0.0000,4.92323,60764.0
5925,129812.5297,129122.4727,690.0570,0.0000,4.92323,60774.4
5926,129812.5297,129122.4727,690.0570,0.0000,4.92323,60784.7
5927,129812.5297,129122.4727,690.0570,0.0000,4.92323,60795.1
5928,129812.5297,129122.4727,690.0570,0.0000,4.92323,60805.7
5929,129812.5297,129122.4727,690.0570,0.0000,4.92323,60816.1
5930,129812.5297,129122.4727,690.0570,0.0000,4.92323,60826.6
5931,129812.5297,129122.4727,690.0570,0.0000,4.92323,60837.1
5932,129812.5297,129122.4727,690.0570,0.0000,4.92323,60847.6
5933,129812.5297,129122.4727,690.0570,0.0000,4.92323,60857.6
5934,129812.5297,129122.4727,690.0570,0.0000,4.92323,60868.7
5935,129812.5297,129122.4727,690.0570,0.0000,4.92323,60878.6
5936,129812.5297,129122.4727,690.0570,0.0000,4.92323,60889.0
5937,129812.5297,129122.4727,690.0570,0.0000,4.92323,60899.3
5938,129812.5297,129129.8674,682.6623,0.0185,4.9345,60909.5
5939,129812.5297,129129.8674,682.6623,0.0000,4.9345,60920.5
5940,129812.5297,129129.8674,682.6623,0.0000,4.9345,60930.5
5941,129812.5297,129129.8674,682.6623,0.0000,4.9345,60940.8
5942,129812.5297,129129.8674,682.6623,0.0000,4.9345,60951.0
5943,129812.5297,129129.8674,682.6623,0.0000,4.9345,60961.4
5944,129812.5297,129129.8674,682.6623,0.0000,4.9345,60972.3
5945,129812.5297,129129.8674,682.6623,0.0000,4.9345,60982.8
5946,129812.5297,129129.8674,682.6623,0.0000,4.9345,60993.2
5947,129812.5297,129129.8674,682.6623,0.0000,4.9345,61003.3
5948,129812.5297,129129.8674,682.6623,0.0000,4.9345,61013.6
5949,129812.5297,129129.8674,682.6623,0.0000,4.9345,61023.8
5950,129812.5297,129129.8674,682.6623,0.0000,4.9345,61034.5
5951,129812.5297,129129.8674,682.6623,0.0000,4.9345,61044.9
5952,129812.5297,129129.8674,682.6623,0.0000,4.9345,61055.1
5953,129812.5297,129129.8674,682.6623,0.0185,4.94392,61065.3
5954,129812.5297,129129.8674,682.6623,0.0000,4.94392,61075.6
5955,129812.5297,129129.8674,682.6623,0.0000,4.94392,61086.4
5956,129812.5297,129129.8674,682.6623,0.0185,4.93998,61097.1
5957,129812.5297,129129.8674,682.6623,0.0000,4.93998,61107.3
5958,129812.5297,129129.8674,682.6623,0.0000,4.93998,61117.7
5959,129812.5297,129129.8674,682.6623,0.0000,4.93998,61128.1
5960,129812.5297,129129.8674,682.6623,0.0000,4.93998,61138.6
5961,129812.5297,129129.8674,682.6623,0.0000,4.93998,61149.1
5962,129812.5297,129129.8674,682.6623,0.0000,4.93998,61159.8
5963,129812.5297,129129.8674,682.6623,0.0000,4.93998,61170.2
5964,129812.5297,129129.8674,682.6623,0.0000,4.93998,61180.7
5965,129812.5297,129129.8674,682.6623,0.0000,4.93998,61191.2
5966,129812.5297,129129.8674,682.6623,0.0000,4.93998,61201.6
5967,129812.5297,129129.8674,682.6623,0.0000,4.93998,61211.3
5968,129812.5297,129129.8674,682.6623,0.0000,4.93998,61221.6
5969,129812.5297,129129.8674,682.6623,0.0185,4.91766,61231.7
5970,129812.5297,129129.8674,682.6623,0.0000,4.91766,61241.8
5971,129812.5297,129129.8674,682.6623,0.0000,4.91766,61252.6
5972,129812.5297,129129.8674,682.6623,0.0000,4.91766,61262.6
5973,129812.5297,129129.8674,682.6623,0.0000,4.91766,61272.9
5974,129812.5297,129129.8674,682.6623,0.0000,4.91766,61283.9
5975,129812.5297,129129.8674,682.6623,0.0000,4.91766,61294.0
5976,129812.5297,129129.8674,682.6623,0.0000,4.91766,61304.2
5977,129812.5297,129129.8674,682.6623,0.0000,4.91766,61314.8
5978,129812.5297,129129.8674,682.6623,0.0000,4.91766,61325.7
5979,129812.5297,129129.8674,682.6623,0.0000,4.91766,61336.2
5980,129812.5297,129129.8674,682.6623,0.0000,4.91766,61346.5
5981,129812.5297,129129.8674,682.6623,0.0000,4.91766,61356.8
5982,129812.5297,129129.8674,682.6623,0.0000,4.91766,61367.2
5983,129812.5297,129129.8674,682.6623,0.0000,4.91766,61377.6
5984,129812.5297,129129.8674,682.6623,0.0000,4.91766,61387.9
5985,129812.5297,129129.8674,682.6623,0.0000,4.91766,61398.2
5986,129812.5297,129129.8674,682.6623,0.0185,4.91723,61408.7
5987,129812.5297,129129.8674,682.6623,0.0000,4.91723,61419.3
5988,129812.5297,129129.8674,682.6623,0.0000,4.91723,61429.6
5989,129812.5297,129129.8674,682.6623,0.0000,4.91723,61439.8
5990,129812.5297,129129.8674,682.6623,0.0000,4.91723,61450.8
5991,129812.5297,129129.8674,682.6623,0.0000,4.91723,61460.9
5992,129812.5297,129129.8674,682.6623,0.0000,4.91723,61471.6
5993,129812.5297,129129.8674,682.6623,0.0000,4.91723,61481.8
5994,129812.5297,129129.8674,682.6623,0.0000,4.91723,61492.7
5995,129812.5297,129129.8674,682.6623,0.0000,4.91723,61503.5
5996,129812.5297,129129.8674,682.6623,0.0000,4.91723,61513.9
5997,129812.5297,129129.8674,682.6623,0.0000,4.91723,61523.8
5998,129812.5297,129129.8674,682.6623,0.0000,4.91723,61534.1
5999,129812.5297,129129.8674,682.6623,0.0000,4.91723,61544.8
6000,129812.5297,129129.8674,682.6623,0.0000,4.91723,61555.1
6001,129812.5297,129129.8674,682.6623,0.0000,4.91723,61565.5
6002,129812.5297,129129.8674,682.6623,0.0000,4.91723,61576.2
6003,129812.5297,129129.8674,682.6623,0.0000,4.91723,61586.9
6004,129812.5297,129129.8674,682.6623,0.0185,4.93247,61597.5
6005,129812.5297,129129.8674,682.6623,0.0000,4.93247,61607.9
6006,129812.5297,129129.8674,682.6623,0.0000,4.93247,61618.6
6007,129812.5297,129129.8674,682.6623,0.0000,4.93247,61629.2
6008,129812.5297,129129.8674,682.6623,0.0000,4.93247,61639.5
6009,129812.5297,129129.8674,682.6623,0.0000,4.93247,61650.0
6010,129812.5297,129129.8674,682.6623,0.0000,4.93247,61660.6
6011,129812.5297,129129.8674,682.6623,0.0000,4.93247,61670.8
6012,129812.5297,129129.8674,682.6623,0.0000,4.93247,61681.4
6013,129812.5297,129129.8674,682.6623,0.0185,4.92957,61691.5
6014,129812.5297,129129.8674,682.6623,0.0000,4.92957,61701.8
6015,129812.5297,129129.8674,682.6623,0.0000,4.92957,61712.4
6016,129812.5297,129129.8674,682.6623,0.0000,4.92957,61723.1
6017,129812.5297,129129.8674,682.6623,0.0000,4.92957,61733.2
6018,129812.5297,129129.8674,682.6623,0.0000,4.92957,61743.5
6019,129812.5297,129129.8674,682.6623,0.0000,4.92957,61753.9
6020,129812.5297,129129.8674,682.6623,0.0000,4.92957,61764.4
6021,129812.5297,129129.8674,682.6623,0.0000,4.92957,61774.6
6022,129812.5297,129129.8674,682.6623,0.0185,4.92732,61785.0
6023,129812.5297,129129.8674,682.6623,0.0000,4.92732,61795.7
6024,129812.5297,129129.8674,682.6623,0.0000,4.92732,61806.1
6025,129812.5297,129129.8674,682.6623,0.0000,4.92732,61816.6
6026,129812.5297,129129.8674,682.6623,0.0000,4.92732,61827.0
6027,129812.5297,129129.8674,682.6623,0.0000,4.92732,61837.3
6028,129812.5297,129129.8674,682.6623,0.0000,4.92732,61848.0
6029,129812.5297,129129.8674,682.6623,0.0000,4.92732,61858.3
6030,129812.5297,129129.8674,682.6623,0.0000,4.92732,61868.7
6031,129812.5297,129129.8674,682.6623,0.0000,4.92732,61879.2
6032,129812.5297,129129.8674,682.6623,0.0000,4.92732,61889.9
6033,129812.5297,129129.8674,682.6623,0.0185,4.91769,61900.2
6034,129812.5297,129129.8674,682.6623,0.0000,4.91769,61910.7
6035,129812.5297,129129.8674,682.6623,0.0000,4.91769,61921.4
6036,129812.5297,129129.8674,682.6623,0.0000,4.91769,61932.1
6037,129812.5297,129129.8674,682.6623,0.0000,4.91769,61942.4
6038,129812.5297,129129.8674,682.6623,0.0000,4.91769,61952.6
6039,129812.5297,129129.8674,682.6623,0.0000,4.91769,61962.9
6040,129812.5297,129129.8674,682.6623,0.0185,4.92791,61973.1
6041,129812.5297,129129.8674,682.6623,0.0000,4.92791,61983.9
6042,129812.5297,129129.8674,682.6623,0.0000,4.92791,61993.9
6043,129812.5297,129129.8674,682.6623,0.0000,4.92791,62004.1
6044,129812.5297,129129.8674,682.6623,0.0000,4.92791,62014.6
6045,129812.5297,129129.8674,682.6623,0.0000,4.92791,62024.9
6046,129812.5297,129129.8674,682.6623,0.0000,4.92791,62035.4
6047,129812.5297,129129.8674,682.6623,0.0185,4.94671,62045.8
6048,129812.5297,129129.8674,682.6623,0.0000,4.94671,62056.1
6049,129812.5297,129129.8674,682.6623,0.0000,4.94671,62066.8
6050,129812.5297,129129.8674,682.6623,0.0000,4.94671,62077.4
6051,129812.5297,129129.8674,682.6623,0.0000,4.94671,62087.9
6052,129812.5297,129129.8674,682.6623,0.0000,4.94671,62098.3
6053,129812.5297,129129.8674,682.6623,0.0000,4.94671,62109.1
6054,129812.5297,129129.8674,682.6623,0.0000,4.94671,62119.6
6055,129812.5297,129129.8674,682.6623,0.0000,4.94671,62129.9
6056,129812.5297,129129.8674,682.6623,0.0000,4.94671,62140.6
6057,129812.5297,129129.8674,682.6623,0.0000,4.94671,62151.1
6058,129812.5297,129129.8674,682.6623,0.0000,4.94671,62161.6
6059,129812.5297,129129.8674,682.6623,0.0000,4.94671,62171.8
6060,129812.5297,129129.8674,682.6623,0.0000,4.94671,62182.2
6061,129812.5297,129129.8674,682.6623,0.0000,4.94671,62192.6
6062,129812.5297,129129.8674,682.6623,0.0000,4.94671,62202.7
6063,129812.5297,129129.8674,682.6623,0.0000,4.94671,62213.6
6064,129812.5297,129129.8674,682.6623,0.0000,4.94671,62224.0
6065,129812.5297,129129.8674,682.6623,0.0000,4.94671,62234.4
6066,129812.5297,129129.8674,682.6623,0.0000,4.94671,62244.8
6067,129812.5297,129129.8674,682.6623,0.0000,4.94671,62254.9
6068,129812.5297,129129.8674,682.6623,0.0000,4.94671,62264.9
6069,129812.5297,129129.8674,682.6623,0.0000,4.94671,62275.5
6070,129812.5297,129129.8674,682.6623,0.0000,4.94671,62285.8
6071,129812.5297,129129.8674,682.6623,0.0000,4.94671,62296.0
6072,129812.5297,129129.8674,682.6623,0.0000,4.94671,62306.3
6073,129812.5297,129129.8674,682.6623,0.0000,4.94671,62316.6
6074,129812.5297,129129.8674,682.6623,0.0000,4.94671,62327.0
6075,129812.5297,129129.8674,682.6623,0.0000,4.94671,62337.2
6076,129812.5297,129129.8674,682.6623,0.0000,4.94671,62347.6
6077,129812.5297,129129.8674,682.6623,0.0000,4.94671,62358.1
6078,129812.5297,129129.8674,682.6623,0.0000,4.94671,62368.4
6079,129812.5297,129129.8674,682.6623,0.0000,4.94671,62378.5
6080,129812.5297,129129.8674,682.6623,0.0000,4.94671,62388.7
6081,129812.5297,129129.8674,682.6623,0.0000,4.94671,62398.9
6082,129812.5297,129129.8674,682.6623,0.0000,4.94671,62409.4
6083,129812.5297,129129.8674,682.6623,0.0000,4.94671,62420.1
6084,129812.5297,129129.8674,682.6623,0.0000,4.94671,62430.8
6085,129812.5297,129129.8674,682.6623,0.0000,4.94671,62441.3
6086,129812.5297,129129.8674,682.6623,0.0000,4.94671,62451.7
6087,129812.5297,129129.8674,682.6623,0.0000,4.94671,62462.2
6088,129812.5297,129129.8674,682.6623,0.0000,4.94671,62472.4
6089,129812.5297,129129.8674,682.6623,0.0000,4.94671,62483.0
6090,129812.5297,129129.8674,682.6623,0.0000,4.94671,62493.5
6091,129812.5297,129129.8674,682.6623,0.0000,4.94671,62503.9
6092,129812.5297,129129.8674,682.6623,0.0000,4.94671,62514.4
6093,129812.5297,129129.8674,682.6623,0.0000,4.94671,62524.6
6094,129812.5297,129129.8674,682.6623,0.0000,4.94671,62535.0
6095,129812.5297,129129.8674,682.6623,0.0000,4.94671,62545.3
6096,129812.5297,129129.8674,682.6623,0.0185,4.94118,62555.3
6097,129812.5297,129129.8674,682.6623,0.0000,4.94118,62565.6
6098,129812.5297,129129.8674,682.6623,0.0000,4.94118,62576.2
6099,129812.5297,129129.8674,682.6623,0.0000,4.94118,62586.3
6100,129812.5297,129129.8674,682.6623,0.0000,4.94118,62596.8
6101,129812.5297,129129.8674,682.6623,0.0000,4.94118,62607.5
6102,129812.5297,129129.8674,682.6623,0.0000,4.94118,62617.6
6103,129812.5297,129129.8674,682.6623,0.0000,4.94118,62628.5
6104,129812.5297,129129.8674,682.6623,0.0000,4.94118,62638.7
6105,129812.5297,129129.8674,682.6623,0.0000,4.94118,62649.0
6106,129812.5297,129129.8674,682.6623,0.0000,4.94118,62659.6
6107,129812.5297,129129.8674,682.6623,0.0000,4.94118,62670.0
6108,129812.5297,129129.8674,682.6623,0.0000,4.94118,62680.1
6109,129812.5297,129129.8674,682.6623,0.0000,4.94118,62690.5
6110,129812.5297,129129.8674,682.6623,0.0000,4.94118,62701.1
6111,129812.5297,129129.8674,682.6623,0.0000,4.94118,62711.1
6112,129812.5297,129129.8674,682.6623,0.0000,4.94118,62721.1
6113,129812.5297,129129.8674,682.6623,0.0000,4.94118,62731.8
6114,129812.5297,129129.8674,682.6623,0.0000,4.94118,62742.0
6115,129812.5297,129129.8674,682.6623,0.0000,4.94118,62752.3
6116,129812.5297,129129.8674,682.6623,0.0000,4.94118,62762.6
6117,129812.5297,129129.8674,682.6623,0.0185,4.94341,62772.8
6118,129812.5297,129129.8674,682.6623,0.0000,4.94341,62783.3
6119,129812.5297,129129.8674,682.6623,0.0000,4.94341,62793.7
6120,129812.5297,129129.8674,682.6623,0.0185,4.94059,62803.9
6121,129812.5297,129129.8674,682.6623,0.0000,4.94059,62814.7
6122,129812.5297,129129.8674,682.6623,0.0000,4.94059,62825.1
6123,129812.5297,129129.8674,682.6623,0.0000,4.94059,62835.7
6124,129812.5297,129129.8674,682.6623,0.0000,4.94059,62845.9
6125,129812.5297,129129.8674,682.6623,0.0000,4.94059,62856.6
6126,129812.5297,129129.8674,682.6623,0.0000,4.94059,62867.0
6127,129812.5297,129129.8674,682.6623,0.0000,4.94059,62877.2
6128,129812.5297,129129.8674,682.6623,0.0000,4.94059,62887.8
6129,129812.5297,129129.8674,682.6623,0.0000,4.94059,62898.1
6130,129812.5297,129129.8674,682.6623,0.0000,4.94059,62908.4
6131,129812.5297,129129.8674,682.6623,0.0000,4.94059,62918.8
6132,129812.5297,129129.8674,682.6623,0.0000,4.94059,62929.1
6133,129812.5297,129129.8674,682.6623,0.0000,4.94059,62939.7
6134,129812.5297,129129.8674,682.6623,0.0185,4.90371,62950.0
6135,129812.5297,129129.8674,682.6623,0.0000,4.90371,62960.3
6136,129812.5297,129129.8674,682.6623,0.0000,4.90371,62970.5
6137,129812.5297,129129.8674,682.6623,0.0000,4.90371,62980.9
6138,129812.5297,129129.8674,682.6623,0.0000,4.90371,62991.8
6139,129812.5297,129129.8674,682.6623,0.0000,4.90371,63002.2
6140,129812.5297,129129.8674,682.6623,0.0000,4.90371,63012.6
6141,129812.5297,129129.8674,682.6623,0.0000,4.90371,63023.6
6142,129812.5297,129129.8674,682.6623,0.0000,4.90371,63034.4
6143,129812.5297,129129.8674,682.6623,0.0000,4.90371,63044.7
6144,129812.5297,129129.8674,682.6623,0.0000,4.90371,63055.2
6145,129812.5297,129129.8674,682.6623,0.0000,4.90371,63065.5
6146,129812.5297,129129.8674,682.6623,0.0000,4.90371,63076.0
6147,129812.5297,129129.8674,682.6623,0.0185,4.89126,63086.4
6148,129812.5297,129129.8674,682.6623,0.0000,4.89126,63096.8
6149,129812.5297,129129.8674,682.6623,0.0000,4.89126,63106.9
6150,129812.5297,129129.8674,682.6623,0.0000,4.89126,63117.7
6151,129812.5297,129129.8674,682.6623,0.0000,4.89126,63128.2
6152,129812.5297,129129.8674,682.6623,0.0000,4.89126,63138.9
6153,129812.5297,129137.1781,675.3516,0.0185,4.91529,63149.2
6154,129812.5297,129137.1781,675.3516,0.0000,4.91529,63159.4
6155,129812.5297,129137.1781,675.3516,0.0000,4.91529,63169.6
6156,129812.5297,129137.1781,675.3516,0.0000,4.91529,63180.4
6157,129812.5297,129137.1781,675.3516,0.0000,4.91529,63190.7
6158,129812.5297,129137.1781,675.3516,0.0000,4.91529,63201.3
6159,129812.5297,129137.1781,675.3516,0.0185,4.91855,63211.4
6160,129812.5297,129137.1781,675.3516,0.0185,4.90734,63221.7
6161,129812.5297,129137.1781,675.3516,0.0000,4.90734,63231.8
6162,129812.5297,129137.1781,675.3516,0.0000,4.90734,63242.1
6163,129812.5297,129137.1781,675.3516,0.0000,4.90734,63252.7
6164,129812.5297,129137.1781,675.3516,0.0000,4.90734,63263.2
6165,129812.5297,129137.1781,675.3516,0.0000,4.90734,63273.8
6166,129812.5297,129137.1781,675.3516,0.0185,4.99032,63284.2
6167,129812.5297,129137.1781,675.3516,0.0185,4.98989,63294.6
6168,129812.5297,129137.1781,675.3516,0.0000,4.98989,63305.0
6169,129812.5297,129137.1781,675.3516,0.0000,4.98989,63315.1
6170,129812.5297,129137.1781,675.3516,0.0000,4.98989,63325.6
6171,129812.5297,129137.1781,675.3516,0.0000,4.98989,63336.2
6172,129812.5297,129137.1781,675.3516,0.0185,4.98647,63346.5
6173,129812.5297,129137.1781,675.3516,0.0000,4.98647,63356.7
6174,129812.5297,129137.1781,675.3516,0.0000,4.98647,63367.0
6175,129812.5297,129137.1781,675.3516,0.0000,4.98647,63377.1
6176,129812.5297,129137.1781,675.3516,0.0000,4.98647,63387.4
6177,129812.5297,129137.1781,675.3516,0.0000,4.98647,63397.8
6178,129812.5297,129137.1781,675.3516,0.0000,4.98647,63408.3
6179,129812.5297,129137.1781,675.3516,0.0000,4.98647,63418.6
6180,129812.5297,129137.1781,675.3516,0.0000,4.98647,63428.8
6181,129812.5297,129137.1781,675.3516,0.0000,4.98647,63438.8
6182,129812.5297,129137.1781,675.3516,0.0000,4.98647,63449.5
6183,129812.5297,129137.1781,675.3516,0.0000,4.98647,63460.3
6184,129812.5297,129137.1781,675.3516,0.0000,4.98647,63470.4
6185,129812.5297,129137.1781,675.3516,0.0000,4.98647,63480.7
6186,129812.5297,129137.1781,675.3516,0.0000,4.98647,63491.0
6187,129812.5297,129137.1781,675.3516,0.0185,4.97892,63501.6
6188,129812.5297,129137.1781,675.3516,0.0000,4.97892,63512.2
6189,129812.5297,129137.1781,675.3516,0.0000,4.97892,63522.4
6190,129812.5297,129137.1781,675.3516,0.0000,4.97892,63532.4
6191,129812.5297,129137.1781,675.3516,0.0000,4.97892,63542.8
6192,129812.5297,129137.1781,675.3516,0.0000,4.97892,63553.4
6193,129812.5297,129137.1781,675.3516,0.0000,4.97892,63564.0
6194,129812.5297,129137.1781,675.3516,0.0000,4.97892,63574.4
6195,129812.5297,129137.1781,675.3516,0.0000,4.97892,63585.3
6196,129812.5297,129137.1781,675.3516,0.0000,4.97892,63595.4
6197,129812.5297,129137.1781,675.3516,0.0000,4.97892,63605.9
6198,129812.5297,129137.1781,675.3516,0.0000,4.97892,63616.1
6199,129812.5297,129137.1781,675.3516,0.0000,4.97892,63626.6
6200,129812.5297,129137.1781,675.3516,0.0000,4.97892,63637.1
6201,129812.5297,129137.1781,675.3516,0.0000,4.97892,63647.4
6202,129812.5297,129137.1781,675.3516,0.0000,4.97892,63657.8
6203,129812.5297,129137.1781,675.3516,0.0000,4.97892,63668.1
6204,129812.5297,129137.1781,675.3516,0.0000,4.97892,63678.9
6205,129812.5297,129137.1781,675.3516,0.0000,4.97892,63689.2
6206,129812.5297,129137.1781,675.3516,0.0000,4.97892,63699.3
6207,129812.5297,129137.1781,675.3516,0.0000,4.97892,63710.0
6208,129812.5297,129137.1781,675.3516,0.0000,4.97892,63720.6
6209,129812.5297,129137.1781,675.3516,0.0000,4.97892,63731.5
6210,129812.5297,129137.1781,675.3516,0.0000,4.97892,63741.9
6211,129812.5297,129137.1781,675.3516,0.0000,4.97892,63752.3
6212,129812.5297,129137.1781,675.3516,0.0000,4.97892,63762.7
6213,129812.5297,129137.1781,675.3516,0.0000,4.97892,63773.0
6214,129812.5297,129137.1781,675.3516,0.0000,4.97892,63783.6
6215,129812.5297,129137.1781,675.3516,0.0000,4.97892,63794.0
6216,129812.5297,129137.1781,675.3516,0.0000,4.97892,63804.3
6217,129812.5297,129137.1781,675.3516,0.0000,4.97892,63814.8
6218,129812.5297,129137.1781,675.3516,0.0000,4.97892,63825.0
6219,129812.5297,129137.1781,675.3516,0.0000,4.97892,63834.9
6220,129812.5297,129137.1781,675.3516,0.0000,4.97892,63845.1
6221,129812.5297,129137.1781,675.3516,0.0185,4.98638,63856.0
6222,129812.5297,129137.1781,675.3516,0.0000,4.98638,63866.4
6223,129812.5297,129137.1781,675.3516,0.0000,4.98638,63876.8
6224,129812.5297,129137.1781,675.3516,0.0000,4.98638,63887.4
6225,129812.5297,129137.1781,675.3516,0.0000,4.98638,63898.4
6226,129812.5297,129137.1781,675.3516,0.0000,4.98638,63908.8
6227,129812.5297,129137.1781,675.3516,0.0000,4.98638,63919.3
6228,129812.5297,129137.1781,675.3516,0.0000,4.98638,63929.7
6229,129812.5297,129137.1781,675.3516,0.0000,4.98638,63940.0
6230,129812.5297,129137.1781,675.3516,0.0000,4.98638,63950.3
6231,129812.5297,129137.1781,675.3516,0.0000,4.98638,63960.5
6232,129812.5297,129137.1781,675.3516,0.0370,4.99201,63971.1
6233,129812.5297,129137.1781,675.3516,0.0000,4.99201,63981.5
6234,129812.5297,129137.1781,675.3516,0.0000,4.99201,63991.8
6235,129812.5297,129137.1781,675.3516,0.0185,4.97203,64002.4
6236,129812.5297,129137.1781,675.3516,0.0000,4.97203,64012.5
6237,129812.5297,129137.1781,675.3516,0.0000,4.97203,64023.5
6238,129812.5297,129137.1781,675.3516,0.0000,4.97203,64034.0
6239,129812.5297,129137.1781,675.3516,0.0000,4.97203,64044.3
6240,129812.5297,129137.1781,675.3516,0.0000,4.97203,64054.6
6241,129812.5297,129137.1781,675.3516,0.0000,4.97203,64064.7
6242,129812.5297,129137.1781,675.3516,0.0000,4.97203,64074.9
6243,129812.5297,129137.1781,675.3516,0.0000,4.97203,64085.2
6244,129812.5297,129137.1781,675.3516,0.0000,4.97203,64095.8
6245,129812.5297,129137.1781,675.3516,0.0000,4.97203,64106.5
6246,129812.5297,129137.1781,675.3516,0.0000,4.97203,64116.7
6247,129812.5297,129137.1781,675.3516,0.0000,4.97203,64127.3
6248,129812.5297,129137.1781,675.3516,0.0000,4.97203,64137.6
6249,129812.5297,129137.1781,675.3516,0.0000,4.97203,64148.2
6250,129812.5297,129137.1781,675.3516,0.0000,4.97203,64158.7
6251,129812.5297,129137.1781,675.3516,0.0000,4.97203,64169.0
6252,129812.5297,129137.1781,675.3516,0.0000,4.97203,64179.3
6253,129812.5297,129137.1781,675.3516,0.0185,4.96416,64189.9
6254,129812.5297,129137.1781,675.3516,0.0000,4.96416,64200.4
6255,129812.5297,129137.1781,675.3516,0.0000,4.96416,64211.0
6256,129812.5297,129137.1781,675.3516,0.0000,4.96416,64221.3
6257,129812.5297,129137.1781,675.3516,0.0000,4.96416,64231.7
6258,129812.5297,129137.1781,675.3516,0.0000,4.96416,64241.9
6259,129812.5297,129137.1781,675.3516,0.0000,4.96416,64252.4
6260,129812.5297,129137.1781,675.3516,0.0000,4.96416,64263.0
6261,129812.5297,129137.1781,675.3516,0.0000,4.96416,64273.3
6262,129812.5297,129137.1781,675.3516,0.0000,4.96416,64283.7
6263,129812.5297,129137.1781,675.3516,0.0000,4.96416,64294.2
6264,129812.5297,129137.1781,675.3516,0.0000,4.96416,64304.2
6265,129812.5297,129137.1781,675.3516,0.0000,4.96416,64314.7
6266,129812.5297,129137.1781,675.3516,0.0000,4.96416,64325.4
6267,129812.5297,129137.1781,675.3516,0.0000,4.96416,64336.1
6268,129812.5297,129137.1781,675.3516,0.0000,4.96416,64346.1
6269,129812.5297,129137.1781,675.3516,0.0000,4.96416,64356.4
6270,129812.5297,129137.1781,675.3516,0.0185,4.95324,64366.9
6271,129812.5297,129137.1781,675.3516,0.0000,4.95324,64377.3
6272,129812.5297,129137.1781,675.3516,0.0000,4.95324,64388.0
6273,129812.5297,129137.1781,675.3516,0.0000,4.95324,64398.4
6274,129812.5297,129137.1781,675.3516,0.0185,4.9421,64409.2
6275,129812.5297,129137.1781,675.3516,0.0000,4.9421,64419.5
6276,129812.5297,129137.1781,675.3516,0.0000,4.9421,64430.1
6277,129812.5297,129137.1781,675.3516,0.0000,4.9421,64440.6
6278,129812.5297,129137.1781,675.3516,0.0185,4.96572,64450.8
6279,129812.5297,129137.1781,675.3516,0.0000,4.96572,64461.9
6280,129812.5297,129137.1781,675.3516,0.0000,4.96572,64472.3
6281,129812.5297,129137.1781,675.3516,0.0000,4.96572,64482.6
6282,129812.5297,129137.1781,675.3516,0.0000,4.96572,64492.7
6283,129812.5297,129137.1781,675.3516,0.0185,4.96315,64502.9
6284,129812.5297,129137.1781,675.3516,0.0000,4.96315,64513.0
6285,129812.5297,129137.1781,675.3516,0.0000,4.96315,64523.4
6286,129812.5297,129137.1781,675.3516,0.0000,4.96315,64534.0
6287,129812.5297,129137.1781,675.3516,0.0185,4.9658,64544.3
6288,129812.5297,129137.1781,675.3516,0.0000,4.9658,64554.6
6289,129812.5297,129137.1781,675.3516,0.0000,4.9658,64565.1
6290,129812.5297,129137.1781,675.3516,0.0000,4.9658,64575.4
6291,129812.5297,129137.1781,675.3516,0.0000,4.9658,64585.7
6292,129812.5297,129137.1781,675.3516,0.0185,4.9681,64596.1
6293,129812.5297,129137.1781,675.3516,0.0000,4.9681,64606.5
6294,129812.5297,129137.1781,675.3516,0.0000,4.9681,64617.0
6295,129812.5297,129137.1781,675.3516,0.0000,4.9681,64627.3
6296,129812.5297,129137.1781,675.3516,0.0000,4.9681,64637.6
6297,129812.5297,129137.1781,675.3516,0.0000,4.9681,64648.1
6298,129812.5297,129137.1781,675.3516,0.0000,4.9681,64658.4
6299,129812.5297,129137.1781,675.3516,0.0000,4.9681,64668.9
6300,129812.5297,129137.1781,675.3516,0.0000,4.9681,64679.0
6301,129812.5297,129137.1781,675.3516,0.0000,4.9681,64689.2
6302,129812.5297,129137.1781,675.3516,0.0000,4.9681,64699.7
6303,129812.5297,129137.1781,675.3516,0.0000,4.9681,64709.8
6304,129812.5297,129137.1781,675.3516,0.0185,4.95583,64720.2
6305,129812.5297,129137.1781,675.3516,0.0000,4.95583,64730.8
6306,129812.5297,129137.1781,675.3516,0.0000,4.95583,64741.0
6307,129812.5297,129137.1781,675.3516,0.0000,4.95583,64751.4
6308,129812.5297,129137.1781,675.3516,0.0000,4.95583,64761.7
6309,129812.5297,129137.1781,675.3516,0.0000,4.95583,64772.0
6310,129812.5297,129137.1781,675.3516,0.0185,4.99126,64782.5
6311,129812.5297,129137.1781,675.3516,0.0000,4.99126,64793.0
6312,129812.5297,129137.1781,675.3516,0.0000,4.99126,64803.4
6313,129812.5297,129137.1781,675.3516,0.0000,4.99126,64813.6
6314,129812.5297,129137.1781,675.3516,0.0000,4.99126,64824.1
6315,129812.5297,129137.1781,675.3516,0.0000,4.99126,64834.2
6316,129812.5297,129137.1781,675.3516,0.0000,4.99126,64844.7
6317,129812.5297,129137.1781,675.3516,0.0000,4.99126,64855.1
6318,129812.5297,129137.1781,675.3516,0.0000,4.99126,64866.0
6319,129812.5297,129137.1781,675.3516,0.0000,4.99126,64876.2
6320,129812.5297,129137.1781,675.3516,0.0000,4.99126,64886.8
6321,129812.5297,129137.1781,675.3516,0.0000,4.99126,64897.4
6322,129812.5297,129137.1781,675.3516,0.0000,4.99126,64908.0
6323,129812.5297,129137.1781,675.3516,0.0000,4.99126,64918.8
6324,129812.5297,129137.1781,675.3516,0.0000,4.99126,64929.1
6325,129812.5297,129137.1781,675.3516,0.0000,4.99126,64939.7
6326,129812.5297,129137.1781,675.3516,0.0000,4.99126,64950.2
6327,129812.5297,129137.1781,675.3516,0.0000,4.99126,64960.8
6328,129812.5297,129137.1781,675.3516,0.0000,4.99126,64970.8
6329,129812.5297,129137.1781,675.3516,0.0000,4.99126,64980.9
6330,129812.5297,129137.1781,675.3516,0.0000,4.99126,64991.5
6331,129812.5297,129137.1781,675.3516,0.0000,4.99126,65002.0
6332,129812.5297,129137.1781,675.3516,0.0000,4.99126,65012.4
6333,129812.5297,129137.1781,675.3516,0.0000,4.99126,65022.8
6334,129812.5297,129137.1781,675.3516,0.0000,4.99126,65033.7
6335,129812.5297,129137.1781,675.3516,0.0185,4.99448,65044.3
6336,129812.5297,129137.1781,675.3516,0.0000,4.99448,65054.4
6337,129812.5297,129137.1781,675.3516,0.0000,4.99448,65065.2
6338,129812.5297,129137.1781,675.3516,0.0000,4.99448,65075.5
6339,129812.5297,129137.1781,675.3516,0.0000,4.99448,65086.1
6340,129812.5297,129137.1781,675.3516,0.0000,4.99448,65096.3
6341,129812.5297,129137.1781,675.3516,0.0000,4.99448,65106.6
6342,129812.5297,129137.1781,675.3516,0.0000,4.99448,65117.3
6343,129812.5297,129137.1781,675.3516,0.0000,4.99448,65127.9
6344,129812.5297,129137.1781,675.3516,0.0000,4.99448,65138.0
6345,129812.5297,129137.1781,675.3516,0.0000,4.99448,65148.1
6346,129812.5297,129137.1781,675.3516,0.0000,4.99448,65159.1
6347,129812.5297,129137.1781,675.3516,0.0185,4.99683,65169.7
6348,129812.5297,129137.1781,675.3516,0.0000,4.99683,65180.3
6349,129812.5297,129137.1781,675.3516,0.0000,4.99683,65190.9
6350,129812.5297,129137.1781,675.3516,0.0000,4.99683,65201.4
6351,129812.5297,129137.1781,675.3516,0.0000,4.99683,65212.0
6352,129812.5297,129137.1781,675.3516,0.0000,4.99683,65222.7
6353,129812.5297,129137.1781,675.3516,0.0000,4.99683,65233.2
6354,129812.5297,129137.1781,675.3516,0.0000,4.99683,65243.9
6355,129812.5297,129137.1781,675.3516,0.0000,4.99683,65254.5
6356,129812.5297,129137.1781,675.3516,0.0000,4.99683,65264.8
6357,129812.5297,129137.1781,675.3516,0.0000,4.99683,65275.4
6358,129812.5297,129137.1781,675.3516,0.0185,5.00509,65285.8
6359,129812.5297,129137.1781,675.3516,0.0000,5.00509,65296.2
6360,129812.5297,129137.1781,675.3516,0.0000,5.00509,65306.5
6361,129812.5297,129137.1781,675.3516,0.0000,5.00509,65316.8
6362,129812.5297,129137.1781,675.3516,0.0000,5.00509,65327.4
6363,129812.5297,129137.1781,675.3516,0.0000,5.00509,65338.1
6364,129812.5297,129137.1781,675.3516,0.0185,5.00827,65348.6
6365,129812.5297,129137.1781,675.3516,0.0000,5.00827,65359.1
6366,129812.5297,129137.1781,675.3516,0.0000,5.00827,65369.6
6367,129812.5297,129137.1781,675.3516,0.0185,4.99925,65380.0
6368,129812.5297,129137.1781,675.3516,0.0000,4.99925,65390.0
6369,129812.5297,129137.1781,675.3516,0.0000,4.99925,65400.5
6370,129812.5297,129137.1781,675.3516,0.0000,4.99925,65410.4
6371,129812.5297,129137.1781,675.3516,0.0185,4.99804,65420.8
6372,129812.5297,129137.1781,675.3516,0.0000,4.99804,65431.1
6373,129812.5297,129137.1781,675.3516,0.0000,4.99804,65442.1
6374,129812.5297,129137.1781,675.3516,0.0000,4.99804,65452.1
6375,129812.5297,129137.1781,675.3516,0.0000,4.99804,65463.1
6376,129812.5297,129137.1781,675.3516,0.0000,4.99804,65473.6
6377,129812.5297,129137.1781,675.3516,0.0000,4.99804,65484.0
6378,129812.5297,129141.1053,671.4244,0.0185,5.02338,65494.4
6379,129812.5297,129141.1053,671.4244,0.0000,5.02338,65504.5
6380,129812.5297,129141.1053,671.4244,0.0000,5.02338,65514.9
6381,129812.5297,129141.1053,671.4244,0.0000,5.02338,65525.7
6382,129812.5297,129141.1053,671.4244,0.0000,5.02338,65536.2
6383,129812.5297,129141.1053,671.4244,0.0000,5.02338,65546.8
6384,129812.5297,129141.1053,671.4244,0.0000,5.02338,65557.0
6385,129812.5297,129141.1053,671.4244,0.0000,5.02338,65567.3
6386,129812.5297,129141.1053,671.4244,0.0000,5.02338,65577.9
6387,129812.5297,129141.1053,671.4244,0.0000,5.02338,65588.1
6388,129812.5297,129141.1053,671.4244,0.0000,5.02338,65598.4
6389,129812.5297,129141.1053,671.4244,0.0000,5.02338,65609.1
6390,129812.5297,129141.1053,671.4244,0.0000,5.02338,65619.5
6391,129812.5297,129141.1053,671.4244,0.0000,5.02338,65629.8
6392,129812.5297,129141.1053,671.4244,0.0000,5.02338,65640.5
6393,129812.5297,129141.1053,671.4244,0.0185,4.97263,65650.7
6394,129812.5297,129141.1053,671.4244,0.0000,4.97263,65661.1
6395,129812.5297,129141.1053,671.4244,0.0185,4.98344,65671.5
6396,129812.5297,129141.1053,671.4244,0.0185,4.98417,65681.9
6397,129812.5297,129141.1053,671.4244,0.0000,4.98417,65692.5
6398,129812.5297,129141.1053,671.4244,0.0000,4.98417,65703.0
6399,129812.5297,129141.1053,671.4244,0.0000,4.98417,65713.2
6400,129812.5297,129141.1053,671.4244,0.0000,4.98417,65724.0
6401,129812.5297,129141.1053,671.4244,0.0000,4.98417,65734.4
6402,129812.5297,129141.1053,671.4244,0.0000,4.98417,65744.7
6403,129812.5297,129141.1053,671.4244,0.0000,4.98417,65755.1
6404,129812.5297,129141.1053,671.4244,0.0000,4.98417,65765.7
6405,129812.5297,129141.1053,671.4244,0.0000,4.98417,65776.0
6406,129812.5297,129141.1053,671.4244,0.0000,4.98417,65786.6
6407,129812.5297,129141.1053,671.4244,0.0000,4.98417,65797.0
6408,129812.5297,129141.1053,671.4244,0.0000,4.98417,65807.5
6409,129812.5297,129141.1053,671.4244,0.0000,4.98417,65817.8
6410,129812.5297,129141.1053,671.4244,0.0000,4.98417,65828.3
6411,129812.5297,129141.1053,671.4244,0.0000,4.98417,65838.7
6412,129812.5297,129141.1053,671.4244,0.0000,4.98417,65849.4
6413,129812.5297,129141.1053,671.4244,0.0000,4.98417,65860.2
6414,129812.5297,129141.1053,671.4244,0.0000,4.98417,65870.6
6415,129812.5297,129147.1703,665.3594,0.0185,4.96607,65881.0
6416,129812.5297,129147.1703,665.3594,0.0000,4.96607,65891.3
6417,129812.5297,129147.1703,665.3594,0.0000,4.96607,65901.8
6418,129812.5297,129147.1703,665.3594,0.0000,4.96607,65912.8
6419,129812.5297,129147.1703,665.3594,0.0000,4.96607,65923.2
6420,129812.5297,129147.1703,665.3594,0.0000,4.96607,65933.7
6421,129812.5297,129147.1703,665.3594,0.0000,4.96607,65943.9
6422,129812.5297,129147.1703,665.3594,0.0000,4.96607,65954.4
6423,129812.5297,129147.1703,665.3594,0.0000,4.96607,65964.9
6424,129812.5297,129147.1703,665.3594,0.0000,4.96607,65975.1
6425,129812.5297,129147.1703,665.3594,0.0000,4.96607,65985.8
6426,129812.5297,129147.1703,665.3594,0.0000,4.96607,65996.3
6427,129812.5297,129147.1703,665.3594,0.0000,4.96607,66006.7
6428,129812.5297,129147.1703,665.3594,0.0000,4.96607,66017.5
6429,129812.5297,129147.1703,665.3594,0.0000,4.96607,66028.3
6430,129812.5297,129147.1703,665.3594,0.0000,4.96607,66038.4
6431,129812.5297,129147.1703,665.3594,0.0185,4.95735,66049.1
6432,129812.5297,129147.1703,665.3594,0.0000,4.95735,66059.5
6433,129812.5297,129147.1703,665.3594,0.0000,4.95735,66069.6
6434,129812.5297,129147.1703,665.3594,0.0000,4.95735,66080.1
6435,129812.5297,129147.1703,665.3594,0.0000,4.95735,66090.8
6436,129812.5297,129147.1703,665.3594,0.0000,4.95735,66101.1
6437,129812.5297,129147.1703,665.3594,0.0000,4.95735,66111.4
6438,129812.5297,129147.1703,665.3594,0.0000,4.95735,66121.7
6439,129812.5297,129147.1703,665.3594,0.0000,4.95735,66132.3
6440,129812.5297,129147.1703,665.3594,0.0185,4.96027,66142.6
6441,129812.5297,129147.1703,665.3594,0.0000,4.96027,66153.1
6442,129812.5297,129147.1703,665.3594,0.0000,4.96027,66163.6
6443,129812.5297,129147.1703,665.3594,0.0000,4.96027,66173.7
6444,129812.5297,129147.1703,665.3594,0.0000,4.96027,66183.8
6445,129812.5297,129147.1703,665.3594,0.0000,4.96027,66194.4
6446,129812.5297,129147.1703,665.3594,0.0000,4.96027,66205.0
6447,129812.5297,129147.1703,665.3594,0.0000,4.96027,66215.4
6448,129812.5297,129147.1703,665.3594,0.0000,4.96027,66225.9
6449,129812.5297,129147.1703,665.3594,0.0000,4.96027,66236.3
6450,129812.5297,129147.1703,665.3594,0.0000,4.96027,66246.8
6451,129812.5297,129147.1703,665.3594,0.0000,4.96027,66257.1
6452,129812.5297,129147.1703,665.3594,0.0000,4.96027,66267.2
6453,129812.5297,129147.1703,665.3594,0.0000,4.96027,66277.5
6454,129812.5297,129147.1703,665.3594,0.0000,4.96027,66288.2
6455,129812.5297,129147.1703,665.3594,0.0000,4.96027,66298.8
6456,129812.5297,129147.1703,665.3594,0.0000,4.96027,66309.0
6457,129812.5297,129147.1703,665.3594,0.0000,4.96027,66319.2
6458,129812.5297,129147.1703,665.3594,0.0000,4.96027,66329.7
6459,129812.5297,129147.1703,665.3594,0.0000,4.96027,66340.0
6460,129812.5297,129147.1703,665.3594,0.0000,4.96027,66350.1
6461,129812.5297,129147.1703,665.3594,0.0000,4.96027,66360.4
6462,129812.5297,129147.1703,665.3594,0.0000,4.96027,66370.6
6463,129812.5297,129147.1703,665.3594,0.0000,4.96027,66381.4
6464,129812.5297,129147.1703,665.3594,0.0000,4.96027,66391.8
6465,129812.5297,129147.1703,665.3594,0.0000,4.96027,66402.5
6466,129812.5297,129147.1703,665.3594,0.0000,4.96027,66413.0
6467,129812.5297,129147.1703,665.3594,0.0000,4.96027,66423.0
6468,129812.5297,129147.1703,665.3594,0.0000,4.96027,66433.1
6469,129812.5297,129147.1703,665.3594,0.0000,4.96027,66443.5
6470,129812.5297,129147.1703,665.3594,0.0000,4.96027,66453.9
6471,129812.5297,129147.1703,665.3594,0.0000,4.96027,66464.3
6472,129812.5297,129147.1703,665.3594,0.0000,4.96027,66474.7
6473,129812.5297,129147.1703,665.3594,0.0000,4.96027,66485.3
6474,129812.5297,129147.1703,665.3594,0.0000,4.96027,66495.7
6475,129812.5297,129147.1703,665.3594,0.0000,4.96027,66506.2
6476,129812.5297,129147.1703,665.3594,0.0000,4.96027,66516.8
6477,129812.5297,129147.1703,665.3594,0.0000,4.96027,66527.3
6478,129812.5297,129147.1703,665.3594,0.0000,4.96027,66537.7
6479,129812.5297,129147.1703,665.3594,0.0000,4.96027,66548.1
6480,129812.5297,129147.1703,665.3594,0.0000,4.96027,66558.6
6481,129812.5297,129147.1703,665.3594,0.0000,4.96027,66569.2
6482,129812.5297,129147.1703,665.3594,0.0000,4.96027,66579.4
6483,129812.5297,129147.1703,665.3594,0.0000,4.96027,66589.9
6484,129812.5297,129147.1703,665.3594,0.0000,4.96027,66600.6
6485,129812.5297,129147.1703,665.3594,0.0000,4.96027,66611.1
6486,129812.5297,129147.1703,665.3594,0.0000,4.96027,66621.9
6487,129812.5297,129147.1703,665.3594,0.0000,4.96027,66632.6
6488,129812.5297,129147.1703,665.3594,0.0000,4.96027,66642.8
6489,129812.5297,129147.1703,665.3594,0.0000,4.96027,66653.4
6490,129812.5297,129147.1703,665.3594,0.0000,4.96027,66663.9
6491,129812.5297,129147.1703,665.3594,0.0000,4.96027,66675.1
6492,129812.5297,129147.1703,665.3594,0.0000,4.96027,66685.5
6493,129812.5297,129147.1703,665.3594,0.0000,4.96027,66696.1
6494,129812.5297,129147.1703,665.3594,0.0000,4.96027,66706.8
6495,129812.5297,129147.1703,665.3594,0.0000,4.96027,66717.0
6496,129812.5297,129147.1703,665.3594,0.0000,4.96027,66727.8
6497,129812.5297,129147.1703,665.3594,0.0000,4.96027,66738.4
6498,129812.5297,129147.1703,665.3594,0.0000,4.96027,66748.8
6499,129812.5297,129147.1703,665.3594,0.0185,4.98429,66759.2
6500,129812.5297,129147.1703,665.3594,0.0185,5.00368,66769.4
6501,129812.5297,129147.1703,665.3594,0.0000,5.00368,66779.8
6502,129812.5297,129147.1703,665.3594,0.0000,5.00368,66789.7
6503,129812.5297,129147.1703,665.3594,0.0000,5.00368,66800.5
6504,129812.5297,129147.1703,665.3594,0.0000,5.00368,66811.0
6505,129812.5297,129147.1703,665.3594,0.0000,5.00368,66821.6
6506,129812.5297,129147.1703,665.3594,0.0000,5.00368,66832.4
6507,129812.5297,129147.1703,665.3594,0.0000,5.00368,66843.0
6508,129812.5297,129147.1703,665.3594,0.0000,5.00368,66853.5
6509,129812.5297,129147.1703,665.3594,0.0000,5.00368,66864.0
6510,129812.5297,129147.1703,665.3594,0.0000,5.00368,66874.9
6511,129812.5297,129147.1703,665.3594,0.0185,5.00854,66885.7
6512,129812.5297,129147.1703,665.3594,0.0000,5.00854,66896.4
6513,129812.5297,129147.1703,665.3594,0.0000,5.00854,66906.6
6514,129812.5297,129147.1703,665.3594,0.0000,5.00854,66917.0
6515,129812.5297,129147.1703,665.3594,0.0000,5.00854,66927.3
6516,129812.5297,129147.1703,665.3594,0.0000,5.00854,66937.7
6517,129812.5297,129147.1703,665.3594,0.0000,5.00854,66948.1
6518,129812.5297,129147.1703,665.3594,0.0000,5.00854,66958.6
6519,129812.5297,129147.1703,665.3594,0.0000,5.00854,66969.0
6520,129812.5297,129147.1703,665.3594,0.0000,5.00854,66979.2
6521,129812.5297,129147.1703,665.3594,0.0000,5.00854,66989.5
6522,129812.5297,129147.1703,665.3594,0.0000,5.00854,67000.3
6523,129812.5297,129147.1703,665.3594,0.0000,5.00854,67010.6
6524,129812.5297,129147.1703,665.3594,0.0000,5.00854,67021.3
6525,129812.5297,129147.1703,665.3594,0.0000,5.00854,67032.0
6526,129812.5297,129147.1703,665.3594,0.0000,5.00854,67042.1
6527,129812.5297,129147.1703,665.3594,0.0000,5.00854,67052.3
6528,129812.5297,129147.1703,665.3594,0.0000,5.00854,67063.0
6529,129812.5297,129147.1703,665.3594,0.0000,5.00854,67073.3
6530,129812.5297,129147.1703,665.3594,0.0000,5.00854,67083.9
6531,129812.5297,129147.1703,665.3594,0.0000,5.00854,67094.3
6532,129812.5297,129147.1703,665.3594,0.0000,5.00854,67104.6
6533,129812.5297,129147.1703,665.3594,0.0000,5.00854,67115.1
6534,129812.5297,129147.1703,665.3594,0.0000,5.00854,67125.7
6535,129812.5297,129147.1703,665.3594,0.0000,5.00854,67136.1
6536,129812.5297,129147.1703,665.3594,0.0000,5.00854,67146.7
6537,129812.5297,129147.1703,665.3594,0.0000,5.00854,67157.2
6538,129812.5297,129147.1703,665.3594,0.0000,5.00854,67167.5
6539,129812.5297,129147.1703,665.3594,0.0000,5.00854,67178.6
6540,129812.5297,129147.1703,665.3594,0.0000,5.00854,67189.2
6541,129812.5297,129147.1703,665.3594,0.0000,5.00854,67199.5
6542,129812.5297,129147.1703,665.3594,0.0000,5.00854,67209.7
6543,129812.5297,129147.1703,665.3594,0.0000,5.00854,67220.3
6544,129812.5297,129147.1703,665.3594,0.0000,5.00854,67230.5
6545,129812.5297,129147.1703,665.3594,0.0000,5.00854,67241.3
6546,129812.5297,129147.1703,665.3594,0.0000,5.00854,67251.7
6547,129812.5297,129147.1703,665.3594,0.0000,5.00854,67262.4
6548,129812.5297,129147.1703,665.3594,0.0000,5.00854,67272.7
6549,129812.5297,129147.1703,665.3594,0.0000,5.00854,67283.0
6550,129812.5297,129147.1703,665.3594,0.0000,5.00854,67293.5
6551,129812.5297,129147.1703,665.3594,0.0185,5.00725,67303.9
6552,129812.5297,129147.1703,665.3594,0.0000,5.00725,67314.3
6553,129812.5297,129147.1703,665.3594,0.0000,5.00725,67325.3
6554,129812.5297,129147.1703,665.3594,0.0000,5.00725,67335.7
6555,129812.5297,129147.1703,665.3594,0.0000,5.00725,67346.2
6556,129812.5297,129147.1703,665.3594,0.0185,5.00679,67356.4
6557,129812.5297,129147.1703,665.3594,0.0000,5.00679,67367.0
6558,129812.5297,129147.1703,665.3594,0.0000,5.00679,67377.4
6559,129812.5297,129147.1703,665.3594,0.0000,5.00679,67388.2
6560,129812.5297,129147.1703,665.3594,0.0000,5.00679,67398.4
6561,129812.5297,129147.1703,665.3594,0.0000,5.00679,67408.7
6562,129812.5297,129147.1703,665.3594,0.0000,5.00679,67418.9
6563,129812.5297,129147.1703,665.3594,0.0000,5.00679,67429.6
6564,129812.5297,129147.1703,665.3594,0.0000,5.00679,67440.6
6565,129812.5297,129147.1703,665.3594,0.0000,5.00679,67451.2
6566,129812.5297,129147.1703,665.3594,0.0000,5.00679,67461.7
6567,129812.5297,129147.1703,665.3594,0.0000,5.00679,67472.1
6568,129812.5297,129147.1703,665.3594,0.0000,5.00679,67482.3
6569,129812.5297,129147.1703,665.3594,0.0000,5.00679,67493.3
6570,129812.5297,129147.1703,665.3594,0.0000,5.00679,67503.8
6571,129812.5297,129147.1703,665.3594,0.0000,5.00679,67514.6
6572,129812.5297,129147.1703,665.3594,0.0000,5.00679,67525.3
6573,129812.5297,129147.1703,665.3594,0.0000,5.00679,67535.9
6574,129812.5297,129147.1703,665.3594,0.0000,5.00679,67546.5
6575,129812.5297,129147.1703,665.3594,0.0000,5.00679,67557.4
6576,129812.5297,129147.1703,665.3594,0.0000,5.00679,67567.9
6577,129812.5297,129147.1703,665.3594,0.0000,5.00679,67578.1
6578,129812.5297,129147.1703,665.3594,0.0000,5.00679,67588.4
6579,129812.5297,129147.1703,665.3594,0.0000,5.00679,67598.6
6580,129812.5297,129147.1703,665.3594,0.0000,5.00679,67609.2
6581,129812.5297,129147.1703,665.3594,0.0185,5.02738,67619.7
6582,129812.5297,129147.1703,665.3594,0.0000,5.02738,67630.2
6583,129812.5297,129147.1703,665.3594,0.0000,5.02738,67640.4
6584,129812.5297,129147.1703,665.3594,0.0000,5.02738,67650.8
6585,129812.5297,129147.1703,665.3594,0.0000,5.02738,67661.1
6586,129812.5297,129147.1703,665.3594,0.0000,5.02738,67671.8
6587,129812.5297,129154.7509,657.7788,0.0185,5.03496,67682.4
6588,129812.5297,129154.7509,657.7788,0.0000,5.03496,67693.2
6589,129812.5297,129154.7509,657.7788,0.0000,5.03496,67703.7
6590,129812.5297,129154.7509,657.7788,0.0000,5.03496,67714.4
6591,129812.5297,129154.7509,657.7788,0.0000,5.03496,67725.3
6592,129812.5297,129154.7509,657.7788,0.0000,5.03496,67735.9
6593,129812.5297,129154.7509,657.7788,0.0000,5.03496,67746.2
6594,129812.5297,129154.7509,657.7788,0.0000,5.03496,67757.1
6595,129812.5297,129154.7509,657.7788,0.0000,5.03496,67767.6
6596,129812.5297,129154.7509,657.7788,0.0000,5.03496,67778.3
6597,129812.5297,129154.7509,657.7788,0.0000,5.03496,67788.7
6598,129812.5297,129154.7509,657.7788,0.0000,5.03496,67799.2
6599,129812.5297,129154.7509,657.7788,0.0000,5.03496,67809.5
6600,129812.5297,129154.7509,657.7788,0.0000,5.03496,67819.9
6601,129812.5297,129154.7509,657.7788,0.0000,5.03496,67830.4
6602,129812.5297,129154.7509,657.7788,0.0000,5.03496,67840.4
6603,129812.5297,129154.7509,657.7788,0.0000,5.03496,67850.7
6604,129812.5297,129154.7509,657.7788,0.0000,5.03496,67861.2
6605,129812.5297,129154.7509,657.7788,0.0000,5.03496,67871.8
6606,129812.5297,129154.7509,657.7788,0.0000,5.03496,67882.2
6607,129812.5297,129154.7509,657.7788,0.0000,5.03496,67893.0
6608,129812.5297,129154.7509,657.7788,0.0000,5.03496,67903.4
6609,129812.5297,129154.7509,657.7788,0.0000,5.03496,67913.9
6610,129812.5297,129154.7509,657.7788,0.0000,5.03496,67924.7
6611,129812.5297,129154.7509,657.7788,0.0000,5.03496,67935.6
6612,129812.5297,129154.7509,657.7788,0.0185,5.03218,67946.2
6613,129812.5297,129154.7509,657.7788,0.0000,5.03218,67956.6
6614,129812.5297,129154.7509,657.7788,0.0000,5.03218,67967.0
6615,129812.5297,129154.7509,657.7788,0.0000,5.03218,67977.6
6616,129812.5297,129154.7509,657.7788,0.0000,5.03218,67988.0
6617,129812.5297,129154.7509,657.7788,0.0000,5.03218,67998.9
6618,129812.5297,129154.7509,657.7788,0.0000,5.03218,68009.8
6619,129812.5297,129154.7509,657.7788,0.0000,5.03218,68020.3
6620,129812.5297,129154.7509,657.7788,0.0000,5.03218,68030.7
6621,129812.5297,129154.7509,657.7788,0.0000,5.03218,68041.2
6622,129812.5297,129154.7509,657.7788,0.0000,5.03218,68051.7
6623,129812.5297,129154.7509,657.7788,0.0000,5.03218,68062.5
6624,129812.5297,129154.7509,657.7788,0.0000,5.03218,68073.3
6625,129812.5297,129154.7509,657.7788,0.0000,5.03218,68083.8
6626,129812.5297,129154.7509,657.7788,0.0000,5.03218,68094.8
6627,129812.5297,129154.7509,657.7788,0.0000,5.03218,68105.1
6628,129812.5297,129154.7509,657.7788,0.0000,5.03218,68115.7
6629,129812.5297,129154.7509,657.7788,0.0000,5.03218,68126.4
6630,129812.5297,129154.7509,657.7788,0.0000,5.03218,68137.5
6631,129812.5297,129154.7509,657.7788,0.0000,5.03218,68147.5
6632,129812.5297,129154.7509,657.7788,0.0000,5.03218,68158.0
6633,129812.5297,129154.7509,657.7788,0.0185,5.02421,68168.8
6634,129812.5297,129154.7509,657.7788,0.0000,5.02421,68179.4
6635,129812.5297,129154.7509,657.7788,0.0000,5.02421,68189.9
6636,129812.5297,129154.7509,657.7788,0.0185,5.0344,68200.6
6637,129812.5297,129154.7509,657.7788,0.0000,5.0344,68211.3
6638,129812.5297,129154.7509,657.7788,0.0000,5.0344,68221.8
6639,129812.5297,129154.7509,657.7788,0.0185,5.03745,68232.1
6640,129812.5297,129154.7509,657.7788,0.0000,5.03745,68242.6
6641,129812.5297,129154.7509,657.7788,0.0000,5.03745,68253.4
6642,129812.5297,129154.7509,657.7788,0.0000,5.03745,68263.7
6643,129812.5297,129156.0356,656.4941,0.0185,5.0325,68274.0
6644,129812.5297,129156.0356,656.4941,0.0000,5.0325,68284.4
6645,129812.5297,129156.0356,656.4941,0.0000,5.0325,68295.0
6646,129812.5297,129156.0356,656.4941,0.0000,5.0325,68305.4
6647,129812.5297,129156.0356,656.4941,0.0000,5.0325,68316.5
6648,129812.5297,129156.0356,656.4941,0.0000,5.0325,68326.6
6649,129812.5297,129156.0356,656.4941,0.0000,5.0325,68337.1
6650,129812.5297,129156.0356,656.4941,0.0000,5.0325,68347.9
6651,129812.5297,129156.0356,656.4941,0.0000,5.0325,68358.5
6652,129812.5297,129156.0356,656.4941,0.0185,5.02235,68369.4
6653,129812.5297,129156.0356,656.4941,0.0000,5.02235,68379.7
6654,129812.5297,129156.0356,656.4941,0.0000,5.02235,68390.3
6655,129812.5297,129156.0356,656.4941,0.0000,5.02235,68400.7
6656,129812.5297,129156.0356,656.4941,0.0000,5.02235,68411.4
6657,129812.5297,129156.0356,656.4941,0.0000,5.02235,68421.8
6658,129812.5297,129156.0356,656.4941,0.0000,5.02235,68432.4
6659,129812.5297,129156.0356,656.4941,0.0000,5.02235,68443.1
6660,129812.5297,129156.0356,656.4941,0.0000,5.02235,68453.0
6661,129812.5297,129156.0356,656.4941,0.0000,5.02235,68463.4
6662,129812.5297,129156.0356,656.4941,0.0000,5.02235,68474.3
6663,129812.5297,129156.0356,656.4941,0.0000,5.02235,68484.6
6664,129812.5297,129156.0356,656.4941,0.0000,5.02235,68495.4
6665,129812.5297,129156.0356,656.4941,0.0000,5.02235,68505.9
6666,129812.5297,129156.0356,656.4941,0.0000,5.02235,68516.5
6667,129812.5297,129156.0356,656.4941,0.0000,5.02235,68526.9
6668,129812.5297,129156.0356,656.4941,0.0000,5.02235,68537.5
6669,129812.5297,129156.0356,656.4941,0.0000,5.02235,68548.3
6670,129812.5297,129156.0356,656.4941,0.0000,5.02235,68558.8
6671,129812.5297,129156.0356,656.4941,0.0185,5.03935,68569.4
6672,129812.5297,129156.0356,656.4941,0.0000,5.03935,68579.7
6673,129812.5297,129156.0356,656.4941,0.0000,5.03935,68590.4
6674,129812.5297,129156.0356,656.4941,0.0000,5.03935,68601.1
6675,129812.5297,129156.0356,656.4941,0.0000,5.03935,68611.6
6676,129812.5297,129156.0356,656.4941,0.0000,5.03935,68622.4
6677,129812.5297,129156.0356,656.4941,0.0000,5.03935,68633.3
6678,129812.5297,129156.0356,656.4941,0.0000,5.03935,68644.1
6679,129812.5297,129156.0356,656.4941,0.0000,5.03935,68654.9
6680,129812.5297,129156.0356,656.4941,0.0000,5.03935,68665.7
6681,129812.5297,129156.0356,656.4941,0.0000,5.03935,68676.6
6682,129812.5297,129156.0356,656.4941,0.0000,5.03935,68687.2
6683,129812.5297,129156.0356,656.4941,0.0000,5.03935,68697.5
6684,129812.5297,129156.0356,656.4941,0.0000,5.03935,68708.2
6685,129812.5297,129156.0356,656.4941,0.0000,5.03935,68718.5
6686,129812.5297,129156.0356,656.4941,0.0000,5.03935,68729.0
6687,129812.5297,129156.0356,656.4941,0.0000,5.03935,68739.5
6688,129812.5297,129156.0356,656.4941,0.0000,5.03935,68750.1
6689,129812.5297,129156.0356,656.4941,0.0000,5.03935,68760.4
6690,129812.5297,129156.0356,656.4941,0.0000,5.03935,68771.1
6691,129812.5297,129156.0356,656.4941,0.0000,5.03935,68781.2
6692,129812.5297,129156.0356,656.4941,0.0000,5.03935,68792.3
6693,129812.5297,129156.0356,656.4941,0.0185,5.04148,68803.3
6694,129812.5297,129156.0356,656.4941,0.0000,5.04148,68813.9
6695,129812.5297,129156.0356,656.4941,0.0000,5.04148,68824.2
6696,129812.5297,129156.0356,656.4941,0.0000,5.04148,68834.1
6697,129812.5297,129156.0356,656.4941,0.0000,5.04148,68844.6
6698,129812.5297,129156.0356,656.4941,0.0000,5.04148,68855.3
6699,129812.5297,129156.0356,656.4941,0.0000,5.04148,68866.0
6700,129812.5297,129156.0356,656.4941,0.0000,5.04148,68876.4
6701,129812.5297,129156.0356,656.4941,0.0000,5.04148,68887.0
6702,129812.5297,129156.0356,656.4941,0.0000,5.04148,68897.4
6703,129812.5297,129156.0356,656.4941,0.0000,5.04148,68908.2
6704,129812.5297,129156.0356,656.4941,0.0000,5.04148,68918.8
6705,129812.5297,129156.0356,656.4941,0.0000,5.04148,68929.4
6706,129812.5297,129156.0356,656.4941,0.0000,5.04148,68939.6
6707,129812.5297,129156.0356,656.4941,0.0000,5.04148,68950.4
6708,129812.5297,129156.0356,656.4941,0.0000,5.04148,68960.9
6709,129812.5297,129156.0356,656.4941,0.0000,5.04148,68971.8
6710,129812.5297,129156.0356,656.4941,0.0000,5.04148,68982.5
6711,129812.5297,129156.0356,656.4941,0.0000,5.04148,68992.8
6712,129812.5297,129156.0356,656.4941,0.0000,5.04148,69003.2
6713,129812.5297,129156.0356,656.4941,0.0000,5.04148,69013.7
6714,129812.5297,129156.0356,656.4941,0.0000,5.04148,69024.2
6715,129812.5297,129156.0356,656.4941,0.0000,5.04148,69034.5
6716,129812.5297,129156.0356,656.4941,0.0000,5.04148,69044.7
6717,129812.5297,129156.0356,656.4941,0.0000,5.04148,69055.4
6718,129812.5297,129156.0356,656.4941,0.0000,5.04148,69066.0
6719,129812.5297,129156.0356,656.4941,0.0000,5.04148,69076.4
6720,129812.5297,129156.0356,656.4941,0.0000,5.04148,69086.8
6721,129812.5297,129156.0356,656.4941,0.0000,5.04148,69097.1
6722,129812.5297,129156.0356,656.4941,0.0185,5.03079,69107.3
6723,129812.5297,129156.0356,656.4941,0.0185,5.05203,69118.1
6724,129812.5297,129156.0356,656.4941,0.0000,5.05203,69128.5
6725,129812.5297,129156.0356,656.4941,0.0000,5.05203,69138.9
6726,129812.5297,129156.0356,656.4941,0.0000,5.05203,69149.7
6727,129812.5297,129156.0356,656.4941,0.0185,5.04604,69160.0
6728,129812.5297,129156.0356,656.4941,0.0000,5.04604,69170.5
6729,129812.5297,129156.0356,656.4941,0.0000,5.04604,69181.0
6730,129812.5297,129156.0356,656.4941,0.0000,5.04604,69191.8
6731,129812.5297,129156.0356,656.4941,0.0000,5.04604,69202.4
6732,129812.5297,129156.0356,656.4941,0.0000,5.04604,69213.0
6733,129812.5297,129156.0356,656.4941,0.0000,5.04604,69223.5
6734,129812.5297,129156.0356,656.4941,0.0000,5.04604,69234.4
6735,129812.5297,129156.0356,656.4941,0.0000,5.04604,69244.9
6736,129812.5297,129156.0356,656.4941,0.0000,5.04604,69255.3
6737,129812.5297,129156.0356,656.4941,0.0185,5.05922,69265.7
6738,129812.5297,129156.0356,656.4941,0.0000,5.05922,69276.1
6739,129812.5297,129156.0356,656.4941,0.0000,5.05922,69286.7
6740,129812.5297,129156.0356,656.4941,0.0000,5.05922,69297.2
6741,129812.5297,129156.0356,656.4941,0.0000,5.05922,69307.8
6742,129812.5297,129156.0356,656.4941,0.0000,5.05922,69318.1
6743,129812.5297,129156.0356,656.4941,0.0000,5.05922,69329.0
6744,129812.5297,129156.0356,656.4941,0.0000,5.05922,69339.5
6745,129812.5297,129156.0356,656.4941,0.0000,5.05922,69349.7
6746,129812.5297,129156.0356,656.4941,0.0000,5.05922,69360.6
6747,129812.5297,129156.0356,656.4941,0.0000,5.05922,69371.0
6748,129812.5297,129156.0356,656.4941,0.0000,5.05922,69381.3
6749,129812.5297,129156.0356,656.4941,0.0000,5.05922,69391.9
6750,129812.5297,129156.0356,656.4941,0.0000,5.05922,69402.5
6751,129812.5297,129156.0356,656.4941,0.0000,5.05922,69413.0
6752,129812.5297,129156.0356,656.4941,0.0000,5.05922,69423.5
6753,129812.5297,129156.0356,656.4941,0.0000,5.05922,69433.8
6754,129812.5297,129156.0356,656.4941,0.0000,5.05922,69444.6
6755,129812.5297,129156.0356,656.4941,0.0000,5.05922,69455.3
6756,129812.5297,129156.0356,656.4941,0.0000,5.05922,69465.9
6757,129812.5297,129156.0356,656.4941,0.0000,5.05922,69476.2
6758,129812.5297,129156.0356,656.4941,0.0000,5.05922,69486.8
6759,129812.5297,129156.0356,656.4941,0.0000,5.05922,69497.3
6760,129812.5297,129156.0356,656.4941,0.0000,5.05922,69507.7
6761,129812.5297,129156.0356,656.4941,0.0000,5.05922,69518.2
6762,129812.5297,129156.0356,656.4941,0.0000,5.05922,69528.8
6763,129812.5297,129156.0356,656.4941,0.0000,5.05922,69539.4
6764,129812.5297,129156.0356,656.4941,0.0185,5.08356,69549.7
6765,129812.5297,129156.0356,656.4941,0.0000,5.08356,69560.3
6766,129812.5297,129156.0356,656.4941,0.0000,5.08356,69570.9
6767,129812.5297,129156.0356,656.4941,0.0000,5.08356,69581.6
6768,129812.5297,129156.0356,656.4941,0.0000,5.08356,69592.3
6769,129812.5297,129156.0356,656.4941,0.0000,5.08356,69603.0
6770,129812.5297,129156.0356,656.4941,0.0000,5.08356,69613.6
6771,129812.5297,129156.0356,656.4941,0.0000,5.08356,69624.4
6772,129812.5297,129156.0356,656.4941,0.0000,5.08356,69635.0
6773,129812.5297,129156.0356,656.4941,0.0000,5.08356,69645.3
6774,129812.5297,129156.0356,656.4941,0.0185,5.07282,69655.7
6775,129812.5297,129156.0356,656.4941,0.0185,5.10677,69665.8
6776,129812.5297,129156.0356,656.4941,0.0000,5.10677,69676.4
6777,129812.5297,129156.0356,656.4941,0.0000,5.10677,69687.3
6778,129812.5297,129156.0356,656.4941,0.0000,5.10677,69697.7
6779,129812.5297,129156.0356,656.4941,0.0185,5.10266,69708.1
6780,129812.5297,129156.0356,656.4941,0.0000,5.10266,69718.7
6781,129812.5297,129156.0356,656.4941,0.0000,5.10266,69729.4
6782,129812.5297,129156.0356,656.4941,0.0000,5.10266,69740.1
6783,129812.5297,129156.0356,656.4941,0.0000,5.10266,69750.6
6784,129812.5297,129156.0356,656.4941,0.0000,5.10266,69761.4
6785,129812.5297,129156.0356,656.4941,0.0000,5.10266,69772.1
6786,129812.5297,129156.0356,656.4941,0.0000,5.10266,69782.6
6787,129812.5297,129156.0356,656.4941,0.0000,5.10266,69793.3
6788,129812.5297,129156.0356,656.4941,0.0185,5.12671,69804.4
6789,129812.5297,129156.0356,656.4941,0.0000,5.12671,69814.7
6790,129812.5297,129156.0356,656.4941,0.0000,5.12671,69825.3
6791,129812.5297,129156.0356,656.4941,0.0000,5.12671,69835.9
6792,129812.5297,129156.0356,656.4941,0.0000,5.12671,69846.4
6793,129812.5297,129156.0356,656.4941,0.0000,5.12671,69857.2
6794,129812.5297,129156.0356,656.4941,0.0000,5.12671,69868.1
6795,129812.5297,129156.0356,656.4941,0.0000,5.12671,69878.6
6796,129812.5297,129156.0356,656.4941,0.0000,5.12671,69888.9
6797,129812.5297,129156.0356,656.4941,0.0000,5.12671,69899.9
6798,129812.5297,129156.0356,656.4941,0.0000,5.12671,69910.1
6799,129812.5297,129156.0356,656.4941,0.0000,5.12671,69920.6
6800,129812.5297,129156.0356,656.4941,0.0000,5.12671,69931.0
6801,129812.5297,129156.0356,656.4941,0.0000,5.12671,69941.1
6802,129812.5297,129156.0356,656.4941,0.0000,5.12671,69951.5
6803,129812.5297,129156.0356,656.4941,0.0000,5.12671,69962.0
6804,129812.5297,129156.0356,656.4941,0.0000,5.12671,69972.3
6805,129812.5297,129156.0356,656.4941,0.0000,5.12671,69982.5
6806,129812.5297,129156.0356,656.4941,0.0000,5.12671,69993.2
6807,129812.5297,129156.0356,656.4941,0.0000,5.12671,70003.9
6808,129812.5297,129156.0356,656.4941,0.0000,5.12671,70014.8
6809,129812.5297,129156.0356,656.4941,0.0000,5.12671,70025.3
6810,129812.5297,129156.0356,656.4941,0.0000,5.12671,70035.9
6811,129812.5297,129156.0356,656.4941,0.0000,5.12671,70046.2
6812,129812.5297,129156.0356,656.4941,0.0000,5.12671,70056.7
6813,129812.5297,129156.0356,656.4941,0.0000,5.12671,70067.1
6814,129812.5297,129160.9033,651.6264,0.0185,5.13527,70077.6
6815,129812.5297,129160.9033,651.6264,0.0000,5.13527,70088.8
6816,129812.5297,129160.9033,651.6264,0.0000,5.13527,70099.3
6817,129812.5297,129160.9033,651.6264,0.0000,5.13527,70109.6
6818,129812.5297,129160.9033,651.6264,0.0000,5.13527,70120.0
6819,129812.5297,129160.9033,651.6264,0.0000,5.13527,70130.5
6820,129812.5297,129160.9033,651.6264,0.0000,5.13527,70141.1
6821,129812.5297,129160.9033,651.6264,0.0185,5.16822,70151.7
6822,129812.5297,129160.9033,651.6264,0.0000,5.16822,70162.6
6823,129812.5297,129160.9033,651.6264,0.0000,5.16822,70173.2
6824,129812.5297,129160.9033,651.6264,0.0000,5.16822,70183.6
6825,129812.5297,129160.9033,651.6264,0.0000,5.16822,70194.5
6826,129812.5297,129160.9033,651.6264,0.0000,5.16822,70204.7
6827,129812.5297,129160.9033,651.6264,0.0000,5.16822,70214.8
6828,129812.5297,129160.9033,651.6264,0.0000,5.16822,70225.3
6829,129812.5297,129160.9033,651.6264,0.0000,5.16822,70236.1
6830,129812.5297,129160.9033,651.6264,0.0000,5.16822,70247.2
6831,129812.5297,129160.9033,651.6264,0.0000,5.16822,70257.5
6832,129812.5297,129160.9033,651.6264,0.0000,5.16822,70268.3
6833,129812.5297,129160.9033,651.6264,0.0185,5.16398,70278.7
6834,129812.5297,129160.9033,651.6264,0.0000,5.16398,70289.1
6835,129812.5297,129160.9033,651.6264,0.0000,5.16398,70299.6
6836,129812.5297,129160.9033,651.6264,0.0000,5.16398,70310.0
6837,129812.5297,129160.9033,651.6264,0.0370,5.14635,70320.4
6838,129812.5297,129160.9033,651.6264,0.0000,5.14635,70330.8
6839,129812.5297,129160.9033,651.6264,0.0185,5.1505,70341.4
6840,129812.5297,129160.9033,651.6264,0.0000,5.1505,70351.7
6841,129812.5297,129160.9033,651.6264,0.0000,5.1505,70362.3
6842,129812.5297,129160.9033,651.6264,0.0000,5.1505,70372.8
6843,129812.5297,129160.9033,651.6264,0.0000,5.1505,70384.1
6844,129812.5297,129160.9033,651.6264,0.0185,5.14058,70394.4
6845,129812.5297,129160.9033,651.6264,0.0000,5.14058,70404.9
6846,129812.5297,129160.9033,651.6264,0.0000,5.14058,70415.3
6847,129812.5297,129160.9033,651.6264,0.0000,5.14058,70425.7
6848,129812.5297,129160.9033,651.6264,0.0000,5.14058,70436.3
6849,129812.5297,129160.9033,651.6264,0.0000,5.14058,70446.8
6850,129812.5297,129160.9033,651.6264,0.0000,5.14058,70457.5
6851,129812.5297,129160.9033,651.6264,0.0000,5.14058,70467.7
6852,129812.5297,129160.9033,651.6264,0.0000,5.14058,70478.1
6853,129812.5297,129160.9033,651.6264,0.0000,5.14058,70488.7
6854,129812.5297,129160.9033,651.6264,0.0000,5.14058,70499.2
6855,129812.5297,129160.9033,651.6264,0.0000,5.14058,70509.6
6856,129812.5297,129160.9033,651.6264,0.0000,5.14058,70520.1
6857,129812.5297,129160.9033,651.6264,0.0000,5.14058,70530.5
6858,129812.5297,129160.9033,651.6264,0.0000,5.14058,70540.9
6859,129812.5297,129160.9033,651.6264,0.0000,5.14058,70551.4
6860,129812.5297,129160.9033,651.6264,0.0000,5.14058,70562.2
6861,129812.5297,129160.9033,651.6264,0.0000,5.14058,70572.9
6862,129812.5297,129160.9033,651.6264,0.0000,5.14058,70583.3
6863,129812.5297,129160.9033,651.6264,0.0185,5.14682,70593.6
6864,129812.5297,129160.9033,651.6264,0.0000,5.14682,70604.3
6865,129812.5297,129160.9033,651.6264,0.0000,5.14682,70614.9
6866,129812.5297,129160.9033,651.6264,0.0000,5.14682,70625.3
6867,129812.5297,129160.9033,651.6264,0.0000,5.14682,70635.7
6868,129812.5297,129160.9033,651.6264,0.0000,5.14682,70646.3
6869,129812.5297,129160.9033,651.6264,0.0000,5.14682,70656.7
6870,129812.5297,129160.9033,651.6264,0.0000,5.14682,70667.4
6871,129812.5297,129160.9033,651.6264,0.0000,5.14682,70678.2
6872,129812.5297,129160.9033,651.6264,0.0000,5.14682,70688.7
6873,129812.5297,129160.9033,651.6264,0.0185,5.14929,70699.2
6874,129812.5297,129160.9033,651.6264,0.0000,5.14929,70709.6
6875,129812.5297,129160.9033,651.6264,0.0000,5.14929,70720.4
6876,129812.5297,129160.9033,651.6264,0.0000,5.14929,70730.9
6877,129812.5297,129160.9033,651.6264,0.0000,5.14929,70741.7
6878,129812.5297,129160.9033,651.6264,0.0000,5.14929,70752.1
6879,129812.5297,129160.9033,651.6264,0.0000,5.14929,70762.7
6880,129812.5297,129160.9033,651.6264,0.0000,5.14929,70773.2
6881,129812.5297,129160.9033,651.6264,0.0370,5.17186,70783.9
6882,129812.5297,129160.9033,651.6264,0.0000,5.17186,70794.7
6883,129812.5297,129160.9033,651.6264,0.0000,5.17186,70805.2
6884,129812.5297,129160.9033,651.6264,0.0000,5.17186,70816.1
6885,129812.5297,129160.9033,651.6264,0.0000,5.17186,70826.6
6886,129812.5297,129160.9033,651.6264,0.0000,5.17186,70837.2
6887,129812.5297,129160.9033,651.6264,0.0000,5.17186,70847.8
6888,129812.5297,129160.9033,651.6264,0.0000,5.17186,70858.3
6889,129812.5297,129160.9033,651.6264,0.0185,5.17774,70868.8
6890,129812.5297,129160.9033,651.6264,0.0000,5.17774,70879.3
6891,129812.5297,129160.9033,651.6264,0.0000,5.17774,70889.8
6892,129812.5297,129160.9033,651.6264,0.0000,5.17774,70900.1
6893,129812.5297,129160.9033,651.6264,0.0000,5.17774,70910.8
6894,129812.5297,129160.9033,651.6264,0.0000,5.17774,70921.0
6895,129812.5297,129160.9033,651.6264,0.0000,5.17774,70931.5
6896,129812.5297,129160.9033,651.6264,0.0000,5.17774,70942.6
6897,129812.5297,129160.9033,651.6264,0.0000,5.17774,70953.1
6898,129812.5297,129160.9033,651.6264,0.0185,5.17886,70963.9
6899,129812.5297,129160.9033,651.6264,0.0000,5.17886,70974.7
6900,129812.5297,129160.9033,651.6264,0.0185,5.19631,70985.3
6901,129812.5297,129160.9033,651.6264,0.0000,5.19631,70996.2
6902,129812.5297,129160.9033,651.6264,0.0000,5.19631,71007.4
6903,129812.5297,129160.9033,651.6264,0.0000,5.19631,71018.4
6904,129812.5297,129160.9033,651.6264,0.0000,5.19631,71028.9
6905,129812.5297,129160.9033,651.6264,0.0000,5.19631,71039.3
6906,129812.5297,129160.9033,651.6264,0.0185,5.19448,71050.1
6907,129812.5297,129160.9033,651.6264,0.0000,5.19448,71060.8
6908,129812.5297,129160.9033,651.6264,0.0000,5.19448,71071.0
6909,129812.5297,129160.9033,651.6264,0.0000,5.19448,71081.8
6910,129812.5297,129160.9033,651.6264,0.0185,5.14862,71093.2
6911,129812.5297,129160.9033,651.6264,0.0000,5.14862,71103.5
6912,129812.5297,129160.9033,651.6264,0.0000,5.14862,71114.0
6913,129812.5297,129168.0426,644.4871,0.0185,5.1661,71124.7
6914,129812.5297,129168.0426,644.4871,0.0000,5.1661,71135.5
6915,129812.5297,129168.0426,644.4871,0.0000,5.1661,71146.2
6916,129812.5297,129168.0426,644.4871,0.0000,5.1661,71157.0
6917,129812.5297,129168.0426,644.4871,0.0000,5.1661,71167.4
6918,129812.5297,129168.0426,644.4871,0.0000,5.1661,71178.2
6919,129812.5297,129168.0426,644.4871,0.0000,5.1661,71188.6
6920,129812.5297,129168.0426,644.4871,0.0000,5.1661,71199.1
6921,129812.5297,129168.0426,644.4871,0.0000,5.1661,71210.1
6922,129812.5297,129168.0426,644.4871,0.0000,5.1661,71220.8
6923,129812.5297,129168.0426,644.4871,0.0000,5.1661,71231.3
6924,129812.5297,129168.0426,644.4871,0.0000,5.1661,71241.6
6925,129812.5297,129168.0426,644.4871,0.0000,5.1661,71252.2
6926,129812.5297,129168.0426,644.4871,0.0000,5.1661,71262.4
6927,129812.5297,129168.0426,644.4871,0.0000,5.1661,71272.8
6928,129812.5297,129168.0426,644.4871,0.0000,5.1661,71283.6
6929,129812.5297,129168.0426,644.4871,0.0000,5.1661,71294.5
6930,129812.5297,129168.0426,644.4871,0.0000,5.1661,71304.9
6931,129812.5297,129168.0426,644.4871,0.0000,5.1661,71315.3
6932,129812.5297,129168.0426,644.4871,0.0000,5.1661,71325.6
6933,129812.5297,129168.0426,644.4871,0.0000,5.1661,71336.0
6934,129812.5297,129168.0426,644.4871,0.0000,5.1661,71346.5
6935,129812.5297,129168.0426,644.4871,0.0185,5.17044,71357.0
6936,129812.5297,129168.0426,644.4871,0.0000,5.17044,71367.5
6937,129812.5297,129168.0426,644.4871,0.0000,5.17044,71378.4
6938,129812.5297,129168.0426,644.4871,0.0000,5.17044,71389.0
6939,129812.5297,129168.0426,644.4871,0.0000,5.17044,71399.5
6940,129812.5297,129168.0426,644.4871,0.0000,5.17044,71409.7
6941,129812.5297,129168.0426,644.4871,0.0000,5.17044,71419.8
6942,129812.5297,129168.0426,644.4871,0.0000,5.17044,71430.6
6943,129812.5297,129168.0426,644.4871,0.0000,5.17044,71441.1
6944,129812.5297,129168.0426,644.4871,0.0000,5.17044,71451.7
6945,129812.5297,129168.0426,644.4871,0.0000,5.17044,71462.4
6946,129812.5297,129168.0426,644.4871,0.0000,5.17044,71473.0
6947,129812.5297,129168.0426,644.4871,0.0000,5.17044,71483.8
6948,129812.5297,129168.0426,644.4871,0.0185,5.1679,71494.1
6949,129812.5297,129168.0426,644.4871,0.0000,5.1679,71504.6
6950,129812.5297,129168.0426,644.4871,0.0000,5.1679,71515.0
6951,129812.5297,129168.0426,644.4871,0.0000,5.1679,71525.7
6952,129812.5297,129168.0426,644.4871,0.0000,5.1679,71536.0
6953,129812.5297,129168.0426,644.4871,0.0000,5.1679,71546.5
6954,129812.5297,129168.0426,644.4871,0.0000,5.1679,71557.1
6955,129812.5297,129168.0426,644.4871,0.0000,5.1679,71567.3
6956,129812.5297,129168.0426,644.4871,0.0000,5.1679,71578.0
6957,129812.5297,129168.0426,644.4871,0.0000,5.1679,71588.7
6958,129812.5297,129168.0426,644.4871,0.0000,5.1679,71599.5
6959,129812.5297,129168.0426,644.4871,0.0000,5.1679,71610.2
6960,129812.5297,129168.0426,644.4871,0.0000,5.1679,71620.9
6961,129812.5297,129168.0426,644.4871,0.0000,5.1679,71631.7
6962,129812.5297,129168.0426,644.4871,0.0000,5.1679,71642.4
6963,129812.5297,129168.0426,644.4871,0.0000,5.1679,71653.0
6964,129812.5297,129168.0426,644.4871,0.0000,5.1679,71663.1
6965,129812.5297,129168.0426,644.4871,0.0000,5.1679,71673.6
6966,129812.5297,129168.0426,644.4871,0.0000,5.1679,71684.0
6967,129812.5297,129168.0426,644.4871,0.0000,5.1679,71694.5
6968,129812.5297,129168.0426,644.4871,0.0000,5.1679,71704.8
6969,129812.5297,129168.0426,644.4871,0.0000,5.1679,71715.5
6970,129812.5297,129168.0426,644.4871,0.0000,5.1679,71726.2
6971,129812.5297,129168.0426,644.4871,0.0000,5.1679,71736.7
6972,129812.5297,129168.0426,644.4871,0.0000,5.1679,71747.3
6973,129812.5297,129168.0426,644.4871,0.0000,5.1679,71757.5
6974,129812.5297,129168.0426,644.4871,0.0000,5.1679,71768.4
6975,129812.5297,129175.0130,637.5167,0.0370,5.14668,71778.6
6976,129812.5297,129175.0130,637.5167,0.0000,5.14668,71789.3
6977,129812.5297,129175.0130,637.5167,0.0000,5.14668,71799.5
6978,129812.5297,129175.0130,637.5167,0.0000,5.14668,71810.1
6979,129812.5297,129175.0130,637.5167,0.0000,5.14668,71821.0
6980,129812.5297,129175.0130,637.5167,0.0000,5.14668,71831.6
6981,129812.5297,129175.0130,637.5167,0.0000,5.14668,71842.1
6982,129812.5297,129175.0130,637.5167,0.0000,5.14668,71852.9
6983,129812.5297,129175.0130,637.5167,0.0000,5.14668,71863.6
6984,129812.5297,129175.0130,637.5167,0.0000,5.14668,71874.5
6985,129812.5297,129175.0130,637.5167,0.0000,5.14668,71885.3
6986,129812.5297,129175.0130,637.5167,0.0000,5.14668,71895.9
6987,129812.5297,129175.0130,637.5167,0.0000,5.14668,71906.6
6988,129812.5297,129175.0130,637.5167,0.0000,5.14668,71917.0
6989,129812.5297,129175.0130,637.5167,0.0000,5.14668,71927.5
6990,129812.5297,129175.0130,637.5167,0.0000,5.14668,71937.7
6991,129812.5297,129175.0130,637.5167,0.0000,5.14668,71948.2
6992,129812.5297,129175.0130,637.5167,0.0000,5.14668,71958.5
6993,129812.5297,129175.0130,637.5167,0.0000,5.14668,71969.1
6994,129812.5297,129175.0130,637.5167,0.0000,5.14668,71979.4
6995,129812.5297,129175.0130,637.5167,0.0000,5.14668,71989.9
6996,129812.5297,129175.0130,637.5167,0.0000,5.14668,72000.3
6997,129812.5297,129175.0130,637.5167,0.0000,5.14668,72011.1
6998,129812.5297,129175.0130,637.5167,0.0000,5.14668,72021.8
6999,129812.5297,129175.0130,637.5167,0.0000,5.14668,72032.5
7000,129812.5297,129175.0130,637.5167,0.0000,5.14668,72043.6
7001,129812.5297,129175.0130,637.5167,0.0000,5.14668,72054.3
7002,129812.5297,129175.0130,637.5167,0.0000,5.14668,72065.0
7003,129812.5297,129175.0130,637.5167,0.0000,5.14668,72075.6
7004,129812.5297,129175.0130,637.5167,0.0000,5.14668,72086.3
7005,129812.5297,129175.0130,637.5167,0.0000,5.14668,72096.8
7006,129812.5297,129175.0130,637.5167,0.0000,5.14668,72107.2
7007,129812.5297,129175.0130,637.5167,0.0000,5.14668,72118.0
7008,129812.5297,129175.0130,637.5167,0.0000,5.14668,72128.5
7009,129812.5297,129175.0130,637.5167,0.0000,5.14668,72139.0
7010,129812.5297,129175.0130,637.5167,0.0000,5.14668,72149.9
7011,129812.5297,129175.0130,637.5167,0.0000,5.14668,72160.5
7012,129812.5297,129175.0130,637.5167,0.0000,5.14668,72171.2
7013,129812.5297,129175.0130,637.5167,0.0000,5.14668,72182.0
7014,129812.5297,129175.0130,637.5167,0.0000,5.14668,72192.8
7015,129812.5297,129175.0130,637.5167,0.0000,5.14668,72203.1
7016,129812.5297,129175.0130,637.5167,0.0000,5.14668,72214.0
7017,129812.5297,129175.0130,637.5167,0.0000,5.14668,72224.8
7018,129812.5297,129175.0130,637.5167,0.0000,5.14668,72235.6
7019,129812.5297,129175.0130,637.5167,0.0000,5.14668,72246.3
7020,129812.5297,129175.0130,637.5167,0.0185,5.14591,72256.7
7021,129812.5297,129175.0130,637.5167,0.0000,5.14591,72267.1
7022,129812.5297,129175.0130,637.5167,0.0000,5.14591,72277.6
7023,129812.5297,129175.0130,637.5167,0.0000,5.14591,72288.1
7024,129812.5297,129175.0130,637.5167,0.0185,5.14367,72298.6
7025,129812.5297,129175.0130,637.5167,0.0185,5.14542,72309.1
7026,129812.5297,129175.0130,637.5167,0.0000,5.14542,72319.7
7027,129812.5297,129175.0130,637.5167,0.0000,5.14542,72330.0
7028,129812.5297,129175.0130,637.5167,0.0000,5.14542,72340.1
7029,129812.5297,129175.0130,637.5167,0.0000,5.14542,72350.7
7030,129812.5297,129175.0130,637.5167,0.0000,5.14542,72361.2
7031,129812.5297,129175.0130,637.5167,0.0000,5.14542,72372.1
7032,129812.5297,129175.0130,637.5167,0.0000,5.14542,72382.7
7033,129812.5297,129175.0130,637.5167,0.0000,5.14542,72393.2
7034,129812.5297,129175.0130,637.5167,0.0000,5.14542,72403.8
7035,129812.5297,129175.0130,637.5167,0.0000,5.14542,72414.4
7036,129812.5297,129175.0130,637.5167,0.0000,5.14542,72425.3
7037,129812.5297,129175.0130,637.5167,0.0000,5.14542,72436.5
7038,129812.5297,129175.0130,637.5167,0.0185,5.13449,72447.1
7039,129812.5297,129175.0130,637.5167,0.0000,5.13449,72457.7
7040,129812.5297,129175.0130,637.5167,0.0000,5.13449,72468.4
7041,129812.5297,129175.0130,637.5167,0.0000,5.13449,72479.3
7042,129812.5297,129175.0130,637.5167,0.0000,5.13449,72489.8
7043,129812.5297,129175.0130,637.5167,0.0185,5.13669,72500.0
7044,129812.5297,129175.0130,637.5167,0.0000,5.13669,72510.9
7045,129812.5297,129175.0130,637.5167,0.0000,5.13669,72521.1
7046,129812.5297,129175.0130,637.5167,0.0000,5.13669,72531.9
7047,129812.5297,129175.0130,637.5167,0.0000,5.13669,72542.4
7048,129812.5297,129175.0130,637.5167,0.0000,5.13669,72552.9
7049,129812.5297,129175.0130,637.5167,0.0000,5.13669,72564.0
7050,129812.5297,129175.0130,637.5167,0.0000,5.13669,72574.4
7051,129812.5297,129175.0130,637.5167,0.0000,5.13669,72584.9
7052,129812.5297,129175.0130,637.5167,0.0000,5.13669,72595.6
7053,129812.5297,129175.0130,637.5167,0.0000,5.13669,72606.2
7054,129812.5297,129175.0130,637.5167,0.0000,5.13669,72616.5
7055,129812.5297,129175.0130,637.5167,0.0000,5.13669,72627.1
7056,129812.5297,129175.0130,637.5167,0.0000,5.13669,72637.7
7057,129812.5297,129175.0130,637.5167,0.0000,5.13669,72648.2
7058,129812.5297,129175.0130,637.5167,0.0000,5.13669,72658.7
7059,129812.5297,129175.0130,637.5167,0.0185,5.15144,72669.1
7060,129812.5297,129175.0130,637.5167,0.0185,5.17234,72679.6
7061,129812.5297,129175.0130,637.5167,0.0000,5.17234,72690.3
7062,129812.5297,129175.0130,637.5167,0.0000,5.17234,72701.0
7063,129812.5297,129175.0130,637.5167,0.0000,5.17234,72711.7
7064,129812.5297,129175.0130,637.5167,0.0000,5.17234,72722.1
7065,129812.5297,129175.0130,637.5167,0.0000,5.17234,72732.9
7066,129812.5297,129175.0130,637.5167,0.0000,5.17234,72743.3
7067,129812.5297,129175.0130,637.5167,0.0000,5.17234,72754.2
7068,129812.5297,129175.0130,637.5167,0.0000,5.17234,72764.8
7069,129812.5297,129175.0130,637.5167,0.0000,5.17234,72775.2
7070,129812.5297,129175.0130,637.5167,0.0000,5.17234,72785.7
7071,129812.5297,129175.0130,637.5167,0.0000,5.17234,72796.1
7072,129812.5297,129175.0130,637.5167,0.0000,5.17234,72806.4
7073,129812.5297,129175.0130,637.5167,0.0000,5.17234,72816.8
7074,129812.5297,129175.0130,637.5167,0.0000,5.17234,72827.2
7075,129812.5297,129175.0130,637.5167,0.0000,5.17234,72837.8
7076,129812.5297,129175.0130,637.5167,0.0000,5.17234,72848.4
7077,129812.5297,129175.0130,637.5167,0.0185,5.17298,72858.5
7078,129812.5297,129175.0130,637.5167,0.0185,5.17049,72869.5
7079,129812.5297,129175.0130,637.5167,0.0000,5.17049,72879.6
7080,129812.5297,129175.0130,637.5167,0.0000,5.17049,72889.9
7081,129812.5297,129175.0130,637.5167,0.0000,5.17049,72900.3
7082,129812.5297,129175.0130,637.5167,0.0000,5.17049,72910.7
7083,129812.5297,129175.0130,637.5167,0.0000,5.17049,72921.5
7084,129812.5297,129175.0130,637.5167,0.0000,5.17049,72932.3
7085,129812.5297,129175.0130,637.5167,0.0000,5.17049,72942.5
7086,129812.5297,129175.0130,637.5167,0.0000,5.17049,72953.3
7087,129812.5297,129175.0130,637.5167,0.0000,5.17049,72964.1
7088,129812.5297,129175.0130,637.5167,0.0000,5.17049,72974.5
7089,129812.5297,129175.0130,637.5167,0.0000,5.17049,72985.2
7090,129812.5297,129178.5894,633.9403,0.0185,5.16254,72995.7
7091,129812.5297,129178.5894,633.9403,0.0000,5.16254,73006.2
7092,129812.5297,129178.5894,633.9403,0.0000,5.16254,73016.7
7093,129812.5297,129178.5894,633.9403,0.0000,5.16254,73027.7
7094,129812.5297,129178.5894,633.9403,0.0000,5.16254,73038.6
7095,129812.5297,129178.5894,633.9403,0.0000,5.16254,73049.1
7096,129812.5297,129178.5894,633.9403,0.0000,5.16254,73059.5
7097,129812.5297,129178.5894,633.9403,0.0000,5.16254,73069.8
7098,129812.5297,129178.5894,633.9403,0.0000,5.16254,73080.6
7099,129812.5297,129178.5894,633.9403,0.0000,5.16254,73091.4
7100,129812.5297,129178.5894,633.9403,0.0000,5.16254,73101.7
7101,129812.5297,129178.5894,633.9403,0.0000,5.16254,73112.7
7102,129812.5297,129178.5894,633.9403,0.0000,5.16254,73122.9
7103,129812.5297,129178.5894,633.9403,0.0000,5.16254,73133.1
7104,129812.5297,129178.5894,633.9403,0.0000,5.16254,73143.6
7105,129812.5297,129178.5894,633.9403,0.0000,5.16254,73154.0
7106,129812.5297,129178.5894,633.9403,0.0185,5.14968,73164.4
7107,129812.5297,129178.5894,633.9403,0.0000,5.14968,73175.0
7108,129812.5297,129178.5894,633.9403,0.0000,5.14968,73185.6
7109,129812.5297,129178.5894,633.9403,0.0000,5.14968,73195.9
7110,129812.5297,129178.5894,633.9403,0.0000,5.14968,73206.3
7111,129812.5297,129178.5894,633.9403,0.0000,5.14968,73216.8
7112,129812.5297,129178.5894,633.9403,0.0000,5.14968,73227.3
7113,129812.5297,129178.5894,633.9403,0.0000,5.14968,73238.0
7114,129812.5297,129178.5894,633.9403,0.0000,5.14968,73248.8
7115,129812.5297,129178.5894,633.9403,0.0000,5.14968,73259.5
7116,129812.5297,129178.5894,633.9403,0.0185,5.08809,73270.3
7117,129812.5297,129178.5894,633.9403,0.0000,5.08809,73280.8
7118,129812.5297,129178.5894,633.9403,0.0000,5.08809,73291.5
7119,129812.5297,129178.5894,633.9403,0.0000,5.08809,73302.4
7120,129812.5297,129178.5894,633.9403,0.0000,5.08809,73312.9
7121,129812.5297,129178.5894,633.9403,0.0000,5.08809,73323.4
7122,129812.5297,129178.5894,633.9403,0.0000,5.08809,73334.0
7123,129812.5297,129178.5894,633.9403,0.0000,5.08809,73344.2
7124,129812.5297,129178.5894,633.9403,0.0000,5.08809,73354.6
7125,129812.5297,129178.5894,633.9403,0.0185,5.09312,73365.2
7126,129812.5297,129178.5894,633.9403,0.0185,5.08594,73375.5
7127,129812.5297,129178.5894,633.9403,0.0000,5.08594,73386.3
7128,129812.5297,129178.5894,633.9403,0.0000,5.08594,73396.6
7129,129812.5297,129178.5894,633.9403,0.0000,5.08594,73407.5
7130,129812.5297,129178.5894,633.9403,0.0000,5.08594,73418.2
7131,129812.5297,129178.5894,633.9403,0.0000,5.08594,73428.7
7132,129812.5297,129178.5894,633.9403,0.0000,5.08594,73439.4
7133,129812.5297,129178.5894,633.9403,0.0000,5.08594,73449.5
7134,129812.5297,129178.5894,633.9403,0.0185,5.09127,73460.1
7135,129812.5297,129178.5894,633.9403,0.0000,5.09127,73470.5
7136,129812.5297,129178.5894,633.9403,0.0000,5.09127,73481.1
7137,129812.5297,129178.5894,633.9403,0.0000,5.09127,73491.6
7138,129812.5297,129178.5894,633.9403,0.0000,5.09127,73502.3
7139,129812.5297,129178.5894,633.9403,0.0000,5.09127,73512.8
7140,129812.5297,129178.5894,633.9403,0.0000,5.09127,73523.2
7141,129812.5297,129178.5894,633.9403,0.0000,5.09127,73533.7
7142,129812.5297,129178.5894,633.9403,0.0000,5.09127,73543.9
7143,129812.5297,129178.5894,633.9403,0.0000,5.09127,73554.7
7144,129812.5297,129178.5894,633.9403,0.0000,5.09127,73565.0
7145,129812.5297,129178.5894,633.9403,0.0000,5.09127,73575.1
7146,129812.5297,129178.5894,633.9403,0.0000,5.09127,73585.8
7147,129812.5297,129178.5894,633.9403,0.0000,5.09127,73596.2
7148,129812.5297,129178.5894,633.9403,0.0000,5.09127,73606.3
7149,129812.5297,129178.5894,633.9403,0.0000,5.09127,73616.8
7150,129812.5297,129178.5894,633.9403,0.0000,5.09127,73627.1
7151,129812.5297,129178.5894,633.9403,0.0000,5.09127,73638.2
7152,129812.5297,129178.5894,633.9403,0.0000,5.09127,73648.6
7153,129812.5297,129178.5894,633.9403,0.0000,5.09127,73659.2
7154,129812.5297,129178.5894,633.9403,0.0000,5.09127,73669.8
7155,129812.5297,129178.5894,633.9403,0.0000,5.09127,73680.1
7156,129812.5297,129178.5894,633.9403,0.0000,5.09127,73690.5
7157,129812.5297,129178.5894,633.9403,0.0185,5.07859,73700.7
7158,129812.5297,129178.5894,633.9403,0.0000,5.07859,73711.4
7159,129812.5297,129178.5894,633.9403,0.0000,5.07859,73721.7
7160,129812.5297,129178.5894,633.9403,0.0000,5.07859,73731.8
7161,129812.5297,129178.5894,633.9403,0.0000,5.07859,73742.5
7162,129812.5297,129178.5894,633.9403,0.0000,5.07859,73753.0
7163,129812.5297,129178.5894,633.9403,0.0000,5.07859,73763.6
7164,129812.5297,129178.5894,633.9403,0.0000,5.07859,73774.2
7165,129812.5297,129178.5894,633.9403,0.0000,5.07859,73784.8
7166,129812.5297,129178.5894,633.9403,0.0000,5.07859,73795.1
7167,129812.5297,129178.5894,633.9403,0.0000,5.07859,73805.6
7168,129812.5297,129178.5894,633.9403,0.0000,5.07859,73816.0
7169,129812.5297,129178.5894,633.9403,0.0000,5.07859,73826.2
7170,129812.5297,129178.5894,633.9403,0.0000,5.07859,73836.8
7171,129812.5297,129178.5894,633.9403,0.0000,5.07859,73846.9
7172,129812.5297,129178.5894,633.9403,0.0000,5.07859,73857.4
7173,129812.5297,129178.5894,633.9403,0.0000,5.07859,73868.0
7174,129812.5297,129178.5894,633.9403,0.0000,5.07859,73878.7
7175,129812.5297,129178.5894,633.9403,0.0000,5.07859,73889.2
7176,129812.5297,129178.5894,633.9403,0.0000,5.07859,73899.9
7177,129812.5297,129178.5894,633.9403,0.0185,5.06685,73911.1
7178,129812.5297,129178.5894,633.9403,0.0000,5.06685,73921.8
7179,129812.5297,129178.5894,633.9403,0.0000,5.06685,73932.8
7180,129812.5297,129178.5894,633.9403,0.0000,5.06685,73943.2
7181,129812.5297,129178.5894,633.9403,0.0000,5.06685,73953.5
7182,129812.5297,129178.5894,633.9403,0.0000,5.06685,73964.4
7183,129812.5297,129178.5894,633.9403,0.0000,5.06685,73974.8
7184,129812.5297,129178.5894,633.9403,0.0000,5.06685,73985.7
7185,129812.5297,129178.5894,633.9403,0.0000,5.06685,73996.3
7186,129812.5297,129178.5894,633.9403,0.0185,5.0874,74006.7
7187,129812.5297,129178.5894,633.9403,0.0000,5.0874,74016.8
7188,129812.5297,129178.5894,633.9403,0.0000,5.0874,74027.5
7189,129812.5297,129178.5894,633.9403,0.0000,5.0874,74038.1
7190,129812.5297,129178.5894,633.9403,0.0000,5.0874,74048.7
7191,129812.5297,129178.5894,633.9403,0.0000,5.0874,74058.8
7192,129812.5297,129178.5894,633.9403,0.0000,5.0874,74069.3
7193,129812.5297,129178.5894,633.9403,0.0000,5.0874,74079.9
7194,129812.5297,129178.5894,633.9403,0.0000,5.0874,74090.0
7195,129812.5297,129178.5894,633.9403,0.0000,5.0874,74100.5
7196,129812.5297,129178.5894,633.9403,0.0000,5.0874,74110.9
7197,129812.5297,129178.5894,633.9403,0.0000,5.0874,74121.4
7198,129812.5297,129178.5894,633.9403,0.0000,5.0874,74132.2
7199,129812.5297,129178.5894,633.9403,0.0000,5.0874,74143.0
7200,129812.5297,129178.5894,633.9403,0.0000,5.0874,74153.3
7201,129812.5297,129183.5050,629.0247,0.0185,5.0769,74164.1
7202,129812.5297,129183.5050,629.0247,0.0000,5.0769,74174.9
7203,129812.5297,129183.5050,629.0247,0.0000,5.0769,74185.2
7204,129812.5297,129183.5050,629.0247,0.0000,5.0769,74195.7
7205,129812.5297,129183.5050,629.0247,0.0000,5.0769,74206.3
7206,129812.5297,129183.5050,629.0247,0.0000,5.0769,74216.6
7207,129812.5297,129183.5050,629.0247,0.0000,5.0769,74227.0
7208,129812.5297,129183.5050,629.0247,0.0000,5.0769,74237.2
7209,129812.5297,129183.5050,629.0247,0.0000,5.0769,74247.8
7210,129812.5297,129183.5050,629.0247,0.0000,5.0769,74257.9
7211,129812.5297,129183.5050,629.0247,0.0000,5.0769,74268.2
7212,129812.5297,129183.5050,629.0247,0.0000,5.0769,74278.4
7213,129812.5297,129183.5050,629.0247,0.0000,5.0769,74288.9
7214,129812.5297,129183.5050,629.0247,0.0000,5.0769,74299.4
7215,129812.5297,129183.5050,629.0247,0.0185,5.07981,74309.8
7216,129812.5297,129183.5050,629.0247,0.0000,5.07981,74320.8
7217,129812.5297,129183.5050,629.0247,0.0000,5.07981,74331.1
7218,129812.5297,129183.5050,629.0247,0.0000,5.07981,74341.3
7219,129812.5297,129183.5050,629.0247,0.0000,5.07981,74352.3
7220,129812.5297,129183.5050,629.0247,0.0000,5.07981,74363.1
7221,129812.5297,129183.5050,629.0247,0.0000,5.07981,74373.8
7222,129812.5297,129183.5050,629.0247,0.0000,5.07981,74384.8
7223,129812.5297,129183.5050,629.0247,0.0000,5.07981,74394.9
7224,129812.5297,129183.5050,629.0247,0.0000,5.07981,74405.5
7225,129812.5297,129183.5050,629.0247,0.0000,5.07981,74415.7
7226,129812.5297,129183.5050,629.0247,0.0000,5.07981,74426.0
7227,129812.5297,129183.5050,629.0247,0.0000,5.07981,74436.4
7228,129812.5297,129183.5050,629.0247,0.0000,5.07981,74447.2
7229,129812.5297,129183.5050,629.0247,0.0000,5.07981,74457.9
7230,129812.5297,129183.5050,629.0247,0.0000,5.07981,74468.7
7231,129812.5297,129183.5050,629.0247,0.0000,5.07981,74479.1
7232,129812.5297,129183.5050,629.0247,0.0000,5.07981,74489.3
7233,129812.5297,129183.5050,629.0247,0.0000,5.07981,74499.9
7234,129812.5297,129183.5050,629.0247,0.0000,5.07981,74510.4
7235,129812.5297,129183.5050,629.0247,0.0000,5.07981,74521.0
7236,129812.5297,129183.5050,629.0247,0.0000,5.07981,74531.6
7237,129812.5297,129183.5050,629.0247,0.0000,5.07981,74542.0
7238,129812.5297,129183.5050,629.0247,0.0000,5.07981,74552.4
7239,129812.5297,129183.5050,629.0247,0.0000,5.07981,74562.8
7240,129812.5297,129183.5050,629.0247,0.0000,5.07981,74573.2
7241,129812.5297,129183.5050,629.0247,0.0000,5.07981,74583.2
7242,129812.5297,129183.5050,629.0247,0.0000,5.07981,74593.6
7243,129812.5297,129183.5050,629.0247,0.0000,5.07981,74603.9
7244,129812.5297,129183.5050,629.0247,0.0000,5.07981,74614.5
7245,129812.5297,129183.5050,629.0247,0.0000,5.07981,74624.6
7246,129812.5297,129183.5050,629.0247,0.0000,5.07981,74635.1
7247,129812.5297,129183.5050,629.0247,0.0000,5.07981,74645.4
7248,129812.5297,129183.5050,629.0247,0.0000,5.07981,74655.9
7249,129812.5297,129183.5050,629.0247,0.0000,5.07981,74666.4
7250,129812.5297,129183.5050,629.0247,0.0000,5.07981,74677.1
7251,129812.5297,129183.5050,629.0247,0.0000,5.07981,74687.5
7252,129812.5297,129183.5050,629.0247,0.0000,5.07981,74698.0
7253,129812.5297,129183.5050,629.0247,0.0000,5.07981,74708.5
7254,129812.5297,129183.5050,629.0247,0.0000,5.07981,74719.1
7255,129812.5297,129183.5050,629.0247,0.0000,5.07981,74729.9
7256,129812.5297,129183.5050,629.0247,0.0000,5.07981,74740.0
7257,129812.5297,129183.5050,629.0247,0.0000,5.07981,74750.7
7258,129812.5297,129183.5050,629.0247,0.0000,5.07981,74761.0
7259,129812.5297,129183.5050,629.0247,0.0000,5.07981,74771.2
7260,129812.5297,129183.5050,629.0247,0.0000,5.07981,74781.9
7261,129812.5297,129183.5050,629.0247,0.0000,5.07981,74792.3
7262,129812.5297,129183.5050,629.0247,0.0000,5.07981,74802.7
7263,129812.5297,129183.5050,629.0247,0.0185,5.07779,74813.1
7264,129812.5297,129183.5050,629.0247,0.0000,5.07779,74823.5
7265,129812.5297,129183.5050,629.0247,0.0000,5.07779,74834.2
7266,129812.5297,129183.5050,629.0247,0.0000,5.07779,74844.5
7267,129812.5297,129183.5050,629.0247,0.0000,5.07779,74855.4
7268,129812.5297,129183.5050,629.0247,0.0000,5.07779,74866.2
7269,129812.5297,129183.5050,629.0247,0.0000,5.07779,74876.7
7270,129812.5297,129183.5050,629.0247,0.0000,5.07779,74887.4
7271,129812.5297,129183.5050,629.0247,0.0000,5.07779,74898.1
7272,129812.5297,129183.5050,629.0247,0.0000,5.07779,74908.6
7273,129812.5297,129183.5050,629.0247,0.0000,5.07779,74919.1
7274,129812.5297,129183.5050,629.0247,0.0000,5.07779,74929.7
7275,129812.5297,129183.5050,629.0247,0.0000,5.07779,74940.4
7276,129812.5297,129183.5050,629.0247,0.0000,5.07779,74950.9
7277,129812.5297,129183.5050,629.0247,0.0000,5.07779,74961.2
7278,129812.5297,129183.5050,629.0247,0.0000,5.07779,74972.1
7279,129812.5297,129183.5050,629.0247,0.0000,5.07779,74983.0
7280,129812.5297,129183.5050,629.0247,0.0000,5.07779,74994.0
7281,129812.5297,129183.5050,629.0247,0.0000,5.07779,75004.7
7282,129812.5297,129183.5050,629.0247,0.0000,5.07779,75015.5
7283,129812.5297,129183.5050,629.0247,0.0000,5.07779,75025.7
7284,129812.5297,129183.5050,629.0247,0.0000,5.07779,75036.3
7285,129812.5297,129183.5050,629.0247,0.0000,5.07779,75046.6
7286,129812.5297,129183.5050,629.0247,0.0000,5.07779,75057.3
7287,129812.5297,129183.5050,629.0247,0.0000,5.07779,75067.6
7288,129812.5297,129183.5050,629.0247,0.0000,5.07779,75078.0
7289,129812.5297,129183.5050,629.0247,0.0185,5.07615,75088.3
7290,129812.5297,129183.5050,629.0247,0.0000,5.07615,75098.7
7291,129812.5297,129183.5050,629.0247,0.0000,5.07615,75109.2
7292,129812.5297,129183.5050,629.0247,0.0000,5.07615,75119.3
7293,129812.5297,129183.5050,629.0247,0.0000,5.07615,75129.5
7294,129812.5297,129183.5050,629.0247,0.0000,5.07615,75139.8
7295,129812.5297,129183.5050,629.0247,0.0000,5.07615,75150.9
7296,129812.5297,129183.5050,629.0247,0.0000,5.07615,75161.5
7297,129812.5297,129183.5050,629.0247,0.0000,5.07615,75171.8
7298,129812.5297,129183.5050,629.0247,0.0000,5.07615,75182.4
7299,129812.5297,129183.5050,629.0247,0.0185,5.06553,75192.9
7300,129812.5297,129183.5050,629.0247,0.0000,5.06553,75203.9
7301,129812.5297,129183.5050,629.0247,0.0000,5.06553,75214.5
7302,129812.5297,129183.5050,629.0247,0.0000,5.06553,75225.2
7303,129812.5297,129183.5050,629.0247,0.0000,5.06553,75235.6
7304,129812.5297,129183.5050,629.0247,0.0000,5.06553,75245.8
7305,129812.5297,129183.5050,629.0247,0.0000,5.06553,75256.2
7306,129812.5297,129183.5050,629.0247,0.0000,5.06553,75267.0
7307,129812.5297,129183.5050,629.0247,0.0000,5.06553,75277.6
7308,129812.5297,129183.5050,629.0247,0.0185,5.06858,75287.9
7309,129812.5297,129183.5050,629.0247,0.0000,5.06858,75298.5
7310,129812.5297,129183.5050,629.0247,0.0000,5.06858,75309.2
7311,129812.5297,129183.5050,629.0247,0.0000,5.06858,75319.9
7312,129812.5297,129183.5050,629.0247,0.0000,5.06858,75330.4
7313,129812.5297,129183.5050,629.0247,0.0000,5.06858,75340.9
7314,129812.5297,129183.5050,629.0247,0.0000,5.06858,75351.7
7315,129812.5297,129183.5050,629.0247,0.0000,5.06858,75362.5
7316,129812.5297,129183.5050,629.0247,0.0000,5.06858,75373.0
7317,129812.5297,129183.5050,629.0247,0.0000,5.06858,75383.2
7318,129812.5297,129183.5050,629.0247,0.0000,5.06858,75393.4
7319,129812.5297,129183.5050,629.0247,0.0000,5.06858,75404.0
7320,129812.5297,129183.5050,629.0247,0.0000,5.06858,75414.5
7321,129812.5297,129183.5050,629.0247,0.0000,5.06858,75425.1
7322,129812.5297,129183.5050,629.0247,0.0000,5.06858,75435.5
7323,129812.5297,129183.5050,629.0247,0.0000,5.06858,75446.0
7324,129812.5297,129183.5050,629.0247,0.0185,5.01812,75456.3
7325,129812.5297,129183.5050,629.0247,0.0000,5.01812,75466.5
7326,129812.5297,129183.5050,629.0247,0.0000,5.01812,75476.8
7327,129812.5297,129183.5050,629.0247,0.0000,5.01812,75487.1
7328,129812.5297,129183.5050,629.0247,0.0000,5.01812,75497.6
7329,129812.5297,129183.5050,629.0247,0.0000,5.01812,75507.9
7330,129812.5297,129183.5050,629.0247,0.0000,5.01812,75518.1
7331,129812.5297,129183.5050,629.0247,0.0000,5.01812,75528.4
7332,129812.5297,129183.5050,629.0247,0.0000,5.01812,75538.6
7333,129812.5297,129183.5050,629.0247,0.0000,5.01812,75549.4
7334,129812.5297,129183.5050,629.0247,0.0000,5.01812,75560.0
7335,129812.5297,129183.5050,629.0247,0.0000,5.01812,75570.7
7336,129812.5297,129183.5050,629.0247,0.0000,5.01812,75581.4
7337,129812.5297,129183.5050,629.0247,0.0000,5.01812,75591.9
7338,129812.5297,129183.5050,629.0247,0.0000,5.01812,75602.5
7339,129812.5297,129183.5050,629.0247,0.0000,5.01812,75613.2
7340,129812.5297,129183.5050,629.0247,0.0000,5.01812,75623.8
7341,129812.5297,129183.5050,629.0247,0.0185,5.01454,75634.2
7342,129812.5297,129183.5050,629.0247,0.0000,5.01454,75644.4
7343,129812.5297,129183.5050,629.0247,0.0000,5.01454,75655.0
7344,129812.5297,129183.5050,629.0247,0.0000,5.01454,75665.1
7345,129812.5297,129183.5050,629.0247,0.0000,5.01454,75676.0
7346,129812.5297,129183.5050,629.0247,0.0000,5.01454,75686.5
7347,129812.5297,129183.5050,629.0247,0.0000,5.01454,75697.2
7348,129812.5297,129183.5050,629.0247,0.0000,5.01454,75707.7
7349,129812.5297,129183.5050,629.0247,0.0000,5.01454,75718.3
7350,129812.5297,129183.5050,629.0247,0.0000,5.01454,75728.7
7351,129812.5297,129183.5050,629.0247,0.0000,5.01454,75738.9
7352,129812.5297,129183.5050,629.0247,0.0000,5.01454,75749.3
7353,129812.5297,129183.5050,629.0247,0.0000,5.01454,75760.1
7354,129812.5297,129183.5050,629.0247,0.0000,5.01454,75770.6
7355,129812.5297,129183.5050,629.0247,0.0000,5.01454,75781.5
7356,129812.5297,129183.5050,629.0247,0.0000,5.01454,75792.0
7357,129812.5297,129183.5050,629.0247,0.0000,5.01454,75802.8
7358,129812.5297,129183.5050,629.0247,0.0000,5.01454,75813.1
7359,129812.5297,129183.5050,629.0247,0.0000,5.01454,75823.9
7360,129812.5297,129183.5050,629.0247,0.0000,5.01454,75834.5
7361,129812.5297,129183.5050,629.0247,0.0000,5.01454,75844.9
7362,129812.5297,129183.5050,629.0247,0.0000,5.01454,75855.0
7363,129812.5297,129183.5050,629.0247,0.0000,5.01454,75865.4
7364,129812.5297,129183.5050,629.0247,0.0000,5.01454,75876.1
7365,129812.5297,129183.5050,629.0247,0.0000,5.01454,75886.6
7366,129812.5297,129183.5050,629.0247,0.0000,5.01454,75897.1
7367,129812.5297,129183.5050,629.0247,0.0000,5.01454,75907.2
7368,129812.5297,129183.5050,629.0247,0.0000,5.01454,75917.9
7369,129812.5297,129183.5050,629.0247,0.0000,5.01454,75928.4
7370,129812.5297,129183.5050,629.0247,0.0000,5.01454,75939.1
7371,129812.5297,129183.5050,629.0247,0.0000,5.01454,75949.4
7372,129812.5297,129183.5050,629.0247,0.0000,5.01454,75960.1
7373,129812.5297,129183.5050,629.0247,0.0000,5.01454,75970.7
7374,129812.5297,129183.5050,629.0247,0.0000,5.01454,75981.0
7375,129812.5297,129183.5050,629.0247,0.0000,5.01454,75991.3
7376,129812.5297,129183.5050,629.0247,0.0000,5.01454,76001.7
7377,129812.5297,129183.5050,629.0247,0.0000,5.01454,76012.3
7378,129812.5297,129183.5050,629.0247,0.0000,5.01454,76022.9
7379,129812.5297,129183.5050,629.0247,0.0000,5.01454,76033.5
7380,129812.5297,129183.5050,629.0247,0.0000,5.01454,76044.1
7381,129812.5297,129183.5050,629.0247,0.0000,5.01454,76054.9
7382,129812.5297,129183.5050,629.0247,0.0000,5.01454,76065.4
7383,129812.5297,129183.5050,629.0247,0.0000,5.01454,76076.2
7384,129812.5297,129183.5050,629.0247,0.0000,5.01454,76086.4
7385,129812.5297,129183.5050,629.0247,0.0000,5.01454,76096.7
7386,129812.5297,129183.5050,629.0247,0.0000,5.01454,76107.4
7387,129812.5297,129183.5050,629.0247,0.0000,5.01454,76117.9
7388,129812.5297,129183.5050,629.0247,0.0000,5.01454,76128.6
7389,129812.5297,129183.5050,629.0247,0.0000,5.01454,76139.0
7390,129812.5297,129183.5050,629.0247,0.0000,5.01454,76149.4
7391,129812.5297,129183.5050,629.0247,0.0000,5.01454,76159.7
7392,129812.5297,129183.5050,629.0247,0.0000,5.01454,76170.0
7393,129812.5297,129183.5050,629.0247,0.0000,5.01454,76180.5
7394,129812.5297,129183.5050,629.0247,0.0000,5.01454,76190.7
7395,129812.5297,129183.5050,629.0247,0.0000,5.01454,76201.3
7396,129812.5297,129183.5050,629.0247,0.0000,5.01454,76211.8
7397,129812.5297,129183.5050,629.0247,0.0000,5.01454,76222.1
7398,129812.5297,129183.5050,629.0247,0.0000,5.01454,76232.3
7399,129812.5297,129183.5050,629.0247,0.0000,5.01454,76242.7
7400,129812.5297,129183.5050,629.0247,0.0000,5.01454,76253.1
7401,129812.5297,129183.5050,629.0247,0.0000,5.01454,76263.3
7402,129812.5297,129183.5050,629.0247,0.0000,5.01454,76276.0
7403,129812.5297,129183.5050,629.0247,0.0000,5.01454,76287.0
7404,129812.5297,129183.5050,629.0247,0.0000,5.01454,76297.5
7405,129812.5297,129183.5050,629.0247,0.0000,5.01454,76309.0
7406,129812.5297,129183.5050,629.0247,0.0000,5.01454,76320.6
7407,129812.5297,129183.5050,629.0247,0.0000,5.01454,76332.5
7408,129812.5297,129183.5050,629.0247,0.0000,5.01454,76343.6
7409,129812.5297,129183.5050,629.0247,0.0000,5.01454,76354.0
7410,129812.5297,129183.5050,629.0247,0.0000,5.01454,76364.6
7411,129812.5297,129183.5050,629.0247,0.0000,5.01454,76374.9
7412,129812.5297,129183.5050,629.0247,0.0000,5.01454,76385.6
7413,129812.5297,129183.5050,629.0247,0.0000,5.01454,76396.1
7414,129812.5297,129183.5050,629.0247,0.0000,5.01454,76406.6
7415,129812.5297,129183.5050,629.0247,0.0000,5.01454,76417.2
7416,129812.5297,129183.5050,629.0247,0.0000,5.01454,76427.6
7417,129812.5297,129183.5050,629.0247,0.0000,5.01454,76438.4
7418,129812.5297,129183.5050,629.0247,0.0000,5.01454,76448.6
7419,129812.5297,129183.5050,629.0247,0.0000,5.01454,76461.2
7420,129812.5297,129183.5050,629.0247,0.0000,5.01454,76473.0
7421,129812.5297,129183.5050,629.0247,0.0000,5.01454,76483.2
7422,129812.5297,129183.5050,629.0247,0.0185,5.01267,76495.4
7423,129812.5297,129183.5050,629.0247,0.0000,5.01267,76508.3
7424,129812.5297,129183.5050,629.0247,0.0000,5.01267,76518.9
7425,129812.5297,129183.5050,629.0247,0.0000,5.01267,76529.5
7426,129812.5297,129183.5050,629.0247,0.0000,5.01267,76539.8
7427,129812.5297,129183.5050,629.0247,0.0000,5.01267,76550.5
7428,129812.5297,129183.5050,629.0247,0.0000,5.01267,76560.9
7429,129812.5297,129183.5050,629.0247,0.0000,5.01267,76571.6
7430,129812.5297,129183.5050,629.0247,0.0000,5.01267,76582.3
7431,129812.5297,129183.5050,629.0247,0.0000,5.01267,76592.8
7432,129812.5297,129183.5050,629.0247,0.0000,5.01267,76603.4
7433,129812.5297,129183.5050,629.0247,0.0000,5.01267,76613.8
7434,129812.5297,129183.5050,629.0247,0.0000,5.01267,76625.0
7435,129812.5297,129183.5050,629.0247,0.0000,5.01267,76636.0
7436,129812.5297,129183.5050,629.0247,0.0000,5.01267,76647.4
7437,129812.5297,129183.5050,629.0247,0.0000,5.01267,76658.5
7438,129812.5297,129183.5050,629.0247,0.0000,5.01267,76669.0
7439,129812.5297,129183.5050,629.0247,0.0000,5.01267,76682.0
7440,129812.5297,129183.5050,629.0247,0.0000,5.01267,76693.9
7441,129812.5297,129183.5050,629.0247,0.0000,5.01267,76704.7
7442,129812.5297,129183.5050,629.0247,0.0000,5.01267,76715.3
7443,129812.5297,129183.5050,629.0247,0.0000,5.01267,76726.1
7444,129812.5297,129183.5050,629.0247,0.0000,5.01267,76736.4
7445,129812.5297,129183.5050,629.0247,0.0000,5.01267,76746.6
7446,129812.5297,129183.5050,629.0247,0.0000,5.01267,76757.5
7447,129812.5297,129183.5050,629.0247,0.0185,5.02442,76767.8
7448,129812.5297,129183.5050,629.0247,0.0000,5.02442,76778.1
7449,129812.5297,129183.5050,629.0247,0.0000,5.02442,76789.2
7450,129812.5297,129183.5050,629.0247,0.0000,5.02442,76799.4
7451,129812.5297,129183.5050,629.0247,0.0000,5.02442,76810.5
7452,129812.5297,129183.5050,629.0247,0.0000,5.02442,76821.9
7453,129812.5297,129183.5050,629.0247,0.0000,5.02442,76832.7
7454,129812.5297,129183.5050,629.0247,0.0000,5.02442,76843.2
7455,129812.5297,129183.5050,629.0247,0.0000,5.02442,76853.8
7456,129812.5297,129183.5050,629.0247,0.0000,5.02442,76867.5
7457,129812.5297,129183.5050,629.0247,0.0000,5.02442,76879.0
7458,129812.5297,129183.5050,629.0247,0.0000,5.02442,76890.0
7459,129812.5297,129183.5050,629.0247,0.0000,5.02442,76900.4
7460,129812.5297,129183.5050,629.0247,0.0000,5.02442,76911.0
7461,129812.5297,129183.5050,629.0247,0.0000,5.02442,76921.2
7462,129812.5297,129183.5050,629.0247,0.0000,5.02442,76931.5
7463,129812.5297,129183.5050,629.0247,0.0000,5.02442,76941.9
7464,129812.5297,129183.5050,629.0247,0.0000,5.02442,76952.3
7465,129812.5297,129183.5050,629.0247,0.0000,5.02442,76962.5
7466,129812.5297,129183.5050,629.0247,0.0000,5.02442,76972.7
7467,129812.5297,129183.5050,629.0247,0.0000,5.02442,76983.4
7468,129812.5297,129183.5050,629.0247,0.0000,5.02442,76994.0
7469,129812.5297,129183.5050,629.0247,0.0000,5.02442,77005.4
7470,129812.5297,129183.5050,629.0247,0.0000,5.02442,77017.0
7471,129812.5297,129183.5050,629.0247,0.0000,5.02442,77028.1
7472,129812.5297,129183.5050,629.0247,0.0000,5.02442,77038.6
7473,129812.5297,129183.5050,629.0247,0.0000,5.02442,77052.0
7474,129812.5297,129183.5050,629.0247,0.0000,5.02442,77062.7
7475,129812.5297,129183.5050,629.0247,0.0000,5.02442,77073.1
7476,129812.5297,129183.5050,629.0247,0.0000,5.02442,77083.9
7477,129812.5297,129183.5050,629.0247,0.0000,5.02442,77094.3
7478,129812.5297,129183.5050,629.0247,0.0000,5.02442,77104.3
7479,129812.5297,129183.5050,629.0247,0.0000,5.02442,77114.9
7480,129812.5297,129183.5050,629.0247,0.0000,5.02442,77125.4
7481,129812.5297,129183.5050,629.0247,0.0185,5.07133,77135.8
7482,129812.5297,129183.5050,629.0247,0.0000,5.07133,77146.2
7483,129812.5297,129183.5050,629.0247,0.0000,5.07133,77156.5
7484,129812.5297,129183.5050,629.0247,0.0000,5.07133,77167.1
7485,129812.5297,129183.5050,629.0247,0.0000,5.07133,77177.7
7486,129812.5297,129183.5050,629.0247,0.0000,5.07133,77189.8
7487,129812.5297,129183.5050,629.0247,0.0000,5.07133,77200.4
7488,129812.5297,129183.5050,629.0247,0.0000,5.07133,77211.1
7489,129812.5297,129183.5050,629.0247,0.0000,5.07133,77221.7
7490,129812.5297,129183.5050,629.0247,0.0000,5.07133,77235.2
7491,129812.5297,129183.5050,629.0247,0.0000,5.07133,77246.9
7492,129812.5297,129183.5050,629.0247,0.0000,5.07133,77257.2
7493,129812.5297,129183.5050,629.0247,0.0000,5.07133,77267.9
7494,129812.5297,129183.5050,629.0247,0.0000,5.07133,77278.4
7495,129812.5297,129183.5050,629.0247,0.0000,5.07133,77288.6
7496,129812.5297,129183.5050,629.0247,0.0000,5.07133,77299.2
7497,129812.5297,129183.5050,629.0247,0.0000,5.07133,77309.6
7498,129812.5297,129183.5050,629.0247,0.0000,5.07133,77320.2
7499,129812.5297,129183.5050,629.0247,0.0000,5.07133,77330.7
7500,129812.5297,129183.5050,629.0247,0.0000,5.07133,77341.1
7501,129812.5297,129183.5050,629.0247,0.0000,5.07133,77351.3
7502,129812.5297,129183.5050,629.0247,0.0000,5.07133,77362.4
7503,129812.5297,129183.5050,629.0247,0.0000,5.07133,77374.5
7504,129812.5297,129183.5050,629.0247,0.0000,5.07133,77385.5
7505,129812.5297,129183.5050,629.0247,0.0000,5.07133,77395.7
7506,129812.5297,129183.5050,629.0247,0.0000,5.07133,77409.0
7507,129812.5297,129183.5050,629.0247,0.0185,5.07885,77419.3
7508,129812.5297,129183.5050,629.0247,0.0000,5.07885,77429.6
7509,129812.5297,129183.5050,629.0247,0.0000,5.07885,77440.5
7510,129812.5297,129183.5050,629.0247,0.0000,5.07885,77451.0
7511,129812.5297,129183.5050,629.0247,0.0000,5.07885,77461.8
7512,129812.5297,129183.5050,629.0247,0.0000,5.07885,77472.7
7513,129812.5297,129183.5050,629.0247,0.0000,5.07885,77483.0
7514,129812.5297,129183.5050,629.0247,0.0000,5.07885,77493.3
7515,129812.5297,129183.5050,629.0247,0.0000,5.07885,77504.0
7516,129812.5297,129183.5050,629.0247,0.0000,5.07885,77514.4
7517,129812.5297,129183.5050,629.0247,0.0000,5.07885,77525.1
7518,129812.5297,129183.5050,629.0247,0.0000,5.07885,77535.8
7519,129812.5297,129183.5050,629.0247,0.0000,5.07885,77546.5
7520,129812.5297,129183.5050,629.0247,0.0000,5.07885,77558.7
7521,129812.5297,129183.5050,629.0247,0.0000,5.07885,77569.2
7522,129812.5297,129183.5050,629.0247,0.0000,5.07885,77580.1
7523,129812.5297,129183.5050,629.0247,0.0000,5.07885,77593.4
7524,129812.5297,129183.5050,629.0247,0.0000,5.07885,77605.0
7525,129812.5297,129183.5050,629.0247,0.0000,5.07885,77615.9
7526,129812.5297,129183.5050,629.0247,0.0000,5.07885,77626.1
7527,129812.5297,129183.5050,629.0247,0.0000,5.07885,77636.4
7528,129812.5297,129183.5050,629.0247,0.0000,5.07885,77646.7
7529,129812.5297,129183.5050,629.0247,0.0000,5.07885,77657.1
7530,129812.5297,129183.5050,629.0247,0.0000,5.07885,77667.5
7531,129812.5297,129183.5050,629.0247,0.0000,5.07885,77678.0
7532,129812.5297,129183.5050,629.0247,0.0000,5.07885,77688.6
7533,129812.5297,129183.5050,629.0247,0.0000,5.07885,77698.8
7534,129812.5297,129183.5050,629.0247,0.0000,5.07885,77709.4
7535,129812.5297,129183.5050,629.0247,0.0000,5.07885,77720.0
7536,129812.5297,129183.5050,629.0247,0.0000,5.07885,77730.7
7537,129812.5297,129183.5050,629.0247,0.0000,5.07885,77741.1
7538,129812.5297,129183.5050,629.0247,0.0000,5.07885,77751.6
7539,129812.5297,129183.5050,629.0247,0.0000,5.07885,77762.3
7540,129812.5297,129183.5050,629.0247,0.0000,5.07885,77772.7
7541,129812.5297,129183.5050,629.0247,0.0000,5.07885,77783.0
7542,129812.5297,129183.5050,629.0247,0.0000,5.07885,77793.5
7543,129812.5297,129183.5050,629.0247,0.0000,5.07885,77803.8
7544,129812.5297,129183.5050,629.0247,0.0000,5.07885,77814.2
7545,129812.5297,129183.5050,629.0247,0.0000,5.07885,77825.0
7546,129812.5297,129183.5050,629.0247,0.0000,5.07885,77835.3
7547,129812.5297,129183.5050,629.0247,0.0000,5.07885,77846.3
7548,129812.5297,129183.5050,629.0247,0.0000,5.07885,77857.1
7549,129812.5297,129183.5050,629.0247,0.0000,5.07885,77867.9
7550,129812.5297,129183.5050,629.0247,0.0000,5.07885,77878.3
7551,129812.5297,129183.5050,629.0247,0.0000,5.07885,77888.9
7552,129812.5297,129183.5050,629.0247,0.0000,5.07885,77899.6
7553,129812.5297,129183.5050,629.0247,0.0000,5.07885,77910.2
7554,129812.5297,129183.5050,629.0247,0.0000,5.07885,77921.2
7555,129812.5297,129183.5050,629.0247,0.0000,5.07885,77932.0
7556,129812.5297,129183.5050,629.0247,0.0000,5.07885,77942.5
7557,129812.5297,129183.5050,629.0247,0.0000,5.07885,77952.9
7558,129812.5297,129183.5050,629.0247,0.0000,5.07885,77963.3
7559,129812.5297,129183.5050,629.0247,0.0000,5.07885,77973.6
7560,129812.5297,129183.5050,629.0247,0.0000,5.07885,77984.1
7561,129812.5297,129183.5050,629.0247,0.0000,5.07885,77994.3
7562,129812.5297,129183.5050,629.0247,0.0000,5.07885,78004.9
7563,129812.5297,129183.5050,629.0247,0.0000,5.07885,78015.5
7564,129812.5297,129183.5050,629.0247,0.0000,5.07885,78025.8
7565,129812.5297,129183.5050,629.0247,0.0000,5.07885,78036.2
7566,129812.5297,129183.5050,629.0247,0.0000,5.07885,78046.8
7567,129812.5297,129183.5050,629.0247,0.0000,5.07885,78057.2
7568,129812.5297,129183.5050,629.0247,0.0000,5.07885,78067.6
7569,129812.5297,129183.5050,629.0247,0.0000,5.07885,78078.2
7570,129812.5297,129183.5050,629.0247,0.0000,5.07885,78088.4
7571,129812.5297,129183.5050,629.0247,0.0000,5.07885,78099.0
7572,129812.5297,129183.5050,629.0247,0.0000,5.07885,78109.4
7573,129812.5297,129183.5050,629.0247,0.0000,5.07885,78119.8
7574,129812.5297,129183.5050,629.0247,0.0000,5.07885,78130.1
7575,129812.5297,129183.5050,629.0247,0.0000,5.07885,78140.5
7576,129812.5297,129183.5050,629.0247,0.0000,5.07885,78151.0
7577,129812.5297,129183.5050,629.0247,0.0000,5.07885,78161.4
7578,129812.5297,129183.5050,629.0247,0.0000,5.07885,78172.0
7579,129812.5297,129183.5050,629.0247,0.0185,5.09316,78182.6
7580,129812.5297,129183.5050,629.0247,0.0000,5.09316,78193.2
7581,129812.5297,129183.5050,629.0247,0.0000,5.09316,78203.7
7582,129812.5297,129183.5050,629.0247,0.0000,5.09316,78214.0
7583,129812.5297,129183.5050,629.0247,0.0000,5.09316,78224.7
7584,129812.5297,129183.5050,629.0247,0.0000,5.09316,78235.2
7585,129812.5297,129183.5050,629.0247,0.0000,5.09316,78245.7
7586,129812.5297,129183.5050,629.0247,0.0000,5.09316,78256.1
7587,129812.5297,129183.5050,629.0247,0.0000,5.09316,78266.5
7588,129812.5297,129183.5050,629.0247,0.0000,5.09316,78277.2
7589,129812.5297,129183.5050,629.0247,0.0000,5.09316,78288.0
7590,129812.5297,129183.5050,629.0247,0.0000,5.09316,78298.6
7591,129812.5297,129183.5050,629.0247,0.0000,5.09316,78309.1
7592,129812.5297,129183.5050,629.0247,0.0000,5.09316,78320.0
7593,129812.5297,129183.5050,629.0247,0.0000,5.09316,78330.6
7594,129812.5297,129183.5050,629.0247,0.0000,5.09316,78341.1
7595,129812.5297,129183.5050,629.0247,0.0000,5.09316,78351.4
7596,129812.5297,129183.5050,629.0247,0.0000,5.09316,78362.2
7597,129812.5297,129183.5050,629.0247,0.0000,5.09316,78373.2
7598,129812.5297,129183.5050,629.0247,0.0000,5.09316,78383.5
7599,129812.5297,129183.5050,629.0247,0.0000,5.09316,78394.1
7600,129812.5297,129183.5050,629.0247,0.0000,5.09316,78404.4
7601,129812.5297,129183.5050,629.0247,0.0000,5.09316,78414.9
7602,129812.5297,129183.5050,629.0247,0.0000,5.09316,78425.2
7603,129812.5297,129183.5050,629.0247,0.0000,5.09316,78435.8
7604,129812.5297,129183.5050,629.0247,0.0000,5.09316,78446.4
7605,129812.5297,129183.5050,629.0247,0.0000,5.09316,78456.5
7606,129812.5297,129183.5050,629.0247,0.0000,5.09316,78467.2
7607,129812.5297,129183.5050,629.0247,0.0000,5.09316,78477.4
7608,129812.5297,129183.5050,629.0247,0.0185,5.09205,78488.3
7609,129812.5297,129183.5050,629.0247,0.0000,5.09205,78499.4
7610,129812.5297,129183.5050,629.0247,0.0000,5.09205,78510.1
7611,129812.5297,129183.5050,629.0247,0.0000,5.09205,78520.8
7612,129812.5297,129183.5050,629.0247,0.0000,5.09205,78531.4
7613,129812.5297,129183.5050,629.0247,0.0000,5.09205,78542.4
7614,129812.5297,129183.5050,629.0247,0.0000,5.09205,78552.6
7615,129812.5297,129183.5050,629.0247,0.0370,5.07763,78562.9
7616,129812.5297,129183.5050,629.0247,0.0000,5.07763,78573.2
7617,129812.5297,129183.5050,629.0247,0.0000,5.07763,78583.9
7618,129812.5297,129183.5050,629.0247,0.0000,5.07763,78594.6
7619,129812.5297,129183.5050,629.0247,0.0000,5.07763,78604.6
7620,129812.5297,129183.5050,629.0247,0.0000,5.07763,78614.9
7621,129812.5297,129183.5050,629.0247,0.0000,5.07763,78625.3
7622,129812.5297,129183.5050,629.0247,0.0000,5.07763,78635.8
7623,129812.5297,129183.5050,629.0247,0.0000,5.07763,78646.4
7624,129812.5297,129183.5050,629.0247,0.0000,5.07763,78656.5
7625,129812.5297,129183.5050,629.0247,0.0000,5.07763,78667.1
7626,129812.5297,129183.5050,629.0247,0.0000,5.07763,78677.9
7627,129812.5297,129183.5050,629.0247,0.0000,5.07763,78688.3
7628,129812.5297,129183.5050,629.0247,0.0000,5.07763,78698.8
7629,129812.5297,129183.5050,629.0247,0.0185,5.08088,78709.2
7630,129812.5297,129183.5050,629.0247,0.0000,5.08088,78719.7
7631,129812.5297,129183.5050,629.0247,0.0000,5.08088,78730.2
7632,129812.5297,129183.5050,629.0247,0.0000,5.08088,78740.8
7633,129812.5297,129183.5050,629.0247,0.0000,5.08088,78751.3
7634,129812.5297,129183.5050,629.0247,0.0000,5.08088,78762.2
7635,129812.5297,129183.5050,629.0247,0.0000,5.08088,78772.6
7636,129812.5297,129183.5050,629.0247,0.0000,5.08088,78783.0
7637,129812.5297,129183.5050,629.0247,0.0000,5.08088,78793.8
7638,129812.5297,129183.5050,629.0247,0.0000,5.08088,78804.4
7639,129812.5297,129183.5050,629.0247,0.0000,5.08088,78814.8
7640,129812.5297,129183.5050,629.0247,0.0000,5.08088,78825.5
7641,129812.5297,129183.5050,629.0247,0.0000,5.08088,78835.7
7642,129812.5297,129183.5050,629.0247,0.0000,5.08088,78846.2
7643,129812.5297,129183.5050,629.0247,0.0000,5.08088,78856.9
7644,129812.5297,129183.5050,629.0247,0.0000,5.08088,78867.3
7645,129812.5297,129183.5050,629.0247,0.0000,5.08088,78877.8
7646,129812.5297,129183.5050,629.0247,0.0000,5.08088,78888.3
7647,129812.5297,129183.5050,629.0247,0.0000,5.08088,78898.9
7648,129812.5297,129183.5050,629.0247,0.0000,5.08088,78909.9
7649,129812.5297,129183.5050,629.0247,0.0000,5.08088,78920.1
7650,129812.5297,129183.5050,629.0247,0.0000,5.08088,78930.6
7651,129812.5297,129183.5050,629.0247,0.0000,5.08088,78941.0
7652,129812.5297,129183.5050,629.0247,0.0000,5.08088,78951.5
7653,129812.5297,129183.5050,629.0247,0.0000,5.08088,78962.0
7654,129812.5297,129183.5050,629.0247,0.0000,5.08088,78972.7
7655,129812.5297,129183.5050,629.0247,0.0000,5.08088,78983.1
7656,129812.5297,129183.5050,629.0247,0.0185,5.10351,78993.5
7657,129812.5297,129183.5050,629.0247,0.0000,5.10351,79003.9
7658,129812.5297,129183.5050,629.0247,0.0000,5.10351,79014.5
7659,129812.5297,129183.5050,629.0247,0.0000,5.10351,79024.8
7660,129812.5297,129183.5050,629.0247,0.0000,5.10351,79035.3
7661,129812.5297,129183.5050,629.0247,0.0000,5.10351,79046.0
7662,129812.5297,129183.5050,629.0247,0.0000,5.10351,79057.1
7663,129812.5297,129183.5050,629.0247,0.0000,5.10351,79067.4
7664,129812.5297,129183.5050,629.0247,0.0000,5.10351,79077.6
7665,129812.5297,129183.5050,629.0247,0.0000,5.10351,79088.1
7666,129812.5297,129183.5050,629.0247,0.0000,5.10351,79098.5
7667,129812.5297,129183.5050,629.0247,0.0000,5.10351,79108.9
7668,129812.5297,129183.5050,629.0247,0.0000,5.10351,79119.3
7669,129812.5297,129183.5050,629.0247,0.0000,5.10351,79130.1
7670,129812.5297,129183.5050,629.0247,0.0000,5.10351,79140.5
7671,129812.5297,129183.5050,629.0247,0.0000,5.10351,79151.1
7672,129812.5297,129183.5050,629.0247,0.0000,5.10351,79161.4
7673,129812.5297,129183.5050,629.0247,0.0000,5.10351,79172.1
7674,129812.5297,129183.5050,629.0247,0.0000,5.10351,79183.0
7675,129812.5297,129183.5050,629.0247,0.0185,5.11226,79193.3
7676,129812.5297,129183.5050,629.0247,0.0000,5.11226,79203.5
7677,129812.5297,129183.5050,629.0247,0.0000,5.11226,79214.3
7678,129812.5297,129183.5050,629.0247,0.0000,5.11226,79224.9
7679,129812.5297,129183.5050,629.0247,0.0000,5.11226,79235.5
7680,129812.5297,129183.5050,629.0247,0.0000,5.11226,79245.7
7681,129812.5297,129183.5050,629.0247,0.0000,5.11226,79256.2
7682,129812.5297,129183.5050,629.0247,0.0000,5.11226,79266.3
7683,129812.5297,129183.5050,629.0247,0.0000,5.11226,79277.1
7684,129812.5297,129183.5050,629.0247,0.0000,5.11226,79287.3
7685,129812.5297,129183.5050,629.0247,0.0185,5.12354,79298.1
7686,129812.5297,129183.5050,629.0247,0.0000,5.12354,79308.7
7687,129812.5297,129183.5050,629.0247,0.0000,5.12354,79318.8
7688,129812.5297,129183.5050,629.0247,0.0000,5.12354,79329.3
7689,129812.5297,129183.5050,629.0247,0.0000,5.12354,79340.0
7690,129812.5297,129183.5050,629.0247,0.0000,5.12354,79350.4
7691,129812.5297,129183.5050,629.0247,0.0000,5.12354,79361.1
7692,129812.5297,129183.5050,629.0247,0.0000,5.12354,79371.7
7693,129812.5297,129183.5050,629.0247,0.0000,5.12354,79382.4
7694,129812.5297,129183.5050,629.0247,0.0000,5.12354,79392.8
7695,129812.5297,129183.5050,629.0247,0.0000,5.12354,79403.1
7696,129812.5297,129183.5050,629.0247,0.0000,5.12354,79414.1
7697,129812.5297,129183.5050,629.0247,0.0000,5.12354,79424.6
7698,129812.5297,129183.5050,629.0247,0.0000,5.12354,79435.4
7699,129812.5297,129183.5050,629.0247,0.0000,5.12354,79445.7
7700,129812.5297,129183.5050,629.0247,0.0000,5.12354,79456.2
7701,129812.5297,129183.5050,629.0247,0.0185,5.09475,79466.4
7702,129812.5297,129183.5050,629.0247,0.0185,5.12753,79476.9
7703,129812.5297,129183.5050,629.0247,0.0000,5.12753,79487.4
7704,129812.5297,129183.5050,629.0247,0.0000,5.12753,79498.1
7705,129812.5297,129183.5050,629.0247,0.0000,5.12753,79508.5
7706,129812.5297,129183.5050,629.0247,0.0000,5.12753,79519.1
7707,129812.5297,129183.5050,629.0247,0.0000,5.12753,79529.5
7708,129812.5297,129183.5050,629.0247,0.0000,5.12753,79539.9
7709,129812.5297,129183.5050,629.0247,0.0000,5.12753,79550.5
7710,129812.5297,129183.5050,629.0247,0.0000,5.12753,79561.1
7711,129812.5297,129183.5050,629.0247,0.0185,5.10916,79571.7
7712,129812.5297,129183.5050,629.0247,0.0000,5.10916,79582.2
7713,129812.5297,129183.5050,629.0247,0.0000,5.10916,79592.6
7714,129812.5297,129183.5050,629.0247,0.0000,5.10916,79603.2
7715,129812.5297,129183.5050,629.0247,0.0000,5.10916,79613.7
7716,129812.5297,129183.5050,629.0247,0.0000,5.10916,79624.2
7717,129812.5297,129183.5050,629.0247,0.0000,5.10916,79634.8
7718,129812.5297,129183.5050,629.0247,0.0000,5.10916,79645.3
7719,129812.5297,129183.5050,629.0247,0.0000,5.10916,79656.0
7720,129812.5297,129183.5050,629.0247,0.0000,5.10916,79666.3
7721,129812.5297,129183.5050,629.0247,0.0000,5.10916,79676.9
7722,129812.5297,129183.5050,629.0247,0.0000,5.10916,79687.4
7723,129812.5297,129183.5050,629.0247,0.0000,5.10916,79697.7
7724,129812.5297,129183.5050,629.0247,0.0000,5.10916,79708.2
7725,129812.5297,129183.5050,629.0247,0.0000,5.10916,79718.7
7726,129812.5297,129183.5050,629.0247,0.0000,5.10916,79729.5
7727,129812.5297,129183.5050,629.0247,0.0000,5.10916,79740.0
7728,129812.5297,129183.5050,629.0247,0.0000,5.10916,79750.3
7729,129812.5297,129183.5050,629.0247,0.0000,5.10916,79760.6
7730,129812.5297,129183.5050,629.0247,0.0000,5.10916,79770.6
7731,129812.5297,129183.5050,629.0247,0.0000,5.10916,79781.1
7732,129812.5297,129183.5050,629.0247,0.0000,5.10916,79791.5
7733,129812.5297,129183.5050,629.0247,0.0000,5.10916,79802.2
7734,129812.5297,129183.5050,629.0247,0.0000,5.10916,79812.6
7735,129812.5297,129183.5050,629.0247,0.0000,5.10916,79823.1
7736,129812.5297,129183.5050,629.0247,0.0000,5.10916,79833.7
7737,129812.5297,129183.5050,629.0247,0.0000,5.10916,79844.2
7738,129812.5297,129183.5050,629.0247,0.0000,5.10916,79854.5
7739,129812.5297,129183.5050,629.0247,0.0000,5.10916,79865.1
7740,129812.5297,129183.5050,629.0247,0.0000,5.10916,79875.6
7741,129812.5297,129183.5050,629.0247,0.0000,5.10916,79886.2
7742,129812.5297,129183.5050,629.0247,0.0000,5.10916,79896.7
7743,129812.5297,129183.5050,629.0247,0.0000,5.10916,79907.4
7744,129812.5297,129183.5050,629.0247,0.0000,5.10916,79918.0
7745,129812.5297,129183.5050,629.0247,0.0000,5.10916,79928.3
7746,129812.5297,129183.5050,629.0247,0.0000,5.10916,79939.0
7747,129812.5297,129183.5050,629.0247,0.0000,5.10916,79949.2
7748,129812.5297,129183.5050,629.0247,0.0000,5.10916,79959.6
7749,129812.5297,129183.5050,629.0247,0.0000,5.10916,79969.8
7750,129812.5297,129183.5050,629.0247,0.0000,5.10916,79980.1
7751,129812.5297,129183.5050,629.0247,0.0000,5.10916,79990.8
7752,129812.5297,129183.5050,629.0247,0.0000,5.10916,80001.3
7753,129812.5297,129183.5050,629.0247,0.0000,5.10916,80012.1
7754,129812.5297,129183.5050,629.0247,0.0000,5.10916,80022.7
7755,129812.5297,129183.5050,629.0247,0.0000,5.10916,80033.1
7756,129812.5297,129183.5050,629.0247,0.0000,5.10916,80043.3
7757,129812.5297,129183.5050,629.0247,0.0000,5.10916,80054.2
7758,129812.5297,129183.5050,629.0247,0.0000,5.10916,80064.5
7759,129812.5297,129183.5050,629.0247,0.0000,5.10916,80074.7
7760,129812.5297,129183.5050,629.0247,0.0000,5.10916,80084.9
7761,129812.5297,129183.5050,629.0247,0.0000,5.10916,80095.3
7762,129812.5297,129183.5050,629.0247,0.0000,5.10916,80105.9
7763,129812.5297,129187.8550,624.6747,0.0185,5.0826,80116.5
7764,129812.5297,129187.8550,624.6747,0.0000,5.0826,80126.9
7765,129812.5297,129187.8550,624.6747,0.0000,5.0826,80137.3
7766,129812.5297,129187.8550,624.6747,0.0000,5.0826,80147.7
7767,129812.5297,129187.8550,624.6747,0.0000,5.0826,80158.6
7768,129812.5297,129187.8550,624.6747,0.0000,5.0826,80168.8
7769,129812.5297,129187.8550,624.6747,0.0000,5.0826,80179.2
7770,129812.5297,129187.8550,624.6747,0.0000,5.0826,80190.0
7771,129812.5297,129187.8550,624.6747,0.0000,5.0826,80200.6
7772,129812.5297,129187.8550,624.6747,0.0000,5.0826,80211.3
7773,129812.5297,129187.8550,624.6747,0.0000,5.0826,80221.7
7774,129812.5297,129187.8550,624.6747,0.0000,5.0826,80232.4
7775,129812.5297,129187.8550,624.6747,0.0000,5.0826,80243.0
7776,129812.5297,129187.8550,624.6747,0.0000,5.0826,80253.6
7777,129812.5297,129187.8550,624.6747,0.0000,5.0826,80264.1
7778,129812.5297,129187.8550,624.6747,0.0000,5.0826,80274.6
7779,129812.5297,129187.8550,624.6747,0.0000,5.0826,80285.2
7780,129812.5297,129187.8550,624.6747,0.0185,5.08183,80296.0
7781,129812.5297,129187.8550,624.6747,0.0000,5.08183,80306.4
7782,129812.5297,129187.8550,624.6747,0.0000,5.08183,80316.8
7783,129812.5297,129187.8550,624.6747,0.0000,5.08183,80327.2
7784,129812.5297,129187.8550,624.6747,0.0000,5.08183,80338.1
7785,129812.5297,129187.8550,624.6747,0.0000,5.08183,80348.6
7786,129812.5297,129187.8550,624.6747,0.0000,5.08183,80358.9
7787,129812.5297,129187.8550,624.6747,0.0000,5.08183,80369.7
7788,129812.5297,129187.8550,624.6747,0.0000,5.08183,80380.4
7789,129812.5297,129187.8550,624.6747,0.0000,5.08183,80390.8
7790,129812.5297,129187.8550,624.6747,0.0185,5.08086,80401.5
7791,129812.5297,129187.8550,624.6747,0.0185,5.08901,80412.4
7792,129812.5297,129187.8550,624.6747,0.0000,5.08901,80422.9
7793,129812.5297,129187.8550,624.6747,0.0000,5.08901,80433.7
7794,129812.5297,129187.8550,624.6747,0.0000,5.08901,80444.5
7795,129812.5297,129187.8550,624.6747,0.0000,5.08901,80454.5
7796,129812.5297,129187.8550,624.6747,0.0000,5.08901,80464.9
7797,129812.5297,129187.8550,624.6747,0.0000,5.08901,80475.8
7798,129812.5297,129187.8550,624.6747,0.0000,5.08901,80486.3
7799,129812.5297,129187.8550,624.6747,0.0000,5.08901,80496.6
7800,129812.5297,129187.8550,624.6747,0.0000,5.08901,80507.0
7801,129812.5297,129187.8550,624.6747,0.0000,5.08901,80517.0
7802,129812.5297,129187.8550,624.6747,0.0000,5.08901,80527.8
7803,129812.5297,129187.8550,624.6747,0.0000,5.08901,80538.0
7804,129812.5297,129187.8550,624.6747,0.0185,5.09399,80548.3
7805,129812.5297,129187.8550,624.6747,0.0000,5.09399,80559.2
7806,129812.5297,129187.8550,624.6747,0.0185,5.09589,80569.7
7807,129812.5297,129187.8550,624.6747,0.0000,5.09589,80580.2
7808,129812.5297,129187.8550,624.6747,0.0000,5.09589,80590.6
7809,129812.5297,129187.8550,624.6747,0.0000,5.09589,80600.7
7810,129812.5297,129187.8550,624.6747,0.0000,5.09589,80610.8
7811,129812.5297,129187.8550,624.6747,0.0000,5.09589,80621.9
7812,129812.5297,129187.8550,624.6747,0.0000,5.09589,80632.6
7813,129812.5297,129187.8550,624.6747,0.0000,5.09589,80643.0
7814,129812.5297,129187.8550,624.6747,0.0000,5.09589,80653.9
7815,129812.5297,129187.8550,624.6747,0.0185,5.09341,80664.1
7816,129812.5297,129187.8550,624.6747,0.0000,5.09341,80674.8
7817,129812.5297,129187.8550,624.6747,0.0000,5.09341,80684.9
7818,129812.5297,129187.8550,624.6747,0.0000,5.09341,80695.5
7819,129812.5297,129187.8550,624.6747,0.0000,5.09341,80705.7
7820,129812.5297,129187.8550,624.6747,0.0000,5.09341,80716.1
7821,129812.5297,129187.8550,624.6747,0.0000,5.09341,80726.6
7822,129812.5297,129187.8550,624.6747,0.0000,5.09341,80737.1
7823,129812.5297,129187.8550,624.6747,0.0185,5.0944,80747.5
7824,129812.5297,129187.8550,624.6747,0.0000,5.0944,80758.2
7825,129812.5297,129187.8550,624.6747,0.0000,5.0944,80768.9
7826,129812.5297,129187.8550,624.6747,0.0000,5.0944,80779.4
7827,129812.5297,129187.8550,624.6747,0.0000,5.0944,80790.1
7828,129812.5297,129187.8550,624.6747,0.0000,5.0944,80800.5
7829,129812.5297,129187.8550,624.6747,0.0000,5.0944,80811.2
7830,129812.5297,129187.8550,624.6747,0.0000,5.0944,80821.4
7831,129812.5297,129187.8550,624.6747,0.0000,5.0944,80832.1
7832,129812.5297,129187.8550,624.6747,0.0000,5.0944,80842.6
7833,129812.5297,129187.8550,624.6747,0.0000,5.0944,80853.2
7834,129812.5297,129187.8550,624.6747,0.0185,5.11697,80863.8
7835,129812.5297,129187.8550,624.6747,0.0000,5.11697,80874.0
7836,129812.5297,129187.8550,624.6747,0.0000,5.11697,80884.5
7837,129812.5297,129187.8550,624.6747,0.0000,5.11697,80895.1
7838,129812.5297,129187.8550,624.6747,0.0000,5.11697,80906.3
7839,129812.5297,129187.8550,624.6747,0.0000,5.11697,80916.7
7840,129812.5297,129187.8550,624.6747,0.0000,5.11697,80927.0
7841,129812.5297,129187.8550,624.6747,0.0000,5.11697,80937.3
7842,129812.5297,129187.8550,624.6747,0.0000,5.11697,80947.7
7843,129812.5297,129187.8550,624.6747,0.0000,5.11697,80957.8
7844,129812.5297,129187.8550,624.6747,0.0000,5.11697,80968.2
7845,129812.5297,129187.8550,624.6747,0.0000,5.11697,80978.6
7846,129812.5297,129187.8550,624.6747,0.0000,5.11697,80989.2
7847,129812.5297,129187.8550,624.6747,0.0000,5.11697,80999.6
7848,129812.5297,129187.8550,624.6747,0.0000,5.11697,81010.2
7849,129812.5297,129187.8550,624.6747,0.0000,5.11697,81020.4
7850,129812.5297,129187.8550,624.6747,0.0185,5.23887,81030.9
7851,129812.5297,129187.8550,624.6747,0.0000,5.23887,81041.3
7852,129812.5297,129187.8550,624.6747,0.0185,5.26874,81051.5
7853,129812.5297,129187.8550,624.6747,0.0000,5.26874,81061.7
7854,129812.5297,129187.8550,624.6747,0.0000,5.26874,81072.4
7855,129812.5297,129187.8550,624.6747,0.0000,5.26874,81083.2
7856,129812.5297,129187.8550,624.6747,0.0185,5.28306,81093.4
7857,129812.5297,129187.8550,624.6747,0.0000,5.28306,81103.7
7858,129812.5297,129187.8550,624.6747,0.0000,5.28306,81114.6
7859,129812.5297,129187.8550,624.6747,0.0000,5.28306,81125.4
7860,129812.5297,129187.8550,624.6747,0.0000,5.28306,81135.9
7861,129812.5297,129187.8550,624.6747,0.0000,5.28306,81146.3
7862,129812.5297,129187.8550,624.6747,0.0000,5.28306,81157.0
7863,129812.5297,129187.8550,624.6747,0.0185,5.2813,81167.2
7864,129812.5297,129187.8550,624.6747,0.0000,5.2813,81178.2
7865,129812.5297,129187.8550,624.6747,0.0000,5.2813,81188.9
7866,129812.5297,129187.8550,624.6747,0.0000,5.2813,81199.5
7867,129812.5297,129187.8550,624.6747,0.0000,5.2813,81210.3
7868,129812.5297,129187.8550,624.6747,0.0000,5.2813,81221.1
7869,129812.5297,129187.8550,624.6747,0.0000,5.2813,81231.6
7870,129812.5297,129187.8550,624.6747,0.0000,5.2813,81242.0
7871,129812.5297,129187.8550,624.6747,0.0000,5.2813,81252.7
7872,129812.5297,129187.8550,624.6747,0.0000,5.2813,81262.9
7873,129812.5297,129187.8550,624.6747,0.0185,5.24156,81274.1
7874,129812.5297,129187.8550,624.6747,0.0000,5.24156,81285.0
7875,129812.5297,129187.8550,624.6747,0.0000,5.24156,81295.7
7876,129812.5297,129187.8550,624.6747,0.0000,5.24156,81306.3
7877,129812.5297,129187.8550,624.6747,0.0000,5.24156,81316.6
7878,129812.5297,129187.8550,624.6747,0.0000,5.24156,81327.4
7879,129812.5297,129187.8550,624.6747,0.0000,5.24156,81337.7
7880,129812.5297,129187.8550,624.6747,0.0000,5.24156,81348.2
7881,129812.5297,129187.8550,624.6747,0.0000,5.24156,81358.8
7882,129812.5297,129187.8550,624.6747,0.0000,5.24156,81369.3
7883,129812.5297,129187.8550,624.6747,0.0000,5.24156,81379.8
7884,129812.5297,129187.8550,624.6747,0.0000,5.24156,81390.9
7885,129812.5297,129187.8550,624.6747,0.0000,5.24156,81401.7
7886,129812.5297,129187.8550,624.6747,0.0000,5.24156,81412.2
7887,129812.5297,129187.8550,624.6747,0.0000,5.24156,81422.8
7888,129812.5297,129187.8550,624.6747,0.0185,5.24891,81433.6
7889,129812.5297,129187.8550,624.6747,0.0000,5.24891,81444.3
7890,129812.5297,129187.8550,624.6747,0.0000,5.24891,81454.8
7891,129812.5297,129187.8550,624.6747,0.0000,5.24891,81465.3
7892,129812.5297,129187.8550,624.6747,0.0000,5.24891,81476.2
7893,129812.5297,129187.8550,624.6747,0.0000,5.24891,81486.5
7894,129812.5297,129187.8550,624.6747,0.0000,5.24891,81497.1
7895,129812.5297,129187.8550,624.6747,0.0000,5.24891,81507.7
7896,129812.5297,129187.8550,624.6747,0.0000,5.24891,81518.3
7897,129812.5297,129187.8550,624.6747,0.0000,5.24891,81528.5
7898,129812.5297,129187.8550,624.6747,0.0185,5.24042,81539.0
7899,129812.5297,129187.8550,624.6747,0.0185,5.24568,81549.4
7900,129812.5297,129187.8550,624.6747,0.0000,5.24568,81560.4
7901,129812.5297,129187.8550,624.6747,0.0000,5.24568,81571.7
7902,129812.5297,129187.8550,624.6747,0.0000,5.24568,81582.6
7903,129812.5297,129187.8550,624.6747,0.0000,5.24568,81592.9
7904,129812.5297,129187.8550,624.6747,0.0000,5.24568,81603.4
7905,129812.5297,129187.8550,624.6747,0.0185,5.22583,81614.0
7906,129812.5297,129187.8550,624.6747,0.0000,5.22583,81624.7
7907,129812.5297,129187.8550,624.6747,0.0185,5.22246,81635.3
7908,129812.5297,129187.8550,624.6747,0.0000,5.22246,81646.2
7909,129812.5297,129187.8550,624.6747,0.0000,5.22246,81656.4
7910,129812.5297,129187.8550,624.6747,0.0000,5.22246,81666.7
7911,129812.5297,129187.8550,624.6747,0.0000,5.22246,81677.6
7912,129812.5297,129187.8550,624.6747,0.0000,5.22246,81688.4
7913,129812.5297,129187.8550,624.6747,0.0000,5.22246,81698.7
7914,129812.5297,129187.8550,624.6747,0.0000,5.22246,81709.2
7915,129812.5297,129187.8550,624.6747,0.0000,5.22246,81719.7
7916,129812.5297,129187.8550,624.6747,0.0000,5.22246,81730.1
7917,129812.5297,129187.8550,624.6747,0.0000,5.22246,81740.4
7918,129812.5297,129187.8550,624.6747,0.0000,5.22246,81750.8
7919,129812.5297,129187.8550,624.6747,0.0000,5.22246,81761.0
7920,129812.5297,129187.8550,624.6747,0.0000,5.22246,81771.7
7921,129812.5297,129187.8550,624.6747,0.0000,5.22246,81782.3
7922,129812.5297,129187.8550,624.6747,0.0000,5.22246,81793.4
7923,129812.5297,129187.8550,624.6747,0.0000,5.22246,81804.0
7924,129812.5297,129187.8550,624.6747,0.0000,5.22246,81814.4
7925,129812.5297,129195.5794,616.9503,0.0185,5.22956,81824.9
7926,129812.5297,129195.5794,616.9503,0.0000,5.22956,81835.5
7927,129812.5297,129195.5794,616.9503,0.0000,5.22956,81846.3
7928,129812.5297,129195.5794,616.9503,0.0000,5.22956,81856.6
7929,129812.5297,129195.5794,616.9503,0.0000,5.22956,81867.3
7930,129812.5297,129195.5794,616.9503,0.0000,5.22956,81877.7
7931,129812.5297,129195.5794,616.9503,0.0000,5.22956,81887.9
7932,129812.5297,129195.5794,616.9503,0.0000,5.22956,81898.4
7933,129812.5297,129195.5794,616.9503,0.0000,5.22956,81909.1
7934,129812.5297,129195.5794,616.9503,0.0000,5.22956,81919.5
7935,129812.5297,129195.5794,616.9503,0.0000,5.22956,81930.3
7936,129812.5297,129195.5794,616.9503,0.0000,5.22956,81940.6
7937,129819.2628,129195.5794,623.6834,0.0185,5.18938,81951.2
7938,129819.2628,129195.5794,623.6834,0.0000,5.18938,81962.0
7939,129819.2628,129195.5794,623.6834,0.0185,5.18185,81972.8
7940,129819.2628,129195.5794,623.6834,0.0000,5.18185,81983.1
7941,129819.2628,129195.5794,623.6834,0.0000,5.18185,81993.8
7942,129819.2628,129195.5794,623.6834,0.0000,5.18185,82004.1
7943,129819.2628,129195.5794,623.6834,0.0185,5.21455,82014.9
7944,129819.2628,129195.5794,623.6834,0.0000,5.21455,82025.6
7945,129819.2628,129195.5794,623.6834,0.0000,5.21455,82035.9
7946,129819.2628,129195.5794,623.6834,0.0000,5.21455,82046.5
7947,129819.2628,129195.5794,623.6834,0.0000,5.21455,82056.8
7948,129819.2628,129195.5794,623.6834,0.0000,5.21455,82067.2
7949,129819.2628,129195.5794,623.6834,0.0000,5.21455,82077.1
7950,129819.2628,129195.5794,623.6834,0.0000,5.21455,82087.8
7951,129819.2628,129195.5794,623.6834,0.0000,5.21455,82098.3
7952,129819.2628,129195.5794,623.6834,0.0000,5.21455,82108.7
7953,129819.2628,129195.5794,623.6834,0.0000,5.21455,82119.5
7954,129819.2628,129195.5794,623.6834,0.0000,5.21455,82129.9
7955,129819.2628,129195.5794,623.6834,0.0000,5.21455,82140.3
7956,129819.2628,129195.5794,623.6834,0.0000,5.21455,82150.7
7957,129819.2628,129195.5794,623.6834,0.0000,5.21455,82161.7
7958,129819.2628,129195.5794,623.6834,0.0000,5.21455,82172.2
7959,129819.2628,129195.5794,623.6834,0.0000,5.21455,82182.6
7960,129819.2628,129195.5794,623.6834,0.0000,5.21455,82193.1
7961,129819.2628,129195.5794,623.6834,0.0000,5.21455,82203.7
7962,129932.4695,129195.5794,736.8900,0.0185,5.21726,82214.3
7963,129932.4695,129195.5794,736.8900,0.0000,5.21726,82224.6
7964,129932.4695,129195.5794,736.8900,0.0185,5.23185,82235.4
7965,129932.4695,129195.5794,736.8900,0.0000,5.23185,82246.0
7966,129932.4695,129195.5794,736.8900,0.0000,5.23185,82256.9
7967,129932.4695,129195.5794,736.8900,0.0000,5.23185,82267.9
7968,129932.4695,129195.5794,736.8900,0.0000,5.23185,82278.4
7969,129932.4695,129195.5794,736.8900,0.0000,5.23185,82289.3
7970,129932.4695,129195.5794,736.8900,0.0000,5.23185,82299.7
7971,129932.4695,129195.5794,736.8900,0.0000,5.23185,82310.4
7972,129932.4695,129195.5794,736.8900,0.0000,5.23185,82321.7
7973,129932.4695,129195.5794,736.8900,0.0000,5.23185,82332.0
7974,129932.4695,129195.5794,736.8900,0.0000,5.23185,82342.7
7975,129932.4695,129195.5794,736.8900,0.0000,5.23185,82353.1
7976,129932.4695,129195.5794,736.8900,0.0000,5.23185,82363.4
7977,129932.4695,129195.5794,736.8900,0.0000,5.23185,82373.9
7978,129932.4695,129195.5794,736.8900,0.0000,5.23185,82384.3
7979,129932.4695,129195.5794,736.8900,0.0000,5.23185,82395.0
7980,129932.4695,129195.5794,736.8900,0.0000,5.23185,82406.0
7981,129932.4695,129195.5794,736.8900,0.0000,5.23185,82416.4
7982,129932.4695,129195.5794,736.8900,0.0000,5.23185,82427.0
7983,129932.4695,129195.5794,736.8900,0.0185,5.26667,82437.6
7984,129932.4695,129195.5794,736.8900,0.0000,5.26667,82447.9
7985,129932.4695,129195.5794,736.8900,0.0000,5.26667,82458.6
7986,129932.4695,129195.5794,736.8900,0.0000,5.26667,82469.0
7987,129932.4695,129195.5794,736.8900,0.0000,5.26667,82479.6
7988,129932.4695,129195.5794,736.8900,0.0000,5.26667,82489.8
7989,129932.4695,129195.5794,736.8900,0.0000,5.26667,82500.4
7990,129932.4695,129195.5794,736.8900,0.0000,5.26667,82511.0
7991,129932.4695,129195.5794,736.8900,0.0000,5.26667,82521.5
7992,129932.4695,129195.5794,736.8900,0.0000,5.26667,82532.4
7993,129932.4695,129195.5794,736.8900,0.0185,5.25013,82543.0
7994,129932.4695,129195.5794,736.8900,0.0000,5.25013,82553.8
7995,129932.4695,129195.5794,736.8900,0.0000,5.25013,82564.3
7996,129932.4695,129195.5794,736.8900,0.0000,5.25013,82575.1
7997,129932.4695,129195.5794,736.8900,0.0000,5.25013,82585.8
7998,129932.4695,129195.5794,736.8900,0.0000,5.25013,82596.0
7999,129932.4695,129195.5794,736.8900,0.0000,5.25013,82606.4
8000,129932.4695,129195.5794,736.8900,0.0000,5.25013,82616.9
8001,129932.4695,129195.5794,736.8900,0.0000,5.25013,82627.5
8002,129932.4695,129195.5794,736.8900,0.0000,5.25013,82638.4
8003,129932.4695,129195.5794,736.8900,0.0000,5.25013,82649.0
8004,129932.4695,129195.5794,736.8900,0.0000,5.25013,82659.9
8005,129932.4695,129195.5794,736.8900,0.0000,5.25013,82670.7
8006,129932.4695,129195.5794,736.8900,0.0000,5.25013,82681.1
8007,129932.4695,129195.5794,736.8900,0.0185,5.2638,82692.0
8008,129932.4695,129195.5794,736.8900,0.0000,5.2638,82702.9
8009,129932.4695,129195.5794,736.8900,0.0000,5.2638,82713.4
8010,129932.4695,129195.5794,736.8900,0.0000,5.2638,82723.9
8011,129932.4695,129195.5794,736.8900,0.0185,5.26131,82734.2
8012,129932.4695,129195.5794,736.8900,0.0000,5.26131,82744.7
8013,129932.4695,129195.5794,736.8900,0.0000,5.26131,82755.5
8014,129932.4695,129195.5794,736.8900,0.0000,5.26131,82765.9
8015,129932.4695,129195.5794,736.8900,0.0000,5.26131,82776.3
8016,129932.4695,129195.5794,736.8900,0.0000,5.26131,82787.7
8017,129932.4695,129195.5794,736.8900,0.0000,5.26131,82798.4
8018,129932.4695,129217.8814,714.5881,0.0185,5.25311,82809.1
8019,129932.4695,129217.8814,714.5881,0.0000,5.25311,82819.6
8020,129932.4695,129217.8814,714.5881,0.0000,5.25311,82829.9
8021,129932.4695,129217.8814,714.5881,0.0000,5.25311,82840.4
8022,129932.4695,129217.8814,714.5881,0.0000,5.25311,82850.6
8023,129932.4695,129217.8814,714.5881,0.0000,5.25311,82860.9
8024,129932.4695,129217.8814,714.5881,0.0000,5.25311,82871.3
8025,129932.4695,129217.8814,714.5881,0.0000,5.25311,82881.9
8026,129932.4695,129217.8814,714.5881,0.0000,5.25311,82892.7
8027,129932.4695,129217.8814,714.5881,0.0000,5.25311,82903.2
8028,129932.4695,129217.8814,714.5881,0.0000,5.25311,82913.8
8029,129932.4695,129217.8814,714.5881,0.0000,5.25311,82924.3
8030,129932.4695,129217.8814,714.5881,0.0000,5.25311,82935.0
8031,129932.4695,129217.8814,714.5881,0.0185,5.24969,82945.5
8032,129932.4695,129217.8814,714.5881,0.0000,5.24969,82956.1
8033,129932.4695,129217.8814,714.5881,0.0000,5.24969,82966.6
8034,129932.4695,129217.8814,714.5881,0.0000,5.24969,82977.0
8035,129932.4695,129217.8814,714.5881,0.0000,5.24969,82987.8
8036,129932.4695,129217.8814,714.5881,0.0000,5.24969,82998.8
8037,129932.4695,129217.8814,714.5881,0.0000,5.24969,83009.3
8038,129932.4695,129217.8814,714.5881,0.0000,5.24969,83020.1
8039,129932.4695,129217.8814,714.5881,0.0370,5.31327,83030.5
8040,129932.4695,129217.8814,714.5881,0.0000,5.31327,83040.8
8041,129932.4695,129217.8814,714.5881,0.0000,5.31327,83051.6
8042,129932.4695,129217.8814,714.5881,0.0000,5.31327,83062.1
8043,129932.4695,129217.8814,714.5881,0.0000,5.31327,83073.0
8044,129932.4695,129217.8814,714.5881,0.0000,5.31327,83083.8
8045,129932.4695,129217.8814,714.5881,0.0000,5.31327,83094.2
8046,129932.4695,129217.8814,714.5881,0.0000,5.31327,83104.5
8047,129932.4695,129217.8814,714.5881,0.0000,5.31327,83115.4
8048,129932.4695,129217.8814,714.5881,0.0185,5.32833,83126.0
8049,129932.4695,129217.8814,714.5881,0.0000,5.32833,83136.6
8050,129932.4695,129217.8814,714.5881,0.0000,5.32833,83147.4
8051,129932.4695,129217.8814,714.5881,0.0000,5.32833,83158.0
8052,129932.4695,129217.8814,714.5881,0.0000,5.32833,83168.0
8053,129932.4695,129217.8814,714.5881,0.0000,5.32833,83178.3
8054,129932.4695,129217.8814,714.5881,0.0000,5.32833,83189.0
8055,129932.4695,129217.8814,714.5881,0.0000,5.32833,83199.6
8056,129932.4695,129217.8814,714.5881,0.0000,5.32833,83210.0
8057,129932.4695,129217.8814,714.5881,0.0185,5.33031,83220.7
8058,129932.4695,129217.8814,714.5881,0.0000,5.33031,83231.5
8059,129932.4695,129217.8814,714.5881,0.0000,5.33031,83241.8
8060,129932.4695,129217.8814,714.5881,0.0000,5.33031,83252.4
8061,129932.4695,129217.8814,714.5881,0.0000,5.33031,83263.2
8062,129932.4695,129217.8814,714.5881,0.0000,5.33031,83273.9
8063,129932.4695,129217.8814,714.5881,0.0000,5.33031,83284.4
8064,129932.4695,129217.8814,714.5881,0.0000,5.33031,83294.9
8065,129932.4695,129217.8814,714.5881,0.0185,5.31278,83305.9
8066,129932.4695,129217.8814,714.5881,0.0000,5.31278,83316.4
8067,129932.4695,129217.8814,714.5881,0.0000,5.31278,83326.7
8068,129932.4695,129217.8814,714.5881,0.0000,5.31278,83337.1
8069,129932.4695,129217.8814,714.5881,0.0000,5.31278,83347.6
8070,129932.4695,129217.8814,714.5881,0.0000,5.31278,83358.4
8071,129932.4695,129217.8814,714.5881,0.0000,5.31278,83368.9
8072,129932.4695,129217.8814,714.5881,0.0000,5.31278,83379.4
8073,129932.4695,129217.8814,714.5881,0.0000,5.31278,83389.8
8074,129932.4695,129217.8814,714.5881,0.0000,5.31278,83400.7
8075,129932.4695,129217.8814,714.5881,0.0000,5.31278,83411.1
8076,129932.4695,129217.8814,714.5881,0.0000,5.31278,83421.9
8077,129932.4695,129217.8814,714.5881,0.0000,5.31278,83432.2
8078,129932.4695,129217.8814,714.5881,0.0000,5.31278,83442.8
8079,129932.4695,129217.8814,714.5881,0.0000,5.31278,83452.8
8080,129932.4695,129217.8814,714.5881,0.0000,5.31278,83463.8
8081,129932.4695,129217.8814,714.5881,0.0000,5.31278,83474.4
8082,129932.4695,129217.8814,714.5881,0.0000,5.31278,83484.8
8083,129932.4695,129217.8814,714.5881,0.0000,5.31278,83495.5
8084,129932.4695,129217.8814,714.5881,0.0000,5.31278,83506.1
8085,129932.4695,129217.8814,714.5881,0.0000,5.31278,83516.5
8086,129932.4695,129217.8814,714.5881,0.0000,5.31278,83527.1
8087,129932.4695,129217.8814,714.5881,0.0000,5.31278,83537.6
8088,129932.4695,129217.8814,714.5881,0.0000,5.31278,83548.3
8089,129932.4695,129217.8814,714.5881,0.0000,5.31278,83559.3
8090,129932.4695,129217.8814,714.5881,0.0000,5.31278,83570.0
8091,129932.4695,129217.8814,714.5881,0.0000,5.31278,83580.8
8092,129932.4695,129217.8814,714.5881,0.0185,5.32114,83591.7
8093,129932.4695,129217.8814,714.5881,0.0000,5.32114,83602.1
8094,129932.4695,129217.8814,714.5881,0.0000,5.32114,83612.8
8095,129932.4695,129217.8814,714.5881,0.0000,5.32114,83623.5
8096,129932.4695,129217.8814,714.5881,0.0000,5.32114,83634.5
8097,129932.4695,129217.8814,714.5881,0.0000,5.32114,83645.5
8098,129932.4695,129217.8814,714.5881,0.0000,5.32114,83656.3
8099,129932.4695,129217.8814,714.5881,0.0000,5.32114,83667.0
8100,129932.4695,129217.8814,714.5881,0.0000,5.32114,83677.9
8101,129932.4695,129217.8814,714.5881,0.0000,5.32114,83688.4
8102,129932.4695,129217.8814,714.5881,0.0000,5.32114,83698.7
8103,129932.4695,129217.8814,714.5881,0.0000,5.32114,83709.6
8104,129932.4695,129217.8814,714.5881,0.0000,5.32114,83720.2
8105,129932.4695,129217.8814,714.5881,0.0000,5.32114,83731.1
8106,129932.4695,129217.8814,714.5881,0.0370,5.33646,83741.6
8107,129932.4695,129217.8814,714.5881,0.0000,5.33646,83752.4
8108,129932.4695,129217.8814,714.5881,0.0000,5.33646,83763.0
8109,129932.4695,129217.8814,714.5881,0.0000,5.33646,83773.3
8110,129932.4695,129217.8814,714.5881,0.0000,5.33646,83783.8
8111,129932.4695,129217.8814,714.5881,0.0000,5.33646,83794.4
8112,129932.4695,129217.8814,714.5881,0.0000,5.33646,83805.3
8113,129932.4695,129217.8814,714.5881,0.0000,5.33646,83815.8
8114,129932.4695,129217.8814,714.5881,0.0000,5.33646,83826.6
8115,129932.4695,129217.8814,714.5881,0.0000,5.33646,83837.0
8116,129932.4695,129217.8814,714.5881,0.0000,5.33646,83847.7
8117,129932.4695,129217.8814,714.5881,0.0000,5.33646,83858.4
8118,129932.4695,129217.8814,714.5881,0.0000,5.33646,83869.1
8119,129932.4695,129217.8814,714.5881,0.0000,5.33646,83880.3
8120,129932.4695,129217.8814,714.5881,0.0000,5.33646,83891.0
8121,129932.4695,129217.8814,714.5881,0.0185,5.29633,83901.7
8122,129932.4695,129217.8814,714.5881,0.0000,5.29633,83912.5
8123,129932.4695,129217.8814,714.5881,0.0185,5.28999,83922.9
8124,129932.4695,129217.8814,714.5881,0.0000,5.28999,83933.2
8125,129932.4695,129217.8814,714.5881,0.0000,5.28999,83943.5
8126,129932.4695,129217.8814,714.5881,0.0000,5.28999,83954.3
8127,129932.4695,129217.8814,714.5881,0.0000,5.28999,83964.6
8128,129932.4695,129217.8814,714.5881,0.0000,5.28999,83975.3
8129,129932.4695,129217.8814,714.5881,0.0000,5.28999,83985.5
8130,129932.4695,129217.8814,714.5881,0.0000,5.28999,83996.2
8131,129932.4695,129217.8814,714.5881,0.0000,5.28999,84006.7
8132,129932.4695,129217.8814,714.5881,0.0000,5.28999,84017.2
8133,129932.4695,129217.8814,714.5881,0.0000,5.28999,84028.1
8134,129932.4695,129217.8814,714.5881,0.0000,5.28999,84038.6
8135,129932.4695,129217.8814,714.5881,0.0000,5.28999,84049.4
8136,129932.4695,129217.8814,714.5881,0.0185,5.28984,84059.9
8137,129932.4695,129217.8814,714.5881,0.0000,5.28984,84070.8
8138,129932.4695,129217.8814,714.5881,0.0000,5.28984,84081.3
8139,129932.4695,129217.8814,714.5881,0.0000,5.28984,84091.8
8140,129932.4695,129229.9189,702.5506,0.0185,5.28802,84102.3
8141,129932.4695,129229.9189,702.5506,0.0185,5.28329,84112.9
8142,129932.4695,129229.9189,702.5506,0.0000,5.28329,84123.6
8143,129932.4695,129229.9189,702.5506,0.0000,5.28329,84134.7
8144,129932.4695,129229.9189,702.5506,0.0000,5.28329,84145.3
8145,129932.4695,129229.9189,702.5506,0.0000,5.28329,84156.3
8146,129932.4695,129229.9189,702.5506,0.0000,5.28329,84167.0
8147,129932.4695,129229.9189,702.5506,0.0000,5.28329,84177.5
8148,129932.4695,129229.9189,702.5506,0.0000,5.28329,84187.9
8149,129932.4695,129229.9189,702.5506,0.0000,5.28329,84198.1
8150,129932.4695,129229.9189,702.5506,0.0000,5.28329,84208.4
8151,129932.4695,129229.9189,702.5506,0.0000,5.28329,84218.8
8152,129932.4695,129229.9189,702.5506,0.0000,5.28329,84229.4
8153,129932.4695,129229.9189,702.5506,0.0000,5.28329,84240.0
8154,129932.4695,129229.9189,702.5506,0.0000,5.28329,84250.6
8155,129970.8516,129229.9189,740.9327,0.0185,5.29986,84261.4
8156,129970.8516,129229.9189,740.9327,0.0000,5.29986,84271.7
8157,129970.8516,129229.9189,740.9327,0.0000,5.29986,84281.9
8158,129970.8516,129229.9189,740.9327,0.0000,5.29986,84292.8
8159,129970.8516,129229.9189,740.9327,0.0000,5.29986,84303.3
8160,129970.8516,129229.9189,740.9327,0.0000,5.29986,84314.1
8161,129970.8516,129229.9189,740.9327,0.0000,5.29986,84324.6
8162,129970.8516,129229.9189,740.9327,0.0000,5.29986,84335.5
8163,129970.8516,129229.9189,740.9327,0.0000,5.29986,84346.2
8164,129970.8516,129229.9189,740.9327,0.0000,5.29986,84356.5
8165,129970.8516,129229.9189,740.9327,0.0000,5.29986,84367.2
8166,129970.8516,129229.9189,740.9327,0.0000,5.29986,84377.6
8167,129970.8516,129229.9189,740.9327,0.0000,5.29986,84388.1
8168,129970.8516,129229.9189,740.9327,0.0000,5.29986,84398.5
8169,129970.8516,129229.9189,740.9327,0.0000,5.29986,84409.2
8170,129970.8516,129229.9189,740.9327,0.0000,5.29986,84420.2
8171,129970.8516,129229.9189,740.9327,0.0000,5.29986,84430.4
8172,129970.8516,129229.9189,740.9327,0.0000,5.29986,84440.9
8173,129970.8516,129229.9189,740.9327,0.0000,5.29986,84451.3
8174,129970.8516,129229.9189,740.9327,0.0000,5.29986,84461.7
8175,129970.8516,129229.9189,740.9327,0.0000,5.29986,84472.2
8176,129970.8516,129229.9189,740.9327,0.0000,5.29986,84482.5
8177,129970.8516,129229.9189,740.9327,0.0000,5.29986,84493.5
8178,129970.8516,129229.9189,740.9327,0.0000,5.29986,84503.9
8179,129970.8516,129229.9189,740.9327,0.0000,5.29986,84515.0
8180,129970.8516,129229.9189,740.9327,0.0000,5.29986,84525.5
8181,129970.8516,129229.9189,740.9327,0.0000,5.29986,84536.3
8182,129970.8516,129229.9189,740.9327,0.0000,5.29986,84547.2
8183,129970.8516,129229.9189,740.9327,0.0000,5.29986,84557.9
8184,129970.8516,129229.9189,740.9327,0.0000,5.29986,84568.6
8185,129970.8516,129229.9189,740.9327,0.0000,5.29986,84579.4
8186,129970.8516,129229.9189,740.9327,0.0000,5.29986,84589.9
8187,129970.8516,129229.9189,740.9327,0.0000,5.29986,84600.9
8188,129970.8516,129229.9189,740.9327,0.0000,5.29986,84611.5
8189,129970.8516,129229.9189,740.9327,0.0000,5.29986,84622.1
8190,129970.8516,129229.9189,740.9327,0.0000,5.29986,84632.9
8191,129970.8516,129229.9189,740.9327,0.0000,5.29986,84644.0
8192,129970.8516,129229.9189,740.9327,0.0000,5.29986,84654.3
8193,129970.8516,129229.9189,740.9327,0.0000,5.29986,84664.8
8194,129970.8516,129229.9189,740.9327,0.0000,5.29986,84675.6
8195,129970.8516,129229.9189,740.9327,0.0185,5.29612,84686.6
8196,129970.8516,129229.9189,740.9327,0.0000,5.29612,84697.1
8197,129970.8516,129229.9189,740.9327,0.0000,5.29612,84707.7
8198,129970.8516,129229.9189,740.9327,0.0185,5.28393,84718.4
8199,129970.8516,129229.9189,740.9327,0.0000,5.28393,84729.6
8200,129970.8516,129229.9189,740.9327,0.0000,5.28393,84740.1
8201,129970.8516,129229.9189,740.9327,0.0000,5.28393,84750.6
8202,129970.8516,129229.9189,740.9327,0.0000,5.28393,84761.6
8203,129970.8516,129229.9189,740.9327,0.0000,5.28393,84772.2
8204,129970.8516,129229.9189,740.9327,0.0000,5.28393,84782.7
8205,129970.8516,129229.9189,740.9327,0.0000,5.28393,84793.7
8206,129970.8516,129229.9189,740.9327,0.0000,5.28393,84803.9
8207,129970.8516,129229.9189,740.9327,0.0185,5.28658,84814.7
8208,129970.8516,129229.9189,740.9327,0.0000,5.28658,84825.3
8209,129970.8516,129229.9189,740.9327,0.0185,5.24955,84835.9
8210,129970.8516,129229.9189,740.9327,0.0000,5.24955,84846.3
8211,129970.8516,129229.9189,740.9327,0.0000,5.24955,84857.1
8212,129970.8516,129229.9189,740.9327,0.0000,5.24955,84867.6
8213,129970.8516,129229.9189,740.9327,0.0000,5.24955,84878.2
8214,129970.8516,129229.9189,740.9327,0.0000,5.24955,84888.8
8215,129970.8516,129229.9189,740.9327,0.0185,5.27805,84899.5
8216,129970.8516,129229.9189,740.9327,0.0000,5.27805,84910.2
8217,129970.8516,129229.9189,740.9327,0.0000,5.27805,84920.8
8218,129970.8516,129229.9189,740.9327,0.0000,5.27805,84931.3
8219,129970.8516,129229.9189,740.9327,0.0000,5.27805,84941.9
8220,129970.8516,129229.9189,740.9327,0.0000,5.27805,84952.7
8221,129970.8516,129229.9189,740.9327,0.0000,5.27805,84963.2
8222,129970.8516,129229.9189,740.9327,0.0000,5.27805,84974.1
8223,129970.8516,129229.9189,740.9327,0.0000,5.27805,84984.4
8224,129970.8516,129229.9189,740.9327,0.0000,5.27805,84995.0
8225,129970.8516,129229.9189,740.9327,0.0000,5.27805,85005.8
8226,129970.8516,129229.9189,740.9327,0.0000,5.27805,85015.9
8227,129970.8516,129229.9189,740.9327,0.0000,5.27805,85026.5
8228,129970.8516,129229.9189,740.9327,0.0000,5.27805,85037.0
8229,129970.8516,129229.9189,740.9327,0.0000,5.27805,85047.5
8230,129970.8516,129229.9189,740.9327,0.0000,5.27805,85057.9
8231,129970.8516,129229.9189,740.9327,0.0000,5.27805,85068.5
8232,129970.8516,129229.9189,740.9327,0.0000,5.27805,85079.5
8233,129970.8516,129229.9189,740.9327,0.0000,5.27805,85090.3
8234,129970.8516,129229.9189,740.9327,0.0000,5.27805,85101.1
8235,129970.8516,129229.9189,740.9327,0.0000,5.27805,85111.6
8236,129970.8516,129229.9189,740.9327,0.0000,5.27805,85122.2
8237,129970.8516,129229.9189,740.9327,0.0000,5.27805,85133.2
8238,129970.8516,129229.9189,740.9327,0.0000,5.27805,85144.1
8239,129970.8516,129229.9189,740.9327,0.0000,5.27805,85154.6
8240,129970.8516,129229.9189,740.9327,0.0000,5.27805,85164.9
8241,129970.8516,129229.9189,740.9327,0.0000,5.27805,85175.3
8242,129970.8516,129229.9189,740.9327,0.0000,5.27805,85185.8
8243,129970.8516,129229.9189,740.9327,0.0000,5.27805,85196.5
8244,129970.8516,129229.9189,740.9327,0.0185,5.27846,85207.4
8245,129970.8516,129229.9189,740.9327,0.0000,5.27846,85218.4
8246,129970.8516,129229.9189,740.9327,0.0000,5.27846,85229.0
8247,129970.8516,129229.9189,740.9327,0.0000,5.27846,85239.4
8248,129970.8516,129229.9189,740.9327,0.0000,5.27846,85250.1
8249,129970.8516,129229.9189,740.9327,0.0000,5.27846,85261.0
8250,129970.8516,129229.9189,740.9327,0.0000,5.27846,85271.8
8251,129970.8516,129229.9189,740.9327,0.0000,5.27846,85282.4
8252,129970.8516,129229.9189,740.9327,0.0000,5.27846,85293.0
8253,129970.8516,129229.9189,740.9327,0.0000,5.27846,85303.6
8254,129970.8516,129229.9189,740.9327,0.0000,5.27846,85313.9
8255,129970.8516,129229.9189,740.9327,0.0000,5.27846,85324.8
8256,129970.8516,129229.9189,740.9327,0.0000,5.27846,85335.0
8257,129970.8516,129229.9189,740.9327,0.0185,5.28161,85345.2
8258,129970.8516,129229.9189,740.9327,0.0000,5.28161,85356.0
8259,129970.8516,129229.9189,740.9327,0.0000,5.28161,85366.6
8260,129970.8516,129229.9189,740.9327,0.0000,5.28161,85377.2
8261,129970.8516,129229.9189,740.9327,0.0000,5.28161,85387.5
8262,129970.8516,129229.9189,740.9327,0.0000,5.28161,85397.8
8263,129970.8516,129229.9189,740.9327,0.0000,5.28161,85408.4
8264,129970.8516,129229.9189,740.9327,0.0000,5.28161,85418.9
8265,129970.8516,129229.9189,740.9327,0.0000,5.28161,85429.7
8266,129970.8516,129229.9189,740.9327,0.0000,5.28161,85440.0
8267,129970.8516,129229.9189,740.9327,0.0000,5.28161,85450.3
8268,129970.8516,129229.9189,740.9327,0.0000,5.28161,85460.9
8269,129970.8516,129229.9189,740.9327,0.0185,5.26612,85471.8
8270,129970.8516,129229.9189,740.9327,0.0000,5.26612,85482.3
8271,129970.8516,129229.9189,740.9327,0.0000,5.26612,85492.7
8272,129970.8516,129229.9189,740.9327,0.0000,5.26612,85504.0
8273,129970.8516,129229.9189,740.9327,0.0000,5.26612,85514.4
8274,129970.8516,129229.9189,740.9327,0.0000,5.26612,85525.2
8275,129970.8516,129229.9189,740.9327,0.0000,5.26612,85536.0
8276,129970.8516,129229.9189,740.9327,0.0185,5.26198,85546.6
8277,129970.8516,129229.9189,740.9327,0.0185,5.27175,85557.2
8278,129970.8516,129229.9189,740.9327,0.0000,5.27175,85567.9
8279,129970.8516,129229.9189,740.9327,0.0000,5.27175,85578.5
8280,129970.8516,129229.9189,740.9327,0.0000,5.27175,85589.1
8281,129970.8516,129229.9189,740.9327,0.0000,5.27175,85599.8
8282,129970.8516,129229.9189,740.9327,0.0000,5.27175,85610.2
8283,129970.8516,129229.9189,740.9327,0.0185,5.25554,85621.0
8284,129970.8516,129229.9189,740.9327,0.0000,5.25554,85631.6
8285,129970.8516,129229.9189,740.9327,0.0000,5.25554,85642.3
8286,129970.8516,129229.9189,740.9327,0.0000,5.25554,85652.7
8287,129970.8516,129229.9189,740.9327,0.0000,5.25554,85663.2
8288,129970.8516,129229.9189,740.9327,0.0000,5.25554,85673.6
8289,129970.8516,129229.9189,740.9327,0.0000,5.25554,85684.2
8290,129970.8516,129229.9189,740.9327,0.0000,5.25554,85694.7
8291,129970.8516,129229.9189,740.9327,0.0000,5.25554,85705.1
8292,129970.8516,129229.9189,740.9327,0.0000,5.25554,85715.5
8293,129970.8516,129229.9189,740.9327,0.0000,5.25554,85726.1
8294,129970.8516,129229.9189,740.9327,0.0000,5.25554,85736.6
8295,129970.8516,129229.9189,740.9327,0.0185,5.26688,85747.5
8296,129970.8516,129229.9189,740.9327,0.0000,5.26688,85757.7
8297,129970.8516,129229.9189,740.9327,0.0000,5.26688,85767.9
8298,129970.8516,129229.9189,740.9327,0.0000,5.26688,85778.3
8299,129970.8516,129229.9189,740.9327,0.0000,5.26688,85788.8
8300,129970.8516,129229.9189,740.9327,0.0000,5.26688,85799.7
8301,129970.8516,129229.9189,740.9327,0.0000,5.26688,85810.3
8302,129970.8516,129229.9189,740.9327,0.0000,5.26688,85821.3
8303,129970.8516,129229.9189,740.9327,0.0000,5.26688,85832.2
8304,129970.8516,129229.9189,740.9327,0.0000,5.26688,85843.1
8305,129970.8516,129229.9189,740.9327,0.0000,5.26688,85853.5
8306,129970.8516,129229.9189,740.9327,0.0000,5.26688,85863.6
8307,129970.8516,129229.9189,740.9327,0.0000,5.26688,85873.8
8308,129970.8516,129229.9189,740.9327,0.0000,5.26688,85884.4
8309,129970.8516,129229.9189,740.9327,0.0000,5.26688,85895.1
8310,129970.8516,129229.9189,740.9327,0.0000,5.26688,85905.6
8311,129970.8516,129229.9189,740.9327,0.0000,5.26688,85916.2
8312,129970.8516,129229.9189,740.9327,0.0000,5.26688,85927.1
8313,129970.8516,129229.9189,740.9327,0.0000,5.26688,85937.7
8314,129970.8516,129229.9189,740.9327,0.0000,5.26688,85948.3
8315,129970.8516,129229.9189,740.9327,0.0000,5.26688,85958.9
8316,129970.8516,129229.9189,740.9327,0.0000,5.26688,85969.5
8317,129970.8516,129229.9189,740.9327,0.0000,5.26688,85979.9
8318,129970.8516,129229.9189,740.9327,0.0185,5.2744,85990.3
8319,129970.8516,129229.9189,740.9327,0.0000,5.2744,86000.9
8320,129970.8516,129229.9189,740.9327,0.0000,5.2744,86011.7
8321,129970.8516,129229.9189,740.9327,0.0000,5.2744,86022.5
8322,129970.8516,129229.9189,740.9327,0.0000,5.2744,86033.4
8323,129970.8516,129229.9189,740.9327,0.0000,5.2744,86044.0
8324,129970.8516,129229.9189,740.9327,0.0000,5.2744,86054.6
8325,129970.8516,129229.9189,740.9327,0.0000,5.2744,86065.2
8326,129970.8516,129229.9189,740.9327,0.0000,5.2744,86076.1
8327,129970.8516,129229.9189,740.9327,0.0000,5.2744,86087.1
8328,129970.8516,129229.9189,740.9327,0.0000,5.2744,86097.7
8329,129970.8516,129229.9189,740.9327,0.0000,5.2744,86107.8
8330,129970.8516,129229.9189,740.9327,0.0000,5.2744,86118.3
8331,129970.8516,129229.9189,740.9327,0.0000,5.2744,86128.9
8332,129970.8516,129229.9189,740.9327,0.0000,5.2744,86139.7
8333,129970.8516,129229.9189,740.9327,0.0000,5.2744,86150.4
8334,129970.8516,129229.9189,740.9327,0.0000,5.2744,86161.0
8335,129970.8516,129229.9189,740.9327,0.0000,5.2744,86171.6
8336,129970.8516,129229.9189,740.9327,0.0000,5.2744,86182.5
8337,129970.8516,129229.9189,740.9327,0.0000,5.2744,86193.1
8338,129970.8516,129229.9189,740.9327,0.0185,5.27249,86204.0
8339,129970.8516,129229.9189,740.9327,0.0000,5.27249,86214.6
8340,129970.8516,129229.9189,740.9327,0.0000,5.27249,86224.8
8341,129970.8516,129229.9189,740.9327,0.0000,5.27249,86235.4
8342,129970.8516,129229.9189,740.9327,0.0000,5.27249,86246.5
8343,129970.8516,129229.9189,740.9327,0.0000,5.27249,86256.8
8344,129970.8516,129229.9189,740.9327,0.0000,5.27249,86267.2
8345,129970.8516,129229.9189,740.9327,0.0000,5.27249,86277.8
8346,129970.8516,129229.9189,740.9327,0.0000,5.27249,86288.5
8347,129970.8516,129229.9189,740.9327,0.0000,5.27249,86298.8
8348,129970.8516,129229.9189,740.9327,0.0000,5.27249,86309.9
8349,129970.8516,129229.9189,740.9327,0.0000,5.27249,86320.3
8350,129970.8516,129229.9189,740.9327,0.0000,5.27249,86331.3
8351,129970.8516,129229.9189,740.9327,0.0000,5.27249,86341.6
8352,129970.8516,129229.9189,740.9327,0.0000,5.27249,86352.1
8353,129970.8516,129229.9189,740.9327,0.0000,5.27249,86362.8
8354,129970.8516,129229.9189,740.9327,0.0000,5.27249,86374.1
8355,129970.8516,129229.9189,740.9327,0.0000,5.27249,86384.8
8356,129970.8516,129229.9189,740.9327,0.0000,5.27249,86395.6
8357,129970.8516,129229.9189,740.9327,0.0000,5.27249,86406.2
8358,129970.8516,129229.9189,740.9327,0.0000,5.27249,86416.7
8359,129970.8516,129229.9189,740.9327,0.0000,5.27249,86427.0
8360,129970.8516,129229.9189,740.9327,0.0185,5.26813,86437.5
8361,129970.8516,129229.9189,740.9327,0.0000,5.26813,86447.7
8362,129970.8516,129229.9189,740.9327,0.0185,5.26726,86458.5
8363,129970.8516,129229.9189,740.9327,0.0000,5.26726,86469.2
8364,129970.8516,129229.9189,740.9327,0.0000,5.26726,86480.1
8365,129970.8516,129229.9189,740.9327,0.0000,5.26726,86490.7
8366,129970.8516,129229.9189,740.9327,0.0000,5.26726,86501.6
8367,129970.8516,129229.9189,740.9327,0.0000,5.26726,86512.4
8368,129970.8516,129229.9189,740.9327,0.0000,5.26726,86522.6
8369,129970.8516,129229.9189,740.9327,0.0000,5.26726,86533.2
8370,129970.8516,129229.9189,740.9327,0.0000,5.26726,86544.1
8371,129970.8516,129229.9189,740.9327,0.0000,5.26726,86554.7
8372,129970.8516,129229.9189,740.9327,0.0185,5.24209,86565.0
8373,129970.8516,129229.9189,740.9327,0.0000,5.24209,86575.7
8374,129970.8516,129229.9189,740.9327,0.0000,5.24209,86586.2
8375,129970.8516,129229.9189,740.9327,0.0000,5.24209,86597.1
8376,129970.8516,129229.9189,740.9327,0.0000,5.24209,86607.6
8377,129970.8516,129229.9189,740.9327,0.0000,5.24209,86618.0
8378,129970.8516,129229.9189,740.9327,0.0000,5.24209,86628.7
8379,129970.8516,129229.9189,740.9327,0.0000,5.24209,86639.3
8380,129970.8516,129229.9189,740.9327,0.0000,5.24209,86650.1
8381,129970.8516,129229.9189,740.9327,0.0000,5.24209,86661.0
8382,129970.8516,129229.9189,740.9327,0.0000,5.24209,86671.8
8383,129970.8516,129229.9189,740.9327,0.0000,5.24209,86682.6
8384,129970.8516,129229.9189,740.9327,0.0185,5.242,86693.5
8385,129970.8516,129229.9189,740.9327,0.0000,5.242,86704.1
8386,129970.8516,129229.9189,740.9327,0.0000,5.242,86714.9
8387,129970.8516,129229.9189,740.9327,0.0000,5.242,86726.0
8388,129970.8516,129229.9189,740.9327,0.0000,5.242,86736.8
8389,129970.8516,129229.9189,740.9327,0.0000,5.242,86747.0
8390,129970.8516,129229.9189,740.9327,0.0000,5.242,86757.7
8391,129970.8516,129229.9189,740.9327,0.0000,5.242,86768.3
8392,129970.8516,129229.9189,740.9327,0.0000,5.242,86779.2
8393,129970.8516,129229.9189,740.9327,0.0000,5.242,86789.6
8394,129970.8516,129229.9189,740.9327,0.0000,5.242,86800.0
8395,129970.8516,129229.9189,740.9327,0.0000,5.242,86810.8
8396,129970.8516,129229.9189,740.9327,0.0000,5.242,86821.4
8397,129970.8516,129229.9189,740.9327,0.0000,5.242,86832.4
8398,129970.8516,129229.9189,740.9327,0.0000,5.242,86843.1
8399,129970.8516,129229.9189,740.9327,0.0000,5.242,86853.7
8400,129970.8516,129229.9189,740.9327,0.0000,5.242,86864.4
8401,129970.8516,129229.9189,740.9327,0.0000,5.242,86874.9
8402,129970.8516,129229.9189,740.9327,0.0000,5.242,86885.6
8403,129970.8516,129229.9189,740.9327,0.0000,5.242,86896.3
8404,129970.8516,129229.9189,740.9327,0.0000,5.242,86907.1
8405,129970.8516,129229.9189,740.9327,0.0000,5.242,86917.9
8406,129970.8516,129229.9189,740.9327,0.0000,5.242,86928.7
8407,129970.8516,129229.9189,740.9327,0.0000,5.242,86939.4
8408,129970.8516,129229.9189,740.9327,0.0185,5.25771,86950.0
8409,129970.8516,129229.9189,740.9327,0.0000,5.25771,86960.8
8410,129970.8516,129229.9189,740.9327,0.0000,5.25771,86971.2
8411,129970.8516,129229.9189,740.9327,0.0000,5.25771,86982.0
8412,129970.8516,129229.9189,740.9327,0.0000,5.25771,86992.8
8413,129970.8516,129229.9189,740.9327,0.0000,5.25771,87003.6
8414,129970.8516,129229.9189,740.9327,0.0000,5.25771,87014.5
8415,129970.8516,129229.9189,740.9327,0.0000,5.25771,87024.8
8416,129970.8516,129229.9189,740.9327,0.0000,5.25771,87035.3
8417,129970.8516,129229.9189,740.9327,0.0000,5.25771,87046.3
8418,129970.8516,129229.9189,740.9327,0.0000,5.25771,87057.0
8419,129970.8516,129229.9189,740.9327,0.0000,5.25771,87067.5
8420,129970.8516,129229.9189,740.9327,0.0000,5.25771,87078.2
8421,129970.8516,129229.9189,740.9327,0.0000,5.25771,87088.8
8422,129970.8516,129229.9189,740.9327,0.0000,5.25771,87099.0
8423,129970.8516,129229.9189,740.9327,0.0000,5.25771,87109.8
8424,129970.8516,129229.9189,740.9327,0.0000,5.25771,87120.4
8425,129970.8516,129229.9189,740.9327,0.0000,5.25771,87131.0
8426,129970.8516,129229.9189,740.9327,0.0000,5.25771,87141.8
8427,129970.8516,129229.9189,740.9327,0.0000,5.25771,87152.3
8428,129970.8516,129229.9189,740.9327,0.0000,5.25771,87163.3
8429,129970.8516,129229.9189,740.9327,0.0000,5.25771,87174.0
8430,129970.8516,129234.9354,735.9162,0.0185,5.26442,87184.6
8431,129970.8516,129234.9354,735.9162,0.0000,5.26442,87195.4
8432,129970.8516,129234.9354,735.9162,0.0000,5.26442,87205.8
8433,129970.8516,129234.9354,735.9162,0.0000,5.26442,87216.2
8434,129970.8516,129242.6189,728.2326,0.0185,5.26965,87226.7
8435,129970.8516,129242.6189,728.2326,0.0000,5.26965,87237.6
8436,129970.8516,129242.6189,728.2326,0.0185,5.27242,87248.6
8437,129970.8516,129242.6189,728.2326,0.0000,5.27242,87258.9
8438,129970.8516,129242.6189,728.2326,0.0000,5.27242,87269.8
8439,129970.8516,129242.6189,728.2326,0.0000,5.27242,87280.2
8440,129970.8516,129242.6189,728.2326,0.0000,5.27242,87291.0
8441,129970.8516,129242.6189,728.2326,0.0000,5.27242,87301.5
8442,129970.8516,129242.6189,728.2326,0.0000,5.27242,87312.2
8443,129970.8516,129242.6189,728.2326,0.0000,5.27242,87322.7
8444,129970.8516,129242.6189,728.2326,0.0000,5.27242,87333.3
8445,129970.8516,129242.6189,728.2326,0.0000,5.27242,87343.9
8446,129970.8516,129242.6189,728.2326,0.0000,5.27242,87354.2
8447,129970.8516,129242.6189,728.2326,0.0000,5.27242,87364.8
8448,129970.8516,129242.6189,728.2326,0.0000,5.27242,87375.3
8449,129970.8516,129242.6189,728.2326,0.0000,5.27242,87385.8
8450,129970.8516,129242.6189,728.2326,0.0000,5.27242,87396.6
8451,129970.8516,129242.6189,728.2326,0.0000,5.27242,87407.1
8452,129970.8516,129242.6189,728.2326,0.0000,5.27242,87418.0
8453,129970.8516,129242.6189,728.2326,0.0000,5.27242,87429.1
8454,129970.8516,129242.6189,728.2326,0.0000,5.27242,87439.5
8455,130016.9811,129242.6189,774.3622,0.0185,5.22545,87450.1
8456,130016.9811,129242.6189,774.3622,0.0000,5.22545,87461.0
8457,130016.9811,129242.6189,774.3622,0.0000,5.22545,87471.6
8458,130016.9811,129242.6189,774.3622,0.0000,5.22545,87482.4
8459,130016.9811,129242.6189,774.3622,0.0000,5.22545,87493.1
8460,130016.9811,129242.6189,774.3622,0.0000,5.22545,87504.0
8461,130016.9811,129242.6189,774.3622,0.0000,5.22545,87514.7
8462,130016.9811,129242.6189,774.3622,0.0000,5.22545,87525.5
8463,130016.9811,129242.6189,774.3622,0.0000,5.22545,87536.2
8464,130016.9811,129242.6189,774.3622,0.0000,5.22545,87547.2
8465,130016.9811,129242.6189,774.3622,0.0000,5.22545,87557.5
8466,130016.9811,129244.4574,772.5237,0.0185,5.2282,87568.2
8467,130016.9811,129244.4574,772.5237,0.0000,5.2282,87578.9
8468,130016.9811,129244.4574,772.5237,0.0000,5.2282,87589.5
8469,130016.9811,129244.4574,772.5237,0.0000,5.2282,87599.8
8470,130016.9811,129244.4574,772.5237,0.0000,5.2282,87610.4
8471,130016.9811,129244.4574,772.5237,0.0000,5.2282,87620.8
8472,130016.9811,129244.4574,772.5237,0.0000,5.2282,87631.2
8473,130016.9811,129244.4574,772.5237,0.0000,5.2282,87641.7
8474,130016.9811,129244.4574,772.5237,0.0000,5.2282,87652.2
8475,130016.9811,129244.4574,772.5237,0.0000,5.2282,87662.4
8476,130016.9811,129244.4574,772.5237,0.0000,5.2282,87673.2
8477,130016.9811,129244.4574,772.5237,0.0000,5.2282,87683.8
8478,130016.9811,129244.4574,772.5237,0.0000,5.2282,87694.4
8479,130016.9811,129244.4574,772.5237,0.0185,5.19968,87704.9
8480,130016.9811,129244.4574,772.5237,0.0000,5.19968,87715.6
8481,130016.9811,129244.4574,772.5237,0.0000,5.19968,87726.3
8482,130016.9811,129244.4574,772.5237,0.0000,5.19968,87737.0
8483,130016.9811,129244.4574,772.5237,0.0000,5.19968,87747.7
8484,130016.9811,129244.4574,772.5237,0.0000,5.19968,87758.5
8485,130016.9811,129244.4574,772.5237,0.0000,5.19968,87769.0
8486,130016.9811,129244.4574,772.5237,0.0000,5.19968,87779.6
8487,130016.9811,129244.4574,772.5237,0.0000,5.19968,87790.0
8488,130016.9811,129244.4574,772.5237,0.0000,5.19968,87800.8
8489,130016.9811,129244.4574,772.5237,0.0000,5.19968,87811.6
8490,130016.9811,129244.4574,772.5237,0.0000,5.19968,87822.6
8491,130016.9811,129244.4574,772.5237,0.0000,5.19968,87833.5
8492,130016.9811,129244.4574,772.5237,0.0000,5.19968,87844.4
8493,130016.9811,129244.4574,772.5237,0.0000,5.19968,87854.9
8494,130016.9811,129244.4574,772.5237,0.0000,5.19968,87865.7
8495,130016.9811,129244.4574,772.5237,0.0000,5.19968,87876.5
8496,130016.9811,129244.4574,772.5237,0.0000,5.19968,87887.2
8497,130016.9811,129244.4574,772.5237,0.0000,5.19968,87898.0
8498,130016.9811,129244.4574,772.5237,0.0000,5.19968,87908.6
8499,130016.9811,129244.4574,772.5237,0.0000,5.19968,87919.3
8500,130016.9811,129244.4574,772.5237,0.0000,5.19968,87929.8
8501,130016.9811,129244.4574,772.5237,0.0000,5.19968,87940.8
8502,130016.9811,129244.4574,772.5237,0.0185,5.20978,87951.5
8503,130016.9811,129244.4574,772.5237,0.0000,5.20978,87961.9
8504,130016.9811,129244.4574,772.5237,0.0000,5.20978,87972.8
8505,130016.9811,129244.4574,772.5237,0.0000,5.20978,87983.4
8506,130016.9811,129244.4574,772.5237,0.0000,5.20978,87993.9
8507,130016.9811,129244.4574,772.5237,0.0000,5.20978,88004.4
8508,130016.9811,129244.4574,772.5237,0.0000,5.20978,88015.3
8509,130016.9811,129244.4574,772.5237,0.0000,5.20978,88026.6
8510,130016.9811,129244.4574,772.5237,0.0000,5.20978,88037.2
8511,130016.9811,129244.4574,772.5237,0.0000,5.20978,88047.7
8512,130016.9811,129244.4574,772.5237,0.0185,5.3327,88058.0
8513,130016.9811,129244.4574,772.5237,0.0000,5.3327,88068.5
8514,130016.9811,129244.4574,772.5237,0.0000,5.3327,88079.6
8515,130016.9811,129244.4574,772.5237,0.0000,5.3327,88090.5
8516,130016.9811,129244.4574,772.5237,0.0000,5.3327,88101.4
8517,130016.9811,129244.4574,772.5237,0.0000,5.3327,88112.1
8518,130016.9811,129244.4574,772.5237,0.0000,5.3327,88122.8
8519,130016.9811,129244.4574,772.5237,0.0185,5.34303,88133.9
8520,130016.9811,129244.4574,772.5237,0.0000,5.34303,88144.5
8521,130016.9811,129244.4574,772.5237,0.0000,5.34303,88154.9
8522,130016.9811,129244.4574,772.5237,0.0000,5.34303,88165.4
8523,130016.9811,129244.4574,772.5237,0.0000,5.34303,88176.2
8524,130016.9811,129244.4574,772.5237,0.0185,5.34314,88187.0
8525,130016.9811,129244.4574,772.5237,0.0000,5.34314,88197.3
8526,130016.9811,129244.4574,772.5237,0.0000,5.34314,88207.9
8527,130016.9811,129244.4574,772.5237,0.0000,5.34314,88218.3
8528,130016.9811,129244.4574,772.5237,0.0000,5.34314,88228.9
8529,130016.9811,129244.4574,772.5237,0.0000,5.34314,88239.5
8530,130016.9811,129244.4574,772.5237,0.0185,5.29087,88249.9
8531,130016.9811,129244.4574,772.5237,0.0000,5.29087,88260.5
8532,130016.9811,129244.4574,772.5237,0.0000,5.29087,88271.0
8533,130016.9811,129244.4574,772.5237,0.0000,5.29087,88281.9
8534,130016.9811,129244.4574,772.5237,0.0000,5.29087,88292.6
8535,130016.9811,129244.4574,772.5237,0.0000,5.29087,88303.5
8536,130016.9811,129244.4574,772.5237,0.0000,5.29087,88314.3
8537,130016.9811,129244.4574,772.5237,0.0000,5.29087,88324.7
8538,130016.9811,129244.4574,772.5237,0.0000,5.29087,88335.6
8539,130016.9811,129244.4574,772.5237,0.0000,5.29087,88346.4
8540,130016.9811,129244.4574,772.5237,0.0000,5.29087,88357.2
8541,130016.9811,129244.4574,772.5237,0.0000,5.29087,88368.1
8542,130016.9811,129244.4574,772.5237,0.0000,5.29087,88378.3
8543,130016.9811,129244.4574,772.5237,0.0000,5.29087,88389.0
8544,130016.9811,129244.4574,772.5237,0.0000,5.29087,88399.5
8545,130016.9811,129244.4574,772.5237,0.0000,5.29087,88410.1
8546,130016.9811,129244.4574,772.5237,0.0000,5.29087,88420.3
8547,130016.9811,129244.4574,772.5237,0.0000,5.29087,88431.3
8548,130016.9811,129248.0828,768.8983,0.0185,5.2999,88441.8
8549,130016.9811,129248.0828,768.8983,0.0000,5.2999,88452.2
8550,130016.9811,129248.0828,768.8983,0.0000,5.2999,88462.6
8551,130016.9811,129248.0828,768.8983,0.0000,5.2999,88472.9
8552,130016.9811,129248.0828,768.8983,0.0000,5.2999,88483.5
8553,130016.9811,129248.0828,768.8983,0.0000,5.2999,88493.8
8554,130016.9811,129248.0828,768.8983,0.0000,5.2999,88504.5
8555,130016.9811,129248.0828,768.8983,0.0000,5.2999,88515.1
8556,130016.9811,129248.0828,768.8983,0.0000,5.2999,88525.6
8557,130016.9811,129248.0828,768.8983,0.0000,5.2999,88536.1
8558,130016.9811,129248.0828,768.8983,0.0000,5.2999,88546.7
8559,130016.9811,129248.0828,768.8983,0.0000,5.2999,88557.3
8560,130016.9811,129248.0828,768.8983,0.0000,5.2999,88568.3
8561,130016.9811,129248.0828,768.8983,0.0000,5.2999,88578.6
8562,130016.9811,129248.0828,768.8983,0.0000,5.2999,88589.4
8563,130016.9811,129248.0828,768.8983,0.0000,5.2999,88599.7
8564,130016.9811,129248.0828,768.8983,0.0000,5.2999,88610.3
8565,130016.9811,129248.0828,768.8983,0.0000,5.2999,88620.9
8566,130016.9811,129248.0828,768.8983,0.0000,5.2999,88631.9
8567,130016.9811,129248.0828,768.8983,0.0000,5.2999,88642.3
8568,130016.9811,129248.0828,768.8983,0.0185,5.29008,88653.1
8569,130016.9811,129248.0828,768.8983,0.0000,5.29008,88663.4
8570,130016.9811,129248.0828,768.8983,0.0000,5.29008,88674.0
8571,130016.9811,129248.0828,768.8983,0.0000,5.29008,88684.4
8572,130016.9811,129248.0828,768.8983,0.0000,5.29008,88695.1
8573,130016.9811,129248.0828,768.8983,0.0000,5.29008,88705.7
8574,130016.9811,129248.0828,768.8983,0.0000,5.29008,88716.5
8575,130016.9811,129248.0828,768.8983,0.0000,5.29008,88726.9
8576,130016.9811,129248.0828,768.8983,0.0000,5.29008,88737.6
8577,130016.9811,129248.0828,768.8983,0.0000,5.29008,88748.3
8578,130016.9811,129248.0828,768.8983,0.0000,5.29008,88758.9
8579,130016.9811,129248.0828,768.8983,0.0000,5.29008,88770.0
8580,130016.9811,129248.0828,768.8983,0.0000,5.29008,88780.4
8581,130016.9811,129248.0828,768.8983,0.0000,5.29008,88791.7
8582,130016.9811,129248.0828,768.8983,0.0000,5.29008,88802.1
8583,130016.9811,129248.0828,768.8983,0.0000,5.29008,88813.0
8584,130016.9811,129248.0828,768.8983,0.0000,5.29008,88823.4
8585,130016.9811,129248.0828,768.8983,0.0000,5.29008,88834.2
8586,130016.9811,129248.0828,768.8983,0.0000,5.29008,88844.5
8587,130016.9811,129248.0828,768.8983,0.0000,5.29008,88855.2
8588,130016.9811,129248.0828,768.8983,0.0000,5.29008,88865.5
8589,130016.9811,129248.0828,768.8983,0.0000,5.29008,88876.2
8590,130016.9811,129248.0828,768.8983,0.0000,5.29008,88886.7
8591,130016.9811,129248.0828,768.8983,0.0000,5.29008,88897.1
8592,130016.9811,129248.0828,768.8983,0.0000,5.29008,88908.1
8593,130016.9811,129248.0828,768.8983,0.0000,5.29008,88918.9
8594,130016.9811,129248.0828,768.8983,0.0000,5.29008,88929.3
8595,130016.9811,129248.0828,768.8983,0.0000,5.29008,88940.2
8596,130016.9811,129248.0828,768.8983,0.0000,5.29008,88950.8
8597,130016.9811,129248.0828,768.8983,0.0000,5.29008,88961.7
8598,130016.9811,129248.0828,768.8983,0.0000,5.29008,88972.7
8599,130016.9811,129248.0828,768.8983,0.0000,5.29008,88983.1
8600,130016.9811,129248.0828,768.8983,0.0000,5.29008,88993.9
8601,130016.9811,129248.0828,768.8983,0.0000,5.29008,89004.5
8602,130016.9811,129248.0828,768.8983,0.0000,5.29008,89015.1
8603,130016.9811,129248.0828,768.8983,0.0000,5.29008,89026.0
8604,130016.9811,129248.0828,768.8983,0.0185,5.31376,89036.7
8605,130016.9811,129248.0828,768.8983,0.0000,5.31376,89047.7
8606,130016.9811,129248.0828,768.8983,0.0000,5.31376,89058.2
8607,130016.9811,129248.0828,768.8983,0.0000,5.31376,89069.1
8608,130016.9811,129248.0828,768.8983,0.0000,5.31376,89079.6
8609,130016.9811,129248.0828,768.8983,0.0000,5.31376,89090.5
8610,130016.9811,129248.0828,768.8983,0.0000,5.31376,89101.3
8611,130016.9811,129248.0828,768.8983,0.0000,5.31376,89112.5
8612,130016.9811,129248.0828,768.8983,0.0000,5.31376,89123.8
8613,130016.9811,129248.0828,768.8983,0.0000,5.31376,89134.7
8614,130016.9811,129248.0828,768.8983,0.0000,5.31376,89145.0
8615,130016.9811,129248.0828,768.8983,0.0185,5.25992,89155.8
8616,130016.9811,129248.0828,768.8983,0.0000,5.25992,89166.5
8617,130016.9811,129248.0828,768.8983,0.0000,5.25992,89177.1
8618,130016.9811,129248.0828,768.8983,0.0000,5.25992,89187.8
8619,130016.9811,129248.0828,768.8983,0.0000,5.25992,89198.3
8620,130016.9811,129248.0828,768.8983,0.0000,5.25992,89209.0
8621,130016.9811,129248.0828,768.8983,0.0000,5.25992,89219.4
8622,130016.9811,129248.0828,768.8983,0.0000,5.25992,89229.9
8623,130016.9811,129248.0828,768.8983,0.0000,5.25992,89240.5
8624,130016.9811,129248.0828,768.8983,0.0000,5.25992,89251.5
8625,130016.9811,129248.0828,768.8983,0.0000,5.25992,89262.0
8626,130016.9811,129248.0828,768.8983,0.0000,5.25992,89272.8
8627,130016.9811,129248.0828,768.8983,0.0000,5.25992,89283.4
8628,130016.9811,129248.0828,768.8983,0.0000,5.25992,89294.1
8629,130016.9811,129248.0828,768.8983,0.0000,5.25992,89305.1
8630,130016.9811,129248.0828,768.8983,0.0185,5.28343,89316.1
8631,130016.9811,129248.0828,768.8983,0.0000,5.28343,89326.5
8632,130016.9811,129248.0828,768.8983,0.0000,5.28343,89337.3
8633,130016.9811,129248.0828,768.8983,0.0000,5.28343,89347.5
8634,130016.9811,129248.0828,768.8983,0.0000,5.28343,89358.5
8635,130016.9811,129248.0828,768.8983,0.0000,5.28343,89369.0
8636,130016.9811,129248.0828,768.8983,0.0185,5.28272,89379.1
8637,130016.9811,129248.0828,768.8983,0.0000,5.28272,89389.6
8638,130016.9811,129248.0828,768.8983,0.0000,5.28272,89400.3
8639,130016.9811,129248.0828,768.8983,0.0000,5.28272,89410.7
8640,130016.9811,129248.0828,768.8983,0.0000,5.28272,89421.4
8641,130016.9811,129248.0828,768.8983,0.0000,5.28272,89432.0
8642,130016.9811,129248.0828,768.8983,0.0000,5.28272,89443.1
8643,130016.9811,129248.0828,768.8983,0.0000,5.28272,89454.0
8644,130016.9811,129248.0828,768.8983,0.0000,5.28272,89464.4
8645,130016.9811,129248.0828,768.8983,0.0000,5.28272,89474.8
8646,130016.9811,129248.0828,768.8983,0.0000,5.28272,89485.3
8647,130016.9811,129248.0828,768.8983,0.0185,5.29185,89495.8
8648,130016.9811,129248.0828,768.8983,0.0185,5.29119,89506.3
8649,130016.9811,129248.0828,768.8983,0.0000,5.29119,89517.0
8650,130016.9811,129248.0828,768.8983,0.0000,5.29119,89527.5
8651,130016.9811,129248.0828,768.8983,0.0000,5.29119,89538.1
8652,130016.9811,129248.0828,768.8983,0.0000,5.29119,89548.8
8653,130016.9811,129248.0828,768.8983,0.0000,5.29119,89559.4
8654,130016.9811,129248.0828,768.8983,0.0000,5.29119,89569.8
8655,130016.9811,129248.0828,768.8983,0.0000,5.29119,89581.0
8656,130016.9811,129248.0828,768.8983,0.0000,5.29119,89591.6
8657,130016.9811,129248.0828,768.8983,0.0000,5.29119,89602.3
8658,130016.9811,129248.0828,768.8983,0.0000,5.29119,89613.1
8659,130016.9811,129248.0828,768.8983,0.0000,5.29119,89623.7
8660,130016.9811,129248.0828,768.8983,0.0000,5.29119,89634.5
8661,130016.9811,129248.0828,768.8983,0.0000,5.29119,89645.4
8662,130016.9811,129248.0828,768.8983,0.0000,5.29119,89656.3
8663,130016.9811,129248.0828,768.8983,0.0000,5.29119,89666.9
8664,130016.9811,129248.0828,768.8983,0.0000,5.29119,89677.1
8665,130016.9811,129248.0828,768.8983,0.0000,5.29119,89687.7
8666,130016.9811,129248.0828,768.8983,0.0000,5.29119,89698.7
8667,130016.9811,129248.0828,768.8983,0.0000,5.29119,89709.3
8668,130016.9811,129248.0828,768.8983,0.0185,5.32671,89719.5
8669,130016.9811,129248.0828,768.8983,0.0000,5.32671,89730.6
8670,130016.9811,129248.0828,768.8983,0.0000,5.32671,89741.2
8671,130016.9811,129248.0828,768.8983,0.0000,5.32671,89752.1
8672,130016.9811,129248.0828,768.8983,0.0000,5.32671,89762.5
8673,130016.9811,129248.0828,768.8983,0.0000,5.32671,89773.0
8674,130016.9811,129248.0828,768.8983,0.0000,5.32671,89783.5
8675,130016.9811,129248.0828,768.8983,0.0000,5.32671,89794.2
8676,130016.9811,129248.0828,768.8983,0.0000,5.32671,89804.6
8677,130016.9811,129248.0828,768.8983,0.0000,5.32671,89816.1
8678,130016.9811,129248.0828,768.8983,0.0000,5.32671,89826.9
8679,130016.9811,129248.0828,768.8983,0.0000,5.32671,89837.4
8680,130016.9811,129248.0828,768.8983,0.0000,5.32671,89848.0
8681,130016.9811,129248.0828,768.8983,0.0000,5.32671,89858.6
8682,130016.9811,129248.0828,768.8983,0.0000,5.32671,89869.7
8683,130016.9811,129248.0828,768.8983,0.0000,5.32671,89880.2
8684,130016.9811,129248.0828,768.8983,0.0000,5.32671,89890.7
8685,130016.9811,129248.0828,768.8983,0.0000,5.32671,89901.3
8686,130016.9811,129248.0828,768.8983,0.0000,5.32671,89911.8
8687,130016.9811,129248.0828,768.8983,0.0000,5.32671,89922.5
8688,130016.9811,129248.0828,768.8983,0.0000,5.32671,89933.4
8689,130016.9811,129248.0828,768.8983,0.0000,5.32671,89943.7
8690,130016.9811,129248.0828,768.8983,0.0000,5.32671,89954.4
8691,130016.9811,129248.0828,768.8983,0.0000,5.32671,89965.0
8692,130016.9811,129248.0828,768.8983,0.0000,5.32671,89975.6
8693,130016.9811,129248.0828,768.8983,0.0000,5.32671,89986.0
8694,130016.9811,129248.0828,768.8983,0.0000,5.32671,89996.8
8695,130016.9811,129248.0828,768.8983,0.0185,5.32792,90007.6
8696,130016.9811,129248.0828,768.8983,0.0000,5.32792,90018.1
8697,130016.9811,129248.0828,768.8983,0.0000,5.32792,90028.7
8698,130016.9811,129248.0828,768.8983,0.0000,5.32792,90039.4
8699,130016.9811,129248.0828,768.8983,0.0000,5.32792,90050.1
8700,130016.9811,129248.0828,768.8983,0.0000,5.32792,90061.1
8701,130016.9811,129248.0828,768.8983,0.0185,5.33024,90071.6
8702,130016.9811,129248.0828,768.8983,0.0000,5.33024,90082.8
8703,130016.9811,129248.0828,768.8983,0.0000,5.33024,90093.2
8704,130016.9811,129248.0828,768.8983,0.0000,5.33024,90104.2
8705,130016.9811,129248.0828,768.8983,0.0000,5.33024,90114.8
8706,130016.9811,129248.0828,768.8983,0.0000,5.33024,90125.4
8707,130016.9811,129248.0828,768.8983,0.0000,5.33024,90136.3
8708,130016.9811,129248.0828,768.8983,0.0000,5.33024,90147.0
8709,130016.9811,129248.0828,768.8983,0.0185,5.34281,90157.7
8710,130016.9811,129248.0828,768.8983,0.0000,5.34281,90168.7
8711,130016.9811,129248.0828,768.8983,0.0000,5.34281,90179.1
8712,130016.9811,129248.0828,768.8983,0.0000,5.34281,90190.0
8713,130016.9811,129248.0828,768.8983,0.0000,5.34281,90200.6
8714,130016.9811,129248.0828,768.8983,0.0000,5.34281,90211.2
8715,130016.9811,129248.0828,768.8983,0.0000,5.34281,90221.8
8716,130016.9811,129248.0828,768.8983,0.0000,5.34281,90232.6
8717,130016.9811,129248.0828,768.8983,0.0000,5.34281,90243.6
8718,130016.9811,129248.0828,768.8983,0.0000,5.34281,90254.6
8719,130016.9811,129248.0828,768.8983,0.0185,5.34881,90265.3
8720,130016.9811,129248.0828,768.8983,0.0000,5.34881,90275.9
8721,130016.9811,129248.0828,768.8983,0.0000,5.34881,90286.7
8722,130016.9811,129248.0828,768.8983,0.0000,5.34881,90297.5
8723,130016.9811,129248.0828,768.8983,0.0000,5.34881,90308.2
8724,130016.9811,129248.0828,768.8983,0.0000,5.34881,90318.9
8725,130016.9811,129248.0828,768.8983,0.0000,5.34881,90329.3
8726,130016.9811,129248.0828,768.8983,0.0000,5.34881,90340.4
8727,130016.9811,129248.0828,768.8983,0.0000,5.34881,90351.1
8728,130016.9811,129248.0828,768.8983,0.0000,5.34881,90362.1
8729,130016.9811,129248.0828,768.8983,0.0000,5.34881,90372.8
8730,130016.9811,129248.0828,768.8983,0.0000,5.34881,90383.4
8731,130016.9811,129248.0828,768.8983,0.0000,5.34881,90394.1
8732,130016.9811,129248.0828,768.8983,0.0000,5.34881,90405.3
8733,130016.9811,129248.0828,768.8983,0.0000,5.34881,90416.1
8734,130016.9811,129248.0828,768.8983,0.0000,5.34881,90426.6
8735,130016.9811,129248.0828,768.8983,0.0185,5.35559,90437.1
8736,130016.9811,129248.0828,768.8983,0.0000,5.35559,90448.0
8737,130016.9811,129248.0828,768.8983,0.0000,5.35559,90459.0
8738,130016.9811,129248.0828,768.8983,0.0000,5.35559,90469.8
8739,130016.9811,129248.0828,768.8983,0.0000,5.35559,90480.6
8740,130016.9811,129248.0828,768.8983,0.0000,5.35559,90491.9
8741,130016.9811,129248.0828,768.8983,0.0000,5.35559,90502.8
8742,130016.9811,129248.0828,768.8983,0.0000,5.35559,90513.3
8743,130016.9811,129248.0828,768.8983,0.0000,5.35559,90524.3
8744,130016.9811,129248.0828,768.8983,0.0000,5.35559,90534.8
8745,130016.9811,129248.0828,768.8983,0.0000,5.35559,90545.6
8746,130016.9811,129248.0828,768.8983,0.0000,5.35559,90556.4
8747,130016.9811,129248.0828,768.8983,0.0185,5.41233,90567.6
8748,130016.9811,129248.0828,768.8983,0.0000,5.41233,90578.5
8749,130016.9811,129248.0828,768.8983,0.0000,5.41233,90589.4
8750,130016.9811,129248.0828,768.8983,0.0000,5.41233,90599.8
8751,130016.9811,129248.0828,768.8983,0.0000,5.41233,90610.4
8752,130016.9811,129248.0828,768.8983,0.0000,5.41233,90621.0
8753,130016.9811,129248.0828,768.8983,0.0185,5.45794,90631.4
8754,130016.9811,129248.0828,768.8983,0.0000,5.45794,90642.1
8755,130016.9811,129248.0828,768.8983,0.0000,5.45794,90652.4
8756,130016.9811,129248.0828,768.8983,0.0000,5.45794,90662.8
8757,130016.9811,129248.0828,768.8983,0.0000,5.45794,90673.5
8758,130016.9811,129248.0828,768.8983,0.0000,5.45794,90684.4
8759,130016.9811,129248.0828,768.8983,0.0000,5.45794,90695.0
8760,130016.9811,129248.0828,768.8983,0.0000,5.45794,90705.7
8761,130016.9811,129248.0828,768.8983,0.0000,5.45794,90716.4
8762,130016.9811,129248.0828,768.8983,0.0000,5.45794,90727.0
8763,130016.9811,129248.0828,768.8983,0.0000,5.45794,90737.7
8764,130016.9811,129248.0828,768.8983,0.0000,5.45794,90748.2
8765,130016.9811,129248.0828,768.8983,0.0000,5.45794,90758.8
8766,130016.9811,129248.0828,768.8983,0.0000,5.45794,90769.7
8767,130016.9811,129248.0828,768.8983,0.0185,5.45433,90780.5
8768,130016.9811,129248.0828,768.8983,0.0000,5.45433,90791.0
8769,130016.9811,129248.0828,768.8983,0.0000,5.45433,90801.7
8770,130016.9811,129248.0828,768.8983,0.0000,5.45433,90812.8
8771,130016.9811,129248.0828,768.8983,0.0000,5.45433,90823.3
8772,130016.9811,129248.0828,768.8983,0.0000,5.45433,90834.3
8773,130016.9811,129248.0828,768.8983,0.0000,5.45433,90845.5
8774,130016.9811,129248.0828,768.8983,0.0000,5.45433,90855.9
8775,130016.9811,129248.0828,768.8983,0.0000,5.45433,90866.6
8776,130016.9811,129248.0828,768.8983,0.0000,5.45433,90877.5
8777,130016.9811,129248.0828,768.8983,0.0000,5.45433,90888.3
8778,130016.9811,129248.0828,768.8983,0.0000,5.45433,90898.8
8779,130016.9811,129248.0828,768.8983,0.0000,5.45433,90909.4
8780,130016.9811,129248.0828,768.8983,0.0000,5.45433,90919.8
8781,130016.9811,129248.0828,768.8983,0.0000,5.45433,90930.6
8782,130016.9811,129248.0828,768.8983,0.0000,5.45433,90941.6
8783,130016.9811,129248.0828,768.8983,0.0000,5.45433,90952.9
8784,130016.9811,129248.0828,768.8983,0.0000,5.45433,90963.4
8785,130016.9811,129248.0828,768.8983,0.0000,5.45433,90974.2
8786,130016.9811,129248.0828,768.8983,0.0000,5.45433,90984.8
8787,130016.9811,129248.0828,768.8983,0.0000,5.45433,90995.6
8788,130016.9811,129248.0828,768.8983,0.0000,5.45433,91005.9
8789,130016.9811,129248.0828,768.8983,0.0000,5.45433,91016.7
8790,130016.9811,129248.0828,768.8983,0.0185,5.45824,91027.1
8791,130016.9811,129248.0828,768.8983,0.0000,5.45824,91038.0
8792,130016.9811,129248.0828,768.8983,0.0000,5.45824,91048.9
8793,130016.9811,129248.0828,768.8983,0.0000,5.45824,91059.4
8794,130016.9811,129248.0828,768.8983,0.0000,5.45824,91070.5
8795,130016.9811,129248.0828,768.8983,0.0000,5.45824,91081.3
8796,130016.9811,129248.0828,768.8983,0.0000,5.45824,91091.8
8797,130016.9811,129248.0828,768.8983,0.0000,5.45824,91102.9
8798,130016.9811,129248.0828,768.8983,0.0000,5.45824,91113.3
8799,130016.9811,129248.0828,768.8983,0.0000,5.45824,91124.2
8800,130016.9811,129248.0828,768.8983,0.0000,5.45824,91135.1
8801,130024.5810,129248.0828,776.4982,0.0185,5.4547,91145.8
8802,130024.5810,129248.0828,776.4982,0.0000,5.4547,91156.9
8803,130024.5810,129248.0828,776.4982,0.0000,5.4547,91167.5
8804,130032.4881,129248.0828,784.4052,0.0185,5.44992,91178.1
8805,130032.4881,129248.0828,784.4052,0.0000,5.44992,91188.8
8806,130032.4881,129248.0828,784.4052,0.0000,5.44992,91199.6
8807,130032.4881,129248.0828,784.4052,0.0000,5.44992,91210.3
8808,130032.4881,129248.0828,784.4052,0.0000,5.44992,91221.0
8809,130032.4881,129248.0828,784.4052,0.0000,5.44992,91231.8
8810,130032.4881,129248.0828,784.4052,0.0000,5.44992,91243.0
8811,130032.4881,129248.0828,784.4052,0.0000,5.44992,91253.7
8812,130032.4881,129248.0828,784.4052,0.0000,5.44992,91264.4
8813,130032.4881,129248.0828,784.4052,0.0000,5.44992,91274.8
8814,130032.4881,129248.0828,784.4052,0.0000,5.44992,91285.4
8815,130032.4881,129248.0828,784.4052,0.0000,5.44992,91296.0
8816,130032.4881,129248.0828,784.4052,0.0185,5.45978,91306.6
8817,130032.4881,129248.0828,784.4052,0.0000,5.45978,91317.3
8818,130032.4881,129248.0828,784.4052,0.0000,5.45978,91327.7
8819,130032.4881,129248.0828,784.4052,0.0000,5.45978,91338.5
8820,130032.4881,129248.0828,784.4052,0.0000,5.45978,91348.9
8821,130032.4881,129248.0828,784.4052,0.0000,5.45978,91359.5
8822,130032.4881,129248.0828,784.4052,0.0000,5.45978,91370.3
8823,130032.4881,129248.0828,784.4052,0.0000,5.45978,91381.3
8824,130032.4881,129248.0828,784.4052,0.0000,5.45978,91392.0
8825,130032.4881,129248.0828,784.4052,0.0000,5.45978,91403.1
8826,130032.4881,129248.0828,784.4052,0.0000,5.45978,91413.6
8827,130032.4881,129248.0828,784.4052,0.0000,5.45978,91424.4
8828,130032.4881,129248.0828,784.4052,0.0000,5.45978,91434.9
8829,130032.4881,129248.0828,784.4052,0.0000,5.45978,91445.5
8830,130032.4881,129248.0828,784.4052,0.0000,5.45978,91456.0
8831,130032.4881,129248.0828,784.4052,0.0000,5.45978,91466.6
8832,130032.4881,129248.0828,784.4052,0.0000,5.45978,91477.1
8833,130032.4881,129248.0828,784.4052,0.0000,5.45978,91487.8
8834,130032.4881,129248.0828,784.4052,0.0000,5.45978,91498.8
8835,130032.4881,129248.0828,784.4052,0.0000,5.45978,91509.8
8836,130032.4881,129248.0828,784.4052,0.0000,5.45978,91520.6
8837,130032.4881,129248.0828,784.4052,0.0000,5.45978,91530.8
8838,130032.4881,129248.0828,784.4052,0.0185,5.47919,91541.4
8839,130032.4881,129248.0828,784.4052,0.0000,5.47919,91552.2
8840,130032.4881,129248.0828,784.4052,0.0000,5.47919,91562.7
8841,130032.4881,129248.0828,784.4052,0.0000,5.47919,91573.2
8842,130032.4881,129248.0828,784.4052,0.0000,5.47919,91583.8
8843,130032.4881,129248.0828,784.4052,0.0000,5.47919,91594.4
8844,130032.4881,129248.0828,784.4052,0.0000,5.47919,91605.0
8845,130032.4881,129248.0828,784.4052,0.0185,5.47089,91615.6
8846,130032.4881,129248.0828,784.4052,0.0000,5.47089,91626.5
8847,130032.4881,129248.0828,784.4052,0.0000,5.47089,91637.5
8848,130032.4881,129248.0828,784.4052,0.0000,5.47089,91648.3
8849,130032.4881,129248.0828,784.4052,0.0000,5.47089,91658.5
8850,130032.4881,129248.0828,784.4052,0.0000,5.47089,91669.1
8851,130032.4881,129248.0828,784.4052,0.0000,5.47089,91679.8
8852,130032.4881,129248.0828,784.4052,0.0000,5.47089,91690.4
8853,130032.4881,129248.0828,784.4052,0.0000,5.47089,91701.1
8854,130032.4881,129248.0828,784.4052,0.0000,5.47089,91711.9
8855,130032.4881,129248.0828,784.4052,0.0000,5.47089,91722.9
8856,130032.4881,129248.0828,784.4052,0.0000,5.47089,91733.4
8857,130032.4881,129248.0828,784.4052,0.0000,5.47089,91743.9
8858,130032.4881,129248.0828,784.4052,0.0000,5.47089,91754.5
8859,130032.4881,129248.0828,784.4052,0.0000,5.47089,91764.9
8860,130032.4881,129248.0828,784.4052,0.0000,5.47089,91775.7
8861,130032.4881,129248.0828,784.4052,0.0000,5.47089,91786.2
8862,130032.4881,129248.0828,784.4052,0.0000,5.47089,91796.7
8863,130032.4881,129248.0828,784.4052,0.0000,5.47089,91807.3
8864,130032.4881,129248.0828,784.4052,0.0000,5.47089,91818.0
8865,130032.4881,129248.0828,784.4052,0.0000,5.47089,91828.5
8866,130032.4881,129248.0828,784.4052,0.0000,5.47089,91839.2
8867,130032.4881,129248.0828,784.4052,0.0000,5.47089,91849.9
8868,130032.4881,129248.0828,784.4052,0.0000,5.47089,91860.6
8869,130032.4881,129248.0828,784.4052,0.0000,5.47089,91871.2
8870,130032.4881,129248.0828,784.4052,0.0000,5.47089,91881.4
8871,130032.4881,129248.0828,784.4052,0.0000,5.47089,91891.9
8872,130032.4881,129248.0828,784.4052,0.0000,5.47089,91902.5
8873,130032.4881,129248.0828,784.4052,0.0000,5.47089,91913.6
8874,130032.4881,129248.0828,784.4052,0.0000,5.47089,91924.4
8875,130032.4881,129248.0828,784.4052,0.0000,5.47089,91934.9
8876,130032.4881,129248.0828,784.4052,0.0000,5.47089,91945.7
8877,130032.4881,129248.0828,784.4052,0.0000,5.47089,91956.2
8878,130032.4881,129248.0828,784.4052,0.0000,5.47089,91967.1
8879,130032.4881,129248.0828,784.4052,0.0000,5.47089,91978.0
8880,130032.4881,129248.0828,784.4052,0.0000,5.47089,91988.5
8881,130032.4881,129248.0828,784.4052,0.0000,5.47089,91999.5
8882,130032.4881,129248.0828,784.4052,0.0000,5.47089,92010.6
8883,130032.4881,129248.0828,784.4052,0.0000,5.47089,92021.0
8884,130032.4881,129248.0828,784.4052,0.0000,5.47089,92031.4
8885,130032.4881,129248.0828,784.4052,0.0000,5.47089,92042.2
8886,130032.4881,129248.0828,784.4052,0.0000,5.47089,92052.9
8887,130032.4881,129248.0828,784.4052,0.0000,5.47089,92063.5
8888,130032.4881,129248.0828,784.4052,0.0000,5.47089,92074.2
8889,130032.4881,129248.0828,784.4052,0.0000,5.47089,92085.0
8890,130032.4881,129248.0828,784.4052,0.0000,5.47089,92096.0
8891,130032.4881,129248.0828,784.4052,0.0000,5.47089,92106.2
8892,130032.4881,129248.0828,784.4052,0.0000,5.47089,92116.8
8893,130032.4881,129248.0828,784.4052,0.0000,5.47089,92127.3
8894,130032.4881,129248.0828,784.4052,0.0000,5.47089,92138.2
8895,130032.4881,129248.0828,784.4052,0.0000,5.47089,92148.6
8896,130032.4881,129248.0828,784.4052,0.0000,5.47089,92159.4
8897,130032.4881,129248.0828,784.4052,0.0000,5.47089,92170.2
8898,130032.4881,129248.0828,784.4052,0.0000,5.47089,92180.6
8899,130032.4881,129248.0828,784.4052,0.0000,5.47089,92191.4
8900,130032.4881,129248.0828,784.4052,0.0000,5.47089,92202.4
8901,130032.4881,129248.0828,784.4052,0.0000,5.47089,92212.9
8902,130032.4881,129248.0828,784.4052,0.0000,5.47089,92223.8
8903,130032.4881,129248.0828,784.4052,0.0000,5.47089,92234.9
8904,130032.4881,129248.0828,784.4052,0.0000,5.47089,92245.7
8905,130032.4881,129248.0828,784.4052,0.0000,5.47089,92256.5
8906,130032.4881,129248.0828,784.4052,0.0000,5.47089,92267.2
8907,130032.4881,129248.0828,784.4052,0.0000,5.47089,92277.7
8908,130032.4881,129248.0828,784.4052,0.0000,5.47089,92288.1
8909,130032.4881,129248.0828,784.4052,0.0000,5.47089,92298.9
8910,130032.4881,129248.0828,784.4052,0.0000,5.47089,92309.6
8911,130032.4881,129248.0828,784.4052,0.0000,5.47089,92320.2
8912,130032.4881,129248.0828,784.4052,0.0000,5.47089,92330.4
8913,130032.4881,129248.0828,784.4052,0.0000,5.47089,92340.8
8914,130032.4881,129248.0828,784.4052,0.0000,5.47089,92352.1
8915,130032.4881,129248.0828,784.4052,0.0000,5.47089,92362.7
8916,130032.4881,129248.0828,784.4052,0.0000,5.47089,92373.4
8917,130032.4881,129248.0828,784.4052,0.0185,5.39039,92383.9
8918,130032.4881,129248.0828,784.4052,0.0000,5.39039,92394.8
8919,130032.4881,129248.0828,784.4052,0.0000,5.39039,92405.9
8920,130032.4881,129248.0828,784.4052,0.0000,5.39039,92416.5
8921,130032.4881,129248.0828,784.4052,0.0000,5.39039,92427.3
8922,130032.4881,129248.0828,784.4052,0.0000,5.39039,92437.9
8923,130032.4881,129248.0828,784.4052,0.0000,5.39039,92448.4
8924,130032.4881,129248.0828,784.4052,0.0000,5.39039,92459.0
8925,130032.4881,129248.0828,784.4052,0.0000,5.39039,92469.3
8926,130032.4881,129248.0828,784.4052,0.0000,5.39039,92480.0
8927,130032.4881,129248.0828,784.4052,0.0000,5.39039,92490.5
8928,130032.4881,129248.0828,784.4052,0.0000,5.39039,92501.0
8929,130032.4881,129248.0828,784.4052,0.0000,5.39039,92511.4
8930,130032.4881,129248.0828,784.4052,0.0000,5.39039,92522.1
8931,130032.4881,129248.0828,784.4052,0.0000,5.39039,92533.0
8932,130032.4881,129248.0828,784.4052,0.0000,5.39039,92543.9
8933,130032.4881,129248.0828,784.4052,0.0000,5.39039,92554.3
8934,130032.4881,129248.0828,784.4052,0.0000,5.39039,92564.7
8935,130032.4881,129248.0828,784.4052,0.0000,5.39039,92575.4
8936,130032.4881,129248.0828,784.4052,0.0000,5.39039,92586.0
8937,130032.4881,129248.0828,784.4052,0.0000,5.39039,92597.0
8938,130032.4881,129248.0828,784.4052,0.0000,5.39039,92607.8
8939,130032.4881,129248.0828,784.4052,0.0000,5.39039,92618.6
8940,130032.4881,129248.0828,784.4052,0.0000,5.39039,92629.5
8941,130032.4881,129248.0828,784.4052,0.0000,5.39039,92639.7
8942,130032.4881,129248.0828,784.4052,0.0000,5.39039,92650.4
8943,130032.4881,129248.0828,784.4052,0.0000,5.39039,92661.3
8944,130032.4881,129248.0828,784.4052,0.0000,5.39039,92671.9
8945,130032.4881,129248.0828,784.4052,0.0000,5.39039,92682.6
8946,130032.4881,129248.0828,784.4052,0.0000,5.39039,92693.5
8947,130032.4881,129248.0828,784.4052,0.0000,5.39039,92704.6
8948,130032.4881,129248.0828,784.4052,0.0000,5.39039,92715.2
8949,130032.4881,129248.0828,784.4052,0.0000,5.39039,92725.8
8950,130032.4881,129248.0828,784.4052,0.0000,5.39039,92736.3
8951,130032.4881,129248.0828,784.4052,0.0000,5.39039,92747.3
8952,130032.4881,129248.0828,784.4052,0.0000,5.39039,92758.0
8953,130032.4881,129248.0828,784.4052,0.0000,5.39039,92768.7
8954,130032.4881,129248.0828,784.4052,0.0185,5.31252,92779.2
8955,130032.4881,129248.0828,784.4052,0.0000,5.31252,92790.3
8956,130032.4881,129248.0828,784.4052,0.0000,5.31252,92801.1
8957,130032.4881,129248.0828,784.4052,0.0000,5.31252,92811.7
8958,130032.4881,129248.0828,784.4052,0.0000,5.31252,92822.2
8959,130032.4881,129248.0828,784.4052,0.0185,5.33583,92833.2
8960,130032.4881,129248.0828,784.4052,0.0000,5.33583,92843.8
8961,130032.4881,129248.0828,784.4052,0.0000,5.33583,92854.4
8962,130032.4881,129248.0828,784.4052,0.0000,5.33583,92865.2
8963,130032.4881,129248.0828,784.4052,0.0000,5.33583,92875.8
8964,130032.4881,129248.0828,784.4052,0.0000,5.33583,92886.2
8965,130032.4881,129248.0828,784.4052,0.0000,5.33583,92896.9
8966,130032.4881,129248.0828,784.4052,0.0000,5.33583,92907.9
8967,130032.4881,129248.0828,784.4052,0.0000,5.33583,92919.3
8968,130032.4881,129248.0828,784.4052,0.0000,5.33583,92930.3
8969,130032.4881,129248.0828,784.4052,0.0000,5.33583,92940.9
8970,130032.4881,129248.0828,784.4052,0.0000,5.33583,92951.5
8971,130032.4881,129248.0828,784.4052,0.0000,5.33583,92962.3
8972,130032.4881,129248.0828,784.4052,0.0000,5.33583,92973.0
8973,130032.4881,129248.0828,784.4052,0.0000,5.33583,92983.4
8974,130032.4881,129248.0828,784.4052,0.0000,5.33583,92993.9
8975,130032.4881,129248.0828,784.4052,0.0000,5.33583,93004.8
8976,130032.4881,129248.0828,784.4052,0.0000,5.33583,93015.2
8977,130032.4881,129248.0828,784.4052,0.0000,5.33583,93025.8
8978,130032.4881,129248.0828,784.4052,0.0000,5.33583,93036.5
8979,130032.4881,129248.0828,784.4052,0.0000,5.33583,93047.1
8980,130032.4881,129248.0828,784.4052,0.0000,5.33583,93058.1
8981,130032.4881,129248.0828,784.4052,0.0185,5.32543,93068.4
8982,130032.4881,129248.0828,784.4052,0.0000,5.32543,93079.5
8983,130032.4881,129248.0828,784.4052,0.0000,5.32543,93090.0
8984,130032.4881,129248.0828,784.4052,0.0000,5.32543,93100.6
8985,130032.4881,129248.0828,784.4052,0.0000,5.32543,93111.7
8986,130032.4881,129248.0828,784.4052,0.0000,5.32543,93122.2
8987,130032.4881,129248.0828,784.4052,0.0000,5.32543,93132.9
8988,130032.4881,129248.0828,784.4052,0.0000,5.32543,93143.5
8989,130032.4881,129248.0828,784.4052,0.0000,5.32543,93154.1
8990,130032.4881,129248.0828,784.4052,0.0000,5.32543,93164.8
8991,130032.4881,129248.0828,784.4052,0.0000,5.32543,93175.6
8992,130032.4881,129248.0828,784.4052,0.0000,5.32543,93186.6
8993,130032.4881,129248.0828,784.4052,0.0000,5.32543,93197.6
8994,130032.4881,129248.0828,784.4052,0.0000,5.32543,93208.3
8995,130032.4881,129248.0828,784.4052,0.0000,5.32543,93219.4
8996,130032.4881,129248.0828,784.4052,0.0000,5.32543,93230.1
8997,130032.4881,129248.0828,784.4052,0.0000,5.32543,93240.8
8998,130032.4881,129248.0828,784.4052,0.0000,5.32543,93251.6
8999,130032.4881,129248.0828,784.4052,0.0000,5.32543,93262.1
9000,130032.4881,129248.0828,784.4052,0.0000,5.32543,93273.0
9001,130032.4881,129248.0828,784.4052,0.0185,5.32112,93283.7
9002,130032.4881,129248.0828,784.4052,0.0000,5.32112,93294.1
9003,130032.4881,129248.0828,784.4052,0.0185,5.3359,93304.5
9004,130032.4881,129248.0828,784.4052,0.0000,5.3359,93315.8
9005,130032.4881,129248.0828,784.4052,0.0000,5.3359,93326.9
9006,130032.4881,129248.0828,784.4052,0.0000,5.3359,93337.7
9007,130032.4881,129248.0828,784.4052,0.0000,5.3359,93348.0
9008,130032.4881,129248.0828,784.4052,0.0000,5.3359,93358.7
9009,130032.4881,129248.0828,784.4052,0.0000,5.3359,93369.4
9010,130032.4881,129248.0828,784.4052,0.0000,5.3359,93380.2
9011,130032.4881,129248.0828,784.4052,0.0185,5.25282,93391.3
9012,130032.4881,129248.0828,784.4052,0.0000,5.25282,93401.9
9013,130032.4881,129248.0828,784.4052,0.0000,5.25282,93412.8
9014,130032.4881,129248.0828,784.4052,0.0000,5.25282,93423.4
9015,130032.4881,129248.0828,784.4052,0.0000,5.25282,93434.3
9016,130032.4881,129248.0828,784.4052,0.0000,5.25282,93445.0
9017,130032.4881,129248.0828,784.4052,0.0000,5.25282,93455.7
9018,130032.4881,129248.0828,784.4052,0.0000,5.25282,93466.5
9019,130032.4881,129248.0828,784.4052,0.0000,5.25282,93477.3
9020,130032.4881,129248.0828,784.4052,0.0000,5.25282,93488.3
9021,130032.4881,129248.0828,784.4052,0.0000,5.25282,93498.8
9022,130032.4881,129248.0828,784.4052,0.0000,5.25282,93509.4
9023,130032.4881,129248.0828,784.4052,0.0000,5.25282,93520.1
9024,130032.4881,129248.0828,784.4052,0.0000,5.25282,93531.1
9025,130032.4881,129248.0828,784.4052,0.0000,5.25282,93541.6
9026,130032.4881,129248.0828,784.4052,0.0000,5.25282,93552.0
9027,130032.4881,129248.0828,784.4052,0.0000,5.25282,93562.7
9028,130032.4881,129248.0828,784.4052,0.0000,5.25282,93573.5
9029,130032.4881,129248.0828,784.4052,0.0000,5.25282,93584.2
9030,130032.4881,129248.0828,784.4052,0.0000,5.25282,93594.9
9031,130032.4881,129248.0828,784.4052,0.0000,5.25282,93605.5
9032,130032.4881,129248.0828,784.4052,0.0000,5.25282,93616.6
9033,130032.4881,129248.0828,784.4052,0.0000,5.25282,93627.4
9034,130032.4881,129248.0828,784.4052,0.0000,5.25282,93637.9
9035,130032.4881,129248.0828,784.4052,0.0000,5.25282,93648.8
9036,130032.4881,129248.0828,784.4052,0.0000,5.25282,93659.4
9037,130032.4881,129248.0828,784.4052,0.0000,5.25282,93670.1
9038,130032.4881,129248.0828,784.4052,0.0000,5.25282,93681.1
9039,130032.4881,129248.0828,784.4052,0.0000,5.25282,93691.9
9040,130032.4881,129248.0828,784.4052,0.0000,5.25282,93702.1
9041,130032.4881,129248.0828,784.4052,0.0000,5.25282,93713.1
9042,130032.4881,129248.0828,784.4052,0.0000,5.25282,93723.8
9043,130032.4881,129248.0828,784.4052,0.0000,5.25282,93734.3
9044,130032.4881,129248.0828,784.4052,0.0000,5.25282,93744.9
9045,130032.4881,129248.0828,784.4052,0.0185,5.25128,93755.8
9046,130032.4881,129248.0828,784.4052,0.0000,5.25128,93766.4
9047,130032.4881,129248.0828,784.4052,0.0000,5.25128,93777.2
9048,130032.4881,129248.0828,784.4052,0.0000,5.25128,93787.7
9049,130032.4881,129248.0828,784.4052,0.0000,5.25128,93798.4
9050,130032.4881,129248.0828,784.4052,0.0000,5.25128,93809.4
9051,130032.4881,129248.0828,784.4052,0.0000,5.25128,93819.8
9052,130032.4881,129248.0828,784.4052,0.0000,5.25128,93830.3
9053,130032.4881,129248.0828,784.4052,0.0000,5.25128,93841.0
9054,130032.4881,129248.0828,784.4052,0.0000,5.25128,93851.8
9055,130032.4881,129248.0828,784.4052,0.0000,5.25128,93862.2
9056,130032.4881,129248.0828,784.4052,0.0000,5.25128,93873.3
9057,130032.4881,129248.0828,784.4052,0.0000,5.25128,93883.8
9058,130032.4881,129248.0828,784.4052,0.0000,5.25128,93894.6
9059,130032.4881,129248.0828,784.4052,0.0000,5.25128,93905.6
9060,130032.4881,129248.0828,784.4052,0.0000,5.25128,93916.1
9061,130032.4881,129248.0828,784.4052,0.0000,5.25128,93926.6
9062,130032.4881,129248.0828,784.4052,0.0185,5.27782,93937.6
9063,130032.4881,129248.0828,784.4052,0.0000,5.27782,93948.5
9064,130032.4881,129248.0828,784.4052,0.0000,5.27782,93959.2
9065,130032.4881,129248.0828,784.4052,0.0000,5.27782,93970.0
9066,130032.4881,129248.0828,784.4052,0.0000,5.27782,93980.7
9067,130032.4881,129248.0828,784.4052,0.0000,5.27782,93991.5
9068,130032.4881,129248.0828,784.4052,0.0000,5.27782,94002.1
9069,130032.4881,129248.0828,784.4052,0.0000,5.27782,94012.7
9070,130032.4881,129248.0828,784.4052,0.0000,5.27782,94023.3
9071,130032.4881,129248.0828,784.4052,0.0000,5.27782,94034.1
9072,130032.4881,129248.0828,784.4052,0.0000,5.27782,94044.5
9073,130032.4881,129248.0828,784.4052,0.0000,5.27782,94055.0
9074,130032.4881,129248.0828,784.4052,0.0000,5.27782,94066.5
9075,130032.4881,129248.0828,784.4052,0.0000,5.27782,94077.4
9076,130032.4881,129248.0828,784.4052,0.0000,5.27782,94088.2
9077,130032.4881,129248.0828,784.4052,0.0000,5.27782,94099.2
9078,130032.4881,129248.0828,784.4052,0.0185,5.28037,94109.8
9079,130032.4881,129248.0828,784.4052,0.0000,5.28037,94120.7
9080,130032.4881,129248.0828,784.4052,0.0000,5.28037,94131.7
9081,130032.4881,129248.0828,784.4052,0.0185,5.27723,94142.1
9082,130032.4881,129248.0828,784.4052,0.0000,5.27723,94152.6
9083,130032.4881,129248.0828,784.4052,0.0000,5.27723,94163.6
9084,130032.4881,129265.5162,766.9719,0.0185,5.27315,94174.1
9085,130032.4881,129265.5162,766.9719,0.0000,5.27315,94184.6
9086,130032.4881,129265.5162,766.9719,0.0000,5.27315,94195.5
9087,130032.4881,129265.5162,766.9719,0.0000,5.27315,94206.2
9088,130032.4881,129265.5162,766.9719,0.0185,5.27159,94216.8
9089,130032.4881,129265.5162,766.9719,0.0000,5.27159,94227.5
9090,130032.4881,129265.5162,766.9719,0.0000,5.27159,94238.5
9091,130032.4881,129265.5162,766.9719,0.0000,5.27159,94249.2
9092,130032.4881,129265.5162,766.9719,0.0000,5.27159,94260.0
9093,130032.4881,129265.5162,766.9719,0.0185,5.25444,94270.9
9094,130032.4881,129265.5162,766.9719,0.0000,5.25444,94281.3
9095,130032.4881,129265.5162,766.9719,0.0185,5.24568,94292.5
9096,130032.4881,129265.5162,766.9719,0.0000,5.24568,94302.9
9097,130032.4881,129265.5162,766.9719,0.0000,5.24568,94313.5
9098,130032.4881,129265.5162,766.9719,0.0000,5.24568,94324.3
9099,130032.4881,129265.5162,766.9719,0.0000,5.24568,94335.0
9100,130032.4881,129265.5162,766.9719,0.0000,5.24568,94346.0
9101,130032.4881,129265.5162,766.9719,0.0000,5.24568,94356.6
9102,130032.4881,129265.5162,766.9719,0.0000,5.24568,94367.2
9103,130032.4881,129265.5162,766.9719,0.0000,5.24568,94378.2
9104,130032.4881,129265.5162,766.9719,0.0000,5.24568,94388.7
9105,130032.4881,129265.5162,766.9719,0.0000,5.24568,94399.3
9106,130032.4881,129265.5162,766.9719,0.0000,5.24568,94409.8
9107,130032.4881,129265.5162,766.9719,0.0185,5.21477,94420.7
9108,130032.4881,129265.5162,766.9719,0.0000,5.21477,94431.7
9109,130032.4881,129265.5162,766.9719,0.0000,5.21477,94442.6
9110,130032.4881,129265.5162,766.9719,0.0000,5.21477,94453.0
9111,130032.4881,129265.5162,766.9719,0.0185,5.17725,94463.8
9112,130032.4881,129265.5162,766.9719,0.0000,5.17725,94474.7
9113,130032.4881,129265.5162,766.9719,0.0000,5.17725,94485.1
9114,130032.4881,129265.5162,766.9719,0.0000,5.17725,94496.1
9115,130032.4881,129265.5162,766.9719,0.0000,5.17725,94506.8
9116,130032.4881,129265.5162,766.9719,0.0000,5.17725,94517.1
9117,130032.4881,129265.5162,766.9719,0.0000,5.17725,94527.8
9118,130032.4881,129265.5162,766.9719,0.0000,5.17725,94538.6
9119,130032.4881,129265.5162,766.9719,0.0000,5.17725,94549.5
9120,130032.4881,129265.5162,766.9719,0.0000,5.17725,94560.1
9121,130032.4881,129265.5162,766.9719,0.0000,5.17725,94570.9
9122,130032.4881,129265.5162,766.9719,0.0000,5.17725,94581.5
9123,130032.4881,129265.5162,766.9719,0.0000,5.17725,94592.1
9124,130032.4881,129265.5162,766.9719,0.0000,5.17725,94602.5
9125,130032.4881,129265.5162,766.9719,0.0000,5.17725,94612.8
9126,130032.4881,129265.5162,766.9719,0.0000,5.17725,94623.8
9127,130032.4881,129265.5162,766.9719,0.0000,5.17725,94634.2
9128,130032.4881,129265.5162,766.9719,0.0000,5.17725,94645.1
9129,130032.4881,129265.5162,766.9719,0.0000,5.17725,94656.2
9130,130032.4881,129265.5162,766.9719,0.0000,5.17725,94666.8
9131,130032.4881,129265.5162,766.9719,0.0000,5.17725,94677.5
9132,130032.4881,129265.5162,766.9719,0.0000,5.17725,94688.6
9133,130032.4881,129265.5162,766.9719,0.0000,5.17725,94700.0
9134,130032.4881,129265.5162,766.9719,0.0000,5.17725,94710.2
9135,130032.4881,129265.5162,766.9719,0.0000,5.17725,94721.4
9136,130032.4881,129265.5162,766.9719,0.0000,5.17725,94732.1
9137,130032.4881,129265.5162,766.9719,0.0000,5.17725,94742.7
9138,130032.4881,129265.5162,766.9719,0.0000,5.17725,94753.1
9139,130032.4881,129265.5162,766.9719,0.0000,5.17725,94764.2
9140,130032.4881,129265.5162,766.9719,0.0000,5.17725,94775.1
9141,130032.4881,129265.5162,766.9719,0.0000,5.17725,94785.9
9142,130032.4881,129265.5162,766.9719,0.0000,5.17725,94796.9
9143,130032.4881,129265.5162,766.9719,0.0000,5.17725,94807.7
9144,130032.4881,129265.5162,766.9719,0.0000,5.17725,94818.5
9145,130032.4881,129265.5162,766.9719,0.0000,5.17725,94829.5
9146,130032.4881,129265.5162,766.9719,0.0000,5.17725,94840.6
9147,130032.4881,129265.5162,766.9719,0.0000,5.17725,94851.4
9148,130032.4881,129265.5162,766.9719,0.0000,5.17725,94862.0
9149,130032.4881,129265.5162,766.9719,0.0000,5.17725,94872.8
9150,130032.4881,129265.5162,766.9719,0.0000,5.17725,94883.8
9151,130032.4881,129265.5162,766.9719,0.0000,5.17725,94894.3
9152,130032.4881,129265.5162,766.9719,0.0000,5.17725,94904.8
9153,130032.4881,129265.5162,766.9719,0.0000,5.17725,94915.6
9154,130032.4881,129265.5162,766.9719,0.0000,5.17725,94926.0
9155,130032.4881,129265.5162,766.9719,0.0185,5.17158,94936.9
9156,130032.4881,129265.5162,766.9719,0.0000,5.17158,94947.8
9157,130032.4881,129265.5162,766.9719,0.0000,5.17158,94958.5
9158,130032.4881,129265.5162,766.9719,0.0000,5.17158,94969.5
9159,130032.4881,129265.5162,766.9719,0.0000,5.17158,94980.1
9160,130032.4881,129265.5162,766.9719,0.0000,5.17158,94991.3
9161,130032.4881,129265.5162,766.9719,0.0000,5.17158,95002.0
9162,130032.4881,129265.5162,766.9719,0.0000,5.17158,95012.5
9163,130032.4881,129265.5162,766.9719,0.0000,5.17158,95023.3
9164,130032.4881,129265.5162,766.9719,0.0000,5.17158,95034.2
9165,130032.4881,129265.5162,766.9719,0.0000,5.17158,95044.4
9166,130032.4881,129265.5162,766.9719,0.0000,5.17158,95055.1
9167,130032.4881,129265.5162,766.9719,0.0000,5.17158,95066.4
9168,130032.4881,129265.5162,766.9719,0.0000,5.17158,95077.3
9169,130032.4881,129265.5162,766.9719,0.0000,5.17158,95088.2
9170,130032.4881,129265.5162,766.9719,0.0000,5.17158,95098.8
9171,130032.4881,129265.5162,766.9719,0.0000,5.17158,95109.9
9172,130032.4881,129265.5162,766.9719,0.0000,5.17158,95120.5
9173,130032.4881,129265.5162,766.9719,0.0000,5.17158,95131.2
9174,130032.4881,129265.5162,766.9719,0.0000,5.17158,95141.9
9175,130032.4881,129265.5162,766.9719,0.0000,5.17158,95152.7
9176,130032.4881,129265.5162,766.9719,0.0000,5.17158,95163.8
9177,130032.4881,129265.5162,766.9719,0.0000,5.17158,95174.2
9178,130032.4881,129265.5162,766.9719,0.0000,5.17158,95185.0
9179,130032.4881,129265.5162,766.9719,0.0000,5.17158,95196.1
9180,130032.4881,129265.5162,766.9719,0.0185,5.16962,95206.6
9181,130032.4881,129265.5162,766.9719,0.0000,5.16962,95217.4
9182,130032.4881,129265.5162,766.9719,0.0000,5.16962,95228.2
9183,130032.4881,129265.5162,766.9719,0.0000,5.16962,95238.8
9184,130032.4881,129265.5162,766.9719,0.0000,5.16962,95249.6
9185,130032.4881,129265.5162,766.9719,0.0000,5.16962,95260.6
9186,130032.4881,129265.5162,766.9719,0.0000,5.16962,95271.2
9187,130032.4881,129265.5162,766.9719,0.0000,5.16962,95281.9
9188,130032.4881,129265.5162,766.9719,0.0000,5.16962,95292.7
9189,130032.4881,129265.5162,766.9719,0.0000,5.16962,95303.5
9190,130032.4881,129265.5162,766.9719,0.0185,5.12372,95314.3
9191,130032.4881,129265.5162,766.9719,0.0000,5.12372,95325.0
9192,130032.4881,129265.5162,766.9719,0.0000,5.12372,95335.7
9193,130032.4881,129265.5162,766.9719,0.0000,5.12372,95346.6
9194,130032.4881,129265.5162,766.9719,0.0000,5.12372,95357.1
9195,130032.4881,129265.5162,766.9719,0.0000,5.12372,95368.0
9196,130032.4881,129265.5162,766.9719,0.0000,5.12372,95378.9
9197,130032.4881,129265.5162,766.9719,0.0000,5.12372,95389.6
9198,130032.4881,129265.5162,766.9719,0.0000,5.12372,95400.3
9199,130032.4881,129265.5162,766.9719,0.0000,5.12372,95411.0
9200,130032.4881,129265.5162,766.9719,0.0000,5.12372,95421.7
9201,130032.4881,129265.5162,766.9719,0.0185,5.20109,95432.4
9202,130032.4881,129265.5162,766.9719,0.0000,5.20109,95443.0
9203,130032.4881,129265.5162,766.9719,0.0000,5.20109,95453.7
9204,130032.4881,129265.5162,766.9719,0.0000,5.20109,95464.5
9205,130032.4881,129265.5162,766.9719,0.0000,5.20109,95474.9
9206,130032.4881,129265.5162,766.9719,0.0000,5.20109,95485.6
9207,130032.4881,129265.5162,766.9719,0.0000,5.20109,95496.7
9208,130032.4881,129265.5162,766.9719,0.0000,5.20109,95507.3
9209,130032.4881,129265.5162,766.9719,0.0000,5.20109,95517.8
9210,130032.4881,129265.5162,766.9719,0.0000,5.20109,95528.2
9211,130032.4881,129265.5162,766.9719,0.0000,5.20109,95538.6
9212,130032.4881,129265.5162,766.9719,0.0000,5.20109,95549.4
9213,130032.4881,129265.5162,766.9719,0.0000,5.20109,95560.0
9214,130032.4881,129265.5162,766.9719,0.0000,5.20109,95570.8
9215,130032.4881,129265.5162,766.9719,0.0000,5.20109,95581.5
9216,130032.4881,129265.5162,766.9719,0.0000,5.20109,95592.3
9217,130032.4881,129265.5162,766.9719,0.0000,5.20109,95602.8
9218,130032.4881,129265.5162,766.9719,0.0000,5.20109,95613.4
9219,130032.4881,129265.5162,766.9719,0.0185,5.19882,95624.0
9220,130032.4881,129265.5162,766.9719,0.0000,5.19882,95634.6
9221,130032.4881,129265.5162,766.9719,0.0000,5.19882,95645.4
9222,130032.4881,129265.5162,766.9719,0.0000,5.19882,95656.4
9223,130032.4881,129265.5162,766.9719,0.0185,5.18416,95667.0
9224,130032.4881,129265.5162,766.9719,0.0185,5.17397,95677.7
9225,130032.4881,129265.5162,766.9719,0.0000,5.17397,95688.2
9226,130032.4881,129265.5162,766.9719,0.0000,5.17397,95698.9
9227,130032.4881,129265.5162,766.9719,0.0000,5.17397,95709.7
9228,130032.4881,129265.5162,766.9719,0.0000,5.17397,95720.3
9229,130032.4881,129265.5162,766.9719,0.0000,5.17397,95730.8
9230,130032.4881,129265.5162,766.9719,0.0000,5.17397,95741.6
9231,130032.4881,129265.5162,766.9719,0.0000,5.17397,95752.5
9232,130032.4881,129265.5162,766.9719,0.0000,5.17397,95763.3
9233,130032.4881,129265.5162,766.9719,0.0185,5.19772,95773.8
9234,130032.4881,129265.5162,766.9719,0.0000,5.19772,95784.0
9235,130032.4881,129265.5162,766.9719,0.0000,5.19772,95794.7
9236,130032.4881,129265.5162,766.9719,0.0000,5.19772,95805.6
9237,130032.4881,129265.5162,766.9719,0.0000,5.19772,95816.2
9238,130032.4881,129265.5162,766.9719,0.0000,5.19772,95827.3
9239,130032.4881,129265.5162,766.9719,0.0000,5.19772,95838.2
9240,130032.4881,129265.5162,766.9719,0.0000,5.19772,95848.8
9241,130032.4881,129265.5162,766.9719,0.0000,5.19772,95859.4
9242,130032.4881,129265.5162,766.9719,0.0000,5.19772,95870.0
9243,130032.4881,129265.5162,766.9719,0.0000,5.19772,95880.8
9244,130032.4881,129265.5162,766.9719,0.0000,5.19772,95891.3
9245,130032.4881,129265.5162,766.9719,0.0000,5.19772,95902.0
9246,130032.4881,129265.5162,766.9719,0.0000,5.19772,95913.0
9247,130032.4881,129265.5162,766.9719,0.0000,5.19772,95923.7
9248,130032.4881,129265.5162,766.9719,0.0000,5.19772,95934.7
9249,130032.4881,129265.5162,766.9719,0.0000,5.19772,95945.3
9250,130032.4881,129265.5162,766.9719,0.0000,5.19772,95956.4
9251,130032.4881,129265.5162,766.9719,0.0000,5.19772,95967.2
9252,130032.4881,129265.5162,766.9719,0.0000,5.19772,95978.2
9253,130032.4881,129265.5162,766.9719,0.0000,5.19772,95989.1
9254,130032.4881,129265.5162,766.9719,0.0000,5.19772,95999.8
9255,130032.4881,129265.5162,766.9719,0.0000,5.19772,96010.5
9256,130032.4881,129265.5162,766.9719,0.0000,5.19772,96021.0
9257,130032.4881,129265.5162,766.9719,0.0000,5.19772,96031.6
9258,130032.4881,129265.5162,766.9719,0.0000,5.19772,96042.1
9259,130032.4881,129265.5162,766.9719,0.0000,5.19772,96053.0
9260,130032.4881,129265.5162,766.9719,0.0000,5.19772,96063.5
9261,130032.4881,129265.5162,766.9719,0.0000,5.19772,96074.3
9262,130032.4881,129265.5162,766.9719,0.0000,5.19772,96085.3
9263,130032.4881,129265.5162,766.9719,0.0000,5.19772,96096.2
9264,130032.4881,129265.5162,766.9719,0.0000,5.19772,96106.6
9265,130032.4881,129265.5162,766.9719,0.0000,5.19772,96117.4
9266,130032.4881,129265.5162,766.9719,0.0000,5.19772,96128.3
9267,130032.4881,129265.5162,766.9719,0.0000,5.19772,96139.1
9268,130032.4881,129265.5162,766.9719,0.0000,5.19772,96149.7
9269,130032.4881,129265.5162,766.9719,0.0000,5.19772,96160.2
9270,130032.4881,129265.5162,766.9719,0.0000,5.19772,96170.9
9271,130032.4881,129265.5162,766.9719,0.0000,5.19772,96181.7
9272,130032.4881,129265.5162,766.9719,0.0000,5.19772,96192.3
9273,130032.4881,129265.5162,766.9719,0.0000,5.19772,96203.0
9274,130032.4881,129265.5162,766.9719,0.0000,5.19772,96213.9
9275,130032.4881,129265.5162,766.9719,0.0000,5.19772,96224.7
9276,130032.4881,129265.5162,766.9719,0.0000,5.19772,96235.4
9277,130032.4881,129265.5162,766.9719,0.0000,5.19772,96246.1
9278,130032.4881,129265.5162,766.9719,0.0000,5.19772,96256.9
9279,130032.4881,129265.5162,766.9719,0.0000,5.19772,96267.2
9280,130032.4881,129265.5162,766.9719,0.0000,5.19772,96278.3
9281,130032.4881,129265.5162,766.9719,0.0000,5.19772,96289.0
9282,130032.4881,129265.5162,766.9719,0.0000,5.19772,96299.7
9283,130032.4881,129265.5162,766.9719,0.0000,5.19772,96310.6
9284,130032.4881,129265.5162,766.9719,0.0000,5.19772,96321.3
9285,130032.4881,129265.5162,766.9719,0.0000,5.19772,96331.9
9286,130032.4881,129265.5162,766.9719,0.0000,5.19772,96342.5
9287,130032.4881,129265.5162,766.9719,0.0000,5.19772,96353.1
9288,130032.4881,129265.5162,766.9719,0.0000,5.19772,96363.3
9289,130032.4881,129265.5162,766.9719,0.0000,5.19772,96373.8
9290,130032.4881,129265.5162,766.9719,0.0000,5.19772,96384.6
9291,130032.4881,129265.5162,766.9719,0.0000,5.19772,96395.1
9292,130032.4881,129265.5162,766.9719,0.0000,5.19772,96405.8
9293,130032.4881,129265.5162,766.9719,0.0000,5.19772,96416.5
9294,130032.4881,129265.5162,766.9719,0.0000,5.19772,96427.3
9295,130032.4881,129265.5162,766.9719,0.0000,5.19772,96438.2
9296,130032.4881,129265.5162,766.9719,0.0000,5.19772,96449.1
9297,130032.4881,129265.5162,766.9719,0.0000,5.19772,96460.0
9298,130032.4881,129265.5162,766.9719,0.0000,5.19772,96470.9
9299,130032.4881,129265.5162,766.9719,0.0000,5.19772,96481.7
9300,130032.4881,129265.5162,766.9719,0.0000,5.19772,96492.1
9301,130032.4881,129265.5162,766.9719,0.0000,5.19772,96502.7
9302,130032.4881,129265.5162,766.9719,0.0000,5.19772,96513.5
9303,130032.4881,129265.5162,766.9719,0.0000,5.19772,96524.9
9304,130032.4881,129265.5162,766.9719,0.0000,5.19772,96536.0
9305,130032.4881,129265.5162,766.9719,0.0000,5.19772,96546.6
9306,130032.4881,129265.5162,766.9719,0.0000,5.19772,96557.5
9307,130032.4881,129265.5162,766.9719,0.0000,5.19772,96568.1
9308,130032.4881,129265.5162,766.9719,0.0000,5.19772,96578.7
9309,130032.4881,129265.5162,766.9719,0.0000,5.19772,96589.4
9310,130032.4881,129265.5162,766.9719,0.0000,5.19772,96600.0
9311,130032.4881,129265.5162,766.9719,0.0000,5.19772,96611.0
9312,130032.4881,129265.5162,766.9719,0.0000,5.19772,96621.6
9313,130032.4881,129265.5162,766.9719,0.0000,5.19772,96632.2
9314,130032.4881,129265.5162,766.9719,0.0000,5.19772,96643.2
9315,130032.4881,129265.5162,766.9719,0.0000,5.19772,96653.8
9316,130032.4881,129265.5162,766.9719,0.0000,5.19772,96664.7
9317,130032.4881,129265.5162,766.9719,0.0000,5.19772,96675.9
9318,130032.4881,129265.5162,766.9719,0.0000,5.19772,96686.5
9319,130032.4881,129265.5162,766.9719,0.0000,5.19772,96697.4
9320,130032.4881,129265.5162,766.9719,0.0000,5.19772,96707.7
9321,130032.4881,129265.5162,766.9719,0.0000,5.19772,96718.8
9322,130032.4881,129265.5162,766.9719,0.0000,5.19772,96729.5
9323,130032.4881,129265.5162,766.9719,0.0000,5.19772,96740.3
9324,130032.4881,129265.5162,766.9719,0.0000,5.19772,96750.9
9325,130032.4881,129265.5162,766.9719,0.0000,5.19772,96762.0
9326,130032.4881,129265.5162,766.9719,0.0000,5.19772,96772.7
9327,130032.4881,129265.5162,766.9719,0.0185,5.17248,96783.3
9328,130032.4881,129265.5162,766.9719,0.0000,5.17248,96793.6
9329,130032.4881,129265.5162,766.9719,0.0000,5.17248,96804.4
9330,130032.4881,129265.5162,766.9719,0.0000,5.17248,96814.9
9331,130032.4881,129265.5162,766.9719,0.0000,5.17248,96825.7
9332,130032.4881,129265.5162,766.9719,0.0000,5.17248,96836.5
9333,130032.4881,129265.5162,766.9719,0.0000,5.17248,96846.9
9334,130032.4881,129265.5162,766.9719,0.0000,5.17248,96857.7
9335,130032.4881,129265.5162,766.9719,0.0000,5.17248,96868.4
9336,130032.4881,129265.5162,766.9719,0.0185,5.17104,96879.2
9337,130032.4881,129265.5162,766.9719,0.0000,5.17104,96890.1
9338,130032.4881,129265.5162,766.9719,0.0000,5.17104,96900.7
9339,130032.4881,129265.5162,766.9719,0.0000,5.17104,96911.0
9340,130032.4881,129265.5162,766.9719,0.0000,5.17104,96921.5
9341,130032.4881,129265.5162,766.9719,0.0000,5.17104,96932.7
9342,130032.4881,129265.5162,766.9719,0.0000,5.17104,96943.6
9343,130032.4881,129265.5162,766.9719,0.0000,5.17104,96954.7
9344,130032.4881,129265.5162,766.9719,0.0000,5.17104,96965.4
9345,130032.4881,129265.5162,766.9719,0.0000,5.17104,96976.0
9346,130032.4881,129265.5162,766.9719,0.0000,5.17104,96986.5
9347,130032.4881,129265.5162,766.9719,0.0000,5.17104,96997.3
9348,130032.4881,129265.5162,766.9719,0.0000,5.17104,97008.2
9349,130032.4881,129265.5162,766.9719,0.0000,5.17104,97018.8
9350,130032.4881,129265.5162,766.9719,0.0000,5.17104,97029.8
9351,130032.4881,129265.5162,766.9719,0.0000,5.17104,97040.3
9352,130032.4881,129265.5162,766.9719,0.0000,5.17104,97050.7
9353,130032.4881,129265.5162,766.9719,0.0000,5.17104,97061.3
9354,130032.4881,129265.5162,766.9719,0.0000,5.17104,97071.7
9355,130032.4881,129265.5162,766.9719,0.0185,5.14237,97082.5
9356,130032.4881,129265.5162,766.9719,0.0000,5.14237,97093.1
9357,130032.4881,129265.5162,766.9719,0.0000,5.14237,97103.8
9358,130032.4881,129265.5162,766.9719,0.0000,5.14237,97114.4
9359,130032.4881,129265.5162,766.9719,0.0000,5.14237,97125.0
9360,130032.4881,129265.5162,766.9719,0.0000,5.14237,97136.5
9361,130032.4881,129265.5162,766.9719,0.0000,5.14237,97147.2
9362,130032.4881,129265.5162,766.9719,0.0000,5.14237,97157.5
9363,130032.4881,129265.5162,766.9719,0.0000,5.14237,97167.9
9364,130032.4881,129265.5162,766.9719,0.0000,5.14237,97178.9
9365,130032.4881,129265.5162,766.9719,0.0000,5.14237,97189.8
9366,130032.4881,129265.5162,766.9719,0.0000,5.14237,97200.3
9367,130032.4881,129265.5162,766.9719,0.0000,5.14237,97210.9
9368,130032.4881,129265.5162,766.9719,0.0000,5.14237,97222.3
9369,130032.4881,129265.5162,766.9719,0.0000,5.14237,97233.4
9370,130032.4881,129265.5162,766.9719,0.0000,5.14237,97244.7
9371,130032.4881,129265.5162,766.9719,0.0000,5.14237,97255.0
9372,130032.4881,129265.5162,766.9719,0.0000,5.14237,97265.8
9373,130032.4881,129265.5162,766.9719,0.0000,5.14237,97276.4
9374,130032.4881,129265.5162,766.9719,0.0000,5.14237,97287.3
9375,130032.4881,129265.5162,766.9719,0.0000,5.14237,97298.3
9376,130032.4881,129265.5162,766.9719,0.0000,5.14237,97308.9
9377,130032.4881,129265.5162,766.9719,0.0000,5.14237,97319.8
9378,130032.4881,129265.5162,766.9719,0.0000,5.14237,97330.5
9379,130032.4881,129265.5162,766.9719,0.0000,5.14237,97341.3
9380,130032.4881,129265.5162,766.9719,0.0000,5.14237,97352.2
9381,130032.4881,129265.5162,766.9719,0.0000,5.14237,97363.6
9382,130032.4881,129265.5162,766.9719,0.0000,5.14237,97374.5
9383,130032.4881,129265.5162,766.9719,0.0000,5.14237,97385.4
9384,130032.4881,129265.5162,766.9719,0.0370,5.14357,97395.8
9385,130032.4881,129265.5162,766.9719,0.0000,5.14357,97406.3
9386,130032.4881,129265.5162,766.9719,0.0000,5.14357,97417.0
9387,130032.4881,129265.5162,766.9719,0.0000,5.14357,97427.4
9388,130032.4881,129265.5162,766.9719,0.0000,5.14357,97438.3
9389,130032.4881,129265.5162,766.9719,0.0000,5.14357,97449.2
9390,130032.4881,129265.5162,766.9719,0.0000,5.14357,97460.0
9391,130032.4881,129265.5162,766.9719,0.0000,5.14357,97470.8
9392,130032.4881,129265.5162,766.9719,0.0000,5.14357,97481.8
9393,130032.4881,129265.5162,766.9719,0.0000,5.14357,97492.9
9394,130032.4881,129265.5162,766.9719,0.0000,5.14357,97503.9
9395,130032.4881,129265.5162,766.9719,0.0000,5.14357,97514.5
9396,130032.4881,129265.5162,766.9719,0.0000,5.14357,97525.2
9397,130032.4881,129265.5162,766.9719,0.0000,5.14357,97535.8
9398,130032.4881,129265.5162,766.9719,0.0000,5.14357,97546.7
9399,130032.4881,129265.5162,766.9719,0.0000,5.14357,97557.3
9400,130032.4881,129265.5162,766.9719,0.0185,5.15331,97567.8
9401,130032.4881,129265.5162,766.9719,0.0000,5.15331,97578.6
9402,130032.4881,129265.5162,766.9719,0.0000,5.15331,97589.6
9403,130032.4881,129265.5162,766.9719,0.0000,5.15331,97600.3
9404,130032.4881,129265.5162,766.9719,0.0000,5.15331,97611.0
9405,130032.4881,129265.5162,766.9719,0.0000,5.15331,97621.7
9406,130032.4881,129265.5162,766.9719,0.0000,5.15331,97632.8
9407,130032.4881,129265.5162,766.9719,0.0000,5.15331,97643.7
9408,130032.4881,129265.5162,766.9719,0.0000,5.15331,97654.3
9409,130032.4881,129265.5162,766.9719,0.0000,5.15331,97665.1
9410,130032.4881,129265.5162,766.9719,0.0000,5.15331,97676.2
9411,130032.4881,129265.5162,766.9719,0.0000,5.15331,97686.9
9412,130032.4881,129265.5162,766.9719,0.0000,5.15331,97697.3
9413,130032.4881,129265.5162,766.9719,0.0000,5.15331,97708.0
9414,130032.4881,129265.5162,766.9719,0.0000,5.15331,97718.5
9415,130032.4881,129265.5162,766.9719,0.0000,5.15331,97728.7
9416,130032.4881,129265.5162,766.9719,0.0000,5.15331,97739.5
9417,130032.4881,129265.5162,766.9719,0.0000,5.15331,97750.3
9418,130032.4881,129265.5162,766.9719,0.0000,5.15331,97760.9
9419,130032.4881,129265.5162,766.9719,0.0000,5.15331,97771.9
9420,130032.4881,129265.5162,766.9719,0.0000,5.15331,97782.5
9421,130032.4881,129265.5162,766.9719,0.0000,5.15331,97793.4
9422,130032.4881,129265.5162,766.9719,0.0000,5.15331,97804.0
9423,130032.4881,129265.5162,766.9719,0.0000,5.15331,97814.9
9424,130032.4881,129265.5162,766.9719,0.0000,5.15331,97825.5
9425,130032.4881,129265.5162,766.9719,0.0000,5.15331,97836.2
9426,130032.4881,129265.5162,766.9719,0.0000,5.15331,97847.2
9427,130032.4881,129265.5162,766.9719,0.0000,5.15331,97857.9
9428,130032.4881,129265.5162,766.9719,0.0000,5.15331,97868.4
9429,130032.4881,129265.5162,766.9719,0.0000,5.15331,97879.2
9430,130032.4881,129265.5162,766.9719,0.0000,5.15331,97890.2
9431,130032.4881,129265.5162,766.9719,0.0000,5.15331,97901.1
9432,130032.4881,129265.5162,766.9719,0.0000,5.15331,97912.1
9433,130032.4881,129265.5162,766.9719,0.0000,5.15331,97922.9
9434,130032.4881,129265.5162,766.9719,0.0000,5.15331,97933.7
9435,130032.4881,129265.5162,766.9719,0.0000,5.15331,97944.9
9436,130032.4881,129265.5162,766.9719,0.0000,5.15331,97956.0
9437,130032.4881,129265.5162,766.9719,0.0000,5.15331,97966.6
9438,130032.4881,129265.5162,766.9719,0.0185,5.17482,97977.2
9439,130032.4881,129265.5162,766.9719,0.0000,5.17482,97987.8
9440,130032.4881,129265.5162,766.9719,0.0000,5.17482,97998.9
9441,130032.4881,129265.5162,766.9719,0.0000,5.17482,98009.8
9442,130032.4881,129265.5162,766.9719,0.0000,5.17482,98020.5
9443,130032.4881,129265.5162,766.9719,0.0000,5.17482,98031.3
9444,130032.4881,129265.5162,766.9719,0.0000,5.17482,98041.8
9445,130032.4881,129265.5162,766.9719,0.0000,5.17482,98052.7
9446,130032.4881,129265.5162,766.9719,0.0000,5.17482,98063.3
9447,130032.4881,129265.5162,766.9719,0.0000,5.17482,98074.5
9448,130032.4881,129265.5162,766.9719,0.0185,5.15379,98085.1
9449,130032.4881,129265.5162,766.9719,0.0000,5.15379,98095.7
9450,130032.4881,129265.5162,766.9719,0.0000,5.15379,98106.1
9451,130032.4881,129265.5162,766.9719,0.0000,5.15379,98116.8
9452,130032.4881,129265.5162,766.9719,0.0000,5.15379,98127.7
9453,130032.4881,129265.5162,766.9719,0.0000,5.15379,98138.3
9454,130032.4881,129265.5162,766.9719,0.0000,5.15379,98149.1
9455,130032.4881,129265.5162,766.9719,0.0000,5.15379,98159.6
9456,130032.4881,129265.5162,766.9719,0.0185,5.19065,98170.5
9457,130032.4881,129265.5162,766.9719,0.0000,5.19065,98181.6
9458,130032.4881,129265.5162,766.9719,0.0000,5.19065,98192.3
9459,130032.4881,129265.5162,766.9719,0.0000,5.19065,98203.1
9460,130032.4881,129265.5162,766.9719,0.0000,5.19065,98213.9
9461,130032.4881,129265.5162,766.9719,0.0000,5.19065,98224.8
9462,130032.4881,129265.5162,766.9719,0.0000,5.19065,98235.4
9463,130032.4881,129265.5162,766.9719,0.0000,5.19065,98246.1
9464,130032.4881,129265.5162,766.9719,0.0000,5.19065,98256.9
9465,130032.4881,129265.5162,766.9719,0.0000,5.19065,98267.8
9466,130032.4881,129265.5162,766.9719,0.0000,5.19065,98278.5
9467,130032.4881,129265.5162,766.9719,0.0000,5.19065,98288.9
9468,130032.4881,129265.5162,766.9719,0.0000,5.19065,98299.5
9469,130032.4881,129265.5162,766.9719,0.0000,5.19065,98309.9
9470,130032.4881,129265.5162,766.9719,0.0000,5.19065,98321.1
9471,130032.4881,129265.5162,766.9719,0.0185,5.17802,98331.4
9472,130032.4881,129265.5162,766.9719,0.0000,5.17802,98341.7
9473,130032.4881,129265.5162,766.9719,0.0000,5.17802,98352.4
9474,130032.4881,129265.5162,766.9719,0.0000,5.17802,98363.0
9475,130032.4881,129265.5162,766.9719,0.0000,5.17802,98373.8
9476,130032.4881,129265.5162,766.9719,0.0000,5.17802,98384.6
9477,130032.4881,129265.5162,766.9719,0.0000,5.17802,98395.1
9478,130032.4881,129265.5162,766.9719,0.0000,5.17802,98405.5
9479,130032.4881,129265.5162,766.9719,0.0000,5.17802,98416.4
9480,130032.4881,129265.5162,766.9719,0.0000,5.17802,98427.3
9481,130032.4881,129265.5162,766.9719,0.0000,5.17802,98438.2
9482,130032.4881,129265.5162,766.9719,0.0000,5.17802,98448.8
9483,130032.4881,129265.5162,766.9719,0.0000,5.17802,98459.4
9484,130032.4881,129265.5162,766.9719,0.0000,5.17802,98470.6
9485,130032.4881,129265.5162,766.9719,0.0000,5.17802,98481.3
9486,130032.4881,129265.5162,766.9719,0.0000,5.17802,98491.8
9487,130032.4881,129265.5162,766.9719,0.0000,5.17802,98502.5
9488,130032.4881,129265.5162,766.9719,0.0000,5.17802,98513.0
9489,130032.4881,129265.5162,766.9719,0.0000,5.17802,98523.8
9490,130032.4881,129265.5162,766.9719,0.0000,5.17802,98534.7
9491,130032.4881,129265.5162,766.9719,0.0000,5.17802,98545.6
9492,130032.4881,129265.5162,766.9719,0.0000,5.17802,98556.6
9493,130032.4881,129265.5162,766.9719,0.0185,5.14653,98567.2
9494,130032.4881,129265.5162,766.9719,0.0000,5.14653,98578.0
9495,130032.4881,129265.5162,766.9719,0.0000,5.14653,98588.5
9496,130032.4881,129265.5162,766.9719,0.0000,5.14653,98599.0
9497,130032.4881,129265.5162,766.9719,0.0000,5.14653,98609.7
9498,130032.4881,129265.5162,766.9719,0.0000,5.14653,98620.3
9499,130032.4881,129265.5162,766.9719,0.0000,5.14653,98630.8
9500,130032.4881,129265.5162,766.9719,0.0000,5.14653,98641.8
9501,130032.4881,129265.5162,766.9719,0.0000,5.14653,98652.4
9502,130032.4881,129265.5162,766.9719,0.0000,5.14653,98663.4
9503,130032.4881,129265.5162,766.9719,0.0000,5.14653,98673.8
9504,130032.4881,129265.5162,766.9719,0.0000,5.14653,98684.5
9505,130032.4881,129265.5162,766.9719,0.0000,5.14653,98695.3
9506,130032.4881,129265.5162,766.9719,0.0000,5.14653,98706.4
9507,130032.4881,129265.5162,766.9719,0.0000,5.14653,98717.2
9508,130032.4881,129265.5162,766.9719,0.0000,5.14653,98727.9
9509,130032.4881,129265.5162,766.9719,0.0000,5.14653,98738.6
9510,130032.4881,129265.5162,766.9719,0.0000,5.14653,98749.6
9511,130032.4881,129265.5162,766.9719,0.0000,5.14653,98760.5
9512,130032.4881,129265.5162,766.9719,0.0000,5.14653,98771.7
9513,130032.4881,129265.5162,766.9719,0.0000,5.14653,98782.4
9514,130032.4881,129265.5162,766.9719,0.0000,5.14653,98793.5
9515,130032.4881,129265.5162,766.9719,0.0000,5.14653,98803.9
9516,130032.4881,129265.5162,766.9719,0.0000,5.14653,98814.7
9517,130032.4881,129265.5162,766.9719,0.0000,5.14653,98825.4
9518,130032.4881,129265.5162,766.9719,0.0000,5.14653,98836.2
9519,130032.4881,129265.5162,766.9719,0.0000,5.14653,98846.9
9520,130032.4881,129265.5162,766.9719,0.0000,5.14653,98857.3
9521,130032.4881,129265.5162,766.9719,0.0000,5.14653,98867.8
9522,130032.4881,129265.5162,766.9719,0.0000,5.14653,98878.3
9523,130032.4881,129265.5162,766.9719,0.0000,5.14653,98888.8
9524,130032.4881,129265.5162,766.9719,0.0000,5.14653,98899.4
9525,130032.4881,129265.5162,766.9719,0.0000,5.14653,98910.3
9526,130032.4881,129265.5162,766.9719,0.0000,5.14653,98921.0
9527,130032.4881,129265.5162,766.9719,0.0000,5.14653,98932.0
9528,130032.4881,129265.5162,766.9719,0.0000,5.14653,98942.6
9529,130032.4881,129265.5162,766.9719,0.0000,5.14653,98953.7
9530,130032.4881,129265.5162,766.9719,0.0000,5.14653,98964.1
9531,130032.4881,129265.5162,766.9719,0.0000,5.14653,98975.0
9532,130032.4881,129265.5162,766.9719,0.0000,5.14653,98985.6
9533,130032.4881,129265.5162,766.9719,0.0185,5.15903,98996.7
9534,130032.4881,129265.5162,766.9719,0.0000,5.15903,99007.5
9535,130032.4881,129265.5162,766.9719,0.0000,5.15903,99018.1
9536,130032.4881,129265.5162,766.9719,0.0000,5.15903,99028.7
9537,130032.4881,129265.5162,766.9719,0.0000,5.15903,99039.8
9538,130032.4881,129265.5162,766.9719,0.0000,5.15903,99050.3
9539,130032.4881,129265.5162,766.9719,0.0000,5.15903,99061.0
9540,130032.4881,129265.5162,766.9719,0.0000,5.15903,99071.7
9541,130032.4881,129265.5162,766.9719,0.0185,5.15829,99082.7
9542,130032.4881,129265.5162,766.9719,0.0185,5.16441,99093.4
9543,130032.4881,129265.5162,766.9719,0.0000,5.16441,99104.0
9544,130032.4881,129265.5162,766.9719,0.0000,5.16441,99114.7
9545,130032.4881,129265.5162,766.9719,0.0000,5.16441,99125.7
9546,130032.4881,129265.5162,766.9719,0.0000,5.16441,99136.3
9547,130032.4881,129265.5162,766.9719,0.0000,5.16441,99147.8
9548,130032.4881,129265.5162,766.9719,0.0000,5.16441,99158.7
9549,130032.4881,129265.5162,766.9719,0.0000,5.16441,99169.1
9550,130032.4881,129265.5162,766.9719,0.0000,5.16441,99179.9
9551,130032.4881,129265.5162,766.9719,0.0000,5.16441,99190.7
9552,130032.4881,129265.5162,766.9719,0.0000,5.16441,99201.3
9553,130032.4881,129265.5162,766.9719,0.0000,5.16441,99211.6
9554,130032.4881,129265.5162,766.9719,0.0000,5.16441,99222.3
9555,130032.4881,129265.5162,766.9719,0.0000,5.16441,99233.5
9556,130032.4881,129265.5162,766.9719,0.0000,5.16441,99243.9
9557,130032.4881,129265.5162,766.9719,0.0000,5.16441,99254.9
9558,130032.4881,129265.5162,766.9719,0.0000,5.16441,99265.4
9559,130032.4881,129265.5162,766.9719,0.0000,5.16441,99276.0
9560,130032.4881,129265.5162,766.9719,0.0000,5.16441,99286.9
9561,130032.4881,129265.5162,766.9719,0.0000,5.16441,99297.9
9562,130032.4881,129265.5162,766.9719,0.0000,5.16441,99309.0
9563,130032.4881,129265.5162,766.9719,0.0000,5.16441,99319.8
9564,130032.4881,129265.5162,766.9719,0.0000,5.16441,99330.5
9565,130032.4881,129265.5162,766.9719,0.0000,5.16441,99341.4
9566,130032.4881,129265.5162,766.9719,0.0000,5.16441,99351.9
9567,130032.4881,129265.5162,766.9719,0.0000,5.16441,99362.5
9568,130032.4881,129265.5162,766.9719,0.0000,5.16441,99373.6
9569,130032.4881,129265.5162,766.9719,0.0000,5.16441,99384.6
9570,130032.4881,129265.5162,766.9719,0.0000,5.16441,99395.3
9571,130032.4881,129265.5162,766.9719,0.0000,5.16441,99406.1
9572,130032.4881,129265.5162,766.9719,0.0000,5.16441,99417.0
9573,130032.4881,129265.5162,766.9719,0.0000,5.16441,99427.8
9574,130032.4881,129265.5162,766.9719,0.0000,5.16441,99438.5
9575,130032.4881,129265.5162,766.9719,0.0000,5.16441,99449.3
9576,130032.4881,129265.5162,766.9719,0.0000,5.16441,99460.2
9577,130032.4881,129265.5162,766.9719,0.0000,5.16441,99470.8
9578,130032.4881,129265.5162,766.9719,0.0000,5.16441,99481.5
9579,130032.4881,129265.5162,766.9719,0.0000,5.16441,99492.2
9580,130032.4881,129265.5162,766.9719,0.0000,5.16441,99502.8
9581,130032.4881,129265.5162,766.9719,0.0000,5.16441,99513.4
9582,130032.4881,129265.5162,766.9719,0.0000,5.16441,99524.1
9583,130032.4881,129265.5162,766.9719,0.0185,5.19815,99534.9
9584,130032.4881,129265.5162,766.9719,0.0000,5.19815,99545.5
9585,130032.4881,129265.5162,766.9719,0.0000,5.19815,99556.4
9586,130032.4881,129265.5162,766.9719,0.0000,5.19815,99567.3
9587,130032.4881,129265.5162,766.9719,0.0000,5.19815,99578.0
9588,130032.4881,129265.5162,766.9719,0.0000,5.19815,99588.7
9589,130032.4881,129265.5162,766.9719,0.0000,5.19815,99599.1
9590,130032.4881,129265.5162,766.9719,0.0000,5.19815,99610.1
9591,130032.4881,129265.5162,766.9719,0.0000,5.19815,99620.9
9592,130032.4881,129265.5162,766.9719,0.0000,5.19815,99631.5
9593,130032.4881,129265.5162,766.9719,0.0000,5.19815,99642.2
9594,130032.4881,129265.5162,766.9719,0.0000,5.19815,99652.8
9595,130032.4881,129265.5162,766.9719,0.0000,5.19815,99663.6
9596,130032.4881,129265.5162,766.9719,0.0000,5.19815,99675.2
9597,130032.4881,129265.5162,766.9719,0.0000,5.19815,99685.8
9598,130032.4881,129265.5162,766.9719,0.0000,5.19815,99697.2
9599,130032.4881,129265.5162,766.9719,0.0000,5.19815,99708.3
9600,130032.4881,129265.5162,766.9719,0.0000,5.19815,99719.1
9601,130032.4881,129265.5162,766.9719,0.0000,5.19815,99730.1
9602,130032.4881,129265.5162,766.9719,0.0000,5.19815,99740.9
9603,130032.4881,129265.5162,766.9719,0.0000,5.19815,99752.0
9604,130032.4881,129265.5162,766.9719,0.0000,5.19815,99763.0
9605,130032.4881,129265.5162,766.9719,0.0185,5.21232,99773.8
9606,130032.4881,129265.5162,766.9719,0.0000,5.21232,99784.7
9607,130032.4881,129265.5162,766.9719,0.0000,5.21232,99795.1
9608,130032.4881,129265.5162,766.9719,0.0000,5.21232,99805.6
9609,130032.4881,129265.5162,766.9719,0.0000,5.21232,99816.6
9610,130032.4881,129265.5162,766.9719,0.0000,5.21232,99827.4
9611,130032.4881,129265.5162,766.9719,0.0000,5.21232,99838.6
9612,130032.4881,129265.5162,766.9719,0.0000,5.21232,99849.7
9613,130032.4881,129265.5162,766.9719,0.0000,5.21232,99860.8
9614,130032.4881,129265.5162,766.9719,0.0000,5.21232,99871.9
9615,130032.4881,129265.5162,766.9719,0.0000,5.21232,99882.7
9616,130032.4881,129265.5162,766.9719,0.0000,5.21232,99893.3
9617,130032.4881,129265.5162,766.9719,0.0000,5.21232,99903.9
9618,130032.4881,129267.3984,765.0897,0.0185,5.21455,99914.9
9619,130032.4881,129267.3984,765.0897,0.0000,5.21455,99925.8
9620,130032.4881,129267.3984,765.0897,0.0000,5.21455,99936.4
9621,130032.4881,129267.3984,765.0897,0.0000,5.21455,99947.3
9622,130032.4881,129267.3984,765.0897,0.0000,5.21455,99958.0
9623,130032.4881,129267.3984,765.0897,0.0185,5.22113,99968.4
9624,130032.4881,129267.3984,765.0897,0.0000,5.22113,99979.5
9625,130032.4881,129267.3984,765.0897,0.0000,5.22113,99990.1
9626,130032.4881,129267.3984,765.0897,0.0000,5.22113,100000.6
9627,130032.4881,129267.3984,765.0897,0.0000,5.22113,100011.2
9628,130032.4881,129267.3984,765.0897,0.0000,5.22113,100022.2
9629,130032.4881,129267.3984,765.0897,0.0000,5.22113,100032.9
9630,130032.4881,129267.3984,765.0897,0.0000,5.22113,100043.6
9631,130032.4881,129267.3984,765.0897,0.0000,5.22113,100054.1
9632,130032.4881,129267.3984,765.0897,0.0000,5.22113,100064.9
9633,130032.4881,129267.3984,765.0897,0.0000,5.22113,100075.9
9634,130032.4881,129267.3984,765.0897,0.0000,5.22113,100086.6
9635,130032.4881,129267.3984,765.0897,0.0000,5.22113,100098.0
9636,130032.4881,129267.3984,765.0897,0.0000,5.22113,100108.9
9637,130032.4881,129267.3984,765.0897,0.0000,5.22113,100119.5
9638,130032.4881,129267.3984,765.0897,0.0000,5.22113,100130.1
9639,130032.4881,129267.3984,765.0897,0.0000,5.22113,100140.8
9640,130032.4881,129267.3984,765.0897,0.0000,5.22113,100151.4
9641,130032.4881,129267.3984,765.0897,0.0000,5.22113,100162.1
9642,130032.4881,129267.3984,765.0897,0.0000,5.22113,100172.9
9643,130032.4881,129267.3984,765.0897,0.0000,5.22113,100183.8
9644,130032.4881,129267.3984,765.0897,0.0000,5.22113,100194.5
9645,130032.4881,129267.3984,765.0897,0.0000,5.22113,100205.5
9646,130032.4881,129267.3984,765.0897,0.0000,5.22113,100216.1
9647,130032.4881,129267.3984,765.0897,0.0000,5.22113,100227.0
9648,130032.4881,129267.3984,765.0897,0.0185,5.2277,100238.0
9649,130032.4881,129267.3984,765.0897,0.0000,5.2277,100249.0
9650,130032.4881,129267.3984,765.0897,0.0000,5.2277,100259.6
9651,130032.4881,129267.3984,765.0897,0.0000,5.2277,100270.7
9652,130032.4881,129267.3984,765.0897,0.0000,5.2277,100281.3
9653,130032.4881,129267.3984,765.0897,0.0000,5.2277,100292.1
9654,130032.4881,129267.3984,765.0897,0.0000,5.2277,100302.7
9655,130032.4881,129267.3984,765.0897,0.0000,5.2277,100313.6
9656,130032.4881,129267.3984,765.0897,0.0000,5.2277,100324.2
9657,130032.4881,129267.3984,765.0897,0.0000,5.2277,100335.1
9658,130032.4881,129267.3984,765.0897,0.0000,5.2277,100345.9
9659,130032.4881,129267.3984,765.0897,0.0000,5.2277,100356.6
9660,130032.4881,129267.3984,765.0897,0.0000,5.2277,100367.0
9661,130032.4881,129267.3984,765.0897,0.0000,5.2277,100377.8
9662,130032.4881,129267.3984,765.0897,0.0000,5.2277,100388.2
9663,130032.4881,129267.3984,765.0897,0.0000,5.2277,100398.9
9664,130032.4881,129267.3984,765.0897,0.0000,5.2277,100409.9
9665,130032.4881,129267.3984,765.0897,0.0000,5.2277,100420.5
9666,130032.4881,129267.3984,765.0897,0.0000,5.2277,100430.9
9667,130032.4881,129267.3984,765.0897,0.0000,5.2277,100442.2
9668,130032.4881,129267.3984,765.0897,0.0000,5.2277,100452.8
9669,130032.4881,129267.3984,765.0897,0.0000,5.2277,100463.4
9670,130032.4881,129267.3984,765.0897,0.0000,5.2277,100474.3
9671,130032.4881,129267.3984,765.0897,0.0000,5.2277,100485.0
9672,130032.4881,129267.3984,765.0897,0.0000,5.2277,100495.8
9673,130032.4881,129267.3984,765.0897,0.0000,5.2277,100507.1
9674,130032.4881,129267.3984,765.0897,0.0000,5.2277,100518.1
9675,130032.4881,129267.3984,765.0897,0.0000,5.2277,100528.5
9676,130032.4881,129267.3984,765.0897,0.0000,5.2277,100539.5
9677,130032.4881,129267.3984,765.0897,0.0000,5.2277,100550.3
9678,130032.4881,129267.3984,765.0897,0.0000,5.2277,100561.1
9679,130032.4881,129267.3984,765.0897,0.0000,5.2277,100572.7
9680,130032.4881,129267.3984,765.0897,0.0000,5.2277,100583.3
9681,130032.4881,129267.3984,765.0897,0.0000,5.2277,100594.1
9682,130032.4881,129267.3984,765.0897,0.0000,5.2277,100605.0
9683,130032.4881,129267.3984,765.0897,0.0000,5.2277,100615.7
9684,130032.4881,129267.3984,765.0897,0.0000,5.2277,100626.2
9685,130032.4881,129267.3984,765.0897,0.0000,5.2277,100636.9
9686,130032.4881,129267.3984,765.0897,0.0000,5.2277,100647.4
9687,130032.4881,129267.3984,765.0897,0.0000,5.2277,100658.2
9688,130032.4881,129267.3984,765.0897,0.0000,5.2277,100668.8
9689,130032.4881,129267.3984,765.0897,0.0000,5.2277,100679.8
9690,130032.4881,129267.3984,765.0897,0.0000,5.2277,100690.5
9691,130032.4881,129267.3984,765.0897,0.0000,5.2277,100701.2
9692,130032.4881,129267.3984,765.0897,0.0000,5.2277,100711.8
9693,130032.4881,129267.3984,765.0897,0.0000,5.2277,100722.5
9694,130032.4881,129267.3984,765.0897,0.0000,5.2277,100732.9
9695,130032.4881,129267.3984,765.0897,0.0000,5.2277,100744.1
9696,130032.4881,129267.3984,765.0897,0.0000,5.2277,100755.3
9697,130032.4881,129267.3984,765.0897,0.0000,5.2277,100766.1
9698,130032.4881,129267.3984,765.0897,0.0000,5.2277,100776.5
9699,130032.4881,129267.3984,765.0897,0.0000,5.2277,100787.6
9700,130032.4881,129267.3984,765.0897,0.0000,5.2277,100798.5
9701,130032.4881,129267.3984,765.0897,0.0000,5.2277,100809.5
9702,130032.4881,129267.3984,765.0897,0.0000,5.2277,100819.9
9703,130032.4881,129267.3984,765.0897,0.0000,5.2277,100830.6
9704,130032.4881,129267.3984,765.0897,0.0000,5.2277,100841.7
9705,130032.4881,129267.3984,765.0897,0.0000,5.2277,100852.3
9706,130032.4881,129267.3984,765.0897,0.0000,5.2277,100863.0
9707,130032.4881,129267.3984,765.0897,0.0000,5.2277,100874.0
9708,130032.4881,129267.3984,765.0897,0.0000,5.2277,100885.0
9709,130032.4881,129267.3984,765.0897,0.0000,5.2277,100896.0
9710,130032.4881,129267.3984,765.0897,0.0000,5.2277,100906.5
9711,130032.4881,129267.3984,765.0897,0.0000,5.2277,100917.3
9712,130032.4881,129267.3984,765.0897,0.0000,5.2277,100928.1
9713,130032.4881,129267.3984,765.0897,0.0000,5.2277,100939.5
9714,130032.4881,129267.3984,765.0897,0.0000,5.2277,100950.6
9715,130032.4881,129267.3984,765.0897,0.0000,5.2277,100961.8
9716,130032.4881,129267.3984,765.0897,0.0000,5.2277,100972.7
9717,130032.4881,129267.3984,765.0897,0.0000,5.2277,100983.4
9718,130032.4881,129267.3984,765.0897,0.0000,5.2277,100994.8
9719,130032.4881,129267.3984,765.0897,0.0000,5.2277,101005.8
9720,130032.4881,129267.3984,765.0897,0.0000,5.2277,101017.1
9721,130032.4881,129267.3984,765.0897,0.0000,5.2277,101027.9
9722,130032.4881,129267.3984,765.0897,0.0000,5.2277,101038.9
9723,130032.4881,129267.3984,765.0897,0.0000,5.2277,101049.9
9724,130032.4881,129267.3984,765.0897,0.0000,5.2277,101060.4
9725,130032.4881,129267.3984,765.0897,0.0000,5.2277,101071.2
9726,130032.4881,129267.3984,765.0897,0.0000,5.2277,101082.6
9727,130032.4881,129267.3984,765.0897,0.0000,5.2277,101093.5
9728,130032.4881,129267.3984,765.0897,0.0000,5.2277,101104.4
9729,130032.4881,129267.3984,765.0897,0.0000,5.2277,101115.2
9730,130032.4881,129267.3984,765.0897,0.0000,5.2277,101126.4
9731,130032.4881,129267.3984,765.0897,0.0000,5.2277,101137.1
9732,130032.4881,129267.3984,765.0897,0.0000,5.2277,101147.8
9733,130032.4881,129267.3984,765.0897,0.0000,5.2277,101158.6
9734,130032.4881,129267.3984,765.0897,0.0185,5.18045,101169.4
9735,130032.4881,129267.3984,765.0897,0.0000,5.18045,101180.2
9736,130032.4881,129267.3984,765.0897,0.0000,5.18045,101191.0
9737,130032.4881,129267.3984,765.0897,0.0000,5.18045,101201.6
9738,130032.4881,129267.3984,765.0897,0.0000,5.18045,101212.6
9739,130032.4881,129267.3984,765.0897,0.0000,5.18045,101222.9
9740,130032.4881,129267.3984,765.0897,0.0000,5.18045,101233.7
9741,130032.4881,129267.3984,765.0897,0.0000,5.18045,101244.5
9742,130032.4881,129267.3984,765.0897,0.0000,5.18045,101255.7
9743,130032.4881,129267.3984,765.0897,0.0000,5.18045,101266.4
9744,130032.4881,129267.3984,765.0897,0.0000,5.18045,101276.9
9745,130032.4881,129267.3984,765.0897,0.0000,5.18045,101288.2
9746,130032.4881,129267.3984,765.0897,0.0000,5.18045,101298.9
9747,130032.4881,129267.3984,765.0897,0.0000,5.18045,101309.7
9748,130032.4881,129267.3984,765.0897,0.0000,5.18045,101320.8
9749,130032.4881,129267.3984,765.0897,0.0000,5.18045,101331.7
9750,130032.4881,129267.3984,765.0897,0.0000,5.18045,101342.8
9751,130032.4881,129267.3984,765.0897,0.0000,5.18045,101353.3
9752,130032.4881,129267.3984,765.0897,0.0000,5.18045,101364.3
9753,130032.4881,129267.3984,765.0897,0.0000,5.18045,101374.5
9754,130032.4881,129267.3984,765.0897,0.0000,5.18045,101385.6
9755,130032.4881,129267.3984,765.0897,0.0000,5.18045,101395.9
9756,130032.4881,129267.3984,765.0897,0.0000,5.18045,101406.4
9757,130032.4881,129267.3984,765.0897,0.0000,5.18045,101417.0
9758,130032.4881,129267.3984,765.0897,0.0000,5.18045,101427.4
9759,130032.4881,129267.3984,765.0897,0.0000,5.18045,101438.2
9760,130032.4881,129267.3984,765.0897,0.0000,5.18045,101449.6
9761,130032.4881,129267.3984,765.0897,0.0000,5.18045,101460.5
9762,130032.4881,129267.3984,765.0897,0.0000,5.18045,101471.5
9763,130032.4881,129267.3984,765.0897,0.0000,5.18045,101482.5
9764,130032.4881,129267.3984,765.0897,0.0000,5.18045,101493.4
9765,130032.4881,129267.3984,765.0897,0.0185,5.17436,101504.1
9766,130032.4881,129267.3984,765.0897,0.0000,5.17436,101514.7
9767,130032.4881,129267.3984,765.0897,0.0000,5.17436,101525.1
9768,130032.4881,129267.3984,765.0897,0.0000,5.17436,101535.8
9769,130032.4881,129267.3984,765.0897,0.0000,5.17436,101546.7
9770,130032.4881,129267.3984,765.0897,0.0000,5.17436,101557.5
9771,130032.4881,129267.3984,765.0897,0.0000,5.17436,101568.2
9772,130032.4881,129267.3984,765.0897,0.0000,5.17436,101578.4
9773,130032.4881,129267.3984,765.0897,0.0000,5.17436,101589.3
9774,130032.4881,129267.3984,765.0897,0.0000,5.17436,101600.3
9775,130032.4881,129267.3984,765.0897,0.0000,5.17436,101610.7
9776,130032.4881,129267.3984,765.0897,0.0185,5.20106,101621.2
9777,130032.4881,129267.3984,765.0897,0.0000,5.20106,101632.1
9778,130032.4881,129267.3984,765.0897,0.0000,5.20106,101642.7
9779,130032.4881,129267.3984,765.0897,0.0000,5.20106,101653.4
9780,130032.4881,129267.3984,765.0897,0.0000,5.20106,101664.1
9781,130032.4881,129267.3984,765.0897,0.0000,5.20106,101674.9
9782,130032.4881,129267.3984,765.0897,0.0000,5.20106,101685.7
9783,130032.4881,129267.3984,765.0897,0.0000,5.20106,101696.7
9784,130032.4881,129267.3984,765.0897,0.0000,5.20106,101707.2
9785,130032.4881,129267.3984,765.0897,0.0000,5.20106,101718.0
9786,130032.4881,129267.3984,765.0897,0.0000,5.20106,101729.0
9787,130032.4881,129267.3984,765.0897,0.0000,5.20106,101739.6
9788,130032.4881,129267.3984,765.0897,0.0000,5.20106,101750.2
9789,130032.4881,129267.3984,765.0897,0.0000,5.20106,101760.7
9790,130032.4881,129267.3984,765.0897,0.0000,5.20106,101771.4
9791,130032.4881,129267.3984,765.0897,0.0000,5.20106,101782.3
9792,130032.4881,129267.3984,765.0897,0.0185,5.20879,101793.2
9793,130032.4881,129267.3984,765.0897,0.0000,5.20879,101804.2
9794,130032.4881,129267.3984,765.0897,0.0000,5.20879,101814.7
9795,130032.4881,129267.3984,765.0897,0.0000,5.20879,101825.7
9796,130032.4881,129267.3984,765.0897,0.0000,5.20879,101837.0
9797,130032.4881,129267.3984,765.0897,0.0000,5.20879,101847.8
9798,130032.4881,129267.3984,765.0897,0.0000,5.20879,101859.0
9799,130032.4881,129267.3984,765.0897,0.0000,5.20879,101869.7
9800,130032.4881,129267.3984,765.0897,0.0000,5.20879,101880.4
9801,130032.4881,129267.3984,765.0897,0.0000,5.20879,101891.4
9802,130032.4881,129267.3984,765.0897,0.0000,5.20879,101902.2
9803,130032.4881,129267.3984,765.0897,0.0000,5.20879,101913.0
9804,130032.4881,129267.3984,765.0897,0.0000,5.20879,101923.5
9805,130032.4881,129267.3984,765.0897,0.0000,5.20879,101934.5
9806,130032.4881,129267.3984,765.0897,0.0000,5.20879,101945.1
9807,130032.4881,129267.3984,765.0897,0.0000,5.20879,101956.2
9808,130032.4881,129267.3984,765.0897,0.0000,5.20879,101966.9
9809,130032.4881,129267.3984,765.0897,0.0000,5.20879,101977.6
9810,130032.4881,129267.3984,765.0897,0.0000,5.20879,101988.3
9811,130032.4881,129267.3984,765.0897,0.0000,5.20879,101999.1
9812,130032.4881,129267.3984,765.0897,0.0000,5.20879,102009.9
9813,130032.4881,129267.3984,765.0897,0.0000,5.20879,102021.0
9814,130032.4881,129267.3984,765.0897,0.0000,5.20879,102032.0
9815,130032.4881,129267.3984,765.0897,0.0000,5.20879,102042.6
9816,130032.4881,129267.3984,765.0897,0.0000,5.20879,102053.2
9817,130032.4881,129267.3984,765.0897,0.0000,5.20879,102063.8
9818,130032.4881,129267.3984,765.0897,0.0000,5.20879,102074.6
9819,130032.4881,129267.3984,765.0897,0.0000,5.20879,102085.5
9820,130032.4881,129267.3984,765.0897,0.0000,5.20879,102096.2
9821,130032.4881,129267.3984,765.0897,0.0000,5.20879,102107.3
9822,130032.4881,129267.3984,765.0897,0.0000,5.20879,102118.2
9823,130032.4881,129267.3984,765.0897,0.0000,5.20879,102128.6
9824,130032.4881,129267.3984,765.0897,0.0000,5.20879,102139.5
9825,130032.4881,129267.3984,765.0897,0.0000,5.20879,102150.2
9826,130032.4881,129267.3984,765.0897,0.0000,5.20879,102160.9
9827,130032.4881,129267.3984,765.0897,0.0000,5.20879,102171.6
9828,130032.4881,129267.3984,765.0897,0.0000,5.20879,102182.4
9829,130032.4881,129267.3984,765.0897,0.0000,5.20879,102193.7
9830,130032.4881,129267.3984,765.0897,0.0000,5.20879,102204.5
9831,130032.4881,129267.3984,765.0897,0.0000,5.20879,102215.2
9832,130032.4881,129267.3984,765.0897,0.0000,5.20879,102226.0
9833,130032.4881,129267.3984,765.0897,0.0370,5.33932,102237.1
9834,130032.4881,129267.3984,765.0897,0.0000,5.33932,102248.0
9835,130032.4881,129267.3984,765.0897,0.0000,5.33932,102259.1
9836,130032.4881,129267.3984,765.0897,0.0000,5.33932,102270.1
9837,130032.4881,129267.3984,765.0897,0.0000,5.33932,102280.9
9838,130032.4881,129267.3984,765.0897,0.0000,5.33932,102291.6
9839,130032.4881,129267.3984,765.0897,0.0000,5.33932,102302.4
9840,130032.4881,129267.3984,765.0897,0.0000,5.33932,102313.4
9841,130032.4881,129267.3984,765.0897,0.0000,5.33932,102323.8
9842,130032.4881,129267.3984,765.0897,0.0000,5.33932,102334.6
9843,130032.4881,129267.3984,765.0897,0.0000,5.33932,102345.4
9844,130032.4881,129267.3984,765.0897,0.0000,5.33932,102355.9
9845,130032.4881,129267.3984,765.0897,0.0000,5.33932,102367.1
9846,130032.4881,129267.3984,765.0897,0.0000,5.33932,102377.8
9847,130032.4881,129267.3984,765.0897,0.0000,5.33932,102388.4
9848,130032.4881,129267.3984,765.0897,0.0000,5.33932,102399.3
9849,130032.4881,129267.3984,765.0897,0.0000,5.33932,102410.4
9850,130032.4881,129267.3984,765.0897,0.0000,5.33932,102420.9
9851,130032.4881,129267.3984,765.0897,0.0000,5.33932,102431.7
9852,130032.4881,129267.3984,765.0897,0.0000,5.33932,102442.3
9853,130032.4881,129267.3984,765.0897,0.0000,5.33932,102453.3
9854,130032.4881,129267.3984,765.0897,0.0000,5.33932,102464.1
9855,130032.4881,129267.3984,765.0897,0.0000,5.33932,102475.0
9856,130032.4881,129267.3984,765.0897,0.0000,5.33932,102485.5
9857,130032.4881,129267.3984,765.0897,0.0185,5.34202,102496.3
9858,130032.4881,129267.3984,765.0897,0.0000,5.34202,102506.9
9859,130032.4881,129267.3984,765.0897,0.0000,5.34202,102517.7
9860,130032.4881,129267.3984,765.0897,0.0000,5.34202,102528.4
9861,130032.4881,129267.3984,765.0897,0.0000,5.34202,102539.2
9862,130032.4881,129267.3984,765.0897,0.0000,5.34202,102549.9
9863,130032.4881,129267.3984,765.0897,0.0000,5.34202,102560.7
9864,130032.4881,129267.3984,765.0897,0.0000,5.34202,102571.4
9865,130032.4881,129267.3984,765.0897,0.0000,5.34202,102582.4
9866,130032.4881,129267.3984,765.0897,0.0000,5.34202,102592.9
9867,130032.4881,129267.3984,765.0897,0.0000,5.34202,102603.4
9868,130032.4881,129267.3984,765.0897,0.0000,5.34202,102614.4
9869,130032.4881,129267.3984,765.0897,0.0000,5.34202,102625.3
9870,130032.4881,129267.3984,765.0897,0.0000,5.34202,102636.1
9871,130032.4881,129267.3984,765.0897,0.0000,5.34202,102655.0
9872,130032.4881,129267.3984,765.0897,0.0000,5.34202,102665.6
9873,130032.4881,129267.3984,765.0897,0.0000,5.34202,102676.2
9874,130032.4881,129267.3984,765.0897,0.0000,5.34202,102686.8
9875,130032.4881,129267.3984,765.0897,0.0000,5.34202,102697.2
9876,130032.4881,129267.3984,765.0897,0.0000,5.34202,102708.2
9877,130032.4881,129267.3984,765.0897,0.0000,5.34202,102718.8
9878,130032.4881,129267.3984,765.0897,0.0000,5.34202,102729.8
9879,130032.4881,129267.3984,765.0897,0.0000,5.34202,102740.3
9880,130032.4881,129267.3984,765.0897,0.0000,5.34202,102751.5
9881,130032.4881,129267.3984,765.0897,0.0000,5.34202,102762.6
9882,130032.4881,129267.3984,765.0897,0.0000,5.34202,102773.5
9883,130032.4881,129267.3984,765.0897,0.0000,5.34202,102784.5
9884,130032.4881,129267.3984,765.0897,0.0000,5.34202,102795.0
9885,130032.4881,129267.3984,765.0897,0.0000,5.34202,102805.7
9886,130032.4881,129267.3984,765.0897,0.0000,5.34202,102816.3
9887,130032.4881,129267.3984,765.0897,0.0000,5.34202,102827.2
9888,130032.4881,129267.3984,765.0897,0.0000,5.34202,102838.0
9889,130032.4881,129267.3984,765.0897,0.0000,5.34202,102848.7
9890,130032.4881,129267.3984,765.0897,0.0185,5.34085,102859.5
9891,130032.4881,129267.3984,765.0897,0.0000,5.34085,102870.1
9892,130032.4881,129267.3984,765.0897,0.0185,5.33339,102880.9
9893,130032.4881,129267.3984,765.0897,0.0000,5.33339,102891.7
9894,130032.4881,129267.3984,765.0897,0.0000,5.33339,102902.8
9895,130032.4881,129267.3984,765.0897,0.0000,5.33339,102913.5
9896,130032.4881,129267.3984,765.0897,0.0000,5.33339,102924.2
9897,130032.4881,129267.3984,765.0897,0.0000,5.33339,102935.0
9898,130032.4881,129267.3984,765.0897,0.0000,5.33339,102945.9
9899,130032.4881,129267.3984,765.0897,0.0000,5.33339,102956.4
9900,130032.4881,129267.3984,765.0897,0.0000,5.33339,102967.4
9901,130032.4881,129267.3984,765.0897,0.0000,5.33339,102978.6
9902,130032.4881,129267.3984,765.0897,0.0000,5.33339,102989.3
9903,130032.4881,129267.3984,765.0897,0.0000,5.33339,102999.8
9904,130032.4881,129267.3984,765.0897,0.0000,5.33339,103010.5
9905,130032.4881,129267.3984,765.0897,0.0000,5.33339,103021.3
9906,130032.4881,129267.3984,765.0897,0.0000,5.33339,103032.7
9907,130032.4881,129267.3984,765.0897,0.0000,5.33339,103043.5
9908,130032.4881,129267.3984,765.0897,0.0000,5.33339,103054.4
9909,130032.4881,129267.3984,765.0897,0.0000,5.33339,103065.4
9910,130032.4881,129267.3984,765.0897,0.0000,5.33339,103076.4
9911,130032.4881,129267.3984,765.0897,0.0000,5.33339,103087.3
9912,130032.4881,129267.3984,765.0897,0.0000,5.33339,103098.3
9913,130032.4881,129267.3984,765.0897,0.0185,5.33651,103109.0
9914,130032.4881,129267.3984,765.0897,0.0000,5.33651,103119.9
9915,130032.4881,129267.3984,765.0897,0.0000,5.33651,103130.6
9916,130032.4881,129267.3984,765.0897,0.0000,5.33651,103141.4
9917,130032.4881,129267.3984,765.0897,0.0000,5.33651,103152.1
9918,130032.4881,129267.3984,765.0897,0.0000,5.33651,103162.8
9919,130032.4881,129267.3984,765.0897,0.0000,5.33651,103173.7
9920,130032.4881,129267.3984,765.0897,0.0000,5.33651,103184.5
9921,130032.4881,129267.3984,765.0897,0.0000,5.33651,103195.1
9922,130032.4881,129267.3984,765.0897,0.0000,5.33651,103205.9
9923,130032.4881,129267.3984,765.0897,0.0000,5.33651,103216.5
9924,130032.4881,129267.3984,765.0897,0.0000,5.33651,103227.1
9925,130032.4881,129267.3984,765.0897,0.0000,5.33651,103237.8
9926,130032.4881,129267.3984,765.0897,0.0000,5.33651,103248.7
9927,130032.4881,129267.3984,765.0897,0.0000,5.33651,103260.2
9928,130032.4881,129267.3984,765.0897,0.0185,5.32873,103271.1
9929,130032.4881,129267.3984,765.0897,0.0000,5.32873,103281.6
9930,130032.4881,129267.3984,765.0897,0.0000,5.32873,103292.5
9931,130032.4881,129267.3984,765.0897,0.0000,5.32873,103303.1
9932,130032.4881,129267.3984,765.0897,0.0000,5.32873,103314.4
9933,130032.4881,129267.3984,765.0897,0.0000,5.32873,103325.2
9934,130032.4881,129267.3984,765.0897,0.0000,5.32873,103335.9
9935,130032.4881,129267.3984,765.0897,0.0000,5.32873,103346.7
9936,130032.4881,129267.3984,765.0897,0.0000,5.32873,103357.7
9937,130032.4881,129267.3984,765.0897,0.0000,5.32873,103368.3
9938,130032.4881,129267.3984,765.0897,0.0000,5.32873,103378.9
9939,130032.4881,129267.3984,765.0897,0.0000,5.32873,103389.7
9940,130032.4881,129267.3984,765.0897,0.0000,5.32873,103400.3
9941,130032.4881,129267.3984,765.0897,0.0000,5.32873,103411.4
9942,130032.4881,129267.3984,765.0897,0.0000,5.32873,103421.9
9943,130032.4881,129267.3984,765.0897,0.0000,5.32873,103432.7
9944,130032.4881,129267.3984,765.0897,0.0000,5.32873,103443.4
9945,130032.4881,129267.3984,765.0897,0.0000,5.32873,103454.2
9946,130032.4881,129267.3984,765.0897,0.0000,5.32873,103464.4
9947,130032.4881,129267.3984,765.0897,0.0000,5.32873,103475.0
9948,130032.4881,129267.3984,765.0897,0.0000,5.32873,103485.6
9949,130032.4881,129267.3984,765.0897,0.0000,5.32873,103496.5
9950,130032.4881,129267.3984,765.0897,0.0000,5.32873,103508.1
9951,130032.4881,129267.3984,765.0897,0.0000,5.32873,103518.6
9952,130032.4881,129267.3984,765.0897,0.0185,5.33395,103529.4
9953,130032.4881,129267.3984,765.0897,0.0000,5.33395,103540.0
9954,130032.4881,129267.3984,765.0897,0.0000,5.33395,103550.8
9955,130032.4881,129267.3984,765.0897,0.0000,5.33395,103561.7
9956,130032.4881,129267.3984,765.0897,0.0000,5.33395,103572.3
9957,130032.4881,129267.3984,765.0897,0.0185,5.33626,103583.4
9958,130032.4881,129267.3984,765.0897,0.0000,5.33626,103594.0
9959,130032.4881,129267.3984,765.0897,0.0000,5.33626,103604.7
9960,130032.4881,129267.3984,765.0897,0.0000,5.33626,103615.4
9961,130032.4881,129267.3984,765.0897,0.0000,5.33626,103626.1
9962,130032.4881,129267.3984,765.0897,0.0000,5.33626,103636.7
9963,130032.4881,129267.3984,765.0897,0.0000,5.33626,103647.6
9964,130032.4881,129267.3984,765.0897,0.0000,5.33626,103658.5
9965,130032.4881,129267.3984,765.0897,0.0000,5.33626,103669.2
9966,130032.4881,129267.3984,765.0897,0.0000,5.33626,103680.2
9967,130032.4881,129267.3984,765.0897,0.0000,5.33626,103691.0
9968,130032.4881,129267.3984,765.0897,0.0000,5.33626,103702.0
9969,130032.4881,129267.3984,765.0897,0.0000,5.33626,103712.7
9970,130032.4881,129267.3984,765.0897,0.0000,5.33626,103723.4
9971,130032.4881,129267.3984,765.0897,0.0000,5.33626,103734.5
9972,130032.4881,129267.3984,765.0897,0.0000,5.33626,103744.9
9973,130032.4881,129267.3984,765.0897,0.0185,5.30795,103755.9
9974,130032.4881,129267.3984,765.0897,0.0000,5.30795,103767.0
9975,130032.4881,129267.3984,765.0897,0.0000,5.30795,103777.6
9976,130032.4881,129267.3984,765.0897,0.0000,5.30795,103788.4
9977,130032.4881,129277.8099,754.6782,0.0185,5.30529,103799.1
9978,130032.4881,129277.8099,754.6782,0.0000,5.30529,103809.6
9979,130032.4881,129277.8099,754.6782,0.0000,5.30529,103820.7
9980,130032.4881,129277.8099,754.6782,0.0000,5.30529,103831.4
9981,130032.4881,129277.8099,754.6782,0.0000,5.30529,103841.9
9982,130032.4881,129277.8099,754.6782,0.0000,5.30529,103853.0
9983,130032.4881,129277.8099,754.6782,0.0000,5.30529,103863.8
9984,130032.4881,129277.8099,754.6782,0.0000,5.30529,103874.7
9985,130032.4881,129277.8099,754.6782,0.0000,5.30529,103885.8
9986,130032.4881,129277.8099,754.6782,0.0000,5.30529,103896.6
9987,130032.4881,129277.8099,754.6782,0.0000,5.30529,103907.1
9988,130032.4881,129277.8099,754.6782,0.0185,5.29931,103917.6
9989,130032.4881,129277.8099,754.6782,0.0000,5.29931,103928.2
9990,130032.4881,129277.8099,754.6782,0.0000,5.29931,103939.5
9991,130032.4881,129277.8099,754.6782,0.0185,5.29788,103950.1
9992,130032.4881,129277.8099,754.6782,0.0000,5.29788,103960.8
9993,130032.4881,129277.8099,754.6782,0.0000,5.29788,103971.3
9994,130032.4881,129277.8099,754.6782,0.0000,5.29788,103981.7
9995,130032.4881,129277.8099,754.6782,0.0000,5.29788,103992.9
9996,130032.4881,129277.8099,754.6782,0.0000,5.29788,104003.6
9997,130032.4881,129277.8099,754.6782,0.0185,5.30194,104014.4
9998,130032.4881,129277.8099,754.6782,0.0000,5.30194,104024.9
9999,130032.4881,129277.8099,754.6782,0.0000,5.30194,104035.9
10000,130032.4881,129277.8099,754.6782,0.0000,5.30194,104046.9
10001,130032.4881,129277.8099,754.6782,0.0000,5.30194,104057.6
10002,130032.4881,129277.8099,754.6782,0.0000,5.30194,104068.2
10003,130032.4881,129277.8099,754.6782,0.0000,5.30194,104079.0
10004,130032.4881,129277.8099,754.6782,0.0000,5.30194,104089.5
10005,130032.4881,129277.8099,754.6782,0.0000,5.30194,104100.2
10006,130032.4881,129277.8099,754.6782,0.0000,5.30194,104110.9
10007,130032.4881,129277.8099,754.6782,0.0185,5.30273,104121.5
10008,130032.4881,129277.8099,754.6782,0.0000,5.30273,104132.2
10009,130032.4881,129277.8099,754.6782,0.0000,5.30273,104143.0
10010,130032.4881,129277.8099,754.6782,0.0000,5.30273,104153.5
10011,130032.4881,129277.8099,754.6782,0.0000,5.30273,104163.9
10012,130032.4881,129277.8099,754.6782,0.0000,5.30273,104174.7
10013,130032.4881,129277.8099,754.6782,0.0000,5.30273,104185.6
10014,130032.4881,129277.8099,754.6782,0.0000,5.30273,104196.5
10015,130032.4881,129277.8099,754.6782,0.0000,5.30273,104207.1
10016,130032.4881,129277.8099,754.6782,0.0000,5.30273,104217.9
10017,130032.4881,129277.8099,754.6782,0.0000,5.30273,104228.9
10018,130032.4881,129277.8099,754.6782,0.0000,5.30273,104239.8
10019,130032.4881,129277.8099,754.6782,0.0185,5.29615,104250.6
10020,130032.4881,129277.8099,754.6782,0.0000,5.29615,104261.8
10021,130032.4881,129277.8099,754.6782,0.0000,5.29615,104272.1
10022,130032.4881,129277.8099,754.6782,0.0000,5.29615,104283.1
10023,130032.4881,129277.8099,754.6782,0.0000,5.29615,104293.7
10024,130032.4881,129277.8099,754.6782,0.0000,5.29615,104304.4
10025,130032.4881,129277.8099,754.6782,0.0000,5.29615,104315.0
10026,130032.4881,129277.8099,754.6782,0.0000,5.29615,104325.8
10027,130032.4881,129277.8099,754.6782,0.0000,5.29615,104336.3
10028,130032.4881,129277.8099,754.6782,0.0000,5.29615,104347.1
10029,130032.4881,129277.8099,754.6782,0.0000,5.29615,104357.7
10030,130032.4881,129277.8099,754.6782,0.0000,5.29615,104368.3
10031,130032.4881,129277.8099,754.6782,0.0000,5.29615,104379.5
10032,130032.4881,129277.8099,754.6782,0.0000,5.29615,104390.2
10033,130032.4881,129277.8099,754.6782,0.0000,5.29615,104400.8
10034,130032.4881,129277.8099,754.6782,0.0000,5.29615,104411.7
10035,130032.4881,129277.8099,754.6782,0.0000,5.29615,104422.6
10036,130032.4881,129277.8099,754.6782,0.0000,5.29615,104433.3
10037,130032.4881,129277.8099,754.6782,0.0000,5.29615,104444.1
10038,130032.4881,129277.8099,754.6782,0.0000,5.29615,104454.8
10039,130032.4881,129277.8099,754.6782,0.0000,5.29615,104466.2
10040,130032.4881,129277.8099,754.6782,0.0000,5.29615,104476.7
10041,130032.4881,129277.8099,754.6782,0.0000,5.29615,104487.4
10042,130032.4881,129277.8099,754.6782,0.0000,5.29615,104498.0
10043,130032.4881,129277.8099,754.6782,0.0000,5.29615,104508.3
10044,130032.4881,129277.8099,754.6782,0.0000,5.29615,104518.8
10045,130032.4881,129277.8099,754.6782,0.0000,5.29615,104529.6
10046,130032.4881,129277.8099,754.6782,0.0000,5.29615,104540.2
10047,130032.4881,129277.8099,754.6782,0.0000,5.29615,104551.0
10048,130032.4881,129277.8099,754.6782,0.0000,5.29615,104561.6
10049,130032.4881,129277.8099,754.6782,0.0000,5.29615,104572.2
10050,130032.4881,129277.8099,754.6782,0.0000,5.29615,104582.5
10051,130032.4881,129277.8099,754.6782,0.0000,5.29615,104593.2
10052,130032.4881,129277.8099,754.6782,0.0000,5.29615,104603.8
10053,130032.4881,129277.8099,754.6782,0.0000,5.29615,104614.5
10054,130032.4881,129277.8099,754.6782,0.0185,5.2911,104625.2
10055,130032.4881,129277.8099,754.6782,0.0000,5.2911,104636.1
10056,130032.4881,129277.8099,754.6782,0.0000,5.2911,104646.8
10057,130032.4881,129277.8099,754.6782,0.0000,5.2911,104657.5
10058,130032.4881,129277.8099,754.6782,0.0000,5.2911,104668.2
10059,130032.4881,129277.8099,754.6782,0.0000,5.2911,104678.8
10060,130032.4881,129277.8099,754.6782,0.0000,5.2911,104689.4
10061,130032.4881,129277.8099,754.6782,0.0000,5.2911,104700.1
10062,130032.4881,129277.8099,754.6782,0.0000,5.2911,104710.8
10063,130032.4881,129277.8099,754.6782,0.0000,5.2911,104721.7
10064,130032.4881,129277.8099,754.6782,0.0000,5.2911,104732.7
10065,130032.4881,129277.8099,754.6782,0.0000,5.2911,104743.8
10066,130032.4881,129277.8099,754.6782,0.0000,5.2911,104755.6
10067,130032.4881,129277.8099,754.6782,0.0000,5.2911,104766.8
10068,130032.4881,129277.8099,754.6782,0.0185,5.28804,104777.7
10069,130032.4881,129277.8099,754.6782,0.0000,5.28804,104788.1
10070,130032.4881,129277.8099,754.6782,0.0000,5.28804,104798.7
10071,130032.4881,129277.8099,754.6782,0.0000,5.28804,104809.3
10072,130032.4881,129277.8099,754.6782,0.0000,5.28804,104820.1
10073,130032.4881,129277.8099,754.6782,0.0000,5.28804,104830.9
10074,130032.4881,129277.8099,754.6782,0.0000,5.28804,104841.5
10075,130032.4881,129277.8099,754.6782,0.0000,5.28804,104852.8
10076,130032.4881,129277.8099,754.6782,0.0000,5.28804,104863.2
10077,130032.4881,129277.8099,754.6782,0.0000,5.28804,104874.0
10078,130032.4881,129277.8099,754.6782,0.0000,5.28804,104884.9
10079,130032.4881,129277.8099,754.6782,0.0000,5.28804,104895.8
10080,130032.4881,129277.8099,754.6782,0.0000,5.28804,104906.4
10081,130032.4881,129277.8099,754.6782,0.0000,5.28804,104917.4
10082,130032.4881,129277.8099,754.6782,0.0000,5.28804,104928.2
10083,130032.4881,129277.8099,754.6782,0.0000,5.28804,104939.0
10084,130032.4881,129277.8099,754.6782,0.0000,5.28804,104949.5
10085,130032.4881,129277.8099,754.6782,0.0000,5.28804,104960.1
10086,130032.4881,129277.8099,754.6782,0.0000,5.28804,104970.9
10087,130032.4881,129277.8099,754.6782,0.0000,5.28804,104981.5
10088,130032.4881,129277.8099,754.6782,0.0000,5.28804,104992.2
10089,130032.4881,129277.8099,754.6782,0.0000,5.28804,105003.1
10090,130032.4881,129277.8099,754.6782,0.0000,5.28804,105013.7
10091,130032.4881,129277.8099,754.6782,0.0000,5.28804,105024.7
10092,130032.4881,129277.8099,754.6782,0.0000,5.28804,105035.8
10093,130032.4881,129277.8099,754.6782,0.0000,5.28804,105046.5
10094,130032.4881,129277.8099,754.6782,0.0000,5.28804,105057.4
10095,130032.4881,129277.8099,754.6782,0.0000,5.28804,105068.0
10096,130032.4881,129277.8099,754.6782,0.0000,5.28804,105078.7
10097,130032.4881,129277.8099,754.6782,0.0000,5.28804,105089.5
10098,130032.4881,129277.8099,754.6782,0.0000,5.28804,105100.4
10099,130032.4881,129277.8099,754.6782,0.0000,5.28804,105110.9
10100,130032.4881,129277.8099,754.6782,0.0000,5.28804,105121.8
10101,130032.4881,129277.8099,754.6782,0.0000,5.28804,105133.1
10102,130032.4881,129277.8099,754.6782,0.0000,5.28804,105144.0
10103,130032.4881,129277.8099,754.6782,0.0000,5.28804,105155.1
10104,130032.4881,129277.8099,754.6782,0.0000,5.28804,105166.1
10105,130032.4881,129277.8099,754.6782,0.0000,5.28804,105176.8
10106,130032.4881,129277.8099,754.6782,0.0000,5.28804,105187.7
10107,130032.4881,129277.8099,754.6782,0.0000,5.28804,105198.6
10108,130032.4881,129277.8099,754.6782,0.0000,5.28804,105209.6
10109,130032.4881,129277.8099,754.6782,0.0000,5.28804,105220.5
10110,130032.4881,129277.8099,754.6782,0.0000,5.28804,105231.3
10111,130032.4881,129277.8099,754.6782,0.0000,5.28804,105242.2
10112,130032.4881,129277.8099,754.6782,0.0000,5.28804,105253.0
10113,130032.4881,129277.8099,754.6782,0.0000,5.28804,105263.7
10114,130032.4881,129277.8099,754.6782,0.0000,5.28804,105274.6
10115,130032.4881,129277.8099,754.6782,0.0000,5.28804,105285.5
10116,130032.4881,129277.8099,754.6782,0.0000,5.28804,105296.4
10117,130032.4881,129277.8099,754.6782,0.0000,5.28804,105307.6
10118,130032.4881,129277.8099,754.6782,0.0000,5.28804,105318.2
10119,130032.4881,129277.8099,754.6782,0.0000,5.28804,105329.0
10120,130032.4881,129277.8099,754.6782,0.0000,5.28804,105339.9
10121,130032.4881,129277.8099,754.6782,0.0000,5.28804,105350.6
10122,130032.4881,129277.8099,754.6782,0.0000,5.28804,105361.3
10123,130032.4881,129277.8099,754.6782,0.0000,5.28804,105372.2
10124,130032.4881,129277.8099,754.6782,0.0000,5.28804,105382.9
10125,130032.4881,129277.8099,754.6782,0.0185,5.28627,105393.5
10126,130032.4881,129277.8099,754.6782,0.0000,5.28627,105404.1
10127,130032.4881,129277.8099,754.6782,0.0000,5.28627,105414.5
10128,130032.4881,129277.8099,754.6782,0.0000,5.28627,105425.1
10129,130032.4881,129277.8099,754.6782,0.0000,5.28627,105436.2
10130,130032.4881,129277.8099,754.6782,0.0000,5.28627,105447.3
10131,130032.4881,129277.8099,754.6782,0.0000,5.28627,105458.7
10132,130032.4881,129277.8099,754.6782,0.0000,5.28627,105469.7
10133,130032.4881,129277.8099,754.6782,0.0000,5.28627,105480.3
10134,130032.4881,129277.8099,754.6782,0.0000,5.28627,105491.0
10135,130032.4881,129277.8099,754.6782,0.0000,5.28627,105502.2
10136,130032.4881,129277.8099,754.6782,0.0000,5.28627,105513.2
10137,130032.4881,129277.8099,754.6782,0.0000,5.28627,105523.9
10138,130032.4881,129277.8099,754.6782,0.0000,5.28627,105534.7
10139,130032.4881,129277.8099,754.6782,0.0000,5.28627,105545.3
10140,130032.4881,129277.8099,754.6782,0.0000,5.28627,105555.8
10141,130032.4881,129277.8099,754.6782,0.0000,5.28627,105566.9
10142,130032.4881,129277.8099,754.6782,0.0000,5.28627,105577.9
10143,130032.4881,129277.8099,754.6782,0.0000,5.28627,105588.6
10144,130032.4881,129277.8099,754.6782,0.0000,5.28627,105599.7
10145,130032.4881,129277.8099,754.6782,0.0000,5.28627,105610.6
10146,130032.4881,129277.8099,754.6782,0.0000,5.28627,105621.2
10147,130032.4881,129277.8099,754.6782,0.0000,5.28627,105632.3
10148,130032.4881,129277.8099,754.6782,0.0000,5.28627,105643.0
10149,130032.4881,129277.8099,754.6782,0.0000,5.28627,105653.7
10150,130032.4881,129277.8099,754.6782,0.0000,5.28627,105664.1
10151,130032.4881,129277.8099,754.6782,0.0000,5.28627,105675.2
10152,130032.4881,129277.8099,754.6782,0.0000,5.28627,105686.3
10153,130032.4881,129277.8099,754.6782,0.0000,5.28627,105696.7
10154,130049.9281,129277.8099,772.1182,0.0185,5.29257,105707.5
10155,130049.9281,129277.8099,772.1182,0.0000,5.29257,105718.2
10156,130049.9281,129277.8099,772.1182,0.0185,5.28924,105728.8
10157,130049.9281,129277.8099,772.1182,0.0000,5.28924,105739.4
10158,130049.9281,129277.8099,772.1182,0.0000,5.28924,105750.3
10159,130049.9281,129277.8099,772.1182,0.0000,5.28924,105761.1
10160,130049.9281,129277.8099,772.1182,0.0185,5.299,105771.7
10161,130049.9281,129277.8099,772.1182,0.0000,5.299,105782.4
10162,130049.9281,129277.8099,772.1182,0.0000,5.299,105792.9
10163,130049.9281,129277.8099,772.1182,0.0000,5.299,105803.2
10164,130049.9281,129277.8099,772.1182,0.0000,5.299,105814.0
10165,130049.9281,129277.8099,772.1182,0.0000,5.299,105825.2
10166,130049.9281,129277.8099,772.1182,0.0000,5.299,105835.8
10167,130049.9281,129277.8099,772.1182,0.0000,5.299,105846.5
10168,130049.9281,129277.8099,772.1182,0.0000,5.299,105857.2
10169,130049.9281,129277.8099,772.1182,0.0000,5.299,105867.9
10170,130049.9281,129277.8099,772.1182,0.0000,5.299,105878.5
10171,130049.9281,129277.8099,772.1182,0.0000,5.299,105889.4
10172,130049.9281,129277.8099,772.1182,0.0000,5.299,105900.3
10173,130049.9281,129277.8099,772.1182,0.0000,5.299,105911.3
10174,130049.9281,129277.8099,772.1182,0.0000,5.299,105922.2
10175,130049.9281,129277.8099,772.1182,0.0000,5.299,105932.8
10176,130049.9281,129277.8099,772.1182,0.0000,5.299,105943.6
10177,130049.9281,129277.8099,772.1182,0.0000,5.299,105954.2
10178,130049.9281,129277.8099,772.1182,0.0000,5.299,105965.0
10179,130049.9281,129277.8099,772.1182,0.0000,5.299,105976.0
10180,130049.9281,129277.8099,772.1182,0.0000,5.299,105986.9
10181,130049.9281,129277.8099,772.1182,0.0000,5.299,105997.8
10182,130049.9281,129277.8099,772.1182,0.0000,5.299,106008.3
10183,130049.9281,129277.8099,772.1182,0.0000,5.299,106019.0
10184,130049.9281,129277.8099,772.1182,0.0000,5.299,106030.0
10185,130049.9281,129277.8099,772.1182,0.0000,5.299,106040.7
10186,130049.9281,129277.8099,772.1182,0.0000,5.299,106051.8
10187,130049.9281,129277.8099,772.1182,0.0000,5.299,106062.9
10188,130049.9281,129277.8099,772.1182,0.0000,5.299,106073.9
10189,130049.9281,129277.8099,772.1182,0.0000,5.299,106084.4
10190,130049.9281,129277.8099,772.1182,0.0000,5.299,106094.9
10191,130049.9281,129285.8646,764.0635,0.0185,5.30215,106105.8
10192,130049.9281,129285.8646,764.0635,0.0000,5.30215,106116.6
10193,130071.1479,129285.8646,785.2833,0.0185,5.36134,106127.7
10194,130071.1479,129285.8646,785.2833,0.0000,5.36134,106138.8
10195,130071.1479,129285.8646,785.2833,0.0000,5.36134,106149.3
10196,130071.1479,129285.8646,785.2833,0.0000,5.36134,106159.7
10197,130071.1479,129285.8646,785.2833,0.0000,5.36134,106170.1
10198,130071.1479,129285.8646,785.2833,0.0000,5.36134,106180.6
10199,130071.1479,129285.8646,785.2833,0.0000,5.36134,106191.6
10200,130071.1479,129285.8646,785.2833,0.0000,5.36134,106202.3
10201,130071.1479,129285.8646,785.2833,0.0000,5.36134,106213.4
10202,130071.1479,129285.8646,785.2833,0.0000,5.36134,106224.4
10203,130071.1479,129285.8646,785.2833,0.0000,5.36134,106235.5
10204,130071.1479,129285.8646,785.2833,0.0000,5.36134,106246.2
10205,130071.1479,129285.8646,785.2833,0.0000,5.36134,106256.9
10206,130071.1479,129285.8646,785.2833,0.0000,5.36134,106268.1
10207,130071.1479,129285.8646,785.2833,0.0000,5.36134,106278.8
10208,130071.1479,129285.8646,785.2833,0.0000,5.36134,106289.2
10209,130071.1479,129285.8646,785.2833,0.0000,5.36134,106300.2
10210,130071.1479,129285.8646,785.2833,0.0000,5.36134,106311.1
10211,130071.1479,129285.8646,785.2833,0.0000,5.36134,106321.9
10212,130071.1479,129285.8646,785.2833,0.0000,5.36134,106333.2
10213,130071.1479,129285.8646,785.2833,0.0000,5.36134,106344.1
10214,130071.1479,129285.8646,785.2833,0.0000,5.36134,106354.9
10215,130071.1479,129285.8646,785.2833,0.0000,5.36134,106365.4
10216,130071.1479,129285.8646,785.2833,0.0000,5.36134,106376.4
10217,130071.1479,129285.8646,785.2833,0.0000,5.36134,106387.4
10218,130071.1479,129285.8646,785.2833,0.0000,5.36134,106398.1
10219,130071.1479,129285.8646,785.2833,0.0000,5.36134,106408.6
10220,130071.1479,129285.8646,785.2833,0.0000,5.36134,106419.8
10221,130071.1479,129285.8646,785.2833,0.0000,5.36134,106430.6
10222,130071.1479,129285.8646,785.2833,0.0000,5.36134,106441.2
10223,130071.1479,129285.8646,785.2833,0.0000,5.36134,106451.6
10224,130071.1479,129285.8646,785.2833,0.0000,5.36134,106462.4
10225,130071.1479,129285.8646,785.2833,0.0000,5.36134,106473.2
10226,130071.1479,129285.8646,785.2833,0.0000,5.36134,106483.8
10227,130071.1479,129285.8646,785.2833,0.0000,5.36134,106494.4
10228,130071.1479,129285.8646,785.2833,0.0000,5.36134,106505.5
10229,130071.1479,129285.8646,785.2833,0.0000,5.36134,106516.2
10230,130071.1479,129285.8646,785.2833,0.0000,5.36134,106526.9
10231,130071.1479,129285.8646,785.2833,0.0000,5.36134,106537.8
10232,130071.1479,129285.8646,785.2833,0.0000,5.36134,106548.4
10233,130071.1479,129285.8646,785.2833,0.0000,5.36134,106559.0
10234,130071.1479,129285.8646,785.2833,0.0000,5.36134,106569.7
10235,130071.1479,129285.8646,785.2833,0.0000,5.36134,106580.4
10236,130071.1479,129285.8646,785.2833,0.0000,5.36134,106591.6
10237,130071.1479,129285.8646,785.2833,0.0000,5.36134,106602.6
10238,130071.1479,129285.8646,785.2833,0.0000,5.36134,106613.0
10239,130071.1479,129285.8646,785.2833,0.0000,5.36134,106624.2
10240,130071.1479,129285.8646,785.2833,0.0000,5.36134,106635.0
10241,130071.1479,129285.8646,785.2833,0.0000,5.36134,106645.7
10242,130071.1479,129285.8646,785.2833,0.0000,5.36134,106656.7
10243,130071.1479,129285.8646,785.2833,0.0000,5.36134,106666.9
10244,130071.1479,129285.8646,785.2833,0.0000,5.36134,106677.9
10245,130071.1479,129285.8646,785.2833,0.0000,5.36134,106688.8
10246,130071.1479,129285.8646,785.2833,0.0000,5.36134,106700.0
10247,130071.1479,129285.8646,785.2833,0.0000,5.36134,106710.6
10248,130071.1479,129285.8646,785.2833,0.0000,5.36134,106721.2
10249,130071.1479,129285.8646,785.2833,0.0000,5.36134,106732.2
10250,130071.1479,129285.8646,785.2833,0.0000,5.36134,106742.9
10251,130071.1479,129285.8646,785.2833,0.0000,5.36134,106754.3
10252,130071.1479,129285.8646,785.2833,0.0000,5.36134,106765.1
10253,130071.1479,129285.8646,785.2833,0.0000,5.36134,106775.9
10254,130071.1479,129285.8646,785.2833,0.0000,5.36134,106786.9
10255,130071.1479,129285.8646,785.2833,0.0000,5.36134,106797.6
10256,130071.1479,129285.8646,785.2833,0.0000,5.36134,106808.4
10257,130071.1479,129285.8646,785.2833,0.0000,5.36134,106819.1
10258,130071.1479,129285.8646,785.2833,0.0000,5.36134,106830.0
10259,130071.1479,129285.8646,785.2833,0.0000,5.36134,106841.0
10260,130071.1479,129285.8646,785.2833,0.0000,5.36134,106851.5
10261,130071.1479,129285.8646,785.2833,0.0000,5.36134,106862.2
10262,130071.1479,129285.8646,785.2833,0.0000,5.36134,106872.8
10263,130071.1479,129285.8646,785.2833,0.0000,5.36134,106883.4
10264,130071.1479,129285.8646,785.2833,0.0000,5.36134,106894.3
10265,130071.1479,129285.8646,785.2833,0.0000,5.36134,106905.3
10266,130071.1479,129285.8646,785.2833,0.0000,5.36134,106915.7
10267,130071.1479,129285.8646,785.2833,0.0000,5.36134,106926.4
10268,130071.1479,129285.8646,785.2833,0.0000,5.36134,106937.2
10269,130071.1479,129285.8646,785.2833,0.0000,5.36134,106947.7
10270,130071.1479,129285.8646,785.2833,0.0000,5.36134,106958.1
10271,130071.1479,129285.8646,785.2833,0.0000,5.36134,106968.6
10272,130071.1479,129285.8646,785.2833,0.0000,5.36134,106979.5
10273,130071.1479,129285.8646,785.2833,0.0000,5.36134,106990.7
10274,130071.1479,129285.8646,785.2833,0.0000,5.36134,107001.4
10275,130071.1479,129285.8646,785.2833,0.0000,5.36134,107012.1
10276,130071.1479,129285.8646,785.2833,0.0000,5.36134,107022.8
10277,130071.1479,129285.8646,785.2833,0.0000,5.36134,107033.5
10278,130071.1479,129285.8646,785.2833,0.0000,5.36134,107044.3
10279,130071.1479,129285.8646,785.2833,0.0000,5.36134,107055.5
10280,130071.1479,129285.8646,785.2833,0.0000,5.36134,107066.3
10281,130071.1479,129285.8646,785.2833,0.0000,5.36134,107076.8
10282,130071.1479,129285.8646,785.2833,0.0000,5.36134,107087.8
10283,130071.1479,129285.8646,785.2833,0.0000,5.36134,107098.3
10284,130071.1479,129285.8646,785.2833,0.0000,5.36134,107109.2
10285,130071.1479,129285.8646,785.2833,0.0000,5.36134,107120.1
10286,130071.1479,129285.8646,785.2833,0.0000,5.36134,107131.0
10287,130071.1479,129285.8646,785.2833,0.0000,5.36134,107141.5
10288,130071.1479,129285.8646,785.2833,0.0000,5.36134,107152.1
10289,130071.1479,129285.8646,785.2833,0.0000,5.36134,107163.2
10290,130071.1479,129285.8646,785.2833,0.0000,5.36134,107173.8
10291,130071.1479,129315.0245,756.1234,0.0185,5.36253,107184.3
10292,130071.1479,129315.0245,756.1234,0.0000,5.36253,107195.0
10293,130071.1479,129315.0245,756.1234,0.0000,5.36253,107206.5
10294,130071.1479,129315.0245,756.1234,0.0000,5.36253,107217.5
10295,130071.1479,129315.0245,756.1234,0.0000,5.36253,107228.2
10296,130071.1479,129315.0245,756.1234,0.0000,5.36253,107239.1
10297,130071.1479,129315.0245,756.1234,0.0000,5.36253,107250.3
10298,130071.1479,129315.0245,756.1234,0.0000,5.36253,107260.9
10299,130071.1479,129315.0245,756.1234,0.0000,5.36253,107271.6
10300,130071.1479,129315.0245,756.1234,0.0000,5.36253,107282.2
10301,130071.1479,129315.0245,756.1234,0.0000,5.36253,107293.4
10302,130071.1479,129315.0245,756.1234,0.0000,5.36253,107304.4
10303,130071.1479,129315.0245,756.1234,0.0000,5.36253,107315.3
10304,130071.1479,129315.0245,756.1234,0.0185,5.34697,107326.5
10305,130071.1479,129315.0245,756.1234,0.0000,5.34697,107337.1
10306,130071.1479,129315.0245,756.1234,0.0000,5.34697,107348.2
10307,130071.1479,129315.0245,756.1234,0.0000,5.34697,107359.1
10308,130071.1479,129315.0245,756.1234,0.0000,5.34697,107370.3
10309,130071.1479,129315.0245,756.1234,0.0000,5.34697,107381.1
10310,130071.1479,129315.0245,756.1234,0.0000,5.34697,107392.0
10311,130071.1479,129315.0245,756.1234,0.0000,5.34697,107402.9
10312,130071.1479,129315.0245,756.1234,0.0185,5.32286,107414.1
10313,130071.1479,129315.0245,756.1234,0.0000,5.32286,107424.9
10314,130071.1479,129315.0245,756.1234,0.0000,5.32286,107436.0
10315,130071.1479,129315.0245,756.1234,0.0185,5.32609,107446.7
10316,130071.1479,129315.0245,756.1234,0.0000,5.32609,107457.7
10317,130071.1479,129315.0245,756.1234,0.0000,5.32609,107468.6
10318,130071.1479,129315.0245,756.1234,0.0000,5.32609,107479.2
10319,130071.1479,129315.0245,756.1234,0.0000,5.32609,107490.0
10320,130071.1479,129315.0245,756.1234,0.0000,5.32609,107501.0
10321,130071.1479,129315.0245,756.1234,0.0000,5.32609,107511.6
10322,130071.1479,129315.0245,756.1234,0.0000,5.32609,107522.7
10323,130071.1479,129315.0245,756.1234,0.0000,5.32609,107533.3
10324,130071.1479,129315.0245,756.1234,0.0000,5.32609,107544.3
10325,130071.1479,129315.0245,756.1234,0.0000,5.32609,107555.3
10326,130071.1479,129315.0245,756.1234,0.0000,5.32609,107566.1
10327,130071.1479,129315.0245,756.1234,0.0000,5.32609,107577.0
10328,130071.1479,129315.0245,756.1234,0.0000,5.32609,107587.8
10329,130071.1479,129315.0245,756.1234,0.0000,5.32609,107599.1
10330,130071.1479,129315.0245,756.1234,0.0000,5.32609,107610.1
10331,130071.1479,129315.0245,756.1234,0.0000,5.32609,107621.4
10332,130071.1479,129315.0245,756.1234,0.0000,5.32609,107632.4
10333,130071.1479,129315.0245,756.1234,0.0000,5.32609,107643.0
10334,130071.1479,129315.0245,756.1234,0.0000,5.32609,107653.8
10335,130071.1479,129315.0245,756.1234,0.0000,5.32609,107665.1
10336,130071.1479,129315.0245,756.1234,0.0000,5.32609,107676.0
10337,130071.1479,129315.0245,756.1234,0.0000,5.32609,107687.2
10338,130071.1479,129315.0245,756.1234,0.0000,5.32609,107698.1
10339,130071.1479,129315.0245,756.1234,0.0000,5.32609,107709.4
10340,130071.1479,129315.0245,756.1234,0.0000,5.32609,107720.4
10341,130071.1479,129315.0245,756.1234,0.0000,5.32609,107731.5
10342,130071.1479,129315.0245,756.1234,0.0000,5.32609,107742.5
10343,130071.1479,129315.0245,756.1234,0.0000,5.32609,107753.5
10344,130071.1479,129315.0245,756.1234,0.0000,5.32609,107764.5
10345,130071.1479,129315.0245,756.1234,0.0000,5.32609,107775.3
10346,130071.1479,129315.0245,756.1234,0.0000,5.32609,107786.6
10347,130071.1479,129315.0245,756.1234,0.0000,5.32609,107797.6
10348,130071.1479,129315.0245,756.1234,0.0000,5.32609,107808.5
10349,130071.1479,129315.0245,756.1234,0.0000,5.32609,107819.4
10350,130071.1479,129315.0245,756.1234,0.0000,5.32609,107830.4
10351,130071.1479,129315.0245,756.1234,0.0000,5.32609,107841.4
10352,130071.1479,129315.0245,756.1234,0.0000,5.32609,107852.5
10353,130071.1479,129315.0245,756.1234,0.0000,5.32609,107863.4
10354,130071.1479,129315.0245,756.1234,0.0000,5.32609,107874.3
10355,130071.1479,129315.0245,756.1234,0.0000,5.32609,107885.4
10356,130071.1479,129315.0245,756.1234,0.0000,5.32609,107896.5
10357,130071.1479,129315.0245,756.1234,0.0000,5.32609,107907.6
10358,130071.1479,129315.0245,756.1234,0.0000,5.32609,107918.3
10359,130071.1479,129315.0245,756.1234,0.0000,5.32609,107929.3
10360,130071.1479,129315.0245,756.1234,0.0000,5.32609,107940.5
10361,130071.1479,129315.0245,756.1234,0.0000,5.32609,107951.7
10362,130071.1479,129315.0245,756.1234,0.0000,5.32609,107962.8
10363,130071.1479,129315.0245,756.1234,0.0000,5.32609,107973.4
10364,130071.1479,129315.0245,756.1234,0.0000,5.32609,107984.4
10365,130071.1479,129315.0245,756.1234,0.0000,5.32609,107995.4
10366,130071.1479,129315.0245,756.1234,0.0000,5.32609,108006.1
10367,130071.1479,129315.0245,756.1234,0.0000,5.32609,108016.9
10368,130071.1479,129315.0245,756.1234,0.0000,5.32609,108027.8
10369,130071.1479,129315.0245,756.1234,0.0000,5.32609,108038.7
10370,130071.1479,129315.0245,756.1234,0.0000,5.32609,108049.5
10371,130071.1479,129315.0245,756.1234,0.0000,5.32609,108060.4
10372,130071.1479,129315.0245,756.1234,0.0000,5.32609,108071.5
10373,130071.1479,129315.0245,756.1234,0.0000,5.32609,108082.7
10374,130071.1479,129315.0245,756.1234,0.0000,5.32609,108093.5
10375,130071.1479,129315.0245,756.1234,0.0000,5.32609,108104.3
10376,130071.1479,129315.0245,756.1234,0.0000,5.32609,108115.8
10377,130071.1479,129315.0245,756.1234,0.0000,5.32609,108127.0
10378,130071.1479,129315.0245,756.1234,0.0000,5.32609,108138.1
10379,130071.1479,129315.0245,756.1234,0.0000,5.32609,108148.8
10380,130071.1479,129315.0245,756.1234,0.0000,5.32609,108159.7
10381,130071.1479,129315.0245,756.1234,0.0000,5.32609,108170.4
10382,130071.1479,129315.0245,756.1234,0.0000,5.32609,108181.7
10383,130071.1479,129315.0245,756.1234,0.0000,5.32609,108192.5
10384,130071.1479,129315.0245,756.1234,0.0000,5.32609,108203.6
10385,130071.1479,129315.0245,756.1234,0.0000,5.32609,108214.4
10386,130071.1479,129315.0245,756.1234,0.0000,5.32609,108225.2
10387,130071.1479,129315.0245,756.1234,0.0000,5.32609,108236.2
10388,130071.1479,129315.0245,756.1234,0.0000,5.32609,108247.1
10389,130071.1479,129315.0245,756.1234,0.0185,5.3293,108258.0
10390,130071.1479,129315.0245,756.1234,0.0000,5.3293,108269.1
10391,130071.1479,129315.0245,756.1234,0.0000,5.3293,108280.0
10392,130071.1479,129315.0245,756.1234,0.0000,5.3293,108291.0
10393,130071.1479,129315.0245,756.1234,0.0000,5.3293,108301.8
10394,130071.1479,129315.0245,756.1234,0.0000,5.3293,108313.1
10395,130071.1479,129315.0245,756.1234,0.0000,5.3293,108324.4
10396,130071.1479,129315.0245,756.1234,0.0000,5.3293,108335.3
10397,130071.1479,129315.0245,756.1234,0.0000,5.3293,108345.9
10398,130071.1479,129315.0245,756.1234,0.0000,5.3293,108356.9
10399,130071.1479,129315.0245,756.1234,0.0000,5.3293,108367.5
10400,130071.1479,129315.0245,756.1234,0.0000,5.3293,108378.1
10401,130071.1479,129315.0245,756.1234,0.0000,5.3293,108389.3
10402,130071.1479,129315.0245,756.1234,0.0000,5.3293,108400.2
10403,130071.1479,129315.0245,756.1234,0.0000,5.3293,108411.0
10404,130071.1479,129315.0245,756.1234,0.0000,5.3293,108422.2
10405,130071.1479,129315.0245,756.1234,0.0000,5.3293,108432.8
10406,130071.1479,129315.0245,756.1234,0.0000,5.3293,108443.7
10407,130071.1479,129315.0245,756.1234,0.0000,5.3293,108454.3
10408,130071.1479,129315.0245,756.1234,0.0000,5.3293,108464.9
10409,130071.1479,129315.0245,756.1234,0.0000,5.3293,108476.2
10410,130071.1479,129315.0245,756.1234,0.0000,5.3293,108486.7
10411,130071.1479,129315.0245,756.1234,0.0000,5.3293,108497.6
10412,130071.1479,129315.0245,756.1234,0.0000,5.3293,108508.2
10413,130071.1479,129315.0245,756.1234,0.0000,5.3293,108519.4
10414,130071.1479,129315.0245,756.1234,0.0000,5.3293,108530.1
10415,130071.1479,129315.0245,756.1234,0.0000,5.3293,108540.7
10416,130071.1479,129315.0245,756.1234,0.0000,5.3293,108551.2
10417,130071.1479,129315.0245,756.1234,0.0000,5.3293,108562.2
10418,130071.1479,129315.0245,756.1234,0.0000,5.3293,108573.3
10419,130071.1479,129315.0245,756.1234,0.0000,5.3293,108584.3
10420,130071.1479,129315.0245,756.1234,0.0000,5.3293,108595.2
10421,130071.1479,129315.0245,756.1234,0.0000,5.3293,108606.4
10422,130071.1479,129315.0245,756.1234,0.0000,5.3293,108617.5
10423,130071.1479,129315.0245,756.1234,0.0000,5.3293,108628.5
10424,130071.1479,129315.0245,756.1234,0.0000,5.3293,108639.7
10425,130071.1479,129315.0245,756.1234,0.0000,5.3293,108650.6
10426,130071.1479,129315.0245,756.1234,0.0000,5.3293,108661.4
10427,130071.1479,129315.0245,756.1234,0.0000,5.3293,108672.4
10428,130071.1479,129315.0245,756.1234,0.0000,5.3293,108683.3
10429,130071.1479,129315.0245,756.1234,0.0000,5.3293,108694.3
10430,130071.1479,129315.0245,756.1234,0.0000,5.3293,108705.1
10431,130071.1479,129315.0245,756.1234,0.0000,5.3293,108716.3
10432,130071.1479,129315.0245,756.1234,0.0000,5.3293,108727.3
10433,130071.1479,129315.0245,756.1234,0.0000,5.3293,108738.2
10434,130071.1479,129315.0245,756.1234,0.0000,5.3293,108749.8
10435,130071.1479,129315.0245,756.1234,0.0000,5.3293,108760.8
10436,130071.1479,129315.0245,756.1234,0.0000,5.3293,108771.9
10437,130071.1479,129315.0245,756.1234,0.0000,5.3293,108782.3
10438,130071.1479,129315.0245,756.1234,0.0000,5.3293,108793.2
10439,130071.1479,129315.0245,756.1234,0.0000,5.3293,108804.0
10440,130071.1479,129315.0245,756.1234,0.0000,5.3293,108815.1
10441,130071.1479,129315.0245,756.1234,0.0000,5.3293,108826.0
10442,130071.1479,129315.0245,756.1234,0.0000,5.3293,108836.9
10443,130071.1479,129315.0245,756.1234,0.0000,5.3293,108847.9
10444,130071.1479,129315.0245,756.1234,0.0000,5.3293,108858.9
10445,130071.1479,129315.0245,756.1234,0.0000,5.3293,108869.6
10446,130071.1479,129315.0245,756.1234,0.0000,5.3293,108880.3
10447,130071.1479,129315.0245,756.1234,0.0000,5.3293,108891.5
10448,130071.1479,129315.0245,756.1234,0.0185,5.32994,108902.7
10449,130071.1479,129315.0245,756.1234,0.0000,5.32994,108913.5
10450,130071.1479,129315.0245,756.1234,0.0000,5.32994,108924.3
10451,130071.1479,129315.0245,756.1234,0.0000,5.32994,108935.3
10452,130071.1479,129315.0245,756.1234,0.0000,5.32994,108946.1
10453,130071.1479,129315.0245,756.1234,0.0000,5.32994,108956.9
10454,130071.1479,129315.0245,756.1234,0.0000,5.32994,108967.7
10455,130071.1479,129315.0245,756.1234,0.0185,5.32547,108978.4
10456,130071.1479,129315.0245,756.1234,0.0000,5.32547,108989.9
10457,130071.1479,129315.0245,756.1234,0.0000,5.32547,109000.8
10458,130071.1479,129315.0245,756.1234,0.0000,5.32547,109011.7
10459,130071.1479,129315.0245,756.1234,0.0000,5.32547,109022.3
10460,130071.1479,129315.0245,756.1234,0.0000,5.32547,109033.5
10461,130071.1479,129315.0245,756.1234,0.0000,5.32547,109043.8
10462,130071.1479,129315.0245,756.1234,0.0000,5.32547,109054.8
10463,130071.1479,129315.0245,756.1234,0.0000,5.32547,109065.5
10464,130071.1479,129315.0245,756.1234,0.0000,5.32547,109076.5
10465,130071.1479,129315.0245,756.1234,0.0000,5.32547,109087.8
10466,130071.1479,129315.0245,756.1234,0.0000,5.32547,109098.4
10467,130071.1479,129315.0245,756.1234,0.0000,5.32547,109109.3
10468,130071.1479,129315.0245,756.1234,0.0000,5.32547,109119.9
10469,130071.1479,129315.0245,756.1234,0.0185,5.30511,109130.5
10470,130071.1479,129315.0245,756.1234,0.0000,5.30511,109141.0
10471,130071.1479,129315.0245,756.1234,0.0000,5.30511,109151.5
10472,130071.1479,129315.0245,756.1234,0.0000,5.30511,109162.5
10473,130071.1479,129315.0245,756.1234,0.0000,5.30511,109172.9
10474,130071.1479,129315.0245,756.1234,0.0000,5.30511,109184.1
10475,130071.1479,129315.0245,756.1234,0.0000,5.30511,109195.4
10476,130071.1479,129315.0245,756.1234,0.0000,5.30511,109206.5
10477,130071.1479,129315.0245,756.1234,0.0000,5.30511,109217.1
10478,130071.1479,129315.0245,756.1234,0.0000,5.30511,109227.7
10479,130071.1479,129315.0245,756.1234,0.0000,5.30511,109239.1
10480,130071.1479,129315.0245,756.1234,0.0000,5.30511,109250.2
10481,130071.1479,129315.0245,756.1234,0.0000,5.30511,109261.2
10482,130071.1479,129315.0245,756.1234,0.0000,5.30511,109271.8
10483,130071.1479,129315.0245,756.1234,0.0000,5.30511,109282.5
10484,130071.1479,129315.0245,756.1234,0.0000,5.30511,109293.2
10485,130071.1479,129315.0245,756.1234,0.0000,5.30511,109304.0
10486,130071.1479,129315.0245,756.1234,0.0000,5.30511,109315.0
10487,130071.1479,129315.0245,756.1234,0.0000,5.30511,109325.5
10488,130071.1479,129315.0245,756.1234,0.0000,5.30511,109336.5
10489,130071.1479,129315.0245,756.1234,0.0000,5.30511,109347.5
10490,130071.1479,129315.0245,756.1234,0.0000,5.30511,109358.5
10491,130071.1479,129315.0245,756.1234,0.0000,5.30511,109369.5
10492,130071.1479,129315.0245,756.1234,0.0000,5.30511,109380.2
10493,130071.1479,129315.0245,756.1234,0.0000,5.30511,109390.6
10494,130071.1479,129315.0245,756.1234,0.0000,5.30511,109401.8
10495,130071.1479,129315.0245,756.1234,0.0000,5.30511,109412.6
10496,130071.1479,129315.0245,756.1234,0.0000,5.30511,109423.3
10497,130071.1479,129315.0245,756.1234,0.0000,5.30511,109434.3
10498,130071.1479,129315.0245,756.1234,0.0000,5.30511,109445.2
10499,130071.1479,129315.0245,756.1234,0.0000,5.30511,109456.2
10500,130071.1479,129315.0245,756.1234,0.0000,5.30511,109467.0
10501,130071.1479,129315.0245,756.1234,0.0000,5.30511,109477.8
10502,130071.1479,129315.0245,756.1234,0.0000,5.30511,109488.9
10503,130071.1479,129315.0245,756.1234,0.0000,5.30511,109500.1
10504,130071.1479,129315.0245,756.1234,0.0000,5.30511,109511.2
10505,130071.1479,129315.0245,756.1234,0.0000,5.30511,109522.2
10506,130071.1479,129315.0245,756.1234,0.0000,5.30511,109533.1
10507,130071.1479,129315.0245,756.1234,0.0000,5.30511,109544.1
10508,130071.1479,129315.0245,756.1234,0.0000,5.30511,109555.3
10509,130071.1479,129315.0245,756.1234,0.0000,5.30511,109566.2
10510,130071.1479,129315.0245,756.1234,0.0000,5.30511,109576.8
10511,130071.1479,129315.0245,756.1234,0.0000,5.30511,109587.1
10512,130071.1479,129315.0245,756.1234,0.0000,5.30511,109598.7
10513,130071.1479,129315.0245,756.1234,0.0000,5.30511,109609.3
10514,130071.1479,129315.0245,756.1234,0.0000,5.30511,109619.8
10515,130071.1479,129315.0245,756.1234,0.0000,5.30511,109630.8
10516,130071.1479,129315.0245,756.1234,0.0000,5.30511,109641.3
10517,130071.1479,129315.0245,756.1234,0.0000,5.30511,109651.9
10518,130071.1479,129315.0245,756.1234,0.0000,5.30511,109663.1
10519,130071.1479,129315.0245,756.1234,0.0000,5.30511,109674.2
10520,130071.1479,129315.0245,756.1234,0.0000,5.30511,109685.1
10521,130071.1479,129315.0245,756.1234,0.0000,5.30511,109695.9
10522,130071.1479,129315.0245,756.1234,0.0000,5.30511,109706.9
10523,130071.1479,129315.0245,756.1234,0.0000,5.30511,109718.1
10524,130071.1479,129315.0245,756.1234,0.0000,5.30511,109729.0
10525,130071.1479,129315.0245,756.1234,0.0000,5.30511,109740.6
10526,130071.1479,129315.0245,756.1234,0.0185,5.35825,109751.4
10527,130071.1479,129315.0245,756.1234,0.0000,5.35825,109762.4
10528,130071.1479,129315.0245,756.1234,0.0000,5.35825,109773.2
10529,130071.1479,129315.0245,756.1234,0.0000,5.35825,109784.6
10530,130071.1479,129315.0245,756.1234,0.0185,5.4352,109795.2
10531,130071.1479,129315.0245,756.1234,0.0000,5.4352,109806.4
10532,130071.1479,129315.0245,756.1234,0.0000,5.4352,109817.1
10533,130071.1479,129315.0245,756.1234,0.0000,5.4352,109827.8
10534,130071.1479,129315.0245,756.1234,0.0000,5.4352,109838.8
10535,130071.1479,129315.0245,756.1234,0.0000,5.4352,109849.8
10536,130071.1479,129315.0245,756.1234,0.0000,5.4352,109860.7
10537,130071.1479,129315.0245,756.1234,0.0000,5.4352,109871.7
10538,130071.1479,129315.0245,756.1234,0.0000,5.4352,109882.7
10539,130071.1479,129315.0245,756.1234,0.0000,5.4352,109894.1
10540,130071.1479,129315.0245,756.1234,0.0000,5.4352,109905.1
10541,130071.1479,129315.0245,756.1234,0.0000,5.4352,109916.3
10542,130071.1479,129315.0245,756.1234,0.0000,5.4352,109927.4
10543,130071.1479,129315.0245,756.1234,0.0000,5.4352,109938.4
10544,130071.1479,129315.0245,756.1234,0.0000,5.4352,109949.1
10545,130071.1479,129315.0245,756.1234,0.0000,5.4352,109960.1
10546,130071.1479,129315.0245,756.1234,0.0000,5.4352,109971.6
10547,130071.1479,129315.0245,756.1234,0.0000,5.4352,109982.8
10548,130071.1479,129315.0245,756.1234,0.0000,5.4352,109993.9
10549,130071.1479,129315.0245,756.1234,0.0000,5.4352,110005.0
10550,130071.1479,129315.0245,756.1234,0.0000,5.4352,110016.2
10551,130071.1479,129315.0245,756.1234,0.0000,5.4352,110027.2
10552,130071.1479,129315.0245,756.1234,0.0000,5.4352,110038.0
10553,130071.1479,129315.0245,756.1234,0.0000,5.4352,110049.0
10554,130071.1479,129315.0245,756.1234,0.0000,5.4352,110059.8
10555,130071.1479,129315.0245,756.1234,0.0000,5.4352,110070.4
10556,130071.1479,129315.0245,756.1234,0.0000,5.4352,110081.6
10557,130071.1479,129315.0245,756.1234,0.0000,5.4352,110092.8
10558,130071.1479,129315.0245,756.1234,0.0000,5.4352,110104.1
10559,130071.1479,129315.0245,756.1234,0.0000,5.4352,110114.7
10560,130071.1479,129315.0245,756.1234,0.0000,5.4352,110125.7
10561,130071.1479,129315.0245,756.1234,0.0000,5.4352,110136.3
10562,130071.1479,129315.0245,756.1234,0.0000,5.4352,110147.5
10563,130071.1479,129315.0245,756.1234,0.0000,5.4352,110158.5
10564,130071.1479,129315.0245,756.1234,0.0000,5.4352,110169.0
10565,130071.1479,129315.0245,756.1234,0.0000,5.4352,110179.8
10566,130071.1479,129315.0245,756.1234,0.0000,5.4352,110191.3
10567,130071.1479,129315.0245,756.1234,0.0000,5.4352,110202.1
10568,130071.1479,129315.0245,756.1234,0.0000,5.4352,110213.3
10569,130071.1479,129315.0245,756.1234,0.0000,5.4352,110224.4
10570,130071.1479,129315.0245,756.1234,0.0000,5.4352,110235.4
10571,130071.1479,129315.0245,756.1234,0.0000,5.4352,110246.1
10572,130071.1479,129315.0245,756.1234,0.0000,5.4352,110257.4
10573,130071.1479,129315.0245,756.1234,0.0000,5.4352,110268.6
10574,130071.1479,129315.0245,756.1234,0.0000,5.4352,110280.0
10575,130071.1479,129315.0245,756.1234,0.0000,5.4352,110290.9
10576,130071.1479,129315.0245,756.1234,0.0000,5.4352,110301.8
10577,130071.1479,129315.0245,756.1234,0.0000,5.4352,110312.7
10578,130071.1479,129315.0245,756.1234,0.0000,5.4352,110323.2
10579,130071.1479,129315.0245,756.1234,0.0000,5.4352,110334.2
10580,130071.1479,129315.0245,756.1234,0.0000,5.4352,110345.4
10581,130071.1479,129315.0245,756.1234,0.0000,5.4352,110356.2
10582,130071.1479,129315.0245,756.1234,0.0000,5.4352,110367.3
10583,130071.1479,129315.0245,756.1234,0.0000,5.4352,110378.4
10584,130071.1479,129315.0245,756.1234,0.0000,5.4352,110389.4
10585,130071.1479,129315.0245,756.1234,0.0000,5.4352,110400.8
10586,130071.1479,129315.0245,756.1234,0.0000,5.4352,110412.3
10587,130071.1479,129315.0245,756.1234,0.0000,5.4352,110423.1
10588,130071.1479,129315.0245,756.1234,0.0000,5.4352,110433.8
10589,130071.1479,129315.0245,756.1234,0.0000,5.4352,110444.8
10590,130071.1479,129315.0245,756.1234,0.0000,5.4352,110455.7
10591,130071.1479,129315.0245,756.1234,0.0000,5.4352,110466.5
10592,130071.1479,129315.0245,756.1234,0.0000,5.4352,110477.3
10593,130071.1479,129315.0245,756.1234,0.0000,5.4352,110488.2
10594,130071.1479,129315.0245,756.1234,0.0000,5.4352,110499.2
10595,130071.1479,129315.0245,756.1234,0.0000,5.4352,110510.3
10596,130071.1479,129315.0245,756.1234,0.0000,5.4352,110521.3
10597,130071.1479,129315.0245,756.1234,0.0000,5.4352,110532.0
10598,130071.1479,129315.0245,756.1234,0.0000,5.4352,110543.1
10599,130071.1479,129315.0245,756.1234,0.0000,5.4352,110554.6
10600,130071.1479,129315.0245,756.1234,0.0000,5.4352,110565.3
10601,130071.1479,129315.0245,756.1234,0.0185,5.39475,110576.3
10602,130071.1479,129315.0245,756.1234,0.0000,5.39475,110587.1
10603,130071.1479,129315.0245,756.1234,0.0000,5.39475,110598.0
10604,130071.1479,129315.0245,756.1234,0.0000,5.39475,110609.1
10605,130071.1479,129315.0245,756.1234,0.0000,5.39475,110619.8
10606,130071.1479,129315.0245,756.1234,0.0000,5.39475,110630.8
10607,130071.1479,129315.0245,756.1234,0.0000,5.39475,110641.5
10608,130071.1479,129315.0245,756.1234,0.0000,5.39475,110652.4
10609,130071.1479,129315.0245,756.1234,0.0000,5.39475,110663.3
10610,130071.1479,129315.0245,756.1234,0.0000,5.39475,110674.0
10611,130071.1479,129315.0245,756.1234,0.0000,5.39475,110685.3
10612,130071.1479,129315.0245,756.1234,0.0000,5.39475,110696.0
10613,130071.1479,129315.0245,756.1234,0.0000,5.39475,110707.0
10614,130071.1479,129315.0245,756.1234,0.0000,5.39475,110718.1
10615,130071.1479,129315.0245,756.1234,0.0000,5.39475,110728.8
10616,130071.1479,129315.0245,756.1234,0.0000,5.39475,110739.7
10617,130071.1479,129315.0245,756.1234,0.0000,5.39475,110750.4
10618,130071.1479,129315.0245,756.1234,0.0000,5.39475,110761.2
10619,130071.1479,129315.0245,756.1234,0.0185,5.39601,110772.5
10620,130071.1479,129321.6009,749.5470,0.0185,5.40124,110783.5
10621,130071.1479,129321.6009,749.5470,0.0000,5.40124,110793.9
10622,130071.1479,129321.6009,749.5470,0.0000,5.40124,110804.9
10623,130071.1479,129321.6009,749.5470,0.0000,5.40124,110816.2
10624,130071.1479,129321.6009,749.5470,0.0000,5.40124,110827.2
10625,130071.1479,129321.6009,749.5470,0.0000,5.40124,110838.3
10626,130071.1479,129321.6009,749.5470,0.0000,5.40124,110849.1
10627,130071.1479,129321.6009,749.5470,0.0000,5.40124,110859.5
10628,130071.1479,129321.6009,749.5470,0.0000,5.40124,110870.2
10629,130071.1479,129321.6009,749.5470,0.0000,5.40124,110881.1
10630,130071.1479,129321.6009,749.5470,0.0000,5.40124,110892.1
10631,130071.1479,129321.6009,749.5470,0.0000,5.40124,110903.3
10632,130071.1479,129321.6009,749.5470,0.0000,5.40124,110914.2
10633,130071.1479,129321.6009,749.5470,0.0000,5.40124,110925.1
10634,130071.1479,129321.6009,749.5470,0.0000,5.40124,110936.2
10635,130071.1479,129321.6009,749.5470,0.0000,5.40124,110947.2
10636,130071.1479,129321.6009,749.5470,0.0000,5.40124,110958.1
10637,130071.1479,129321.6009,749.5470,0.0000,5.40124,110968.9
10638,130071.1479,129321.6009,749.5470,0.0185,5.40568,110979.9
10639,130071.1479,129321.6009,749.5470,0.0185,5.42113,110991.1
10640,130071.1479,129321.6009,749.5470,0.0000,5.42113,111002.4
10641,130071.1479,129321.6009,749.5470,0.0000,5.42113,111013.5
10642,130071.1479,129321.6009,749.5470,0.0000,5.42113,111024.6
10643,130071.1479,129321.6009,749.5470,0.0000,5.42113,111035.7
10644,130071.1479,129321.6009,749.5470,0.0185,5.36732,111046.2
10645,130071.1479,129321.6009,749.5470,0.0000,5.36732,111057.8
10646,130071.1479,129321.6009,749.5470,0.0000,5.36732,111068.8
10647,130071.1479,129321.6009,749.5470,0.0185,5.36467,111080.2
10648,130071.1479,129321.6009,749.5470,0.0000,5.36467,111091.2
10649,130071.1479,129321.6009,749.5470,0.0185,5.40609,111102.1
10650,130071.1479,129321.6009,749.5470,0.0000,5.40609,111112.8
10651,130071.1479,129321.6009,749.5470,0.0000,5.40609,111123.8
10652,130071.1479,129321.6009,749.5470,0.0000,5.40609,111134.7
10653,130071.1479,129321.6009,749.5470,0.0000,5.40609,111145.5
10654,130071.1479,129321.6009,749.5470,0.0000,5.40609,111156.5
10655,130071.1479,129321.6009,749.5470,0.0000,5.40609,111167.5
10656,130071.1479,129321.6009,749.5470,0.0000,5.40609,111178.9
10657,130071.1479,129321.6009,749.5470,0.0000,5.40609,111189.4
10658,130071.1479,129321.6009,749.5470,0.0000,5.40609,111200.8
10659,130071.1479,129321.6009,749.5470,0.0000,5.40609,111211.6
10660,130071.1479,129321.6009,749.5470,0.0000,5.40609,111222.7
10661,130071.1479,129321.6009,749.5470,0.0185,5.41117,111233.8
10662,130071.1479,129321.6009,749.5470,0.0000,5.41117,111244.6
10663,130071.1479,129321.6009,749.5470,0.0000,5.41117,111255.0
10664,130071.1479,129321.6009,749.5470,0.0000,5.41117,111265.7
10665,130071.1479,129321.6009,749.5470,0.0000,5.41117,111276.3
10666,130071.1479,129321.6009,749.5470,0.0000,5.41117,111287.3
10667,130071.1479,129321.6009,749.5470,0.0000,5.41117,111297.9
10668,130071.1479,129321.6009,749.5470,0.0000,5.41117,111309.0
10669,130071.1479,129321.6009,749.5470,0.0185,5.40826,111319.8
10670,130071.1479,129321.6009,749.5470,0.0000,5.40826,111330.7
10671,130071.1479,129321.6009,749.5470,0.0000,5.40826,111341.9
10672,130071.1479,129321.6009,749.5470,0.0000,5.40826,111353.1
10673,130071.1479,129321.6009,749.5470,0.0000,5.40826,111363.8
10674,130071.1479,129321.6009,749.5470,0.0000,5.40826,111375.0
10675,130071.1479,129321.6009,749.5470,0.0000,5.40826,111386.1
10676,130071.1479,129321.6009,749.5470,0.0000,5.40826,111396.9
10677,130071.1479,129321.6009,749.5470,0.0000,5.40826,111407.8
10678,130071.1479,129321.6009,749.5470,0.0000,5.40826,111418.8
10679,130071.1479,129321.6009,749.5470,0.0000,5.40826,111429.6
10680,130071.1479,129321.6009,749.5470,0.0000,5.40826,111440.8
10681,130071.1479,129321.6009,749.5470,0.0000,5.40826,111452.0
10682,130071.1479,129321.6009,749.5470,0.0000,5.40826,111462.8
10683,130071.1479,129321.6009,749.5470,0.0000,5.40826,111473.9
10684,130071.1479,129321.6009,749.5470,0.0000,5.40826,111484.7
10685,130071.1479,129321.6009,749.5470,0.0000,5.40826,111495.4
10686,130071.1479,129321.6009,749.5470,0.0000,5.40826,111506.3
10687,130071.1479,129321.6009,749.5470,0.0000,5.40826,111517.6
10688,130071.1479,129321.6009,749.5470,0.0000,5.40826,111528.9
10689,130071.1479,129321.6009,749.5470,0.0000,5.40826,111539.9
10690,130071.1479,129321.6009,749.5470,0.0000,5.40826,111551.1
10691,130071.1479,129321.6009,749.5470,0.0000,5.40826,111561.9
10692,130071.1479,129321.6009,749.5470,0.0000,5.40826,111573.3
10693,130071.1479,129321.6009,749.5470,0.0000,5.40826,111584.4
10694,130071.1479,129321.6009,749.5470,0.0000,5.40826,111595.1
10695,130071.1479,129321.6009,749.5470,0.0000,5.40826,111606.0
10696,130071.1479,129321.6009,749.5470,0.0000,5.40826,111616.9
10697,130071.1479,129321.6009,749.5470,0.0000,5.40826,111627.8
10698,130071.1479,129321.6009,749.5470,0.0000,5.40826,111639.1
10699,130071.1479,129321.6009,749.5470,0.0000,5.40826,111650.1
10700,130071.1479,129321.6009,749.5470,0.0000,5.40826,111661.1
10701,130071.1479,129321.6009,749.5470,0.0000,5.40826,111672.0
10702,130071.1479,129321.6009,749.5470,0.0000,5.40826,111682.8
10703,130071.1479,129321.6009,749.5470,0.0000,5.40826,111693.9
10704,130071.1479,129321.6009,749.5470,0.0000,5.40826,111704.8
10705,130071.1479,129321.6009,749.5470,0.0000,5.40826,111715.8
10706,130071.1479,129321.6009,749.5470,0.0000,5.40826,111727.3
10707,130071.1479,129321.6009,749.5470,0.0000,5.40826,111738.6
10708,130071.1479,129321.6009,749.5470,0.0000,5.40826,111749.8
10709,130071.1479,129321.6009,749.5470,0.0000,5.40826,111761.1
10710,130071.1479,129321.6009,749.5470,0.0000,5.40826,111771.8
10711,130071.1479,129321.6009,749.5470,0.0000,5.40826,111782.4
10712,130071.1479,129321.6009,749.5470,0.0000,5.40826,111793.5
10713,130071.1479,129321.6009,749.5470,0.0185,5.53191,111804.2
10714,130071.1479,129321.6009,749.5470,0.0000,5.53191,111815.2
10715,130071.1479,129321.6009,749.5470,0.0000,5.53191,111826.1
10716,130071.1479,129321.6009,749.5470,0.0000,5.53191,111837.2
10717,130071.1479,129321.6009,749.5470,0.0000,5.53191,111847.9
10718,130071.1479,129321.6009,749.5470,0.0000,5.53191,111858.5
10719,130071.1479,129321.6009,749.5470,0.0000,5.53191,111869.4
10720,130071.1479,129321.6009,749.5470,0.0000,5.53191,111880.4
10721,130071.1479,129321.6009,749.5470,0.0000,5.53191,111891.1
10722,130071.1479,129321.6009,749.5470,0.0000,5.53191,111902.3
10723,130071.1479,129321.6009,749.5470,0.0000,5.53191,111913.1
10724,130071.1479,129321.6009,749.5470,0.0000,5.53191,111923.7
10725,130071.1479,129321.6009,749.5470,0.0000,5.53191,111935.0
10726,130071.1479,129321.6009,749.5470,0.0000,5.53191,111945.8
10727,130071.1479,129321.6009,749.5470,0.0000,5.53191,111956.6
10728,130071.1479,129321.6009,749.5470,0.0000,5.53191,111967.5
10729,130071.1479,129321.6009,749.5470,0.0000,5.53191,111978.6
10730,130071.1479,129321.6009,749.5470,0.0000,5.53191,111989.4
10731,130071.1479,129321.6009,749.5470,0.0000,5.53191,112000.5
10732,130071.1479,129321.6009,749.5470,0.0000,5.53191,112011.7
10733,130071.1479,129321.6009,749.5470,0.0000,5.53191,112022.5
10734,130071.1479,129321.6009,749.5470,0.0185,5.57997,112033.3
10735,130071.1479,129321.6009,749.5470,0.0000,5.57997,112044.5
10736,130071.1479,129321.6009,749.5470,0.0000,5.57997,112055.3
10737,130071.1479,129321.6009,749.5470,0.0000,5.57997,112066.1
10738,130071.1479,129321.6009,749.5470,0.0000,5.57997,112077.4
10739,130071.1479,129321.6009,749.5470,0.0000,5.57997,112088.2
10740,130071.1479,129321.6009,749.5470,0.0000,5.57997,112099.2
10741,130071.1479,129321.6009,749.5470,0.0000,5.57997,112110.0
10742,130071.1479,129321.6009,749.5470,0.0000,5.57997,112120.7
10743,130071.1479,129321.6009,749.5470,0.0000,5.57997,112131.7
10744,130071.1479,129321.6009,749.5470,0.0000,5.57997,112142.8
10745,130071.1479,129321.6009,749.5470,0.0000,5.57997,112153.6
10746,130071.1479,129321.6009,749.5470,0.0000,5.57997,112164.5
10747,130071.1479,129321.6009,749.5470,0.0000,5.57997,112176.0
10748,130071.1479,129321.6009,749.5470,0.0000,5.57997,112187.1
10749,130071.1479,129321.6009,749.5470,0.0000,5.57997,112197.9
10750,130071.1479,129321.6009,749.5470,0.0000,5.57997,112209.0
10751,130071.1479,129321.6009,749.5470,0.0000,5.57997,112220.3
10752,130071.1479,129321.6009,749.5470,0.0000,5.57997,112231.3
10753,130071.1479,129321.6009,749.5470,0.0000,5.57997,112242.1
10754,130071.1479,129321.6009,749.5470,0.0000,5.57997,112253.3
10755,130071.1479,129321.6009,749.5470,0.0185,5.56878,112264.6
10756,130071.1479,129321.6009,749.5470,0.0185,5.57955,112276.3
10757,130071.1479,129321.6009,749.5470,0.0000,5.57955,112287.1
10758,130071.1479,129321.6009,749.5470,0.0000,5.57955,112297.8
10759,130071.1479,129321.6009,749.5470,0.0000,5.57955,112308.2
10760,130071.1479,129321.6009,749.5470,0.0000,5.57955,112319.1
10761,130071.1479,129321.6009,749.5470,0.0000,5.57955,112330.0
10762,130071.1479,129321.6009,749.5470,0.0000,5.57955,112341.6
10763,130071.1479,129321.6009,749.5470,0.0000,5.57955,112352.3
10764,130071.1479,129321.6009,749.5470,0.0000,5.57955,112363.0
10765,130071.1479,129321.6009,749.5470,0.0000,5.57955,112374.0
10766,130071.1479,129321.6009,749.5470,0.0000,5.57955,112385.4
10767,130071.1479,129321.6009,749.5470,0.0000,5.57955,112396.4
10768,130071.1479,129321.6009,749.5470,0.0000,5.57955,112407.1
10769,130071.1479,129321.6009,749.5470,0.0000,5.57955,112418.1
10770,130071.1479,129321.6009,749.5470,0.0000,5.57955,112429.1
10771,130071.1479,129321.6009,749.5470,0.0000,5.57955,112440.1
10772,130071.1479,129321.6009,749.5470,0.0185,5.53797,112451.0
10773,130071.1479,129321.6009,749.5470,0.0000,5.53797,112461.9
10774,130071.1479,129321.6009,749.5470,0.0000,5.53797,112473.0
10775,130071.1479,129321.6009,749.5470,0.0000,5.53797,112483.7
10776,130071.1479,129321.6009,749.5470,0.0000,5.53797,112494.3
10777,130071.1479,129321.6009,749.5470,0.0185,5.5507,112505.0
10778,130071.1479,129321.6009,749.5470,0.0000,5.5507,112516.0
10779,130071.1479,129321.6009,749.5470,0.0000,5.5507,112526.9
10780,130071.1479,129321.6009,749.5470,0.0000,5.5507,112537.8
10781,130071.1479,129321.6009,749.5470,0.0000,5.5507,112549.2
10782,130071.1479,129321.6009,749.5470,0.0000,5.5507,112560.4
10783,130071.1479,129321.6009,749.5470,0.0000,5.5507,112571.1
10784,130071.1479,129321.6009,749.5470,0.0000,5.5507,112582.4
10785,130071.1479,129321.6009,749.5470,0.0000,5.5507,112593.4
10786,130071.1479,129321.6009,749.5470,0.0000,5.5507,112604.3
10787,130071.1479,129321.6009,749.5470,0.0000,5.5507,112615.4
10788,130071.1479,129321.6009,749.5470,0.0000,5.5507,112626.5
10789,130071.1479,129321.6009,749.5470,0.0000,5.5507,112637.9
10790,130071.1479,129321.6009,749.5470,0.0000,5.5507,112648.6
10791,130071.1479,129321.6009,749.5470,0.0000,5.5507,112659.3
10792,130071.1479,129321.6009,749.5470,0.0000,5.5507,112670.2
10793,130071.1479,129321.6009,749.5470,0.0000,5.5507,112681.4
10794,130071.1479,129321.6009,749.5470,0.0000,5.5507,112692.9
10795,130071.1479,129321.6009,749.5470,0.0000,5.5507,112704.3
10796,130071.1479,129321.6009,749.5470,0.0000,5.5507,112715.4
10797,130071.1479,129321.6009,749.5470,0.0000,5.5507,112726.8
10798,130071.1479,129321.6009,749.5470,0.0000,5.5507,112738.0
10799,130071.1479,129321.6009,749.5470,0.0000,5.5507,112748.9
10800,130071.1479,129321.6009,749.5470,0.0000,5.5507,112759.5
10801,130071.1479,129321.6009,749.5470,0.0000,5.5507,112770.3
10802,130071.1479,129321.6009,749.5470,0.0000,5.5507,112781.9
10803,130071.1479,129321.6009,749.5470,0.0000,5.5507,112792.7
10804,130071.1479,129321.6009,749.5470,0.0000,5.5507,112804.2
10805,130071.1479,129321.6009,749.5470,0.0000,5.5507,112815.3
10806,130071.1479,129321.6009,749.5470,0.0185,5.54219,112826.6
10807,130071.1479,129321.6009,749.5470,0.0000,5.54219,112837.5
10808,130071.1479,129321.6009,749.5470,0.0000,5.54219,112848.7
10809,130071.1479,129321.6009,749.5470,0.0000,5.54219,112859.9
10810,130071.1479,129321.6009,749.5470,0.0000,5.54219,112871.1
10811,130071.1479,129321.6009,749.5470,0.0185,5.54612,112881.8
10812,130071.1479,129321.6009,749.5470,0.0000,5.54612,112892.8
10813,130071.1479,129321.6009,749.5470,0.0000,5.54612,112903.9
10814,130071.1479,129322.4784,748.6695,0.0185,5.56494,112914.8
10815,130071.1479,129322.4784,748.6695,0.0000,5.56494,112925.6
10816,130071.1479,129322.4784,748.6695,0.0000,5.56494,112937.0
10817,130071.1479,129322.4784,748.6695,0.0000,5.56494,112947.9
10818,130071.1479,129322.4784,748.6695,0.0000,5.56494,112959.1
10819,130071.1479,129322.4784,748.6695,0.0185,5.56265,112970.0
10820,130071.1479,129322.4784,748.6695,0.0000,5.56265,112981.0
10821,130071.1479,129322.4784,748.6695,0.0000,5.56265,112992.5
10822,130071.1479,129322.4784,748.6695,0.0000,5.56265,113003.4
10823,130071.1479,129322.4784,748.6695,0.0000,5.56265,113014.5
10824,130071.1479,129322.4784,748.6695,0.0000,5.56265,113025.1
10825,130071.1479,129322.4784,748.6695,0.0000,5.56265,113036.2
10826,130071.1479,129322.4784,748.6695,0.0000,5.56265,113047.1
10827,130071.1479,129322.4784,748.6695,0.0000,5.56265,113057.9
10828,130071.1479,129322.4784,748.6695,0.0000,5.56265,113068.8
10829,130071.1479,129322.4784,748.6695,0.0000,5.56265,113080.0
10830,130071.1479,129322.4784,748.6695,0.0000,5.56265,113091.2
10831,130071.1479,129322.4784,748.6695,0.0000,5.56265,113102.5
10832,130071.1479,129322.4784,748.6695,0.0000,5.56265,113113.6
10833,130071.1479,129322.4784,748.6695,0.0000,5.56265,113124.7
10834,130071.1479,129322.4784,748.6695,0.0000,5.56265,113136.0
10835,130071.1479,129322.4784,748.6695,0.0000,5.56265,113147.0
10836,130071.1479,129322.4784,748.6695,0.0000,5.56265,113157.8
10837,130071.1479,129322.4784,748.6695,0.0000,5.56265,113169.4
10838,130071.1479,129322.4784,748.6695,0.0000,5.56265,113180.8
10839,130071.1479,129322.4784,748.6695,0.0000,5.56265,113192.1
10840,130071.1479,129322.4784,748.6695,0.0000,5.56265,113203.1
10841,130071.1479,129322.4784,748.6695,0.0000,5.56265,113214.1
10842,130071.1479,129322.4784,748.6695,0.0000,5.56265,113225.1
10843,130071.1479,129322.4784,748.6695,0.0000,5.56265,113236.0
10844,130071.1479,129322.4784,748.6695,0.0000,5.56265,113247.0
10845,130071.1479,129322.4784,748.6695,0.0000,5.56265,113258.4
10846,130071.1479,129322.4784,748.6695,0.0000,5.56265,113269.3
10847,130071.1479,129322.4784,748.6695,0.0000,5.56265,113280.0
10848,130071.1479,129322.4784,748.6695,0.0000,5.56265,113290.6
10849,130071.1479,129322.4784,748.6695,0.0000,5.56265,113301.4
10850,130071.1479,129322.4784,748.6695,0.0000,5.56265,113312.1
10851,130071.1479,129322.4784,748.6695,0.0000,5.56265,113323.4
10852,130071.1479,129322.4784,748.6695,0.0000,5.56265,113334.7
10853,130071.1479,129322.4784,748.6695,0.0000,5.56265,113345.6
10854,130071.1479,129322.4784,748.6695,0.0000,5.56265,113356.7
10855,130071.1479,129322.4784,748.6695,0.0000,5.56265,113367.5
10856,130071.1479,129322.4784,748.6695,0.0000,5.56265,113378.9
10857,130071.1479,129322.4784,748.6695,0.0000,5.56265,113389.9
10858,130071.1479,129322.4784,748.6695,0.0000,5.56265,113401.0
10859,130071.1479,129322.4784,748.6695,0.0000,5.56265,113411.9
10860,130071.1479,129322.4784,748.6695,0.0000,5.56265,113422.6
10861,130071.1479,129322.4784,748.6695,0.0000,5.56265,113433.6
10862,130071.1479,129322.4784,748.6695,0.0000,5.56265,113444.7
10863,130071.1479,129322.4784,748.6695,0.0000,5.56265,113455.8
10864,130071.1479,129322.4784,748.6695,0.0000,5.56265,113467.1
10865,130071.1479,129322.4784,748.6695,0.0000,5.56265,113478.2
10866,130071.1479,129322.4784,748.6695,0.0185,5.58416,113489.6
10867,130071.1479,129322.4784,748.6695,0.0000,5.58416,113500.6
10868,130071.1479,129322.4784,748.6695,0.0000,5.58416,113511.9
10869,130071.1479,129322.4784,748.6695,0.0000,5.58416,113522.9
10870,130071.1479,129322.4784,748.6695,0.0000,5.58416,113534.2
10871,130071.1479,129322.4784,748.6695,0.0000,5.58416,113545.6
10872,130071.1479,129322.4784,748.6695,0.0000,5.58416,113556.8
10873,130071.1479,129322.4784,748.6695,0.0000,5.58416,113567.7
10874,130071.1479,129322.4784,748.6695,0.0000,5.58416,113578.3
10875,130071.1479,129322.4784,748.6695,0.0000,5.58416,113589.0
10876,130071.1479,129322.4784,748.6695,0.0000,5.58416,113600.0
10877,130071.1479,129322.4784,748.6695,0.0000,5.58416,113611.0
10878,130071.1479,129322.4784,748.6695,0.0000,5.58416,113621.8
10879,130071.1479,129322.4784,748.6695,0.0000,5.58416,113632.4
10880,130071.1479,129322.4784,748.6695,0.0000,5.58416,113643.7
10881,130071.1479,129322.4784,748.6695,0.0000,5.58416,113654.7
10882,130071.1479,129322.4784,748.6695,0.0000,5.58416,113665.5
10883,130071.1479,129322.4784,748.6695,0.0000,5.58416,113676.1
10884,130071.1479,129322.4784,748.6695,0.0000,5.58416,113686.8
10885,130071.1479,129322.4784,748.6695,0.0000,5.58416,113697.0
10886,130071.1479,129322.4784,748.6695,0.0000,5.58416,113707.9
10887,130071.1479,129322.4784,748.6695,0.0000,5.58416,113718.3
10888,130071.1479,129322.4784,748.6695,0.0000,5.58416,113730.1
10889,130071.1479,129322.4784,748.6695,0.0000,5.58416,113740.7
10890,130071.1479,129322.4784,748.6695,0.0000,5.58416,113751.3
10891,130071.1479,129322.4784,748.6695,0.0000,5.58416,113762.0
10892,130071.1479,129322.4784,748.6695,0.0000,5.58416,113772.9
10893,130071.1479,129322.4784,748.6695,0.0000,5.58416,113783.5
10894,130071.1479,129322.4784,748.6695,0.0000,5.58416,113794.3
10895,130071.1479,129322.4784,748.6695,0.0000,5.58416,113804.8
10896,130071.1479,129322.4784,748.6695,0.0000,5.58416,113816.0
10897,130071.1479,129322.4784,748.6695,0.0000,5.58416,113826.6
10898,130071.1479,129322.4784,748.6695,0.0000,5.58416,113837.2
10899,130071.1479,129322.4784,748.6695,0.0000,5.58416,113848.1
10900,130071.1479,129322.4784,748.6695,0.0000,5.58416,113858.8
10901,130071.1479,129322.4784,748.6695,0.0000,5.58416,113869.8
10902,130071.1479,129322.4784,748.6695,0.0000,5.58416,113880.7
10903,130071.1479,129322.4784,748.6695,0.0000,5.58416,113891.5
10904,130071.1479,129322.4784,748.6695,0.0000,5.58416,113902.2
10905,130071.1479,129322.4784,748.6695,0.0000,5.58416,113913.2
10906,130071.1479,129322.4784,748.6695,0.0000,5.58416,113924.0
10907,130071.1479,129322.4784,748.6695,0.0000,5.58416,113935.0
10908,130071.1479,129322.4784,748.6695,0.0000,5.58416,113945.9
10909,130071.1479,129322.4784,748.6695,0.0000,5.58416,113956.8
10910,130071.1479,129322.4784,748.6695,0.0000,5.58416,113967.6
10911,130071.1479,129322.4784,748.6695,0.0000,5.58416,113978.4
10912,130071.1479,129322.4784,748.6695,0.0185,5.51195,113989.6
10913,130071.1479,129322.4784,748.6695,0.0000,5.51195,114000.0
10914,130071.1479,129322.4784,748.6695,0.0000,5.51195,114011.1
10915,130071.1479,129322.4784,748.6695,0.0000,5.51195,114021.9
10916,130071.1479,129322.4784,748.6695,0.0000,5.51195,114032.5
10917,130071.1479,129322.4784,748.6695,0.0000,5.51195,114043.5
10918,130071.1479,129322.4784,748.6695,0.0000,5.51195,114054.1
10919,130071.1479,129322.4784,748.6695,0.0000,5.51195,114064.8
10920,130071.1479,129322.4784,748.6695,0.0000,5.51195,114075.8
10921,130071.1479,129322.4784,748.6695,0.0000,5.51195,114086.9
10922,130071.1479,129322.4784,748.6695,0.0000,5.51195,114097.5
10923,130071.1479,129322.4784,748.6695,0.0000,5.51195,114108.0
10924,130071.1479,129322.4784,748.6695,0.0000,5.51195,114118.8
10925,130071.1479,129322.4784,748.6695,0.0000,5.51195,114129.3
10926,130071.1479,129322.4784,748.6695,0.0000,5.51195,114140.3
10927,130071.1479,129322.4784,748.6695,0.0000,5.51195,114151.0
10928,130071.1479,129322.4784,748.6695,0.0000,5.51195,114161.7
10929,130071.1479,129322.4784,748.6695,0.0000,5.51195,114173.0
10930,130071.1479,129322.4784,748.6695,0.0000,5.51195,114183.9
10931,130071.1479,129322.4784,748.6695,0.0000,5.51195,114195.0
10932,130071.1479,129322.4784,748.6695,0.0000,5.51195,114205.3
10933,130071.1479,129322.4784,748.6695,0.0000,5.51195,114216.5
10934,130071.1479,129322.4784,748.6695,0.0000,5.51195,114227.3
10935,130071.1479,129322.4784,748.6695,0.0000,5.51195,114237.8
10936,130071.1479,129322.4784,748.6695,0.0000,5.51195,114248.7
10937,130071.1479,129322.4784,748.6695,0.0000,5.51195,114259.6
10938,130071.1479,129322.4784,748.6695,0.0000,5.51195,114270.4
10939,130071.1479,129322.4784,748.6695,0.0000,5.51195,114281.5
10940,130071.1479,129322.4784,748.6695,0.0000,5.51195,114292.2
10941,130071.1479,129322.4784,748.6695,0.0000,5.51195,114302.8
10942,130071.1479,129322.4784,748.6695,0.0000,5.51195,114313.8
10943,130071.1479,129322.4784,748.6695,0.0000,5.51195,114325.0
10944,130071.1479,129322.4784,748.6695,0.0000,5.51195,114336.0
10945,130071.1479,129322.4784,748.6695,0.0000,5.51195,114346.8
10946,130071.1479,129322.4784,748.6695,0.0000,5.51195,114357.4
10947,130071.1479,129322.4784,748.6695,0.0000,5.51195,114368.5
10948,130071.1479,129322.4784,748.6695,0.0000,5.51195,114379.6
10949,130071.1479,129322.4784,748.6695,0.0000,5.51195,114390.3
10950,130071.1479,129322.4784,748.6695,0.0000,5.51195,114401.1
10951,130071.1479,129322.4784,748.6695,0.0000,5.51195,114412.2
10952,130071.1479,129322.4784,748.6695,0.0000,5.51195,114422.9
10953,130071.1479,129322.4784,748.6695,0.0000,5.51195,114433.8
10954,130071.1479,129322.4784,748.6695,0.0000,5.51195,114444.3
10955,130071.1479,129322.4784,748.6695,0.0000,5.51195,114455.0
10956,130071.1479,129322.4784,748.6695,0.0000,5.51195,114465.7
10957,130071.1479,129322.4784,748.6695,0.0000,5.51195,114476.7
10958,130071.1479,129322.4784,748.6695,0.0000,5.51195,114487.4
10959,130071.1479,129322.4784,748.6695,0.0000,5.51195,114498.2
10960,130071.1479,129322.4784,748.6695,0.0000,5.51195,114508.6
10961,130071.1479,129322.4784,748.6695,0.0000,5.51195,114519.5
10962,130071.1479,129322.4784,748.6695,0.0000,5.51195,114530.3
10963,130071.1479,129322.4784,748.6695,0.0000,5.51195,114541.3
10964,130071.1479,129322.4784,748.6695,0.0000,5.51195,114552.0
10965,130071.1479,129322.4784,748.6695,0.0000,5.51195,114562.9
10966,130071.1479,129322.4784,748.6695,0.0000,5.51195,114573.8
10967,130071.1479,129322.4784,748.6695,0.0000,5.51195,114586.2
10968,130071.1479,129322.4784,748.6695,0.0000,5.51195,114601.3
10969,130071.1479,129322.4784,748.6695,0.0000,5.51195,114615.8
10970,130071.1479,129322.4784,748.6695,0.0000,5.51195,114629.2
10971,130071.1479,129322.4784,748.6695,0.0000,5.51195,114643.1
10972,130071.1479,129322.4784,748.6695,0.0000,5.51195,114657.6
10973,130071.1479,129322.4784,748.6695,0.0000,5.51195,114671.9
10974,130071.1479,129322.4784,748.6695,0.0000,5.51195,114686.5
10975,130071.1479,129322.4784,748.6695,0.0000,5.51195,114700.3
10976,130071.1479,129322.4784,748.6695,0.0000,5.51195,114715.1
10977,130071.1479,129322.4784,748.6695,0.0000,5.51195,114730.6
10978,130071.1479,129322.4784,748.6695,0.0000,5.51195,114745.5
10979,130071.1479,129322.4784,748.6695,0.0000,5.51195,114760.2
10980,130071.1479,129322.4784,748.6695,0.0000,5.51195,114774.8
10981,130071.1479,129322.4784,748.6695,0.0000,5.51195,114789.2
10982,130071.1479,129322.4784,748.6695,0.0000,5.51195,114804.9
10983,130071.1479,129322.4784,748.6695,0.0000,5.51195,114819.7
10984,130071.1479,129322.4784,748.6695,0.0000,5.51195,114834.8
10985,130071.1479,129322.4784,748.6695,0.0000,5.51195,114847.7
10986,130071.1479,129322.4784,748.6695,0.0000,5.51195,114858.5
10987,130071.1479,129322.4784,748.6695,0.0000,5.51195,114869.3
10988,130071.1479,129322.4784,748.6695,0.0000,5.51195,114879.8
10989,130071.1479,129322.4784,748.6695,0.0000,5.51195,114890.6
10990,130071.1479,129322.4784,748.6695,0.0000,5.51195,114901.4
10991,130071.1479,129322.4784,748.6695,0.0185,5.50428,114912.5
10992,130071.1479,129322.4784,748.6695,0.0000,5.50428,114923.1
10993,130071.1479,129322.4784,748.6695,0.0000,5.50428,114934.3
10994,130071.1479,129322.4784,748.6695,0.0000,5.50428,114945.1
10995,130071.1479,129322.4784,748.6695,0.0000,5.50428,114955.7
10996,130071.1479,129322.4784,748.6695,0.0000,5.50428,114966.6
10997,130071.1479,129322.4784,748.6695,0.0000,5.50428,114977.4
10998,130071.1479,129322.4784,748.6695,0.0000,5.50428,114988.4
10999,130071.1479,129322.4784,748.6695,0.0000,5.50428,114999.6
11000,130071.1479,129322.4784,748.6695,0.0000,5.50428,115010.5
11001,130071.1479,129322.4784,748.6695,0.0000,5.50428,115021.5
11002,130071.1479,129322.4784,748.6695,0.0000,5.50428,115032.4
11003,130071.1479,129322.4784,748.6695,0.0000,5.50428,115043.1
11004,130071.1479,129322.4784,748.6695,0.0000,5.50428,115053.9
11005,130071.1479,129322.4784,748.6695,0.0000,5.50428,115064.5
11006,130071.1479,129322.4784,748.6695,0.0000,5.50428,115075.4
11007,130071.1479,129322.4784,748.6695,0.0000,5.50428,115086.3
11008,130071.1479,129322.4784,748.6695,0.0000,5.50428,115097.3
11009,130071.1479,129322.4784,748.6695,0.0000,5.50428,115108.9
11010,130071.1479,129322.4784,748.6695,0.0000,5.50428,115119.7
11011,130071.1479,129322.4784,748.6695,0.0000,5.50428,115130.6
11012,130071.1479,129322.4784,748.6695,0.0000,5.50428,115141.3
11013,130071.1479,129322.4784,748.6695,0.0000,5.50428,115152.0
11014,130071.1479,129322.4784,748.6695,0.0000,5.50428,115162.7
11015,130071.1479,129322.4784,748.6695,0.0000,5.50428,115173.5
11016,130071.1479,129322.4784,748.6695,0.0000,5.50428,115184.3
11017,130071.1479,129322.4784,748.6695,0.0000,5.50428,115195.4
11018,130071.1479,129322.4784,748.6695,0.0000,5.50428,115205.8
11019,130071.1479,129322.4784,748.6695,0.0000,5.50428,115216.7
11020,130071.1479,129322.4784,748.6695,0.0000,5.50428,115227.1
11021,130071.1479,129322.4784,748.6695,0.0000,5.50428,115237.9
11022,130071.1479,129322.4784,748.6695,0.0000,5.50428,115248.9
11023,130071.1479,129322.4784,748.6695,0.0000,5.50428,115259.6
11024,130071.1479,129322.4784,748.6695,0.0000,5.50428,115270.2
11025,130071.1479,129322.4784,748.6695,0.0000,5.50428,115281.0
11026,130071.1479,129322.4784,748.6695,0.0000,5.50428,115291.8
11027,130071.1479,129322.4784,748.6695,0.0000,5.50428,115302.7
11028,130071.1479,129322.4784,748.6695,0.0000,5.50428,115313.5
11029,130071.1479,129322.4784,748.6695,0.0000,5.50428,115324.3
11030,130071.1479,129322.4784,748.6695,0.0000,5.50428,115335.4
11031,130071.1479,129322.4784,748.6695,0.0000,5.50428,115346.3
11032,130071.1479,129322.4784,748.6695,0.0000,5.50428,115357.2
11033,130071.1479,129322.4784,748.6695,0.0000,5.50428,115368.1
11034,130071.1479,129322.4784,748.6695,0.0000,5.50428,115378.9
11035,130071.1479,129322.4784,748.6695,0.0000,5.50428,115389.7
11036,130071.1479,129322.4784,748.6695,0.0000,5.50428,115400.5
11037,130071.1479,129322.4784,748.6695,0.0000,5.50428,115411.1
11038,130071.1479,129322.4784,748.6695,0.0000,5.50428,115422.1
11039,130071.1479,129322.4784,748.6695,0.0000,5.50428,115433.5
11040,130071.1479,129322.4784,748.6695,0.0000,5.50428,115444.3
11041,130071.1479,129322.4784,748.6695,0.0000,5.50428,115455.2
11042,130071.1479,129322.4784,748.6695,0.0000,5.50428,115465.8
11043,130071.1479,129322.4784,748.6695,0.0000,5.50428,115476.6
11044,130071.1479,129322.4784,748.6695,0.0000,5.50428,115487.5
11045,130071.1479,129322.4784,748.6695,0.0000,5.50428,115498.2
11046,130071.1479,129322.4784,748.6695,0.0185,5.55247,115509.4
11047,130071.1479,129322.4784,748.6695,0.0000,5.55247,115520.1
11048,130071.1479,129322.4784,748.6695,0.0000,5.55247,115531.0
11049,130071.1479,129322.4784,748.6695,0.0000,5.55247,115541.9
11050,130071.1479,129322.4784,748.6695,0.0000,5.55247,115552.9
11051,130071.1479,129322.4784,748.6695,0.0000,5.55247,115563.8
11052,130071.1479,129325.1383,746.0096,0.0185,5.54031,115574.6
11053,130071.1479,129325.1383,746.0096,0.0000,5.54031,115585.5
11054,130071.1479,129325.1383,746.0096,0.0000,5.54031,115597.0
11055,130071.1479,129325.1383,746.0096,0.0000,5.54031,115608.2
11056,130071.1479,129325.1383,746.0096,0.0000,5.54031,115619.1
11057,130071.1479,129325.1383,746.0096,0.0000,5.54031,115630.1
11058,130071.1479,129325.1383,746.0096,0.0000,5.54031,115641.1
11059,130071.1479,129325.1383,746.0096,0.0000,5.54031,115651.7
11060,130071.1479,129325.1383,746.0096,0.0000,5.54031,115663.0
11061,130071.1479,129325.1383,746.0096,0.0185,5.51235,115673.7
11062,130071.1479,129325.1383,746.0096,0.0000,5.51235,115684.9
11063,130071.1479,129325.1383,746.0096,0.0000,5.51235,115695.5
11064,130071.1479,129325.1383,746.0096,0.0000,5.51235,115706.6
11065,130071.1479,129325.1383,746.0096,0.0000,5.51235,115717.7
11066,130071.1479,129325.1383,746.0096,0.0000,5.51235,115728.5
11067,130071.1479,129325.1383,746.0096,0.0000,5.51235,115740.0
11068,130071.1479,129325.1383,746.0096,0.0000,5.51235,115751.3
11069,130071.1479,129325.1383,746.0096,0.0000,5.51235,115762.2
11070,130071.1479,129325.1383,746.0096,0.0000,5.51235,115772.7
11071,130071.1479,129325.1383,746.0096,0.0000,5.51235,115783.3
11072,130071.1479,129325.1383,746.0096,0.0000,5.51235,115794.4
11073,130071.1479,129325.1383,746.0096,0.0000,5.51235,115805.5
11074,130071.1479,129325.1383,746.0096,0.0000,5.51235,115816.6
11075,130071.1479,129325.1383,746.0096,0.0000,5.51235,115827.5
11076,130071.1479,129325.1383,746.0096,0.0000,5.51235,115838.4
11077,130071.1479,129325.1383,746.0096,0.0000,5.51235,115848.9
11078,130071.1479,129325.1383,746.0096,0.0000,5.51235,115859.6
11079,130071.1479,129325.1383,746.0096,0.0185,5.49112,115870.1
11080,130071.1479,129325.1383,746.0096,0.0000,5.49112,115881.0
11081,130071.1479,129325.1383,746.0096,0.0000,5.49112,115891.7
11082,130071.1479,129325.1383,746.0096,0.0000,5.49112,115902.4
11083,130071.1479,129325.1383,746.0096,0.0000,5.49112,115913.8
11084,130071.1479,129325.1383,746.0096,0.0000,5.49112,115924.5
11085,130071.1479,129325.1383,746.0096,0.0000,5.49112,115935.4
11086,130071.1479,129325.1383,746.0096,0.0000,5.49112,115946.2
11087,130071.1479,129325.1383,746.0096,0.0000,5.49112,115957.3
11088,130071.1479,129325.1383,746.0096,0.0000,5.49112,115968.1
11089,130071.1479,129325.1383,746.0096,0.0000,5.49112,115978.8
11090,130071.1479,129325.1383,746.0096,0.0000,5.49112,115989.7
11091,130071.1479,129325.1383,746.0096,0.0000,5.49112,116000.5
11092,130071.1479,129325.1383,746.0096,0.0000,5.49112,116011.4
11093,130071.1479,129325.1383,746.0096,0.0000,5.49112,116022.4
11094,130071.1479,129325.1383,746.0096,0.0000,5.49112,116033.4
11095,130071.1479,129325.1383,746.0096,0.0000,5.49112,116044.7
11096,130071.1479,129325.1383,746.0096,0.0000,5.49112,116055.4
11097,130071.1479,129325.1383,746.0096,0.0000,5.49112,116066.5
11098,130071.1479,129325.1383,746.0096,0.0000,5.49112,116077.4
11099,130071.1479,129325.1383,746.0096,0.0185,5.49874,116088.0
11100,130071.1479,129325.1383,746.0096,0.0000,5.49874,116098.7
11101,130071.1479,129325.1383,746.0096,0.0000,5.49874,116109.2
11102,130071.1479,129325.1383,746.0096,0.0000,5.49874,116119.9
11103,130071.1479,129325.1383,746.0096,0.0000,5.49874,116130.6
11104,130071.1479,129325.1383,746.0096,0.0000,5.49874,116141.5
11105,130071.1479,129325.1383,746.0096,0.0000,5.49874,116152.4
11106,130071.1479,129325.1383,746.0096,0.0000,5.49874,116163.5
11107,130071.1479,129325.1383,746.0096,0.0000,5.49874,116174.4
11108,130071.1479,129325.1383,746.0096,0.0000,5.49874,116185.1
11109,130071.1479,129325.1383,746.0096,0.0000,5.49874,116196.1
11110,130071.1479,129325.1383,746.0096,0.0000,5.49874,116206.8
11111,130071.1479,129325.1383,746.0096,0.0000,5.49874,116217.3
11112,130071.1479,129325.1383,746.0096,0.0000,5.49874,116228.0
11113,130071.1479,129325.1383,746.0096,0.0000,5.49874,116238.9
11114,130071.1479,129325.1383,746.0096,0.0000,5.49874,116249.5
11115,130071.1479,129325.1383,746.0096,0.0000,5.49874,116260.4
11116,130071.1479,129325.1383,746.0096,0.0000,5.49874,116271.2
11117,130071.1479,129325.1383,746.0096,0.0000,5.49874,116282.3
11118,130071.1479,129325.1383,746.0096,0.0000,5.49874,116293.5
11119,130071.1479,129325.1383,746.0096,0.0000,5.49874,116304.3
11120,130071.1479,129325.1383,746.0096,0.0000,5.49874,116315.5
11121,130071.1479,129325.1383,746.0096,0.0000,5.49874,116326.2
11122,130071.1479,129325.1383,746.0096,0.0185,5.51695,116337.2
11123,130071.1479,129325.1383,746.0096,0.0000,5.51695,116348.0
11124,130071.1479,129325.1383,746.0096,0.0000,5.51695,116358.8
11125,130071.1479,129325.1383,746.0096,0.0000,5.51695,116369.4
11126,130071.1479,129325.1383,746.0096,0.0000,5.51695,116380.1
11127,130071.1479,129325.1383,746.0096,0.0000,5.51695,116390.8
11128,130071.1479,129325.1383,746.0096,0.0000,5.51695,116402.1
11129,130071.1479,129325.1383,746.0096,0.0000,5.51695,116413.3
11130,130071.1479,129325.1383,746.0096,0.0000,5.51695,116424.3
11131,130071.1479,129325.1383,746.0096,0.0000,5.51695,116435.5
11132,130071.1479,129325.1383,746.0096,0.0000,5.51695,116446.6
11133,130071.1479,129325.1383,746.0096,0.0000,5.51695,116457.4
11134,130071.1479,129325.1383,746.0096,0.0185,5.52977,116468.6
11135,130071.1479,129325.1383,746.0096,0.0000,5.52977,116479.7
11136,130071.1479,129325.1383,746.0096,0.0000,5.52977,116490.7
11137,130071.1479,129325.1383,746.0096,0.0000,5.52977,116502.1
11138,130071.1479,129325.1383,746.0096,0.0000,5.52977,116512.9
11139,130071.1479,129325.1383,746.0096,0.0000,5.52977,116523.5
11140,130071.1479,129325.1383,746.0096,0.0000,5.52977,116534.1
11141,130071.1479,129325.1383,746.0096,0.0000,5.52977,116544.7
11142,130071.1479,129325.1383,746.0096,0.0185,5.53882,116555.6
11143,130071.1479,129325.1383,746.0096,0.0000,5.53882,116566.2
11144,130071.1479,129325.1383,746.0096,0.0000,5.53882,116577.0
11145,130071.1479,129325.1383,746.0096,0.0000,5.53882,116587.8
11146,130071.1479,129325.1383,746.0096,0.0000,5.53882,116599.0
11147,130071.1479,129325.1383,746.0096,0.0000,5.53882,116609.9
11148,130071.1479,129325.1383,746.0096,0.0000,5.53882,116620.7
11149,130071.1479,129325.1383,746.0096,0.0000,5.53882,116631.3
11150,130071.1479,129325.1383,746.0096,0.0000,5.53882,116642.3
11151,130071.1479,129325.1383,746.0096,0.0000,5.53882,116653.0
11152,130071.1479,129325.1383,746.0096,0.0000,5.53882,116664.4
11153,130071.1479,129325.1383,746.0096,0.0000,5.53882,116675.1
11154,130071.1479,129325.1383,746.0096,0.0000,5.53882,116685.7
11155,130071.1479,129325.1383,746.0096,0.0000,5.53882,116696.2
11156,130071.1479,129325.1383,746.0096,0.0000,5.53882,116707.1
11157,130071.1479,129325.1383,746.0096,0.0000,5.53882,116717.8
11158,130071.1479,129325.1383,746.0096,0.0000,5.53882,116728.7
11159,130071.1479,129325.1383,746.0096,0.0000,5.53882,116739.2
11160,130071.1479,129325.1383,746.0096,0.0000,5.53882,116750.0
11161,130071.1479,129325.1383,746.0096,0.0000,5.53882,116761.1
11162,130071.1479,129325.1383,746.0096,0.0000,5.53882,116771.9
11163,130071.1479,129325.1383,746.0096,0.0000,5.53882,116782.9
11164,130071.1479,129325.1383,746.0096,0.0000,5.53882,116793.5
11165,130071.1479,129325.1383,746.0096,0.0000,5.53882,116804.2
11166,130071.1479,129325.1383,746.0096,0.0000,5.53882,116814.9
11167,130071.1479,129325.1383,746.0096,0.0000,5.53882,116825.5
11168,130071.1479,129325.1383,746.0096,0.0000,5.53882,116836.7
11169,130071.1479,129325.1383,746.0096,0.0000,5.53882,116847.9
11170,130071.1479,129325.1383,746.0096,0.0000,5.53882,116858.5
11171,130071.1479,129325.1383,746.0096,0.0000,5.53882,116869.5
11172,130071.1479,129325.1383,746.0096,0.0000,5.53882,116880.4
11173,130071.1479,129325.1383,746.0096,0.0000,5.53882,116891.3
11174,130071.1479,129325.1383,746.0096,0.0000,5.53882,116901.8
11175,130071.1479,129325.1383,746.0096,0.0000,5.53882,116913.0
11176,130071.1479,129325.1383,746.0096,0.0000,5.53882,116923.6
11177,130071.1479,129325.1383,746.0096,0.0000,5.53882,116934.5
11178,130071.1479,129325.1383,746.0096,0.0000,5.53882,116945.4
11179,130071.1479,129325.1383,746.0096,0.0000,5.53882,116956.6
11180,130071.1479,129325.1383,746.0096,0.0000,5.53882,116967.4
11181,130071.1479,129325.1383,746.0096,0.0000,5.53882,116978.0
11182,130071.1479,129325.1383,746.0096,0.0000,5.53882,116988.5
11183,130071.1479,129325.1383,746.0096,0.0000,5.53882,116999.3
11184,130071.1479,129325.1383,746.0096,0.0000,5.53882,117010.0
11185,130071.1479,129325.1383,746.0096,0.0000,5.53882,117020.8
11186,130071.1479,129325.1383,746.0096,0.0000,5.53882,117031.3
11187,130071.1479,129325.1383,746.0096,0.0000,5.53882,117041.5
11188,130071.1479,129325.1383,746.0096,0.0000,5.53882,117052.3
11189,130071.1479,129325.1383,746.0096,0.0000,5.53882,117063.3
11190,130071.1479,129325.1383,746.0096,0.0000,5.53882,117074.0
11191,130071.1479,129325.1383,746.0096,0.0185,5.55761,117084.9
11192,130071.1479,129325.1383,746.0096,0.0000,5.55761,117095.5
11193,130071.1479,129325.1383,746.0096,0.0000,5.55761,117106.1
11194,130071.1479,129325.1383,746.0096,0.0000,5.55761,117116.8
11195,130071.1479,129325.1383,746.0096,0.0000,5.55761,117127.6
11196,130071.1479,129325.1383,746.0096,0.0000,5.55761,117138.5
11197,130071.1479,129325.1383,746.0096,0.0000,5.55761,117149.7
11198,130071.1479,129325.1383,746.0096,0.0000,5.55761,117160.4
11199,130071.1479,129325.1383,746.0096,0.0000,5.55761,117171.8
11200,130071.1479,129325.1383,746.0096,0.0000,5.55761,117182.1
11201,130071.1479,129325.1383,746.0096,0.0000,5.55761,117193.0
11202,130071.1479,129325.1383,746.0096,0.0000,5.55761,117203.4
11203,130071.1479,129325.1383,746.0096,0.0000,5.55761,117214.6
11204,130071.1479,129325.1383,746.0096,0.0185,5.55297,117225.2
11205,130071.1479,129325.1383,746.0096,0.0000,5.55297,117236.0
11206,130071.1479,129325.1383,746.0096,0.0000,5.55297,117246.8
11207,130071.1479,129325.1383,746.0096,0.0000,5.55297,117257.8
11208,130071.1479,129325.1383,746.0096,0.0000,5.55297,117268.4
11209,130071.1479,129325.1383,746.0096,0.0000,5.55297,117279.2
11210,130071.1479,129325.1383,746.0096,0.0000,5.55297,117290.0
11211,130071.1479,129325.1383,746.0096,0.0000,5.55297,117301.1
11212,130071.1479,129325.1383,746.0096,0.0000,5.55297,117311.9
11213,130071.1479,129325.1383,746.0096,0.0000,5.55297,117322.9
11214,130071.1479,129325.1383,746.0096,0.0000,5.55297,117333.6
11215,130071.1479,129325.1383,746.0096,0.0185,5.57673,117344.4
11216,130071.1479,129325.1383,746.0096,0.0000,5.57673,117355.2
11217,130071.1479,129325.1383,746.0096,0.0000,5.57673,117366.4
11218,130071.1479,129325.1383,746.0096,0.0000,5.57673,117377.0
11219,130071.1479,129325.1383,746.0096,0.0000,5.57673,117388.0
11220,130071.1479,129325.1383,746.0096,0.0000,5.57673,117398.7
11221,130071.1479,129325.1383,746.0096,0.0000,5.57673,117409.5
11222,130071.1479,129325.1383,746.0096,0.0000,5.57673,117420.2
11223,130071.1479,129325.1383,746.0096,0.0000,5.57673,117430.9
11224,130071.1479,129325.1383,746.0096,0.0000,5.57673,117442.0
11225,130071.1479,129325.1383,746.0096,0.0000,5.57673,117452.6
11226,130071.1479,129325.1383,746.0096,0.0000,5.57673,117463.5
11227,130071.1479,129325.1383,746.0096,0.0000,5.57673,117474.5
11228,130071.1479,129325.1383,746.0096,0.0000,5.57673,117485.6
11229,130071.1479,129325.1383,746.0096,0.0000,5.57673,117496.4
11230,130071.1479,129325.1383,746.0096,0.0000,5.57673,117507.3
11231,130071.1479,129325.1383,746.0096,0.0000,5.57673,117518.4
11232,130071.1479,129325.1383,746.0096,0.0000,5.57673,117529.1
11233,130071.1479,129325.1383,746.0096,0.0000,5.57673,117539.7
11234,130071.1479,129325.1383,746.0096,0.0000,5.57673,117550.7
11235,130071.1479,129325.1383,746.0096,0.0000,5.57673,117561.8
11236,130071.1479,129325.1383,746.0096,0.0000,5.57673,117572.8
11237,130071.1479,129325.1383,746.0096,0.0000,5.57673,117583.1
11238,130071.1479,129325.1383,746.0096,0.0000,5.57673,117594.4
11239,130071.1479,129325.1383,746.0096,0.0000,5.57673,117605.5
11240,130071.1479,129325.1383,746.0096,0.0000,5.57673,117616.5
11241,130071.1479,129325.1383,746.0096,0.0000,5.57673,117627.1
11242,130071.1479,129325.1383,746.0096,0.0000,5.57673,117638.2
11243,130071.1479,129325.1383,746.0096,0.0000,5.57673,117648.9
11244,130071.1479,129325.1383,746.0096,0.0000,5.57673,117659.6
11245,130071.1479,129325.1383,746.0096,0.0000,5.57673,117670.4
11246,130071.1479,129325.1383,746.0096,0.0000,5.57673,117681.1
11247,130071.1479,129325.1383,746.0096,0.0000,5.57673,117691.6
11248,130071.1479,129325.1383,746.0096,0.0000,5.57673,117702.8
11249,130071.1479,129325.1383,746.0096,0.0000,5.57673,117713.3
11250,130071.1479,129325.1383,746.0096,0.0000,5.57673,117724.2
11251,130071.1479,129325.1383,746.0096,0.0000,5.57673,117735.3
11252,130071.1479,129325.1383,746.0096,0.0000,5.57673,117746.3
11253,130071.1479,129325.1383,746.0096,0.0000,5.57673,117756.8
11254,130071.1479,129325.1383,746.0096,0.0000,5.57673,117767.3
11255,130071.1479,129325.1383,746.0096,0.0185,5.56527,117778.4
11256,130071.1479,129325.1383,746.0096,0.0000,5.56527,117789.1
11257,130071.1479,129325.1383,746.0096,0.0000,5.56527,117799.8
11258,130071.1479,129325.1383,746.0096,0.0000,5.56527,117810.5
11259,130071.1479,129325.1383,746.0096,0.0000,5.56527,117821.1
11260,130071.1479,129325.1383,746.0096,0.0000,5.56527,117831.9
11261,130071.1479,129325.1383,746.0096,0.0000,5.56527,117843.0
11262,130071.1479,129325.1383,746.0096,0.0000,5.56527,117854.1
11263,130071.1479,129325.1383,746.0096,0.0000,5.56527,117864.9
11264,130071.1479,129325.1383,746.0096,0.0000,5.56527,117876.3
11265,130071.1479,129325.1383,746.0096,0.0000,5.56527,117887.2
11266,130071.1479,129325.1383,746.0096,0.0000,5.56527,117898.1
11267,130071.1479,129325.1383,746.0096,0.0000,5.56527,117909.0
11268,130071.1479,129325.1383,746.0096,0.0000,5.56527,117919.8
11269,130071.1479,129325.1383,746.0096,0.0185,5.56245,117931.0
11270,130071.1479,129325.1383,746.0096,0.0000,5.56245,117941.8
11271,130071.1479,129325.1383,746.0096,0.0000,5.56245,117952.6
11272,130071.1479,129325.1383,746.0096,0.0000,5.56245,117963.7
11273,130071.1479,129325.1383,746.0096,0.0000,5.56245,117974.6
11274,130071.1479,129325.1383,746.0096,0.0000,5.56245,117985.2
11275,130071.1479,129325.1383,746.0096,0.0000,5.56245,117996.3
11276,130071.1479,129325.1383,746.0096,0.0000,5.56245,118007.1
11277,130071.1479,129325.1383,746.0096,0.0000,5.56245,118017.9
11278,130071.1479,129325.1383,746.0096,0.0000,5.56245,118028.8
11279,130071.1479,129325.1383,746.0096,0.0000,5.56245,118039.7
11280,130071.1479,129325.1383,746.0096,0.0000,5.56245,118050.6
11281,130071.1479,129325.1383,746.0096,0.0000,5.56245,118061.1
11282,130071.1479,129325.1383,746.0096,0.0000,5.56245,118072.2
11283,130071.1479,129325.1383,746.0096,0.0000,5.56245,118083.2
11284,130071.1479,129325.1383,746.0096,0.0000,5.56245,118094.1
11285,130071.1479,129325.1383,746.0096,0.0000,5.56245,118105.1
11286,130071.1479,129325.1383,746.0096,0.0000,5.56245,118115.6
11287,130071.1479,129325.1383,746.0096,0.0000,5.56245,118126.7
11288,130071.1479,129325.1383,746.0096,0.0000,5.56245,118137.8
11289,130071.1479,129325.1383,746.0096,0.0000,5.56245,118148.5
11290,130071.1479,129325.1383,746.0096,0.0000,5.56245,118159.6
11291,130071.1479,129325.1383,746.0096,0.0000,5.56245,118170.4
11292,130071.1479,129325.1383,746.0096,0.0000,5.56245,118181.4
11293,130071.1479,129325.1383,746.0096,0.0000,5.56245,118192.2
11294,130071.1479,129325.1383,746.0096,0.0000,5.56245,118202.7
11295,130071.1479,129325.1383,746.0096,0.0000,5.56245,118213.5
11296,130071.1479,129325.1383,746.0096,0.0000,5.56245,118224.3
11297,130071.1479,129325.1383,746.0096,0.0000,5.56245,118234.9
11298,130071.1479,129325.1383,746.0096,0.0000,5.56245,118246.2
11299,130071.1479,129325.1383,746.0096,0.0000,5.56245,118256.9
11300,130071.1479,129325.1383,746.0096,0.0000,5.56245,118267.9
11301,130071.1479,129325.1383,746.0096,0.0000,5.56245,118278.6
11302,130071.1479,129325.1383,746.0096,0.0000,5.56245,118289.5
11303,130071.1479,129325.1383,746.0096,0.0000,5.56245,118300.4
11304,130071.1479,129325.1383,746.0096,0.0000,5.56245,118311.6
11305,130071.1479,129325.1383,746.0096,0.0000,5.56245,118322.4
11306,130071.1479,129325.1383,746.0096,0.0000,5.56245,118333.4
11307,130071.1479,129325.1383,746.0096,0.0185,5.58701,118344.1
11308,130071.1479,129325.1383,746.0096,0.0000,5.58701,118355.7
11309,130071.1479,129325.1383,746.0096,0.0000,5.58701,118366.6
11310,130071.1479,129325.1383,746.0096,0.0000,5.58701,118377.9
11311,130071.1479,129325.1383,746.0096,0.0000,5.58701,118388.9
11312,130071.1479,129325.1383,746.0096,0.0000,5.58701,118399.6
11313,130071.1479,129325.1383,746.0096,0.0000,5.58701,118410.6
11314,130071.1479,129325.1383,746.0096,0.0000,5.58701,118421.4
11315,130071.1479,129325.1383,746.0096,0.0000,5.58701,118432.5
11316,130071.1479,129325.1383,746.0096,0.0000,5.58701,118443.3
11317,130071.1479,129325.1383,746.0096,0.0000,5.58701,118454.3
11318,130071.1479,129325.1383,746.0096,0.0000,5.58701,118465.3
11319,130071.1479,129325.1383,746.0096,0.0000,5.58701,118476.1
11320,130071.1479,129325.1383,746.0096,0.0000,5.58701,118486.5
11321,130071.1479,129325.1383,746.0096,0.0000,5.58701,118497.4
11322,130071.1479,129325.1383,746.0096,0.0000,5.58701,118508.0
11323,130071.1479,129325.1383,746.0096,0.0000,5.58701,118518.7
11324,130071.1479,129325.1383,746.0096,0.0000,5.58701,118529.7
11325,130071.1479,129325.1383,746.0096,0.0000,5.58701,118540.1
11326,130071.1479,129325.1383,746.0096,0.0000,5.58701,118550.8
11327,130071.1479,129325.1383,746.0096,0.0000,5.58701,118562.0
11328,130071.1479,129325.1383,746.0096,0.0000,5.58701,118572.6
11329,130071.1479,129325.1383,746.0096,0.0000,5.58701,118583.5
11330,130071.1479,129325.1383,746.0096,0.0000,5.58701,118594.6
11331,130071.1479,129325.1383,746.0096,0.0185,5.58084,118605.3
11332,130071.1479,129325.1383,746.0096,0.0000,5.58084,118616.4
11333,130071.1479,129325.1383,746.0096,0.0000,5.58084,118627.5
11334,130071.1479,129325.1383,746.0096,0.0000,5.58084,118638.1
11335,130071.1479,129325.1383,746.0096,0.0000,5.58084,118649.2
11336,130071.1479,129325.1383,746.0096,0.0000,5.58084,118660.2
11337,130071.1479,129325.1383,746.0096,0.0000,5.58084,118671.0
11338,130071.1479,129325.1383,746.0096,0.0000,5.58084,118681.8
11339,130071.1479,129325.1383,746.0096,0.0000,5.58084,118692.2
11340,130071.1479,129325.1383,746.0096,0.0000,5.58084,118702.9
11341,130071.1479,129325.1383,746.0096,0.0000,5.58084,118713.6
11342,130071.1479,129325.1383,746.0096,0.0000,5.58084,118724.6
11343,130071.1479,129325.1383,746.0096,0.0000,5.58084,118735.3
11344,130071.1479,129325.1383,746.0096,0.0000,5.58084,118746.0
11345,130071.1479,129325.1383,746.0096,0.0000,5.58084,118756.9
11346,130071.1479,129325.1383,746.0096,0.0000,5.58084,118767.4
11347,130071.1479,129325.1383,746.0096,0.0000,5.58084,118778.0
11348,130071.1479,129325.1383,746.0096,0.0000,5.58084,118788.7
11349,130071.1479,129325.1383,746.0096,0.0000,5.58084,118799.4
11350,130071.1479,129325.1383,746.0096,0.0000,5.58084,118810.4
11351,130071.1479,129325.1383,746.0096,0.0000,5.58084,118821.8
11352,130071.1479,129325.1383,746.0096,0.0000,5.58084,118832.4
11353,130071.1479,129325.1383,746.0096,0.0000,5.58084,118843.1
11354,130071.1479,129325.1383,746.0096,0.0000,5.58084,118853.9
11355,130071.1479,129325.1383,746.0096,0.0000,5.58084,118865.0
11356,130071.1479,129325.1383,746.0096,0.0000,5.58084,118875.7
11357,130071.1479,129325.1383,746.0096,0.0000,5.58084,118886.4
11358,130071.1479,129325.1383,746.0096,0.0000,5.58084,118897.3
11359,130071.1479,129325.1383,746.0096,0.0000,5.58084,118908.3
11360,130071.1479,129325.1383,746.0096,0.0000,5.58084,118919.1
11361,130071.1479,129325.1383,746.0096,0.0000,5.58084,118930.1
11362,130071.1479,129325.1383,746.0096,0.0000,5.58084,118940.9
11363,130071.1479,129325.1383,746.0096,0.0000,5.58084,118951.4
11364,130071.1479,129325.1383,746.0096,0.0000,5.58084,118962.0
11365,130071.1479,129325.1383,746.0096,0.0000,5.58084,118972.6
11366,130071.1479,129325.1383,746.0096,0.0000,5.58084,118983.5
11367,130071.1479,129325.1383,746.0096,0.0000,5.58084,118994.4
11368,130071.1479,129325.1383,746.0096,0.0000,5.58084,119005.1
11369,130071.1479,129325.1383,746.0096,0.0000,5.58084,119015.8
11370,130071.1479,129325.1383,746.0096,0.0000,5.58084,119026.5
11371,130071.1479,129325.1383,746.0096,0.0000,5.58084,119037.0
11372,130071.1479,129325.1383,746.0096,0.0185,5.64834,119047.6
11373,130071.1479,129325.1383,746.0096,0.0000,5.64834,119058.2
11374,130071.1479,129325.1383,746.0096,0.0000,5.64834,119068.8
11375,130071.1479,129325.1383,746.0096,0.0000,5.64834,119079.5
11376,130071.1479,129325.1383,746.0096,0.0000,5.64834,119090.3
11377,130071.1479,129325.1383,746.0096,0.0000,5.64834,119101.1
11378,130071.1479,129325.1383,746.0096,0.0000,5.64834,119111.8
11379,130071.1479,129325.1383,746.0096,0.0000,5.64834,119122.5
11380,130071.1479,129325.1383,746.0096,0.0000,5.64834,119133.5
11381,130071.1479,129325.1383,746.0096,0.0000,5.64834,119144.2
11382,130071.1479,129325.1383,746.0096,0.0000,5.64834,119154.7
11383,130071.1479,129325.1383,746.0096,0.0000,5.64834,119165.4
11384,130071.1479,129325.1383,746.0096,0.0000,5.64834,119175.8
11385,130071.1479,129325.1383,746.0096,0.0000,5.64834,119186.1
11386,130071.1479,129325.1383,746.0096,0.0000,5.64834,119197.4
11387,130071.1479,129325.1383,746.0096,0.0000,5.64834,119208.2
11388,130071.1479,129325.1383,746.0096,0.0000,5.64834,119219.4
11389,130071.1479,129325.1383,746.0096,0.0000,5.64834,119229.9
11390,130071.1479,129325.1383,746.0096,0.0000,5.64834,119240.9
11391,130071.1479,129325.1383,746.0096,0.0000,5.64834,119252.0
11392,130071.1479,129325.1383,746.0096,0.0000,5.64834,119262.6
11393,130071.1479,129325.1383,746.0096,0.0000,5.64834,119273.7
11394,130071.1479,129325.1383,746.0096,0.0000,5.64834,119284.3
11395,130071.1479,129325.1383,746.0096,0.0000,5.64834,119295.3
11396,130071.1479,129325.1383,746.0096,0.0000,5.64834,119305.9
11397,130071.1479,129325.1383,746.0096,0.0000,5.64834,119317.2
11398,130071.1479,129325.1383,746.0096,0.0000,5.64834,119328.3
11399,130071.1479,129325.1383,746.0096,0.0000,5.64834,119339.2
11400,130071.1479,129325.1383,746.0096,0.0000,5.64834,119350.0
11401,130071.1479,129325.1383,746.0096,0.0000,5.64834,119360.4
11402,130071.1479,129325.1383,746.0096,0.0000,5.64834,119371.0
11403,130071.1479,129325.1383,746.0096,0.0000,5.64834,119382.0
11404,130071.1479,129325.1383,746.0096,0.0000,5.64834,119392.6
11405,130071.1479,129325.1383,746.0096,0.0000,5.64834,119403.5
11406,130071.1479,129325.1383,746.0096,0.0000,5.64834,119414.2
11407,130071.1479,129325.1383,746.0096,0.0000,5.64834,119424.8
11408,130071.1479,129325.1383,746.0096,0.0000,5.64834,119435.4
11409,130071.1479,129325.1383,746.0096,0.0000,5.64834,119446.2
11410,130071.1479,129325.1383,746.0096,0.0000,5.64834,119457.1
11411,130071.1479,129325.1383,746.0096,0.0000,5.64834,119467.9
11412,130071.1479,129325.1383,746.0096,0.0000,5.64834,119479.0
11413,130071.1479,129325.1383,746.0096,0.0000,5.64834,119489.5
11414,130071.1479,129325.1383,746.0096,0.0000,5.64834,119500.6
11415,130071.1479,129325.1383,746.0096,0.0000,5.64834,119511.3
11416,130071.1479,129325.1383,746.0096,0.0000,5.64834,119522.2
11417,130071.1479,129325.1383,746.0096,0.0000,5.64834,119533.2
11418,130071.1479,129325.1383,746.0096,0.0000,5.64834,119544.2
11419,130071.1479,129325.1383,746.0096,0.0000,5.64834,119554.7
11420,130071.1479,129325.1383,746.0096,0.0000,5.64834,119565.0
11421,130071.1479,129325.1383,746.0096,0.0000,5.64834,119575.8
11422,130071.1479,129325.1383,746.0096,0.0000,5.64834,119586.9
11423,130071.1479,129325.1383,746.0096,0.0000,5.64834,119597.6
11424,130071.1479,129325.1383,746.0096,0.0000,5.64834,119608.4
11425,130071.1479,129325.1383,746.0096,0.0000,5.64834,119618.8
11426,130071.1479,129325.1383,746.0096,0.0000,5.64834,119629.6
11427,130071.1479,129325.1383,746.0096,0.0000,5.64834,119640.3
11428,130071.1479,129325.1383,746.0096,0.0000,5.64834,119651.2
11429,130071.1479,129325.1383,746.0096,0.0000,5.64834,119662.4
11430,130071.1479,129325.1383,746.0096,0.0000,5.64834,119673.6
11431,130071.1479,129325.1383,746.0096,0.0000,5.64834,119684.6
11432,130071.1479,129325.1383,746.0096,0.0000,5.64834,119694.9
11433,130071.1479,129325.1383,746.0096,0.0000,5.64834,119705.8
11434,130071.1479,129325.1383,746.0096,0.0000,5.64834,119716.5
11435,130071.1479,129325.1383,746.0096,0.0000,5.64834,119727.4
11436,130071.1479,129325.1383,746.0096,0.0000,5.64834,119738.2
11437,130071.1479,129325.1383,746.0096,0.0000,5.64834,119749.0
11438,130071.1479,129325.1383,746.0096,0.0000,5.64834,119759.4
11439,130071.1479,129325.1383,746.0096,0.0185,5.6596,119770.4
11440,130071.1479,129325.1383,746.0096,0.0000,5.6596,119780.9
11441,130071.1479,129325.1383,746.0096,0.0000,5.6596,119791.9
11442,130071.1479,129325.1383,746.0096,0.0000,5.6596,119802.4
11443,130071.1479,129325.1383,746.0096,0.0185,5.65794,119813.4
11444,130071.1479,129325.1383,746.0096,0.0000,5.65794,119824.4
11445,130071.1479,129325.1383,746.0096,0.0000,5.65794,119835.1
11446,130071.1479,129325.1383,746.0096,0.0000,5.65794,119846.2
11447,130071.1479,129325.1383,746.0096,0.0000,5.65794,119857.1
11448,130071.1479,129325.1383,746.0096,0.0000,5.65794,119867.7
11449,130071.1479,129325.1383,746.0096,0.0000,5.65794,119878.7
11450,130071.1479,129325.1383,746.0096,0.0000,5.65794,119890.0
11451,130071.1479,129325.1383,746.0096,0.0000,5.65794,119900.5
11452,130071.1479,129325.1383,746.0096,0.0000,5.65794,119911.2
11453,130071.1479,129325.1383,746.0096,0.0000,5.65794,119921.9
11454,130071.1479,129325.1383,746.0096,0.0000,5.65794,119932.7
11455,130071.1479,129325.1383,746.0096,0.0000,5.65794,119943.6
11456,130071.1479,129325.1383,746.0096,0.0185,5.63835,119954.4
11457,130071.1479,129325.1383,746.0096,0.0000,5.63835,119965.2
11458,130071.1479,129325.1383,746.0096,0.0000,5.63835,119975.8
11459,130071.1479,129325.1383,746.0096,0.0000,5.63835,119986.5
11460,130071.1479,129325.1383,746.0096,0.0000,5.63835,119997.3
11461,130071.1479,129325.1383,746.0096,0.0000,5.63835,120008.2
11462,130071.1479,129325.1383,746.0096,0.0000,5.63835,120019.3
11463,130071.1479,129325.1383,746.0096,0.0000,5.63835,120029.4
11464,130071.1479,129325.1383,746.0096,0.0000,5.63835,120040.0
11465,130071.1479,129325.1383,746.0096,0.0000,5.63835,120051.5
11466,130071.1479,129325.1383,746.0096,0.0000,5.63835,120062.3
11467,130071.1479,129325.1383,746.0096,0.0000,5.63835,120072.8
11468,130071.1479,129325.1383,746.0096,0.0000,5.63835,120083.3
11469,130071.1479,129325.1383,746.0096,0.0000,5.63835,120094.4
11470,130071.1479,129325.1383,746.0096,0.0000,5.63835,120105.0
11471,130071.1479,129325.1383,746.0096,0.0185,5.65839,120115.9
11472,130071.1479,129325.1383,746.0096,0.0185,5.6537,120126.5
11473,130071.1479,129325.1383,746.0096,0.0000,5.6537,120137.1
11474,130071.1479,129325.1383,746.0096,0.0000,5.6537,120147.5
11475,130071.1479,129325.1383,746.0096,0.0000,5.6537,120158.5
11476,130071.1479,129325.1383,746.0096,0.0000,5.6537,120169.4
11477,130071.1479,129325.1383,746.0096,0.0000,5.6537,120180.2
11478,130071.1479,129325.1383,746.0096,0.0000,5.6537,120190.8
11479,130071.1479,129325.1383,746.0096,0.0000,5.6537,120201.4
11480,130071.1479,129325.1383,746.0096,0.0000,5.6537,120211.9
11481,130071.1479,129325.1383,746.0096,0.0000,5.6537,120222.8
11482,130071.1479,129325.1383,746.0096,0.0000,5.6537,120233.2
11483,130071.1479,129325.1383,746.0096,0.0000,5.6537,120243.9
11484,130071.1479,129325.1383,746.0096,0.0000,5.6537,120254.8
11485,130071.1479,129325.1383,746.0096,0.0000,5.6537,120265.8
11486,130071.1479,129325.1383,746.0096,0.0000,5.6537,120276.5
11487,130071.1479,129325.1383,746.0096,0.0000,5.6537,120287.0
11488,130071.1479,129325.1383,746.0096,0.0000,5.6537,120297.8
11489,130071.1479,129325.1383,746.0096,0.0000,5.6537,120308.7
11490,130071.1479,129325.1383,746.0096,0.0185,5.65727,120319.3
11491,130071.1479,129325.1383,746.0096,0.0000,5.65727,120330.1
11492,130071.1479,129325.1383,746.0096,0.0000,5.65727,120340.9
11493,130071.1479,129325.1383,746.0096,0.0000,5.65727,120351.6
11494,130071.1479,129325.1383,746.0096,0.0000,5.65727,120362.2
11495,130071.1479,129325.1383,746.0096,0.0185,5.77442,120373.0
11496,130071.1479,129325.1383,746.0096,0.0000,5.77442,120383.7
11497,130071.1479,129325.1383,746.0096,0.0000,5.77442,120394.5
11498,130071.1479,129325.1383,746.0096,0.0000,5.77442,120405.5
11499,130071.1479,129325.1383,746.0096,0.0000,5.77442,120416.1
11500,130071.1479,129325.1383,746.0096,0.0000,5.77442,120426.8
11501,130071.1479,129325.1383,746.0096,0.0000,5.77442,120437.9
11502,130071.1479,129325.1383,746.0096,0.0000,5.77442,120449.1
11503,130071.1479,129325.1383,746.0096,0.0000,5.77442,120459.8
11504,130071.1479,129325.1383,746.0096,0.0000,5.77442,120470.7
11505,130071.1479,129325.1383,746.0096,0.0000,5.77442,120481.6
11506,130071.1479,129325.1383,746.0096,0.0000,5.77442,120492.6
11507,130071.1479,129325.1383,746.0096,0.0000,5.77442,120503.5
11508,130071.1479,129325.1383,746.0096,0.0000,5.77442,120514.9
11509,130071.1479,129325.1383,746.0096,0.0000,5.77442,120525.7
11510,130071.1479,129325.1383,746.0096,0.0000,5.77442,120536.5
11511,130071.1479,129325.1383,746.0096,0.0000,5.77442,120547.3
11512,130071.1479,129325.1383,746.0096,0.0000,5.77442,120558.4
11513,130071.1479,129325.1383,746.0096,0.0000,5.77442,120569.1
11514,130071.1479,129325.1383,746.0096,0.0000,5.77442,120579.8
11515,130071.1479,129325.1383,746.0096,0.0000,5.77442,120590.6
11516,130071.1479,129325.1383,746.0096,0.0000,5.77442,120601.4
11517,130071.1479,129325.1383,746.0096,0.0000,5.77442,120612.5
11518,130071.1479,129325.1383,746.0096,0.0000,5.77442,120623.8
11519,130071.1479,129325.1383,746.0096,0.0000,5.77442,120634.5
11520,130071.1479,129325.1383,746.0096,0.0000,5.77442,120645.3
11521,130071.1479,129325.1383,746.0096,0.0185,5.74533,120656.6
11522,130071.1479,129325.1383,746.0096,0.0000,5.74533,120667.2
11523,130071.1479,129325.1383,746.0096,0.0000,5.74533,120677.9
11524,130071.1479,129325.1383,746.0096,0.0000,5.74533,120688.9
11525,130071.1479,129325.1383,746.0096,0.0000,5.74533,120700.0
11526,130071.1479,129325.1383,746.0096,0.0000,5.74533,120710.4
11527,130071.1479,129325.1383,746.0096,0.0000,5.74533,120721.2
11528,130071.1479,129325.1383,746.0096,0.0000,5.74533,120731.9
11529,130071.1479,129325.1383,746.0096,0.0000,5.74533,120743.1
11530,130071.1479,129325.1383,746.0096,0.0000,5.74533,120754.1
11531,130071.1479,129325.1383,746.0096,0.0000,5.74533,120765.0
11532,130071.1479,129325.1383,746.0096,0.0000,5.74533,120775.7
11533,130071.1479,129325.1383,746.0096,0.0000,5.74533,120786.2
11534,130071.1479,129325.1383,746.0096,0.0000,5.74533,120797.4
11535,130071.1479,129325.1383,746.0096,0.0000,5.74533,120808.0
11536,130071.1479,129325.1383,746.0096,0.0000,5.74533,120819.3
11537,130071.1479,129325.1383,746.0096,0.0000,5.74533,120829.6
11538,130071.1479,129325.1383,746.0096,0.0000,5.74533,120840.3
11539,130071.1479,129325.1383,746.0096,0.0000,5.74533,120850.9
11540,130071.1479,129325.1383,746.0096,0.0000,5.74533,120861.8
11541,130071.1479,129325.1383,746.0096,0.0185,5.70838,120872.6
11542,130071.1479,129325.1383,746.0096,0.0000,5.70838,120883.1
11543,130071.1479,129325.1383,746.0096,0.0000,5.70838,120893.9
11544,130071.1479,129325.1383,746.0096,0.0000,5.70838,120904.4
11545,130071.1479,129325.1383,746.0096,0.0000,5.70838,120915.6
11546,130071.1479,129325.1383,746.0096,0.0000,5.70838,120926.4
11547,130071.1479,129325.1383,746.0096,0.0000,5.70838,120937.1
11548,130071.1479,129325.1383,746.0096,0.0000,5.70838,120947.8
11549,130071.1479,129325.1383,746.0096,0.0000,5.70838,120958.3
11550,130071.1479,129325.1383,746.0096,0.0000,5.70838,120969.1
11551,130071.1479,129325.1383,746.0096,0.0000,5.70838,120979.8
11552,130071.1479,129325.1383,746.0096,0.0000,5.70838,120990.9
11553,130071.1479,129325.1383,746.0096,0.0000,5.70838,121001.3
11554,130071.1479,129325.1383,746.0096,0.0000,5.70838,121012.0
11555,130071.1479,129325.1383,746.0096,0.0000,5.70838,121022.9
11556,130071.1479,129325.1383,746.0096,0.0000,5.70838,121033.5
11557,130071.1479,129325.1383,746.0096,0.0000,5.70838,121044.3
11558,130071.1479,129325.1383,746.0096,0.0000,5.70838,121055.0
11559,130071.1479,129325.1383,746.0096,0.0000,5.70838,121066.2
11560,130071.1479,129325.1383,746.0096,0.0000,5.70838,121077.1
11561,130071.1479,129325.1383,746.0096,0.0000,5.70838,121088.2
11562,130071.1479,129325.1383,746.0096,0.0000,5.70838,121098.8
11563,130071.1479,129325.1383,746.0096,0.0185,5.75591,121109.7
11564,130071.1479,129325.1383,746.0096,0.0000,5.75591,121120.7
11565,130071.1479,129325.1383,746.0096,0.0000,5.75591,121131.4
11566,130071.1479,129325.1383,746.0096,0.0000,5.75591,121142.5
11567,130071.1479,129325.1383,746.0096,0.0000,5.75591,121153.3
11568,130071.1479,129325.1383,746.0096,0.0000,5.75591,121163.8
11569,130071.1479,129325.1383,746.0096,0.0000,5.75591,121174.9
11570,130071.1479,129325.1383,746.0096,0.0000,5.75591,121185.9
11571,130071.1479,129325.1383,746.0096,0.0000,5.75591,121197.1
11572,130071.1479,129325.1383,746.0096,0.0000,5.75591,121208.3
11573,130071.1479,129325.1383,746.0096,0.0000,5.75591,121219.1
11574,130071.1479,129325.1383,746.0096,0.0000,5.75591,121229.7
11575,130071.1479,129325.1383,746.0096,0.0000,5.75591,121241.1
11576,130071.1479,129325.1383,746.0096,0.0000,5.75591,121251.7
11577,130112.1213,129325.1383,786.9830,0.0185,5.7084,121262.6
11578,130112.1213,129325.1383,786.9830,0.0000,5.7084,121273.4
11579,130112.1213,129325.1383,786.9830,0.0185,5.70588,121284.4
11580,130112.1213,129325.1383,786.9830,0.0000,5.70588,121295.3
11581,130112.1213,129325.1383,786.9830,0.0000,5.70588,121306.0
11582,130112.1213,129325.1383,786.9830,0.0000,5.70588,121316.4
11583,130112.1213,129325.1383,786.9830,0.0000,5.70588,121327.2
11584,130112.1213,129325.1383,786.9830,0.0000,5.70588,121338.0
11585,130112.1213,129325.1383,786.9830,0.0000,5.70588,121349.0
11586,130112.1213,129325.1383,786.9830,0.0000,5.70588,121359.8
11587,130112.1213,129325.1383,786.9830,0.0000,5.70588,121370.9
11588,130112.1213,129325.1383,786.9830,0.0000,5.70588,121381.2
11589,130112.1213,129325.1383,786.9830,0.0000,5.70588,121391.9
11590,130112.1213,129325.1383,786.9830,0.0000,5.70588,121402.8
11591,130112.1213,129325.1383,786.9830,0.0000,5.70588,121413.8
11592,130112.1213,129325.1383,786.9830,0.0000,5.70588,121424.7
11593,130112.1213,129325.1383,786.9830,0.0000,5.70588,121435.5
11594,130112.1213,129325.1383,786.9830,0.0000,5.70588,121446.5
11595,130112.1213,129325.1383,786.9830,0.0000,5.70588,121458.0
11596,130112.1213,129325.1383,786.9830,0.0000,5.70588,121468.8
11597,130112.1213,129329.9960,782.1252,0.0185,5.592,121479.8
11598,130112.1213,129329.9960,782.1252,0.0000,5.592,121490.8
11599,130112.1213,129329.9960,782.1252,0.0000,5.592,121501.4
11600,130112.1213,129329.9960,782.1252,0.0000,5.592,121512.2
11601,130112.1213,129329.9960,782.1252,0.0000,5.592,121523.1
11602,130112.1213,129329.9960,782.1252,0.0185,5.64355,121533.6
11603,130112.1213,129329.9960,782.1252,0.0000,5.64355,121544.1
11604,130112.1213,129329.9960,782.1252,0.0000,5.64355,121554.9
11605,130112.1213,129329.9960,782.1252,0.0000,5.64355,121565.8
11606,130112.1213,129329.9960,782.1252,0.0000,5.64355,121576.8
11607,130112.1213,129329.9960,782.1252,0.0000,5.64355,121587.8
11608,130112.1213,129329.9960,782.1252,0.0000,5.64355,121598.7
11609,130112.1213,129329.9960,782.1252,0.0000,5.64355,121609.8
11610,130112.1213,129329.9960,782.1252,0.0000,5.64355,121620.3
11611,130112.1213,129329.9960,782.1252,0.0000,5.64355,121631.0
11612,130112.1213,129329.9960,782.1252,0.0000,5.64355,121642.0
11613,130112.1213,129329.9960,782.1252,0.0000,5.64355,121652.8
11614,130112.1213,129329.9960,782.1252,0.0000,5.64355,121663.5
11615,130112.1213,129329.9960,782.1252,0.0000,5.64355,121674.1
11616,130112.1213,129334.2414,777.8799,0.0185,5.65967,121685.1
11617,130112.1213,129334.2414,777.8799,0.0000,5.65967,121695.8
11618,130112.1213,129334.2414,777.8799,0.0000,5.65967,121706.8
11619,130112.1213,129334.2414,777.8799,0.0000,5.65967,121717.8
11620,130112.1213,129334.2414,777.8799,0.0000,5.65967,121728.7
11621,130112.1213,129334.2414,777.8799,0.0185,5.67913,121739.5
11622,130112.1213,129334.2414,777.8799,0.0000,5.67913,121750.5
11623,130112.1213,129334.2414,777.8799,0.0000,5.67913,121761.5
11624,130112.1213,129334.2414,777.8799,0.0000,5.67913,121772.2
11625,130112.1213,129334.2414,777.8799,0.0000,5.67913,121782.9
11626,130112.1213,129334.2414,777.8799,0.0000,5.67913,121794.0
11627,130112.1213,129334.2414,777.8799,0.0000,5.67913,121805.1
11628,130112.1213,129334.2414,777.8799,0.0000,5.67913,121815.9
11629,130112.1213,129334.2414,777.8799,0.0000,5.67913,121826.5
11630,130112.1213,129334.2414,777.8799,0.0000,5.67913,121838.0
11631,130112.1213,129334.2414,777.8799,0.0000,5.67913,121848.3
11632,130112.1213,129334.2414,777.8799,0.0000,5.67913,121859.2
11633,130112.1213,129334.2414,777.8799,0.0000,5.67913,121870.2
11634,130112.1213,129334.2414,777.8799,0.0000,5.67913,121881.2
11635,130112.1213,129334.2414,777.8799,0.0000,5.67913,121892.2
11636,130112.1213,129334.2414,777.8799,0.0000,5.67913,121903.0
11637,130112.1213,129334.2414,777.8799,0.0000,5.67913,121913.8
11638,130112.1213,129334.2414,777.8799,0.0000,5.67913,121924.3
11639,130112.1213,129334.2414,777.8799,0.0000,5.67913,121934.8
11640,130112.1213,129334.2414,777.8799,0.0000,5.67913,121945.8
11641,130112.1213,129334.2414,777.8799,0.0000,5.67913,121957.0
11642,130112.1213,129334.2414,777.8799,0.0000,5.67913,121968.0
11643,130112.1213,129334.2414,777.8799,0.0000,5.67913,121978.4
11644,130112.1213,129334.2414,777.8799,0.0000,5.67913,121988.8
11645,130112.1213,129334.2414,777.8799,0.0000,5.67913,121999.9
11646,130112.1213,129334.2414,777.8799,0.0000,5.67913,122010.8
11647,130112.1213,129334.2414,777.8799,0.0000,5.67913,122021.6
11648,130112.1213,129334.2414,777.8799,0.0000,5.67913,122032.2
11649,130112.1213,129334.2414,777.8799,0.0000,5.67913,122043.3
11650,130112.1213,129334.2414,777.8799,0.0000,5.67913,122054.4
11651,130112.1213,129334.2414,777.8799,0.0000,5.67913,122065.1
11652,130112.1213,129334.2414,777.8799,0.0000,5.67913,122075.9
11653,130112.1213,129334.2414,777.8799,0.0000,5.67913,122087.0
11654,130112.1213,129334.2414,777.8799,0.0000,5.67913,122097.7
11655,130112.1213,129334.2414,777.8799,0.0000,5.67913,122108.3
11656,130112.1213,129334.2414,777.8799,0.0000,5.67913,122119.2
11657,130112.1213,129334.2414,777.8799,0.0000,5.67913,122130.2
11658,130112.1213,129334.2414,777.8799,0.0000,5.67913,122140.8
11659,130112.1213,129334.2414,777.8799,0.0000,5.67913,122151.5
11660,130112.1213,129334.2414,777.8799,0.0000,5.67913,122162.5
11661,130112.1213,129334.2414,777.8799,0.0000,5.67913,122173.6
11662,130112.1213,129334.2414,777.8799,0.0000,5.67913,122184.3
11663,130112.1213,129334.2414,777.8799,0.0000,5.67913,122195.0
11664,130112.1213,129334.2414,777.8799,0.0000,5.67913,122205.9
11665,130112.1213,129334.2414,777.8799,0.0000,5.67913,122216.6
11666,130112.1213,129334.2414,777.8799,0.0000,5.67913,122227.5
11667,130112.1213,129334.2414,777.8799,0.0000,5.67913,122238.3
11668,130112.1213,129334.2414,777.8799,0.0000,5.67913,122249.3
11669,130112.1213,129334.2414,777.8799,0.0000,5.67913,122260.1
11670,130112.1213,129334.2414,777.8799,0.0000,5.67913,122270.5
11671,130112.1213,129334.2414,777.8799,0.0000,5.67913,122281.0
11672,130112.1213,129334.2414,777.8799,0.0000,5.67913,122292.1
11673,130113.4899,129334.2414,779.2485,0.0185,5.67784,122302.4
11674,130113.4899,129334.2414,779.2485,0.0000,5.67784,122312.8
11675,130113.4899,129334.2414,779.2485,0.0000,5.67784,122323.8
11676,130113.4899,129334.2414,779.2485,0.0000,5.67784,122334.7
11677,130113.4899,129334.2414,779.2485,0.0000,5.67784,122345.5
11678,130113.4899,129334.2414,779.2485,0.0000,5.67784,122356.5
11679,130113.4899,129334.2414,779.2485,0.0000,5.67784,122367.4
11680,130113.4899,129334.2414,779.2485,0.0000,5.67784,122378.2
11681,130113.4899,129334.2414,779.2485,0.0000,5.67784,122389.3
11682,130113.4899,129334.2414,779.2485,0.0000,5.67784,122400.2
11683,130113.4899,129334.2414,779.2485,0.0000,5.67784,122410.9
11684,130113.4899,129334.2414,779.2485,0.0000,5.67784,122422.0
11685,130113.4899,129334.2414,779.2485,0.0000,5.67784,122432.6
11686,130113.4899,129334.2414,779.2485,0.0000,5.67784,122443.2
11687,130113.4899,129334.2414,779.2485,0.0000,5.67784,122454.0
11688,130113.4899,129334.2414,779.2485,0.0000,5.67784,122464.8
11689,130113.4899,129334.2414,779.2485,0.0000,5.67784,122475.6
11690,130113.4899,129334.2414,779.2485,0.0000,5.67784,122486.5
11691,130113.4899,129334.2414,779.2485,0.0000,5.67784,122497.4
11692,130113.4899,129334.2414,779.2485,0.0000,5.67784,122508.0
11693,130113.4899,129334.2414,779.2485,0.0000,5.67784,122519.0
11694,130113.4899,129334.2414,779.2485,0.0000,5.67784,122530.0
11695,130113.4899,129334.2414,779.2485,0.0000,5.67784,122540.6
11696,130113.4899,129334.2414,779.2485,0.0000,5.67784,122551.8
11697,130113.4899,129334.2414,779.2485,0.0000,5.67784,122562.3
11698,130113.4899,129334.2414,779.2485,0.0000,5.67784,122573.2
11699,130113.4899,129334.2414,779.2485,0.0000,5.67784,122584.0
11700,130113.4899,129334.2414,779.2485,0.0000,5.67784,122595.1
11701,130113.4899,129334.2414,779.2485,0.0000,5.67784,122605.9
11702,130113.4899,129334.2414,779.2485,0.0000,5.67784,122616.9
11703,130113.4899,129334.2414,779.2485,0.0000,5.67784,122628.0
11704,130113.4899,129334.2414,779.2485,0.0000,5.67784,122638.8
11705,130113.4899,129334.2414,779.2485,0.0000,5.67784,122649.8
11706,130113.4899,129334.2414,779.2485,0.0000,5.67784,122660.9
11707,130113.4899,129334.2414,779.2485,0.0000,5.67784,122671.9
11708,130113.4899,129334.2414,779.2485,0.0000,5.67784,122682.6
11709,130113.4899,129334.2414,779.2485,0.0000,5.67784,122693.3
11710,130113.4899,129334.2414,779.2485,0.0000,5.67784,122704.2
11711,130113.4899,129334.2414,779.2485,0.0000,5.67784,122715.0
11712,130113.4899,129334.2414,779.2485,0.0000,5.67784,122725.6
11713,130113.4899,129334.2414,779.2485,0.0000,5.67784,122736.4
11714,130113.4899,129334.2414,779.2485,0.0000,5.67784,122747.1
11715,130113.4899,129334.2414,779.2485,0.0000,5.67784,122757.5
11716,130113.4899,129334.2414,779.2485,0.0000,5.67784,122768.4
11717,130113.4899,129334.2414,779.2485,0.0000,5.67784,122779.4
11718,130113.4899,129334.2414,779.2485,0.0000,5.67784,122790.2
11719,130113.4899,129334.2414,779.2485,0.0000,5.67784,122800.6
11720,130113.4899,129334.2414,779.2485,0.0000,5.67784,122811.4
11721,130113.4899,129334.2414,779.2485,0.0000,5.67784,122822.2
11722,130113.4899,129334.2414,779.2485,0.0000,5.67784,122833.1
11723,130113.4899,129334.2414,779.2485,0.0000,5.67784,122844.2
11724,130113.4899,129334.2414,779.2485,0.0000,5.67784,122855.0
11725,130113.4899,129334.2414,779.2485,0.0000,5.67784,122865.8
11726,130113.4899,129334.2414,779.2485,0.0000,5.67784,122876.7
11727,130113.4899,129334.2414,779.2485,0.0000,5.67784,122887.7
11728,130113.4899,129334.2414,779.2485,0.0000,5.67784,122898.5
11729,130113.4899,129334.2414,779.2485,0.0000,5.67784,122909.2
11730,130113.4899,129334.2414,779.2485,0.0000,5.67784,122919.8
11731,130113.4899,129334.2414,779.2485,0.0000,5.67784,122931.5
11732,130113.4899,129334.2414,779.2485,0.0000,5.67784,122942.2
11733,130113.4899,129334.2414,779.2485,0.0000,5.67784,122953.5
11734,130113.4899,129334.2414,779.2485,0.0000,5.67784,122964.2
11735,130113.4899,129334.2414,779.2485,0.0000,5.67784,122975.3
11736,130113.4899,129334.2414,779.2485,0.0000,5.67784,122986.2
11737,130113.4899,129334.2414,779.2485,0.0000,5.67784,122997.2
11738,130113.4899,129334.2414,779.2485,0.0000,5.67784,123008.7
11739,130113.4899,129334.2414,779.2485,0.0000,5.67784,123019.6
11740,130113.4899,129334.2414,779.2485,0.0000,5.67784,123030.6
11741,130113.4899,129334.2414,779.2485,0.0000,5.67784,123041.4
11742,130113.4899,129334.2414,779.2485,0.0000,5.67784,123052.2
11743,130113.4899,129334.2414,779.2485,0.0000,5.67784,123063.1
11744,130113.4899,129334.2414,779.2485,0.0000,5.67784,123073.9
11745,130113.4899,129334.2414,779.2485,0.0000,5.67784,123084.6
11746,130113.4899,129334.2414,779.2485,0.0000,5.67784,123095.3
11747,130113.4899,129334.2414,779.2485,0.0000,5.67784,123106.3
11748,130113.4899,129334.2414,779.2485,0.0000,5.67784,123117.9
11749,130113.4899,129334.2414,779.2485,0.0000,5.67784,123128.7
11750,130113.4899,129334.2414,779.2485,0.0185,5.70211,123139.0
11751,130113.4899,129334.2414,779.2485,0.0000,5.70211,123150.3
11752,130113.4899,129334.2414,779.2485,0.0000,5.70211,123160.9
11753,130113.4899,129334.2414,779.2485,0.0000,5.70211,123171.7
11754,130113.4899,129334.2414,779.2485,0.0000,5.70211,123182.5
11755,130113.4899,129334.2414,779.2485,0.0000,5.70211,123193.4
11756,130113.4899,129334.2414,779.2485,0.0000,5.70211,123204.4
11757,130113.4899,129334.2414,779.2485,0.0000,5.70211,123215.3
11758,130113.4899,129334.2414,779.2485,0.0185,5.70589,123225.9
11759,130113.4899,129334.2414,779.2485,0.0000,5.70589,123236.7
11760,130113.4899,129334.2414,779.2485,0.0000,5.70589,123247.5
11761,130113.4899,129334.2414,779.2485,0.0000,5.70589,123258.4
11762,130113.4899,129334.2414,779.2485,0.0000,5.70589,123269.3
11763,130113.4899,129334.2414,779.2485,0.0000,5.70589,123279.8
11764,130113.4899,129334.2414,779.2485,0.0000,5.70589,123291.1
11765,130113.4899,129334.2414,779.2485,0.0000,5.70589,123301.6
11766,130113.4899,129334.2414,779.2485,0.0185,5.68122,123312.7
11767,130113.4899,129334.2414,779.2485,0.0000,5.68122,123323.5
11768,130113.4899,129334.2414,779.2485,0.0000,5.68122,123334.3
11769,130113.4899,129334.2414,779.2485,0.0000,5.68122,123345.4
11770,130113.4899,129334.2414,779.2485,0.0000,5.68122,123356.3
11771,130113.4899,129334.2414,779.2485,0.0000,5.68122,123366.7
11772,130113.4899,129334.2414,779.2485,0.0000,5.68122,123377.6
11773,130113.4899,129334.2414,779.2485,0.0000,5.68122,123388.5
11774,130113.4899,129334.2414,779.2485,0.0000,5.68122,123399.3
11775,130113.4899,129334.2414,779.2485,0.0000,5.68122,123410.1
11776,130113.4899,129334.2414,779.2485,0.0000,5.68122,123421.2
11777,130113.4899,129334.2414,779.2485,0.0000,5.68122,123431.9
11778,130113.4899,129334.2414,779.2485,0.0000,5.68122,123442.8
11779,130113.4899,129334.2414,779.2485,0.0000,5.68122,123453.3
11780,130113.4899,129334.2414,779.2485,0.0000,5.68122,123464.0
11781,130113.4899,129334.2414,779.2485,0.0000,5.68122,123474.9
11782,130113.4899,129334.2414,779.2485,0.0000,5.68122,123485.3
11783,130113.4899,129334.2414,779.2485,0.0000,5.68122,123496.0
11784,130113.4899,129334.2414,779.2485,0.0000,5.68122,123506.6
11785,130113.4899,129334.2414,779.2485,0.0000,5.68122,123517.5
11786,130113.4899,129334.2414,779.2485,0.0000,5.68122,123528.2
11787,130113.4899,129334.2414,779.2485,0.0000,5.68122,123538.8
11788,130113.4899,129334.2414,779.2485,0.0000,5.68122,123549.5
11789,130113.4899,129334.2414,779.2485,0.0000,5.68122,123560.6
11790,130113.4899,129334.2414,779.2485,0.0000,5.68122,123571.3
11791,130113.4899,129334.2414,779.2485,0.0000,5.68122,123582.2
11792,130113.4899,129334.2414,779.2485,0.0000,5.68122,123592.8
11793,130113.4899,129334.2414,779.2485,0.0000,5.68122,123603.8
11794,130113.4899,129334.2414,779.2485,0.0000,5.68122,123614.8
11795,130113.4899,129334.2414,779.2485,0.0000,5.68122,123625.5
11796,130113.4899,129334.2414,779.2485,0.0000,5.68122,123636.2
11797,130113.4899,129334.2414,779.2485,0.0000,5.68122,123646.9
11798,130113.4899,129334.2414,779.2485,0.0000,5.68122,123657.6
11799,130113.4899,129334.2414,779.2485,0.0000,5.68122,123668.4
11800,130113.4899,129334.2414,779.2485,0.0000,5.68122,123679.4
11801,130113.4899,129334.2414,779.2485,0.0000,5.68122,123689.9
11802,130113.4899,129334.2414,779.2485,0.0185,5.67903,123700.7
11803,130113.4899,129334.2414,779.2485,0.0000,5.67903,123711.3
11804,130113.4899,129334.2414,779.2485,0.0000,5.67903,123722.1
11805,130113.4899,129334.2414,779.2485,0.0000,5.67903,123732.7
11806,130113.4899,129334.2414,779.2485,0.0000,5.67903,123743.8
11807,130113.4899,129334.2414,779.2485,0.0000,5.67903,123754.6
11808,130113.4899,129334.2414,779.2485,0.0000,5.67903,123765.7
11809,130113.4899,129334.2414,779.2485,0.0000,5.67903,123776.2
11810,130113.4899,129334.2414,779.2485,0.0000,5.67903,123786.8
11811,130113.4899,129334.2414,779.2485,0.0000,5.67903,123797.8
11812,130113.4899,129334.2414,779.2485,0.0000,5.67903,123808.7
11813,130113.4899,129334.2414,779.2485,0.0000,5.67903,123819.7
11814,130113.4899,129334.2414,779.2485,0.0000,5.67903,123830.9
11815,130113.4899,129334.2414,779.2485,0.0185,5.64909,123841.6
11816,130113.4899,129334.2414,779.2485,0.0000,5.64909,123852.6
11817,130113.4899,129334.2414,779.2485,0.0000,5.64909,123863.7
11818,130113.4899,129334.2414,779.2485,0.0000,5.64909,123874.7
11819,130113.4899,129334.2414,779.2485,0.0000,5.64909,123886.0
11820,130113.4899,129334.2414,779.2485,0.0000,5.64909,123896.9
11821,130113.4899,129334.2414,779.2485,0.0000,5.64909,123907.9
11822,130113.4899,129334.2414,779.2485,0.0000,5.64909,123918.5
11823,130113.4899,129334.2414,779.2485,0.0000,5.64909,123929.4
11824,130113.4899,129334.2414,779.2485,0.0000,5.64909,123940.0
11825,130113.4899,129334.2414,779.2485,0.0000,5.64909,123950.9
11826,130113.4899,129334.2414,779.2485,0.0000,5.64909,123961.8
11827,130113.4899,129334.2414,779.2485,0.0000,5.64909,123972.4
11828,130113.4899,129334.2414,779.2485,0.0000,5.64909,123983.3
11829,130113.4899,129334.2414,779.2485,0.0000,5.64909,123994.4
11830,130113.4899,129334.2414,779.2485,0.0000,5.64909,124005.6
11831,130113.4899,129334.2414,779.2485,0.0000,5.64909,124016.5
11832,130113.4899,129334.2414,779.2485,0.0000,5.64909,124027.5
11833,130113.4899,129334.2414,779.2485,0.0000,5.64909,124038.3
11834,130113.4899,129334.2414,779.2485,0.0000,5.64909,124049.2
11835,130113.4899,129334.2414,779.2485,0.0000,5.64909,124060.2
11836,130113.4899,129334.2414,779.2485,0.0000,5.64909,124070.9
11837,130113.4899,129334.2414,779.2485,0.0000,5.64909,124081.5
11838,130113.4899,129334.2414,779.2485,0.0000,5.64909,124092.3
11839,130113.4899,129334.2414,779.2485,0.0000,5.64909,124103.4
11840,130113.4899,129334.2414,779.2485,0.0000,5.64909,124114.2
11841,130113.4899,129334.2414,779.2485,0.0000,5.64909,124125.1
11842,130113.4899,129334.2414,779.2485,0.0000,5.64909,124135.6
11843,130113.4899,129334.2414,779.2485,0.0000,5.64909,124146.2
11844,130113.4899,129334.2414,779.2485,0.0000,5.64909,124157.2
11845,130113.4899,129334.2414,779.2485,0.0000,5.64909,124167.8
11846,130113.4899,129334.2414,779.2485,0.0000,5.64909,124178.4
11847,130113.4899,129334.2414,779.2485,0.0000,5.64909,124189.2
11848,130113.4899,129334.2414,779.2485,0.0000,5.64909,124200.4
11849,130113.4899,129334.2414,779.2485,0.0000,5.64909,124211.0
11850,130113.4899,129334.2414,779.2485,0.0000,5.64909,124221.8
11851,130113.4899,129334.2414,779.2485,0.0000,5.64909,124232.6
11852,130113.4899,129334.2414,779.2485,0.0000,5.64909,124243.2
11853,130113.4899,129334.2414,779.2485,0.0000,5.64909,124253.9
11854,130113.4899,129334.2414,779.2485,0.0000,5.64909,124264.5
11855,130113.4899,129334.2414,779.2485,0.0000,5.64909,124275.6
11856,130113.4899,129334.2414,779.2485,0.0000,5.64909,124285.9
11857,130113.4899,129334.2414,779.2485,0.0000,5.64909,124296.9
11858,130113.4899,129334.2414,779.2485,0.0000,5.64909,124307.8
11859,130113.4899,129334.2414,779.2485,0.0000,5.64909,124318.5
11860,130113.4899,129334.2414,779.2485,0.0000,5.64909,124329.3
11861,130113.4899,129334.2414,779.2485,0.0000,5.64909,124340.8
11862,130113.4899,129334.2414,779.2485,0.0000,5.64909,124352.1
11863,130113.4899,129334.2414,779.2485,0.0000,5.64909,124363.1
11864,130113.4899,129334.2414,779.2485,0.0000,5.64909,124373.9
11865,130113.4899,129334.2414,779.2485,0.0000,5.64909,124384.9
11866,130113.4899,129334.2414,779.2485,0.0000,5.64909,124396.1
11867,130113.4899,129334.2414,779.2485,0.0000,5.64909,124407.1
11868,130113.4899,129334.2414,779.2485,0.0000,5.64909,124417.9
11869,130113.4899,129334.2414,779.2485,0.0000,5.64909,124428.6
11870,130113.4899,129334.2414,779.2485,0.0000,5.64909,124439.5
11871,130113.4899,129334.2414,779.2485,0.0000,5.64909,124450.7
11872,130113.4899,129334.2414,779.2485,0.0000,5.64909,124461.5
11873,130113.4899,129334.2414,779.2485,0.0000,5.64909,124472.3
11874,130113.4899,129334.2414,779.2485,0.0000,5.64909,124483.4
11875,130113.4899,129334.2414,779.2485,0.0185,5.63017,124494.2
11876,130113.4899,129334.2414,779.2485,0.0000,5.63017,124504.9
11877,130113.4899,129334.2414,779.2485,0.0000,5.63017,124515.3
11878,130113.4899,129334.2414,779.2485,0.0000,5.63017,124525.8
11879,130113.4899,129334.2414,779.2485,0.0000,5.63017,124536.3
11880,130113.4899,129334.2414,779.2485,0.0000,5.63017,124546.7
11881,130113.4899,129334.2414,779.2485,0.0000,5.63017,124557.5
11882,130113.4899,129334.2414,779.2485,0.0000,5.63017,124568.5
11883,130113.4899,129334.2414,779.2485,0.0000,5.63017,124579.3
11884,130113.4899,129334.2414,779.2485,0.0000,5.63017,124589.9
11885,130113.4899,129334.2414,779.2485,0.0000,5.63017,124600.4
11886,130113.4899,129334.2414,779.2485,0.0000,5.63017,124611.2
11887,130113.4899,129334.2414,779.2485,0.0000,5.63017,124622.2
11888,130113.4899,129334.2414,779.2485,0.0000,5.63017,124632.9
11889,130113.4899,129334.2414,779.2485,0.0000,5.63017,124643.9
11890,130113.4899,129334.2414,779.2485,0.0000,5.63017,124654.5
11891,130113.4899,129334.2414,779.2485,0.0000,5.63017,124665.7
11892,130113.4899,129334.2414,779.2485,0.0000,5.63017,124676.6
11893,130113.4899,129334.2414,779.2485,0.0000,5.63017,124687.1
11894,130113.4899,129334.2414,779.2485,0.0000,5.63017,124698.3
11895,130113.4899,129334.2414,779.2485,0.0000,5.63017,124708.8
11896,130113.4899,129334.2414,779.2485,0.0000,5.63017,124719.7
11897,130113.4899,129334.2414,779.2485,0.0000,5.63017,124730.5
11898,130113.4899,129334.2414,779.2485,0.0000,5.63017,124741.1
11899,130113.4899,129334.2414,779.2485,0.0000,5.63017,124752.4
11900,130113.4899,129334.2414,779.2485,0.0000,5.63017,124763.4
11901,130113.4899,129334.2414,779.2485,0.0000,5.63017,124774.2
11902,130113.4899,129334.2414,779.2485,0.0000,5.63017,124785.1
11903,130113.4899,129334.2414,779.2485,0.0000,5.63017,124795.8
11904,130113.4899,129334.2414,779.2485,0.0000,5.63017,124806.4
11905,130113.4899,129334.2414,779.2485,0.0000,5.63017,124817.4
11906,130113.4899,129334.2414,779.2485,0.0000,5.63017,124828.3
11907,130113.4899,129334.2414,779.2485,0.0000,5.63017,124839.1
11908,130113.4899,129334.2414,779.2485,0.0000,5.63017,124849.7
11909,130113.4899,129334.2414,779.2485,0.0000,5.63017,124860.4
11910,130113.4899,129334.2414,779.2485,0.0000,5.63017,124871.4
11911,130113.4899,129334.2414,779.2485,0.0000,5.63017,124882.5
11912,130113.4899,129334.2414,779.2485,0.0000,5.63017,124893.4
11913,130113.4899,129334.2414,779.2485,0.0000,5.63017,124904.1
11914,130113.4899,129334.2414,779.2485,0.0000,5.63017,124914.5
11915,130113.4899,129334.2414,779.2485,0.0000,5.63017,124925.1
11916,130113.4899,129334.2414,779.2485,0.0000,5.63017,124935.9
11917,130113.4899,129334.2414,779.2485,0.0000,5.63017,124946.6
11918,130113.4899,129334.2414,779.2485,0.0000,5.63017,124957.5
11919,130113.4899,129334.2414,779.2485,0.0000,5.63017,124968.5
11920,130113.4899,129334.2414,779.2485,0.0000,5.63017,124979.1
11921,130113.4899,129334.2414,779.2485,0.0000,5.63017,124990.0
11922,130113.4899,129334.2414,779.2485,0.0000,5.63017,125001.2
11923,130113.4899,129334.2414,779.2485,0.0185,5.61716,125012.3
11924,130113.4899,129334.2414,779.2485,0.0000,5.61716,125023.0
11925,130113.4899,129334.2414,779.2485,0.0000,5.61716,125033.5
11926,130113.4899,129334.2414,779.2485,0.0000,5.61716,125044.3
11927,130113.4899,129334.2414,779.2485,0.0000,5.61716,125055.1
11928,130113.4899,129334.2414,779.2485,0.0000,5.61716,125065.8
11929,130113.4899,129334.2414,779.2485,0.0185,5.65261,125076.4
11930,130113.4899,129334.2414,779.2485,0.0000,5.65261,125087.3
11931,130113.4899,129334.2414,779.2485,0.0000,5.65261,125098.3
11932,130113.4899,129334.2414,779.2485,0.0000,5.65261,125109.2
11933,130113.4899,129334.2414,779.2485,0.0000,5.65261,125120.2
11934,130113.4899,129334.2414,779.2485,0.0000,5.65261,125130.9
11935,130113.4899,129334.2414,779.2485,0.0000,5.65261,125141.7
11936,130113.4899,129334.2414,779.2485,0.0000,5.65261,125152.6
11937,130113.4899,129334.2414,779.2485,0.0000,5.65261,125163.5
11938,130113.4899,129334.2414,779.2485,0.0000,5.65261,125174.6
11939,130113.4899,129334.2414,779.2485,0.0000,5.65261,125186.0
11940,130113.4899,129334.2414,779.2485,0.0000,5.65261,125196.5
11941,130113.4899,129334.2414,779.2485,0.0000,5.65261,125206.9
11942,130113.4899,129334.2414,779.2485,0.0000,5.65261,125218.0
11943,130113.4899,129334.2414,779.2485,0.0185,5.65514,125229.0
11944,130113.4899,129334.2414,779.2485,0.0000,5.65514,125239.8
11945,130113.4899,129334.2414,779.2485,0.0000,5.65514,125250.3
11946,130113.4899,129334.2414,779.2485,0.0000,5.65514,125261.2
11947,130113.4899,129334.2414,779.2485,0.0000,5.65514,125271.9
11948,130113.4899,129334.2414,779.2485,0.0000,5.65514,125282.9
11949,130113.4899,129334.2414,779.2485,0.0000,5.65514,125293.5
11950,130113.4899,129334.2414,779.2485,0.0000,5.65514,125304.8
11951,130113.4899,129334.2414,779.2485,0.0000,5.65514,125315.3
11952,130113.4899,129334.2414,779.2485,0.0000,5.65514,125326.3
11953,130113.4899,129334.2414,779.2485,0.0185,5.63932,125337.6
11954,130113.4899,129334.2414,779.2485,0.0000,5.63932,125348.5
11955,130113.4899,129334.2414,779.2485,0.0000,5.63932,125359.2
11956,130113.4899,129334.2414,779.2485,0.0000,5.63932,125369.9
11957,130113.4899,129334.2414,779.2485,0.0000,5.63932,125380.6
11958,130113.4899,129334.2414,779.2485,0.0000,5.63932,125391.1
11959,130113.4899,129334.2414,779.2485,0.0000,5.63932,125402.1
11960,130113.4899,129334.2414,779.2485,0.0000,5.63932,125413.2
11961,130113.4899,129334.2414,779.2485,0.0000,5.63932,125424.1
11962,130113.4899,129334.2414,779.2485,0.0000,5.63932,125434.7
11963,130113.4899,129334.2414,779.2485,0.0000,5.63932,125445.4
11964,130113.4899,129334.2414,779.2485,0.0000,5.63932,125456.1
11965,130113.4899,129334.2414,779.2485,0.0000,5.63932,125466.7
11966,130113.4899,129334.2414,779.2485,0.0000,5.63932,125478.1
11967,130113.4899,129334.2414,779.2485,0.0000,5.63932,125488.5
11968,130113.4899,129334.2414,779.2485,0.0000,5.63932,125499.0
11969,130113.4899,129334.2414,779.2485,0.0000,5.63932,125509.8
11970,130113.4899,129334.2414,779.2485,0.0185,5.6263,125520.4
11971,130113.4899,129334.2414,779.2485,0.0000,5.6263,125531.5
11972,130113.4899,129334.2414,779.2485,0.0000,5.6263,125542.3
11973,130113.4899,129334.2414,779.2485,0.0000,5.6263,125552.8
11974,130113.4899,129334.2414,779.2485,0.0000,5.6263,125563.6
11975,130113.4899,129334.2414,779.2485,0.0000,5.6263,125574.6
11976,130113.4899,129334.2414,779.2485,0.0000,5.6263,125585.5
11977,130113.4899,129334.2414,779.2485,0.0000,5.6263,125596.3
11978,130113.4899,129334.2414,779.2485,0.0000,5.6263,125607.4
11979,130113.4899,129334.2414,779.2485,0.0185,5.67098,125618.4
11980,130113.4899,129334.2414,779.2485,0.0000,5.67098,125629.3
11981,130113.4899,129334.2414,779.2485,0.0000,5.67098,125640.0
11982,130113.4899,129334.2414,779.2485,0.0000,5.67098,125650.9
11983,130113.4899,129334.2414,779.2485,0.0000,5.67098,125661.9
11984,130113.4899,129334.2414,779.2485,0.0000,5.67098,125672.7
11985,130113.4899,129334.2414,779.2485,0.0000,5.67098,125683.7
11986,130113.4899,129334.2414,779.2485,0.0185,5.70499,125694.9
11987,130113.4899,129334.2414,779.2485,0.0000,5.70499,125705.7
11988,130113.4899,129334.2414,779.2485,0.0000,5.70499,125716.6
11989,130113.4899,129334.2414,779.2485,0.0000,5.70499,125727.7
11990,130113.4899,129334.2414,779.2485,0.0000,5.70499,125738.4
11991,130113.4899,129334.2414,779.2485,0.0185,5.70375,125749.5
11992,130113.4899,129334.2414,779.2485,0.0000,5.70375,125760.1
11993,130113.4899,129334.2414,779.2485,0.0000,5.70375,125770.5
11994,130113.4899,129334.2414,779.2485,0.0000,5.70375,125781.1
11995,130113.4899,129334.2414,779.2485,0.0000,5.70375,125792.2
11996,130113.4899,129334.2414,779.2485,0.0000,5.70375,125803.5
11997,130113.4899,129334.2414,779.2485,0.0000,5.70375,125814.3
11998,130113.4899,129334.2414,779.2485,0.0000,5.70375,125825.1
11999,130113.4899,129334.2414,779.2485,0.0000,5.70375,125836.0
12000,130113.4899,129334.2414,779.2485,0.0000,5.70375,125846.6
12001,130113.4899,129334.2414,779.2485,0.0000,5.70375,125857.2
12002,130113.4899,129334.2414,779.2485,0.0000,5.70375,125867.7
12003,130113.4899,129334.2414,779.2485,0.0000,5.70375,125878.4
12004,130113.4899,129334.2414,779.2485,0.0000,5.70375,125889.0
12005,130113.4899,129334.2414,779.2485,0.0000,5.70375,125900.2
12006,130113.4899,129334.2414,779.2485,0.0000,5.70375,125910.9
12007,130113.4899,129334.2414,779.2485,0.0000,5.70375,125921.8
12008,130113.4899,129334.2414,779.2485,0.0000,5.70375,125932.6
12009,130113.4899,129334.2414,779.2485,0.0000,5.70375,125943.6
12010,130113.4899,129334.2414,779.2485,0.0000,5.70375,125954.3
12011,130113.4899,129334.2414,779.2485,0.0000,5.70375,125964.8
12012,130113.4899,129334.2414,779.2485,0.0000,5.70375,125975.7
12013,130113.4899,129334.2414,779.2485,0.0000,5.70375,125986.2
12014,130113.4899,129334.2414,779.2485,0.0000,5.70375,125996.5
12015,130113.4899,129334.2414,779.2485,0.0000,5.70375,126007.3
12016,130113.4899,129334.2414,779.2485,0.0000,5.70375,126018.1
12017,130113.4899,129334.2414,779.2485,0.0000,5.70375,126028.9
12018,130113.4899,129334.2414,779.2485,0.0000,5.70375,126039.7
12019,130113.4899,129334.2414,779.2485,0.0000,5.70375,126051.1
12020,130113.4899,129334.2414,779.2485,0.0000,5.70375,126062.1
12021,130113.4899,129334.2414,779.2485,0.0000,5.70375,126073.3
12022,130113.4899,129334.2414,779.2485,0.0000,5.70375,126083.9
12023,130113.4899,129334.2414,779.2485,0.0000,5.70375,126094.8
12024,130113.4899,129334.2414,779.2485,0.0000,5.70375,126106.0
12025,130113.4899,129334.2414,779.2485,0.0000,5.70375,126117.3
12026,130113.4899,129334.2414,779.2485,0.0000,5.70375,126128.2
12027,130113.4899,129334.2414,779.2485,0.0000,5.70375,126138.9
12028,130113.4899,129334.2414,779.2485,0.0000,5.70375,126150.0
12029,130113.4899,129334.2414,779.2485,0.0000,5.70375,126160.9
12030,130113.4899,129334.2414,779.2485,0.0000,5.70375,126172.1
12031,130113.4899,129334.2414,779.2485,0.0000,5.70375,126182.9
12032,130113.4899,129334.2414,779.2485,0.0000,5.70375,126193.8
12033,130113.4899,129334.2414,779.2485,0.0000,5.70375,126204.8
12034,130113.4899,129334.2414,779.2485,0.0000,5.70375,126215.7
12035,130113.4899,129334.2414,779.2485,0.0000,5.70375,126226.6
12036,130113.4899,129334.2414,779.2485,0.0000,5.70375,126237.2
12037,130113.4899,129334.2414,779.2485,0.0000,5.70375,126248.1
12038,130113.4899,129334.2414,779.2485,0.0000,5.70375,126259.0
12039,130113.4899,129334.2414,779.2485,0.0000,5.70375,126270.2
12040,130113.4899,129334.2414,779.2485,0.0000,5.70375,126281.1
12041,130113.4899,129334.2414,779.2485,0.0000,5.70375,126292.0
12042,130113.4899,129334.2414,779.2485,0.0000,5.70375,126303.2
12043,130113.4899,129334.2414,779.2485,0.0000,5.70375,126314.0
12044,130113.4899,129334.2414,779.2485,0.0000,5.70375,126325.0
12045,130113.4899,129334.2414,779.2485,0.0000,5.70375,126336.1
12046,130113.4899,129334.2414,779.2485,0.0000,5.70375,126347.1
12047,130113.4899,129334.2414,779.2485,0.0000,5.70375,126357.8
12048,130113.4899,129334.2414,779.2485,0.0000,5.70375,126368.7
12049,130113.4899,129334.2414,779.2485,0.0000,5.70375,126379.7
12050,130113.4899,129334.2414,779.2485,0.0000,5.70375,126390.3
12051,130113.4899,129334.2414,779.2485,0.0000,5.70375,126401.1
12052,130113.4899,129334.2414,779.2485,0.0000,5.70375,126412.3
12053,130113.4899,129334.2414,779.2485,0.0000,5.70375,126423.0
12054,130113.4899,129334.2414,779.2485,0.0000,5.70375,126433.9
12055,130113.4899,129334.2414,779.2485,0.0000,5.70375,126444.5
12056,130113.4899,129334.2414,779.2485,0.0000,5.70375,126455.4
12057,130113.4899,129334.2414,779.2485,0.0000,5.70375,126466.3
12058,130113.4899,129334.2414,779.2485,0.0000,5.70375,126477.1
12059,130113.4899,129334.2414,779.2485,0.0000,5.70375,126488.5
12060,130113.4899,129334.2414,779.2485,0.0000,5.70375,126499.4
12061,130113.4899,129334.2414,779.2485,0.0000,5.70375,126509.9
12062,130113.4899,129334.2414,779.2485,0.0000,5.70375,126520.8
12063,130113.4899,129334.2414,779.2485,0.0000,5.70375,126531.5
12064,130113.4899,129334.2414,779.2485,0.0000,5.70375,126542.3
12065,130113.4899,129334.2414,779.2485,0.0000,5.70375,126553.5
12066,130113.4899,129334.2414,779.2485,0.0000,5.70375,126564.1
12067,130113.4899,129334.2414,779.2485,0.0000,5.70375,126575.5
12068,130113.4899,129334.2414,779.2485,0.0000,5.70375,126586.3
12069,130113.4899,129334.2414,779.2485,0.0000,5.70375,126596.9
12070,130113.4899,129334.2414,779.2485,0.0000,5.70375,126608.1
12071,130113.4899,129334.2414,779.2485,0.0000,5.70375,126618.5
12072,130113.4899,129334.2414,779.2485,0.0000,5.70375,126629.3
12073,130113.4899,129334.2414,779.2485,0.0000,5.70375,126640.2
12074,130113.4899,129334.2414,779.2485,0.0000,5.70375,126651.5
12075,130113.4899,129334.2414,779.2485,0.0000,5.70375,126662.6
12076,130113.4899,129334.2414,779.2485,0.0000,5.70375,126673.1
12077,130113.4899,129334.2414,779.2485,0.0000,5.70375,126684.0
12078,130113.4899,129334.2414,779.2485,0.0000,5.70375,126694.8
12079,130113.4899,129334.2414,779.2485,0.0000,5.70375,126706.3
12080,130113.4899,129334.2414,779.2485,0.0000,5.70375,126717.0
12081,130113.4899,129334.2414,779.2485,0.0000,5.70375,126727.7
12082,130113.4899,129334.2414,779.2485,0.0370,5.74731,126738.6
12083,130113.4899,129334.2414,779.2485,0.0000,5.74731,126749.5
12084,130113.4899,129334.2414,779.2485,0.0000,5.74731,126760.9
12085,130113.4899,129334.2414,779.2485,0.0000,5.74731,126771.7
12086,130113.4899,129334.2414,779.2485,0.0000,5.74731,126782.6
12087,130113.4899,129334.2414,779.2485,0.0000,5.74731,126793.1
12088,130113.4899,129334.2414,779.2485,0.0000,5.74731,126804.3
12089,130113.4899,129334.2414,779.2485,0.0000,5.74731,126815.2
12090,130113.4899,129334.2414,779.2485,0.0000,5.74731,126826.1
12091,130113.4899,129334.2414,779.2485,0.0000,5.74731,126837.1
12092,130113.4899,129334.2414,779.2485,0.0000,5.74731,126847.9
12093,130113.4899,129334.2414,779.2485,0.0000,5.74731,126858.7
12094,130113.4899,129334.2414,779.2485,0.0000,5.74731,126869.6
12095,130113.4899,129334.2414,779.2485,0.0000,5.74731,126880.3
12096,130113.4899,129334.2414,779.2485,0.0000,5.74731,126891.4
12097,130113.4899,129334.2414,779.2485,0.0000,5.74731,126901.8
12098,130113.4899,129334.2414,779.2485,0.0000,5.74731,126912.8
12099,130113.4899,129334.2414,779.2485,0.0000,5.74731,126923.7
12100,130113.4899,129334.2414,779.2485,0.0000,5.74731,126934.2
12101,130113.4899,129334.2414,779.2485,0.0000,5.74731,126944.7
12102,130113.4899,129334.2414,779.2485,0.0000,5.74731,126956.3
12103,130113.4899,129334.2414,779.2485,0.0000,5.74731,126966.7
12104,130113.4899,129334.2414,779.2485,0.0000,5.74731,126977.5
12105,130113.4899,129334.2414,779.2485,0.0000,5.74731,126988.1
12106,130113.4899,129334.2414,779.2485,0.0000,5.74731,126999.3
12107,130113.4899,129334.2414,779.2485,0.0000,5.74731,127009.9
12108,130113.4899,129334.2414,779.2485,0.0000,5.74731,127020.8
12109,130113.4899,129334.2414,779.2485,0.0000,5.74731,127031.5
12110,130113.4899,129334.2414,779.2485,0.0000,5.74731,127042.4
12111,130113.4899,129334.2414,779.2485,0.0185,5.74447,127053.3
12112,130113.4899,129334.2414,779.2485,0.0000,5.74447,127064.1
12113,130113.4899,129334.2414,779.2485,0.0000,5.74447,127075.1
12114,130113.4899,129334.2414,779.2485,0.0000,5.74447,127086.1
12115,130113.4899,129334.2414,779.2485,0.0000,5.74447,127097.3
12116,130113.4899,129334.2414,779.2485,0.0000,5.74447,127108.2
12117,130113.4899,129334.2414,779.2485,0.0000,5.74447,127119.0
12118,130113.4899,129334.2414,779.2485,0.0185,5.80561,127129.9
12119,130113.4899,129334.2414,779.2485,0.0000,5.80561,127140.6
12120,130113.4899,129334.2414,779.2485,0.0000,5.80561,127151.4
12121,130113.4899,129334.2414,779.2485,0.0000,5.80561,127162.3
12122,130113.4899,129334.2414,779.2485,0.0000,5.80561,127173.5
12123,130113.4899,129334.2414,779.2485,0.0000,5.80561,127184.5
12124,130113.4899,129334.2414,779.2485,0.0000,5.80561,127195.3
12125,130113.4899,129334.2414,779.2485,0.0000,5.80561,127206.4
12126,130113.4899,129334.2414,779.2485,0.0000,5.80561,127216.9
12127,130113.4899,129334.2414,779.2485,0.0000,5.80561,127227.8
12128,130113.4899,129344.8557,768.6341,0.0185,5.80438,127238.6
12129,130113.4899,129344.8557,768.6341,0.0000,5.80438,127250.0
12130,130113.4899,129344.8557,768.6341,0.0000,5.80438,127261.0
12131,130113.4899,129344.8557,768.6341,0.0000,5.80438,127271.9
12132,130113.4899,129344.8557,768.6341,0.0000,5.80438,127282.6
12133,130113.4899,129344.8557,768.6341,0.0185,5.80988,127293.4
12134,130113.4899,129344.8557,768.6341,0.0000,5.80988,127304.9
12135,130113.4899,129344.8557,768.6341,0.0000,5.80988,127315.7
12136,130113.4899,129344.8557,768.6341,0.0000,5.80988,127326.4
12137,130113.4899,129344.8557,768.6341,0.0000,5.80988,127337.2
12138,130113.4899,129344.8557,768.6341,0.0000,5.80988,127347.9
12139,130113.4899,129344.8557,768.6341,0.0000,5.80988,127358.7
12140,130113.4899,129344.8557,768.6341,0.0000,5.80988,127369.5
12141,130113.4899,129344.8557,768.6341,0.0000,5.80988,127380.9
12142,130113.4899,129344.8557,768.6341,0.0000,5.80988,127391.5
12143,130113.4899,129344.8557,768.6341,0.0000,5.80988,127402.1
12144,130113.4899,129344.8557,768.6341,0.0000,5.80988,127412.7
12145,130113.4899,129344.8557,768.6341,0.0000,5.80988,127423.4
12146,130113.4899,129344.8557,768.6341,0.0000,5.80988,127434.2
12147,130113.4899,129344.8557,768.6341,0.0000,5.80988,127444.8
12148,130113.4899,129344.8557,768.6341,0.0000,5.80988,127455.7
12149,130113.4899,129344.8557,768.6341,0.0000,5.80988,127466.9
12150,130113.4899,129344.8557,768.6341,0.0000,5.80988,127477.6
12151,130113.4899,129344.8557,768.6341,0.0185,5.85451,127489.0
12152,130113.4899,129344.8557,768.6341,0.0000,5.85451,127499.9
12153,130113.4899,129344.8557,768.6341,0.0000,5.85451,127510.5
12154,130113.4899,129344.8557,768.6341,0.0000,5.85451,127521.3
12155,130113.4899,129344.8557,768.6341,0.0000,5.85451,127532.2
12156,130113.4899,129344.8557,768.6341,0.0000,5.85451,127543.4
12157,130113.4899,129344.8557,768.6341,0.0000,5.85451,127554.4
12158,130113.4899,129344.8557,768.6341,0.0000,5.85451,127565.3
12159,130113.4899,129344.8557,768.6341,0.0000,5.85451,127576.2
12160,130113.4899,129344.8557,768.6341,0.0000,5.85451,127586.9
12161,130113.4899,129344.8557,768.6341,0.0000,5.85451,127597.8
12162,130113.4899,129344.8557,768.6341,0.0000,5.85451,127608.5
12163,130113.4899,129344.8557,768.6341,0.0000,5.85451,127619.3
12164,130113.4899,129344.8557,768.6341,0.0000,5.85451,127630.3
12165,130113.4899,129344.8557,768.6341,0.0000,5.85451,127641.2
12166,130113.4899,129344.8557,768.6341,0.0000,5.85451,127652.5
12167,130113.4899,129344.8557,768.6341,0.0000,5.85451,127663.7
12168,130113.4899,129344.8557,768.6341,0.0000,5.85451,127674.2
12169,130113.4899,129344.8557,768.6341,0.0000,5.85451,127685.4
12170,130113.4899,129344.8557,768.6341,0.0000,5.85451,127696.3
12171,130113.4899,129344.8557,768.6341,0.0000,5.85451,127706.8
12172,130113.4899,129344.8557,768.6341,0.0000,5.85451,127717.3
12173,130113.4899,129344.8557,768.6341,0.0000,5.85451,127728.4
12174,130113.4899,129344.8557,768.6341,0.0000,5.85451,127739.3
12175,130113.4899,129344.8557,768.6341,0.0000,5.85451,127750.2
12176,130113.4899,129344.8557,768.6341,0.0000,5.85451,127760.6
12177,130113.4899,129344.8557,768.6341,0.0000,5.85451,127771.3
12178,130113.4899,129344.8557,768.6341,0.0000,5.85451,127782.3
12179,130113.4899,129344.8557,768.6341,0.0185,5.88582,127793.2
12180,130113.4899,129344.8557,768.6341,0.0000,5.88582,127804.0
12181,130113.4899,129344.8557,768.6341,0.0000,5.88582,127814.5
12182,130113.4899,129344.8557,768.6341,0.0000,5.88582,127825.2
12183,130113.4899,129344.8557,768.6341,0.0000,5.88582,127836.2
12184,130113.4899,129344.8557,768.6341,0.0000,5.88582,127847.2
12185,130113.4899,129344.8557,768.6341,0.0000,5.88582,127858.2
12186,130113.4899,129344.8557,768.6341,0.0000,5.88582,127868.9
12187,130113.4899,129344.8557,768.6341,0.0000,5.88582,127880.3
12188,130113.4899,129344.8557,768.6341,0.0000,5.88582,127891.3
12189,130113.4899,129344.8557,768.6341,0.0000,5.88582,127902.6
12190,130113.4899,129344.8557,768.6341,0.0000,5.88582,127913.5
12191,130113.4899,129344.8557,768.6341,0.0185,5.89679,127924.3
12192,130113.4899,129344.8557,768.6341,0.0000,5.89679,127935.1
12193,130113.4899,129344.8557,768.6341,0.0000,5.89679,127946.0
12194,130113.4899,129344.8557,768.6341,0.0000,5.89679,127956.4
12195,130113.4899,129344.8557,768.6341,0.0000,5.89679,127967.3
12196,130113.4899,129344.8557,768.6341,0.0000,5.89679,127978.1
12197,130113.4899,129344.8557,768.6341,0.0000,5.89679,127989.1
12198,130113.4899,129344.8557,768.6341,0.0000,5.89679,127999.8
12199,130113.4899,129344.8557,768.6341,0.0000,5.89679,128011.1
12200,130113.4899,129344.8557,768.6341,0.0000,5.89679,128022.0
12201,130113.4899,129344.8557,768.6341,0.0185,5.92693,128033.1
12202,130113.4899,129344.8557,768.6341,0.0000,5.92693,128044.1
12203,130113.4899,129344.8557,768.6341,0.0000,5.92693,128054.7
12204,130113.4899,129344.8557,768.6341,0.0000,5.92693,128065.5
12205,130113.4899,129344.8557,768.6341,0.0000,5.92693,128076.4
12206,130113.4899,129344.8557,768.6341,0.0000,5.92693,128087.2
12207,130113.4899,129344.8557,768.6341,0.0000,5.92693,128098.3
12208,130113.4899,129344.8557,768.6341,0.0000,5.92693,128109.4
12209,130113.4899,129344.8557,768.6341,0.0000,5.92693,128120.1
12210,130113.4899,129344.8557,768.6341,0.0000,5.92693,128130.7
12211,130113.4899,129344.8557,768.6341,0.0000,5.92693,128141.6
12212,130113.4899,129344.8557,768.6341,0.0000,5.92693,128152.3
12213,130113.4899,129344.8557,768.6341,0.0185,5.89504,128163.7
12214,130113.4899,129344.8557,768.6341,0.0000,5.89504,128174.7
12215,130113.4899,129344.8557,768.6341,0.0000,5.89504,128185.5
12216,130113.4899,129344.8557,768.6341,0.0000,5.89504,128196.3
12217,130113.4899,129344.8557,768.6341,0.0000,5.89504,128207.1
12218,130113.4899,129344.8557,768.6341,0.0185,5.94917,128218.2
12219,130113.4899,129344.8557,768.6341,0.0000,5.94917,128229.3
12220,130113.4899,129344.8557,768.6341,0.0185,5.95722,128240.2
12221,130113.4899,129344.8557,768.6341,0.0000,5.95722,128251.0
12222,130113.4899,129344.8557,768.6341,0.0000,5.95722,128261.8
12223,130113.4899,129344.8557,768.6341,0.0000,5.95722,128272.8
12224,130113.4899,129344.8557,768.6341,0.0000,5.95722,128283.5
12225,130113.4899,129344.8557,768.6341,0.0000,5.95722,128294.3
12226,130113.4899,129344.8557,768.6341,0.0000,5.95722,128304.5
12227,130113.4899,129344.8557,768.6341,0.0000,5.95722,128315.3
12228,130113.4899,129344.8557,768.6341,0.0000,5.95722,128326.2
12229,130113.4899,129344.8557,768.6341,0.0000,5.95722,128337.3
12230,130113.4899,129344.8557,768.6341,0.0000,5.95722,128348.0
12231,130113.4899,129344.8557,768.6341,0.0000,5.95722,128358.9
12232,130113.4899,129344.8557,768.6341,0.0000,5.95722,128370.1
12233,130113.4899,129344.8557,768.6341,0.0000,5.95722,128380.8
12234,130113.4899,129344.8557,768.6341,0.0000,5.95722,128391.7
12235,130113.4899,129344.8557,768.6341,0.0000,5.95722,128402.8
12236,130113.4899,129344.8557,768.6341,0.0000,5.95722,128413.9
12237,130113.4899,129344.8557,768.6341,0.0000,5.95722,128424.9
12238,130113.4899,129344.8557,768.6341,0.0000,5.95722,128435.6
12239,130113.4899,129344.8557,768.6341,0.0185,6.02424,128446.6
12240,130113.4899,129344.8557,768.6341,0.0000,6.02424,128457.6
12241,130113.4899,129344.8557,768.6341,0.0000,6.02424,128468.3
12242,130113.4899,129344.8557,768.6341,0.0000,6.02424,128479.1
12243,130113.4899,129344.8557,768.6341,0.0000,6.02424,128489.9
12244,130113.4899,129344.8557,768.6341,0.0000,6.02424,128500.8
12245,130113.4899,129344.8557,768.6341,0.0000,6.02424,128511.6
12246,130113.4899,129344.8557,768.6341,0.0000,6.02424,128522.6
12247,130113.4899,129344.8557,768.6341,0.0000,6.02424,128533.2
12248,130113.4899,129344.8557,768.6341,0.0000,6.02424,128544.0
12249,130113.4899,129344.8557,768.6341,0.0000,6.02424,128555.1
12250,130113.4899,129344.8557,768.6341,0.0000,6.02424,128565.9
12251,130113.4899,129344.8557,768.6341,0.0185,6.0301,128576.9
12252,130113.4899,129344.8557,768.6341,0.0000,6.0301,128588.1
12253,130113.4899,129344.8557,768.6341,0.0000,6.0301,128599.3
12254,130113.4899,129344.8557,768.6341,0.0000,6.0301,128610.5
12255,130113.4899,129344.8557,768.6341,0.0000,6.0301,128621.1
12256,130113.4899,129344.8557,768.6341,0.0000,6.0301,128631.8
12257,130113.4899,129344.8557,768.6341,0.0000,6.0301,128642.6
12258,130113.4899,129344.8557,768.6341,0.0000,6.0301,128653.6
12259,130113.4899,129344.8557,768.6341,0.0000,6.0301,128664.5
12260,130113.4899,129344.8557,768.6341,0.0000,6.0301,128675.8
12261,130113.4899,129344.8557,768.6341,0.0185,6.0168,128687.3
12262,130113.4899,129344.8557,768.6341,0.0000,6.0168,128698.9
12263,130113.4899,129344.8557,768.6341,0.0000,6.0168,128709.6
12264,130113.4899,129344.8557,768.6341,0.0000,6.0168,128720.4
12265,130113.4899,129344.8557,768.6341,0.0000,6.0168,128731.1
12266,130113.4899,129344.8557,768.6341,0.0000,6.0168,128742.3
12267,130113.4899,129344.8557,768.6341,0.0000,6.0168,128752.8
12268,130113.4899,129344.8557,768.6341,0.0000,6.0168,128764.3
12269,130113.4899,129344.8557,768.6341,0.0000,6.0168,128775.1
12270,130113.4899,129344.8557,768.6341,0.0000,6.0168,128786.0
12271,130113.4899,129344.8557,768.6341,0.0000,6.0168,128796.6
12272,130113.4899,129344.8557,768.6341,0.0000,6.0168,128807.6
12273,130113.4899,129344.8557,768.6341,0.0000,6.0168,128818.8
12274,130113.4899,129344.8557,768.6341,0.0000,6.0168,128829.7
12275,130113.4899,129344.8557,768.6341,0.0000,6.0168,128840.6
12276,130113.4899,129344.8557,768.6341,0.0000,6.0168,128851.6
12277,130113.4899,129344.8557,768.6341,0.0000,6.0168,128862.2
12278,130113.4899,129344.8557,768.6341,0.0000,6.0168,128873.1
12279,130113.4899,129344.8557,768.6341,0.0000,6.0168,128884.3
12280,130113.4899,129344.8557,768.6341,0.0000,6.0168,128895.1
12281,130113.4899,129344.8557,768.6341,0.0000,6.0168,128906.3
12282,130113.4899,129344.8557,768.6341,0.0000,6.0168,128917.5
12283,130113.4899,129344.8557,768.6341,0.0000,6.0168,128928.3
12284,130113.4899,129344.8557,768.6341,0.0000,6.0168,128939.6
12285,130113.4899,129344.8557,768.6341,0.0000,6.0168,128950.4
12286,130113.4899,129344.8557,768.6341,0.0000,6.0168,128961.3
12287,130113.4899,129344.8557,768.6341,0.0000,6.0168,128972.1
12288,130113.4899,129344.8557,768.6341,0.0000,6.0168,128983.1
12289,130113.4899,129344.8557,768.6341,0.0000,6.0168,128994.4
12290,130113.4899,129344.8557,768.6341,0.0000,6.0168,129005.0
12291,130113.4899,129344.8557,768.6341,0.0000,6.0168,129015.9
12292,130113.4899,129344.8557,768.6341,0.0000,6.0168,129027.0
12293,130113.4899,129344.8557,768.6341,0.0000,6.0168,129037.8
12294,130113.4899,129344.8557,768.6341,0.0185,6.04068,129048.6
12295,130113.4899,129344.8557,768.6341,0.0000,6.04068,129059.2
12296,130113.4899,129344.8557,768.6341,0.0000,6.04068,129070.9
12297,130113.4899,129344.8557,768.6341,0.0000,6.04068,129081.6
12298,130113.4899,129344.8557,768.6341,0.0000,6.04068,129092.8
12299,130113.4899,129344.8557,768.6341,0.0000,6.04068,129103.9
12300,130113.4899,129344.8557,768.6341,0.0000,6.04068,129114.9
12301,130113.4899,129344.8557,768.6341,0.0000,6.04068,129126.1
12302,130113.4899,129344.8557,768.6341,0.0000,6.04068,129137.1
12303,130113.4899,129344.8557,768.6341,0.0000,6.04068,129147.9
12304,130113.4899,129344.8557,768.6341,0.0000,6.04068,129158.8
12305,130113.4899,129344.8557,768.6341,0.0000,6.04068,129169.7
12306,130113.4899,129344.8557,768.6341,0.0000,6.04068,129180.3
12307,130113.4899,129344.8557,768.6341,0.0000,6.04068,129191.2
12308,130113.4899,129344.8557,768.6341,0.0000,6.04068,129202.2
12309,130113.4899,129344.8557,768.6341,0.0185,6.05603,129212.8
12310,130113.4899,129344.8557,768.6341,0.0000,6.05603,129223.7
12311,130113.4899,129344.8557,768.6341,0.0000,6.05603,129234.9
12312,130113.4899,129344.8557,768.6341,0.0000,6.05603,129245.6
12313,130113.4899,129344.8557,768.6341,0.0000,6.05603,129256.3
12314,130113.4899,129344.8557,768.6341,0.0000,6.05603,129267.2
12315,130113.4899,129344.8557,768.6341,0.0000,6.05603,129278.3
12316,130113.4899,129344.8557,768.6341,0.0000,6.05603,129289.0
12317,130113.4899,129344.8557,768.6341,0.0000,6.05603,129299.8
12318,130113.4899,129344.8557,768.6341,0.0000,6.05603,129310.6
12319,130113.4899,129344.8557,768.6341,0.0000,6.05603,129321.3
12320,130113.4899,129344.8557,768.6341,0.0000,6.05603,129332.5
12321,130113.4899,129344.8557,768.6341,0.0000,6.05603,129343.1
12322,130113.4899,129344.8557,768.6341,0.0000,6.05603,129354.2
12323,130113.4899,129344.8557,768.6341,0.0000,6.05603,129364.8
12324,130113.4899,129344.8557,768.6341,0.0000,6.05603,129375.6
12325,130113.4899,129344.8557,768.6341,0.0000,6.05603,129386.6
12326,130113.4899,129344.8557,768.6341,0.0000,6.05603,129397.4
12327,130113.4899,129344.8557,768.6341,0.0000,6.05603,129408.0
12328,130113.4899,129344.8557,768.6341,0.0000,6.05603,129419.0
12329,130113.4899,129344.8557,768.6341,0.0000,6.05603,129429.7
12330,130113.4899,129344.8557,768.6341,0.0000,6.05603,129440.3
12331,130113.4899,129344.8557,768.6341,0.0000,6.05603,129451.4
12332,130113.4899,129344.8557,768.6341,0.0000,6.05603,129462.0
12333,130113.4899,129344.8557,768.6341,0.0000,6.05603,129472.4
12334,130113.4899,129344.8557,768.6341,0.0000,6.05603,129483.4
12335,130113.4899,129344.8557,768.6341,0.0000,6.05603,129493.7
12336,130113.4899,129344.8557,768.6341,0.0185,6.16665,129504.9
12337,130113.4899,129344.8557,768.6341,0.0000,6.16665,129515.7
12338,130113.4899,129344.8557,768.6341,0.0000,6.16665,129526.7
12339,130113.4899,129344.8557,768.6341,0.0000,6.16665,129537.6
12340,130113.4899,129344.8557,768.6341,0.0000,6.16665,129548.3
12341,130113.4899,129344.8557,768.6341,0.0000,6.16665,129558.9
12342,130113.4899,129344.8557,768.6341,0.0000,6.16665,129569.8
12343,130113.4899,129344.8557,768.6341,0.0000,6.16665,129580.8
12344,130113.4899,129344.8557,768.6341,0.0000,6.16665,129591.9
12345,130113.4899,129344.8557,768.6341,0.0000,6.16665,129602.7
12346,130113.4899,129344.8557,768.6341,0.0000,6.16665,129613.9
12347,130113.4899,129344.8557,768.6341,0.0000,6.16665,129624.7
12348,130113.4899,129344.8557,768.6341,0.0000,6.16665,129635.6
12349,130113.4899,129344.8557,768.6341,0.0000,6.16665,129646.3
12350,130113.4899,129344.8557,768.6341,0.0000,6.16665,129657.1
12351,130113.4899,129344.8557,768.6341,0.0000,6.16665,129667.9
12352,130113.4899,129344.8557,768.6341,0.0000,6.16665,129678.8
12353,130113.4899,129344.8557,768.6341,0.0000,6.16665,129689.7
12354,130113.4899,129344.8557,768.6341,0.0000,6.16665,129700.2
12355,130113.4899,129344.8557,768.6341,0.0000,6.16665,129711.0
12356,130113.4899,129344.8557,768.6341,0.0000,6.16665,129721.9
12357,130113.4899,129344.8557,768.6341,0.0000,6.16665,129733.2
12358,130113.4899,129344.8557,768.6341,0.0000,6.16665,129743.6
12359,130113.4899,129344.8557,768.6341,0.0000,6.16665,129754.2
12360,130113.4899,129344.8557,768.6341,0.0000,6.16665,129765.2
12361,130113.4899,129348.0062,765.4837,0.0185,6.11898,129776.3
12362,130113.4899,129348.0062,765.4837,0.0000,6.11898,129786.9
12363,130113.4899,129348.0062,765.4837,0.0000,6.11898,129797.9
12364,130113.4899,129348.0062,765.4837,0.0000,6.11898,129808.6
12365,130113.4899,129348.0062,765.4837,0.0000,6.11898,129819.3
12366,130113.4899,129348.0062,765.4837,0.0000,6.11898,129830.3
12367,130113.4899,129348.0062,765.4837,0.0000,6.11898,129841.1
12368,130113.4899,129348.0062,765.4837,0.0000,6.11898,129851.9
12369,130113.4899,129348.0062,765.4837,0.0000,6.11898,129862.4
12370,130113.4899,129348.0062,765.4837,0.0000,6.11898,129873.3
12371,130113.4899,129348.0062,765.4837,0.0000,6.11898,129884.1
12372,130113.4899,129348.0062,765.4837,0.0000,6.11898,129894.6
12373,130113.4899,129348.0062,765.4837,0.0000,6.11898,129905.4
12374,130113.4899,129348.0062,765.4837,0.0000,6.11898,129916.5
12375,130113.4899,129348.0062,765.4837,0.0000,6.11898,129927.3
12376,130113.4899,129348.0062,765.4837,0.0000,6.11898,129937.8
12377,130113.4899,129348.0062,765.4837,0.0000,6.11898,129948.7
12378,130113.4899,129348.0062,765.4837,0.0000,6.11898,129958.9
12379,130113.4899,129348.0062,765.4837,0.0000,6.11898,129969.4
12380,130113.4899,129348.0062,765.4837,0.0000,6.11898,129980.2
12381,130113.4899,129348.0062,765.4837,0.0000,6.11898,129990.9
12382,130113.4899,129348.0062,765.4837,0.0000,6.11898,130002.0
12383,130113.4899,129348.0062,765.4837,0.0000,6.11898,130013.0
12384,130113.4899,129348.0062,765.4837,0.0000,6.11898,130023.5
12385,130113.4899,129348.0062,765.4837,0.0000,6.11898,130034.2
12386,130113.4899,129348.0062,765.4837,0.0000,6.11898,130044.9
12387,130113.4899,129348.0062,765.4837,0.0000,6.11898,130056.2
12388,130113.4899,129348.0062,765.4837,0.0000,6.11898,130067.1
12389,130113.4899,129348.0062,765.4837,0.0000,6.11898,130077.9
12390,130113.4899,129348.0062,765.4837,0.0000,6.11898,130089.1
12391,130113.4899,129348.0062,765.4837,0.0000,6.11898,130100.0
12392,130113.4899,129348.0062,765.4837,0.0000,6.11898,130111.2
12393,130113.4899,129348.0062,765.4837,0.0000,6.11898,130122.2
12394,130113.4899,129348.0062,765.4837,0.0000,6.11898,130132.7
12395,130113.4899,129348.0062,765.4837,0.0000,6.11898,130144.3
12396,130113.4899,129348.0062,765.4837,0.0000,6.11898,130155.0
12397,130113.4899,129348.0062,765.4837,0.0000,6.11898,130166.2
12398,130113.4899,129348.0062,765.4837,0.0000,6.11898,130177.2
12399,130113.4899,129348.0062,765.4837,0.0000,6.11898,130187.8
12400,130113.4899,129348.0062,765.4837,0.0000,6.11898,130198.2
12401,130113.4899,129348.0062,765.4837,0.0000,6.11898,130209.3
12402,130113.4899,129348.0062,765.4837,0.0000,6.11898,130220.2
12403,130113.4899,129348.0062,765.4837,0.0000,6.11898,130231.3
12404,130113.4899,129348.0062,765.4837,0.0000,6.11898,130242.3
12405,130113.4899,129348.0062,765.4837,0.0000,6.11898,130252.7
12406,130113.4899,129348.0062,765.4837,0.0000,6.11898,130263.5
12407,130113.4899,129348.0062,765.4837,0.0000,6.11898,130274.4
12408,130113.4899,129348.0062,765.4837,0.0000,6.11898,130285.0
12409,130113.4899,129348.0062,765.4837,0.0000,6.11898,130295.8
12410,130113.4899,129348.0062,765.4837,0.0000,6.11898,130306.5
12411,130113.4899,129348.0062,765.4837,0.0000,6.11898,130317.2
12412,130113.4899,129348.0062,765.4837,0.0000,6.11898,130328.0
12413,130113.4899,129348.0062,765.4837,0.0000,6.11898,130338.7
12414,130113.4899,129348.0062,765.4837,0.0000,6.11898,130350.0
12415,130113.4899,129348.0062,765.4837,0.0000,6.11898,130360.8
12416,130113.4899,129348.0062,765.4837,0.0000,6.11898,130371.6
12417,130113.4899,129348.0062,765.4837,0.0000,6.11898,130382.5
12418,130113.4899,129348.0062,765.4837,0.0000,6.11898,130393.0
12419,130113.4899,129348.0062,765.4837,0.0000,6.11898,130403.4
12420,130113.4899,129348.0062,765.4837,0.0000,6.11898,130414.2
12421,130113.4899,129348.0062,765.4837,0.0000,6.11898,130424.9
12422,130113.4899,129348.0062,765.4837,0.0000,6.11898,130435.5
12423,130113.4899,129348.0062,765.4837,0.0000,6.11898,130446.8
12424,130113.4899,129348.0062,765.4837,0.0000,6.11898,130457.3
12425,130113.4899,129348.0062,765.4837,0.0000,6.11898,130468.0
12426,130113.4899,129348.0062,765.4837,0.0000,6.11898,130478.9
12427,130113.4899,129348.0062,765.4837,0.0000,6.11898,130490.0
12428,130113.4899,129348.0062,765.4837,0.0000,6.11898,130500.8
12429,130113.4899,129348.0062,765.4837,0.0000,6.11898,130511.7
12430,130113.4899,129348.0062,765.4837,0.0000,6.11898,130522.2
12431,130113.4899,129348.0062,765.4837,0.0000,6.11898,130532.9
12432,130113.4899,129348.0062,765.4837,0.0000,6.11898,130544.1
12433,130113.4899,129348.0062,765.4837,0.0000,6.11898,130555.2
12434,130113.4899,129348.0062,765.4837,0.0000,6.11898,130566.2
12435,130113.4899,129348.0062,765.4837,0.0000,6.11898,130576.9
12436,130113.4899,129348.9130,764.5769,0.0185,6.1138,130588.0
12437,130113.4899,129348.9130,764.5769,0.0000,6.1138,130599.5
12438,130113.4899,129348.9130,764.5769,0.0000,6.1138,130610.5
12439,130113.4899,129348.9130,764.5769,0.0000,6.1138,130621.6
12440,130113.4899,129348.9130,764.5769,0.0000,6.1138,130632.4
12441,130113.4899,129348.9130,764.5769,0.0000,6.1138,130643.8
12442,130113.4899,129348.9130,764.5769,0.0000,6.1138,130654.5
12443,130113.4899,129348.9130,764.5769,0.0000,6.1138,130665.3
12444,130113.4899,129348.9130,764.5769,0.0000,6.1138,130676.0
12445,130113.4899,129348.9130,764.5769,0.0000,6.1138,130686.9
12446,130113.4899,129348.9130,764.5769,0.0000,6.1138,130697.7
12447,130113.4899,129348.9130,764.5769,0.0000,6.1138,130708.7
12448,130113.4899,129348.9130,764.5769,0.0000,6.1138,130719.4
12449,130113.4899,129348.9130,764.5769,0.0000,6.1138,130730.2
12450,130113.4899,129348.9130,764.5769,0.0000,6.1138,130740.6
12451,130113.4899,129348.9130,764.5769,0.0000,6.1138,130751.5
12452,130113.4899,129348.9130,764.5769,0.0000,6.1138,130762.0
12453,130113.4899,129348.9130,764.5769,0.0000,6.1138,130772.7
12454,130113.4899,129348.9130,764.5769,0.0185,6.09723,130784.1
12455,130113.4899,129348.9130,764.5769,0.0000,6.09723,130794.6
12456,130113.4899,129348.9130,764.5769,0.0000,6.09723,130805.4
12457,130113.4899,129348.9130,764.5769,0.0000,6.09723,130816.1
12458,130113.4899,129348.9130,764.5769,0.0000,6.09723,130826.9
12459,130113.4899,129348.9130,764.5769,0.0000,6.09723,130837.7
12460,130113.4899,129348.9130,764.5769,0.0000,6.09723,130848.3
12461,130113.4899,129348.9130,764.5769,0.0000,6.09723,130858.7
12462,130113.4899,129348.9130,764.5769,0.0000,6.09723,130869.2
12463,130113.4899,129348.9130,764.5769,0.0000,6.09723,130880.0
12464,130113.4899,129348.9130,764.5769,0.0000,6.09723,130891.0
12465,130113.4899,129348.9130,764.5769,0.0000,6.09723,130901.4
12466,130113.4899,129348.9130,764.5769,0.0000,6.09723,130912.2
12467,130113.4899,129348.9130,764.5769,0.0000,6.09723,130923.0
12468,130113.4899,129348.9130,764.5769,0.0000,6.09723,130933.7
12469,130113.4899,129348.9130,764.5769,0.0000,6.09723,130944.8
12470,130113.4899,129348.9130,764.5769,0.0000,6.09723,130955.7
12471,130113.4899,129348.9130,764.5769,0.0000,6.09723,130966.5
12472,130113.4899,129348.9130,764.5769,0.0000,6.09723,130977.4
12473,130113.4899,129348.9130,764.5769,0.0000,6.09723,130988.6
12474,130113.4899,129348.9130,764.5769,0.0000,6.09723,130999.2
12475,130113.4899,129348.9130,764.5769,0.0000,6.09723,131010.3
12476,130113.4899,129348.9130,764.5769,0.0000,6.09723,131021.0
12477,130113.4899,129348.9130,764.5769,0.0000,6.09723,131032.2
12478,130113.4899,129348.9130,764.5769,0.0000,6.09723,131042.4
12479,130113.4899,129348.9130,764.5769,0.0000,6.09723,131053.4
12480,130113.4899,129348.9130,764.5769,0.0000,6.09723,131064.3
12481,130113.4899,129348.9130,764.5769,0.0000,6.09723,131075.4
12482,130113.4899,129348.9130,764.5769,0.0000,6.09723,131086.0
12483,130113.4899,129348.9130,764.5769,0.0000,6.09723,131096.5
12484,130113.4899,129348.9130,764.5769,0.0000,6.09723,131107.5
12485,130113.4899,129348.9130,764.5769,0.0000,6.09723,131118.2
12486,130113.4899,129348.9130,764.5769,0.0000,6.09723,131129.1
12487,130113.4899,129348.9130,764.5769,0.0000,6.09723,131139.8
12488,130113.4899,129348.9130,764.5769,0.0000,6.09723,131150.6
12489,130113.4899,129348.9130,764.5769,0.0000,6.09723,131161.4
12490,130113.4899,129348.9130,764.5769,0.0000,6.09723,131172.2
12491,130113.4899,129348.9130,764.5769,0.0000,6.09723,131182.9
12492,130113.4899,129348.9130,764.5769,0.0000,6.09723,131193.8
12493,130113.4899,129348.9130,764.5769,0.0000,6.09723,131204.9
12494,130113.4899,129348.9130,764.5769,0.0000,6.09723,131215.9
12495,130113.4899,129348.9130,764.5769,0.0000,6.09723,131226.6
12496,130113.4899,129348.9130,764.5769,0.0000,6.09723,131237.2
12497,130113.4899,129348.9130,764.5769,0.0000,6.09723,131247.8
12498,130113.4899,129348.9130,764.5769,0.0000,6.09723,131258.6
12499,130113.4899,129348.9130,764.5769,0.0000,6.09723,131269.1
12500,130113.4899,129348.9130,764.5769,0.0000,6.09723,131280.0
12501,130113.4899,129348.9130,764.5769,0.0000,6.09723,131290.4
12502,130113.4899,129348.9130,764.5769,0.0000,6.09723,131301.1
12503,130113.4899,129348.9130,764.5769,0.0000,6.09723,131312.2
12504,130113.4899,129348.9130,764.5769,0.0000,6.09723,131323.3
12505,130113.4899,129348.9130,764.5769,0.0000,6.09723,131334.7
12506,130113.4899,129348.9130,764.5769,0.0000,6.09723,131345.8
12507,130113.4899,129348.9130,764.5769,0.0000,6.09723,131356.6
12508,130113.4899,129348.9130,764.5769,0.0000,6.09723,131367.2
12509,130113.4899,129348.9130,764.5769,0.0000,6.09723,131377.8
12510,130113.4899,129348.9130,764.5769,0.0000,6.09723,131388.4
12511,130113.4899,129348.9130,764.5769,0.0000,6.09723,131399.4
12512,130113.4899,129348.9130,764.5769,0.0000,6.09723,131410.2
12513,130113.4899,129348.9130,764.5769,0.0000,6.09723,131421.0
12514,130113.4899,129348.9130,764.5769,0.0000,6.09723,131431.9
12515,130113.4899,129348.9130,764.5769,0.0185,6.07702,131442.8
12516,130113.4899,129348.9130,764.5769,0.0000,6.07702,131453.7
12517,130113.4899,129348.9130,764.5769,0.0000,6.07702,131464.2
12518,130113.4899,129348.9130,764.5769,0.0000,6.07702,131475.1
12519,130113.4899,129348.9130,764.5769,0.0000,6.07702,131485.6
12520,130113.4899,129348.9130,764.5769,0.0000,6.07702,131496.4
12521,130113.4899,129348.9130,764.5769,0.0000,6.07702,131507.3
12522,130113.4899,129348.9130,764.5769,0.0000,6.07702,131518.4
12523,130113.4899,129348.9130,764.5769,0.0000,6.07702,131529.2
12524,130113.4899,129348.9130,764.5769,0.0000,6.07702,131539.8
12525,130113.4899,129348.9130,764.5769,0.0000,6.07702,131550.7
12526,130113.4899,129348.9130,764.5769,0.0000,6.07702,131561.5
12527,130113.4899,129348.9130,764.5769,0.0000,6.07702,131572.0
12528,130113.4899,129348.9130,764.5769,0.0000,6.07702,131582.5
12529,130113.4899,129348.9130,764.5769,0.0000,6.07702,131593.4
12530,130113.4899,129348.9130,764.5769,0.0000,6.07702,131604.3
12531,130113.4899,129348.9130,764.5769,0.0000,6.07702,131614.6
12532,130113.4899,129348.9130,764.5769,0.0000,6.07702,131625.4
12533,130113.4899,129348.9130,764.5769,0.0000,6.07702,131636.4
12534,130113.4899,129348.9130,764.5769,0.0000,6.07702,131647.1
12535,130113.4899,129348.9130,764.5769,0.0000,6.07702,131657.9
12536,130113.4899,129348.9130,764.5769,0.0000,6.07702,131668.9
12537,130113.4899,129348.9130,764.5769,0.0000,6.07702,131679.8
12538,130113.4899,129348.9130,764.5769,0.0000,6.07702,131690.6
12539,130113.4899,129348.9130,764.5769,0.0000,6.07702,131701.0
12540,130113.4899,129348.9130,764.5769,0.0000,6.07702,131711.5
12541,130113.4899,129348.9130,764.5769,0.0000,6.07702,131721.9
12542,130113.4899,129348.9130,764.5769,0.0000,6.07702,131732.6
12543,130113.4899,129348.9130,764.5769,0.0000,6.07702,131743.4
12544,130113.4899,129348.9130,764.5769,0.0000,6.07702,131754.1
12545,130113.4899,129348.9130,764.5769,0.0000,6.07702,131765.0
12546,130113.4899,129348.9130,764.5769,0.0000,6.07702,131775.8
12547,130113.4899,129348.9130,764.5769,0.0000,6.07702,131786.6
12548,130113.4899,129348.9130,764.5769,0.0000,6.07702,131797.6
12549,130113.4899,129348.9130,764.5769,0.0000,6.07702,131808.5
12550,130113.4899,129348.9130,764.5769,0.0000,6.07702,131819.3
12551,130113.4899,129348.9130,764.5769,0.0185,6.07865,131829.8
12552,130113.4899,129348.9130,764.5769,0.0000,6.07865,131840.4
12553,130113.4899,129348.9130,764.5769,0.0000,6.07865,131851.0
12554,130113.4899,129348.9130,764.5769,0.0000,6.07865,131862.2
12555,130113.4899,129348.9130,764.5769,0.0000,6.07865,131873.3
12556,130113.4899,129348.9130,764.5769,0.0000,6.07865,131884.1
12557,130113.4899,129348.9130,764.5769,0.0000,6.07865,131894.9
12558,130113.4899,129348.9130,764.5769,0.0185,6.07025,131905.6
12559,130113.4899,129348.9130,764.5769,0.0000,6.07025,131916.6
12560,130113.4899,129348.9130,764.5769,0.0000,6.07025,131927.6
12561,130113.4899,129348.9130,764.5769,0.0000,6.07025,131938.3
12562,130113.4899,129348.9130,764.5769,0.0000,6.07025,131949.1
12563,130113.4899,129348.9130,764.5769,0.0000,6.07025,131960.0
12564,130113.4899,129348.9130,764.5769,0.0185,6.0836,131971.0
12565,130113.4899,129348.9130,764.5769,0.0000,6.0836,131982.2
12566,130113.4899,129348.9130,764.5769,0.0000,6.0836,131993.1
12567,130113.4899,129348.9130,764.5769,0.0000,6.0836,132004.2
12568,130113.4899,129348.9130,764.5769,0.0000,6.0836,132015.1
12569,130113.4899,129348.9130,764.5769,0.0000,6.0836,132025.9
12570,130113.4899,129348.9130,764.5769,0.0000,6.0836,132037.3
12571,130113.4899,129348.9130,764.5769,0.0000,6.0836,132047.9
12572,130113.4899,129348.9130,764.5769,0.0000,6.0836,132059.0
12573,130113.4899,129348.9130,764.5769,0.0000,6.0836,132069.9
12574,130113.4899,129348.9130,764.5769,0.0000,6.0836,132080.4
12575,130113.4899,129348.9130,764.5769,0.0000,6.0836,132091.3
12576,130113.4899,129348.9130,764.5769,0.0000,6.0836,132102.3
12577,130113.4899,129348.9130,764.5769,0.0000,6.0836,132112.8
12578,130113.4899,129348.9130,764.5769,0.0000,6.0836,132123.8
12579,130113.4899,129348.9130,764.5769,0.0000,6.0836,132134.6
12580,130113.4899,129348.9130,764.5769,0.0000,6.0836,132145.8
12581,130113.4899,129348.9130,764.5769,0.0000,6.0836,132156.6
12582,130113.4899,129348.9130,764.5769,0.0000,6.0836,132167.0
12583,130113.4899,129348.9130,764.5769,0.0000,6.0836,132178.4
12584,130113.4899,129348.9130,764.5769,0.0000,6.0836,132189.4
12585,130113.4899,129348.9130,764.5769,0.0185,6.07753,132200.7
12586,130113.4899,129348.9130,764.5769,0.0000,6.07753,132211.5
12587,130113.4899,129348.9130,764.5769,0.0000,6.07753,132222.0
12588,130113.4899,129348.9130,764.5769,0.0000,6.07753,132232.8
12589,130113.4899,129348.9130,764.5769,0.0000,6.07753,132243.3
12590,130113.4899,129348.9130,764.5769,0.0000,6.07753,132254.2
12591,130113.4899,129348.9130,764.5769,0.0000,6.07753,132264.8
12592,130113.4899,129348.9130,764.5769,0.0000,6.07753,132275.6
12593,130113.4899,129348.9130,764.5769,0.0000,6.07753,132286.6
12594,130113.4899,129348.9130,764.5769,0.0000,6.07753,132297.3
12595,130113.4899,129348.9130,764.5769,0.0000,6.07753,132308.3
12596,130113.4899,129348.9130,764.5769,0.0000,6.07753,132318.8
12597,130113.4899,129348.9130,764.5769,0.0000,6.07753,132330.1
12598,130113.4899,129348.9130,764.5769,0.0000,6.07753,132341.1
12599,130113.4899,129348.9130,764.5769,0.0000,6.07753,132351.8
12600,130113.4899,129348.9130,764.5769,0.0000,6.07753,132362.5
12601,130113.4899,129348.9130,764.5769,0.0000,6.07753,132373.4
12602,130113.4899,129348.9130,764.5769,0.0000,6.07753,132384.1
12603,130113.4899,129348.9130,764.5769,0.0000,6.07753,132394.9
12604,130113.4899,129348.9130,764.5769,0.0000,6.07753,132405.6
12605,130113.4899,129348.9130,764.5769,0.0000,6.07753,132416.0
12606,130113.4899,129348.9130,764.5769,0.0000,6.07753,132426.5
12607,130113.4899,129348.9130,764.5769,0.0000,6.07753,132437.1
12608,130113.4899,129348.9130,764.5769,0.0000,6.07753,132448.0
12609,130113.4899,129348.9130,764.5769,0.0000,6.07753,132458.7
12610,130113.4899,129348.9130,764.5769,0.0000,6.07753,132469.0
12611,130113.4899,129348.9130,764.5769,0.0000,6.07753,132480.2
12612,130113.4899,129348.9130,764.5769,0.0185,6.09535,132491.3
12613,130113.4899,129348.9130,764.5769,0.0000,6.09535,132502.0
12614,130113.4899,129348.9130,764.5769,0.0000,6.09535,132512.8
12615,130113.4899,129348.9130,764.5769,0.0000,6.09535,132523.4
12616,130113.4899,129348.9130,764.5769,0.0000,6.09535,132534.2
12617,130113.4899,129348.9130,764.5769,0.0000,6.09535,132545.4
12618,130113.4899,129348.9130,764.5769,0.0000,6.09535,132556.3
12619,130113.4899,129348.9130,764.5769,0.0000,6.09535,132566.8
12620,130113.4899,129348.9130,764.5769,0.0000,6.09535,132577.4
12621,130113.4899,129348.9130,764.5769,0.0000,6.09535,132588.4
12622,130113.4899,129348.9130,764.5769,0.0000,6.09535,132599.0
12623,130113.4899,129348.9130,764.5769,0.0000,6.09535,132609.5
12624,130113.4899,129348.9130,764.5769,0.0000,6.09535,132620.3
12625,130113.4899,129348.9130,764.5769,0.0000,6.09535,132631.3
12626,130113.4899,129348.9130,764.5769,0.0000,6.09535,132642.0
12627,130113.4899,129348.9130,764.5769,0.0000,6.09535,132652.6
12628,130113.4899,129348.9130,764.5769,0.0000,6.09535,132663.9
12629,130113.4899,129348.9130,764.5769,0.0000,6.09535,132674.6
12630,130113.4899,129348.9130,764.5769,0.0000,6.09535,132685.8
12631,130113.4899,129348.9130,764.5769,0.0000,6.09535,132697.1
12632,130113.4899,129348.9130,764.5769,0.0000,6.09535,132708.0
12633,130113.4899,129348.9130,764.5769,0.0000,6.09535,132718.7
12634,130113.4899,129348.9130,764.5769,0.0000,6.09535,132729.7
12635,130113.4899,129348.9130,764.5769,0.0000,6.09535,132740.0
12636,130113.4899,129348.9130,764.5769,0.0000,6.09535,132750.8
12637,130113.4899,129348.9130,764.5769,0.0000,6.09535,132762.0
12638,130113.4899,129348.9130,764.5769,0.0000,6.09535,132773.1
12639,130113.4899,129348.9130,764.5769,0.0000,6.09535,132783.7
12640,130113.4899,129348.9130,764.5769,0.0000,6.09535,132794.4
12641,130113.4899,129348.9130,764.5769,0.0000,6.09535,132805.2
12642,130113.4899,129348.9130,764.5769,0.0000,6.09535,132816.0
12643,130113.4899,129348.9130,764.5769,0.0000,6.09535,132826.6
12644,130113.4899,129348.9130,764.5769,0.0000,6.09535,132837.2
12645,130113.4899,129348.9130,764.5769,0.0000,6.09535,132848.0
12646,130113.4899,129348.9130,764.5769,0.0000,6.09535,132858.7
12647,130113.4899,129348.9130,764.5769,0.0000,6.09535,132869.4
12648,130113.4899,129348.9130,764.5769,0.0000,6.09535,132880.1
12649,130113.4899,129348.9130,764.5769,0.0000,6.09535,132891.1
12650,130113.4899,129348.9130,764.5769,0.0000,6.09535,132902.3
12651,130113.4899,129348.9130,764.5769,0.0000,6.09535,132912.9
12652,130113.4899,129348.9130,764.5769,0.0000,6.09535,132923.5
12653,130113.4899,129348.9130,764.5769,0.0000,6.09535,132934.9
12654,130113.4899,129348.9130,764.5769,0.0000,6.09535,132945.5
12655,130113.4899,129348.9130,764.5769,0.0000,6.09535,132956.1
12656,130113.4899,129348.9130,764.5769,0.0000,6.09535,132966.8
12657,130113.4899,129348.9130,764.5769,0.0000,6.09535,132977.9
12658,130113.4899,129348.9130,764.5769,0.0000,6.09535,132988.6
12659,130113.4899,129348.9130,764.5769,0.0000,6.09535,132999.3
12660,130113.4899,129348.9130,764.5769,0.0000,6.09535,133010.4
12661,130113.4899,129348.9130,764.5769,0.0000,6.09535,133021.3
12662,130113.4899,129348.9130,764.5769,0.0000,6.09535,133032.3
12663,130113.4899,129348.9130,764.5769,0.0000,6.09535,133043.3
12664,130113.4899,129348.9130,764.5769,0.0000,6.09535,133054.0
12665,130113.4899,129348.9130,764.5769,0.0000,6.09535,133065.1
12666,130113.4899,129348.9130,764.5769,0.0000,6.09535,133075.9
12667,130113.4899,129348.9130,764.5769,0.0000,6.09535,133086.4
12668,130113.4899,129348.9130,764.5769,0.0000,6.09535,133097.3
12669,130113.4899,129348.9130,764.5769,0.0000,6.09535,133108.1
12670,130113.4899,129348.9130,764.5769,0.0000,6.09535,133118.9
12671,130113.4899,129348.9130,764.5769,0.0000,6.09535,133130.0
12672,130113.4899,129348.9130,764.5769,0.0000,6.09535,133140.4
12673,130113.4899,129348.9130,764.5769,0.0000,6.09535,133151.2
12674,130113.4899,129348.9130,764.5769,0.0000,6.09535,133161.9
12675,130113.4899,129348.9130,764.5769,0.0000,6.09535,133173.0
12676,130113.4899,129348.9130,764.5769,0.0000,6.09535,133183.4
12677,130113.4899,129348.9130,764.5769,0.0000,6.09535,133194.0
12678,130113.4899,129348.9130,764.5769,0.0000,6.09535,133205.2
12679,130113.4899,129348.9130,764.5769,0.0000,6.09535,133216.1
12680,130113.4899,129348.9130,764.5769,0.0000,6.09535,133227.4
12681,130113.4899,129348.9130,764.5769,0.0000,6.09535,133238.7
12682,130113.4899,129348.9130,764.5769,0.0000,6.09535,133249.4
12683,130113.4899,129348.9130,764.5769,0.0000,6.09535,133260.1
12684,130113.4899,129348.9130,764.5769,0.0000,6.09535,133271.1
12685,130113.4899,129348.9130,764.5769,0.0000,6.09535,133281.7
12686,130113.4899,129348.9130,764.5769,0.0000,6.09535,133292.6
12687,130113.4899,129348.9130,764.5769,0.0000,6.09535,133303.2
12688,130113.4899,129348.9130,764.5769,0.0000,6.09535,133313.7
12689,130113.4899,129348.9130,764.5769,0.0000,6.09535,133324.3
12690,130113.4899,129348.9130,764.5769,0.0000,6.09535,133335.2
12691,130113.4899,129348.9130,764.5769,0.0000,6.09535,133345.6
12692,130113.4899,129348.9130,764.5769,0.0000,6.09535,133356.6
12693,130113.4899,129348.9130,764.5769,0.0000,6.09535,133367.4
12694,130113.4899,129348.9130,764.5769,0.0000,6.09535,133377.9
12695,130113.4899,129348.9130,764.5769,0.0000,6.09535,133388.9
12696,130113.4899,129348.9130,764.5769,0.0000,6.09535,133399.5
12697,130113.4899,129348.9130,764.5769,0.0000,6.09535,133410.5
12698,130113.4899,129348.9130,764.5769,0.0000,6.09535,133421.8
12699,130113.4899,129348.9130,764.5769,0.0000,6.09535,133433.0
12700,130113.4899,129348.9130,764.5769,0.0000,6.09535,133443.6
12701,130113.4899,129348.9130,764.5769,0.0000,6.09535,133454.6
12702,130113.4899,129348.9130,764.5769,0.0000,6.09535,133465.3
12703,130113.4899,129348.9130,764.5769,0.0000,6.09535,133476.0
12704,130113.4899,129348.9130,764.5769,0.0000,6.09535,133487.1
12705,130113.4899,129348.9130,764.5769,0.0000,6.09535,133498.0
12706,130113.4899,129348.9130,764.5769,0.0000,6.09535,133508.7
12707,130113.4899,129348.9130,764.5769,0.0000,6.09535,133519.5
12708,130113.4899,129348.9130,764.5769,0.0000,6.09535,133530.3
12709,130113.4899,129348.9130,764.5769,0.0000,6.09535,133541.2
12710,130113.4899,129348.9130,764.5769,0.0000,6.09535,133552.0
12711,130113.4899,129348.9130,764.5769,0.0000,6.09535,133562.8
12712,130113.4899,129348.9130,764.5769,0.0000,6.09535,133573.8
12713,130113.4899,129348.9130,764.5769,0.0000,6.09535,133584.6
12714,130113.4899,129348.9130,764.5769,0.0000,6.09535,133595.6
12715,130113.4899,129348.9130,764.5769,0.0000,6.09535,133606.4
12716,130113.4899,129348.9130,764.5769,0.0000,6.09535,133617.1
12717,130113.4899,129348.9130,764.5769,0.0000,6.09535,133627.9
12718,130113.4899,129348.9130,764.5769,0.0000,6.09535,133638.7
12719,130113.4899,129348.9130,764.5769,0.0000,6.09535,133649.9
12720,130113.4899,129348.9130,764.5769,0.0000,6.09535,133661.2
12721,130113.4899,129348.9130,764.5769,0.0000,6.09535,133672.0
12722,130113.4899,129348.9130,764.5769,0.0000,6.09535,133682.7
12723,130113.4899,129348.9130,764.5769,0.0000,6.09535,133693.7
12724,130113.4899,129348.9130,764.5769,0.0000,6.09535,133704.4
12725,130113.4899,129348.9130,764.5769,0.0000,6.09535,133715.0
12726,130113.4899,129348.9130,764.5769,0.0000,6.09535,133725.8
12727,130113.4899,129348.9130,764.5769,0.0000,6.09535,133736.7
12728,130113.4899,129348.9130,764.5769,0.0000,6.09535,133747.5
12729,130113.4899,129348.9130,764.5769,0.0000,6.09535,133758.3
12730,130113.4899,129348.9130,764.5769,0.0000,6.09535,133769.2
12731,130113.4899,129348.9130,764.5769,0.0000,6.09535,133780.2
12732,130113.4899,129348.9130,764.5769,0.0000,6.09535,133791.2
12733,130113.4899,129348.9130,764.5769,0.0000,6.09535,133802.2
12734,130113.4899,129348.9130,764.5769,0.0000,6.09535,133812.9
12735,130113.4899,129348.9130,764.5769,0.0000,6.09535,133823.8
12736,130113.4899,129348.9130,764.5769,0.0000,6.09535,133834.4
12737,130113.4899,129348.9130,764.5769,0.0000,6.09535,133845.6
12738,130113.4899,129348.9130,764.5769,0.0000,6.09535,133856.6
12739,130113.4899,129348.9130,764.5769,0.0000,6.09535,133867.7
12740,130113.4899,129348.9130,764.5769,0.0000,6.09535,133878.8
12741,130113.4899,129348.9130,764.5769,0.0000,6.09535,133889.5
12742,130113.4899,129348.9130,764.5769,0.0000,6.09535,133900.5
12743,130113.4899,129348.9130,764.5769,0.0000,6.09535,133911.4
12744,130113.4899,129348.9130,764.5769,0.0000,6.09535,133922.4
12745,130113.4899,129348.9130,764.5769,0.0000,6.09535,133933.3
12746,130113.4899,129348.9130,764.5769,0.0000,6.09535,133943.7
12747,130113.4899,129348.9130,764.5769,0.0000,6.09535,133954.3
12748,130113.4899,129348.9130,764.5769,0.0000,6.09535,133965.2
12749,130113.4899,129348.9130,764.5769,0.0000,6.09535,133976.0
12750,130113.4899,129348.9130,764.5769,0.0000,6.09535,133986.8
12751,130113.4899,129348.9130,764.5769,0.0185,6.10021,133997.2
12752,130113.4899,129348.9130,764.5769,0.0000,6.10021,134008.1
12753,130113.4899,129348.9130,764.5769,0.0000,6.10021,134019.0
12754,130113.4899,129348.9130,764.5769,0.0000,6.10021,134029.8
12755,130113.4899,129348.9130,764.5769,0.0000,6.10021,134040.4
12756,130113.4899,129348.9130,764.5769,0.0000,6.10021,134051.7
12757,130113.4899,129348.9130,764.5769,0.0000,6.10021,134062.3
12758,130113.4899,129348.9130,764.5769,0.0000,6.10021,134073.6
12759,130113.4899,129348.9130,764.5769,0.0000,6.10021,134084.7
12760,130113.4899,129348.9130,764.5769,0.0000,6.10021,134095.1
12761,130113.4899,129348.9130,764.5769,0.0000,6.10021,134105.9
12762,130113.4899,129348.9130,764.5769,0.0185,6.10553,134116.7
12763,130113.4899,129348.9130,764.5769,0.0185,6.09827,134127.3
12764,130113.4899,129348.9130,764.5769,0.0000,6.09827,134138.1
12765,130113.4899,129348.9130,764.5769,0.0000,6.09827,134148.8
12766,130113.4899,129348.9130,764.5769,0.0000,6.09827,134159.3
12767,130113.4899,129348.9130,764.5769,0.0000,6.09827,134170.2
12768,130113.4899,129348.9130,764.5769,0.0000,6.09827,134180.9
12769,130113.4899,129348.9130,764.5769,0.0000,6.09827,134191.4
12770,130113.4899,129348.9130,764.5769,0.0000,6.09827,134202.0
12771,130113.4899,129348.9130,764.5769,0.0000,6.09827,134212.5
12772,130113.4899,129348.9130,764.5769,0.0000,6.09827,134223.5
12773,130113.4899,129348.9130,764.5769,0.0000,6.09827,134234.7
12774,130113.4899,129348.9130,764.5769,0.0000,6.09827,134245.5
12775,130113.4899,129361.6861,751.8037,0.0185,6.09178,134256.4
12776,130113.4899,129361.6861,751.8037,0.0000,6.09178,134267.2
12777,130113.4899,129361.6861,751.8037,0.0000,6.09178,134278.2
12778,130113.4899,129361.6861,751.8037,0.0000,6.09178,134289.1
12779,130113.4899,129361.6861,751.8037,0.0000,6.09178,134299.9
12780,130113.4899,129361.6861,751.8037,0.0000,6.09178,134310.7
12781,130113.4899,129361.6861,751.8037,0.0000,6.09178,134321.5
12782,130113.4899,129361.6861,751.8037,0.0000,6.09178,134332.1
12783,130113.4899,129361.6861,751.8037,0.0185,6.03288,134342.6
12784,130113.4899,129361.6861,751.8037,0.0000,6.03288,134353.2
12785,130113.4899,129361.6861,751.8037,0.0000,6.03288,134364.1
12786,130113.4899,129361.6861,751.8037,0.0000,6.03288,134375.6
12787,130113.4899,129361.6861,751.8037,0.0185,6.03195,134386.0
12788,130113.4899,129361.6861,751.8037,0.0000,6.03195,134396.9
12789,130113.4899,129361.6861,751.8037,0.0000,6.03195,134407.4
12790,130113.4899,129361.6861,751.8037,0.0000,6.03195,134418.3
12791,130113.4899,129361.6861,751.8037,0.0000,6.03195,134429.2
12792,130113.4899,129361.6861,751.8037,0.0000,6.03195,134440.1
12793,130113.4899,129361.6861,751.8037,0.0000,6.03195,134450.7
12794,130113.4899,129361.6861,751.8037,0.0000,6.03195,134461.3
12795,130113.4899,129361.6861,751.8037,0.0000,6.03195,134472.5
12796,130113.4899,129361.6861,751.8037,0.0000,6.03195,134483.7
12797,130113.4899,129361.6861,751.8037,0.0000,6.03195,134494.3
12798,130113.4899,129361.6861,751.8037,0.0000,6.03195,134505.6
12799,130113.4899,129361.6861,751.8037,0.0000,6.03195,134516.4
12800,130113.4899,129361.6861,751.8037,0.0000,6.03195,134526.8
12801,130113.4899,129361.6861,751.8037,0.0000,6.03195,134537.5
12802,130113.4899,129361.6861,751.8037,0.0000,6.03195,134547.9
12803,130113.4899,129361.6861,751.8037,0.0000,6.03195,134559.2
12804,130113.4899,129361.6861,751.8037,0.0000,6.03195,134570.1
12805,130113.4899,129361.6861,751.8037,0.0000,6.03195,134581.0
12806,130113.4899,129361.6861,751.8037,0.0000,6.03195,134592.1
12807,130113.4899,129361.6861,751.8037,0.0000,6.03195,134603.1
12808,130113.4899,129361.6861,751.8037,0.0000,6.03195,134614.0
12809,130113.4899,129361.6861,751.8037,0.0000,6.03195,134624.8
12810,130113.4899,129361.6861,751.8037,0.0000,6.03195,134635.8
12811,130113.4899,129361.6861,751.8037,0.0000,6.03195,134646.7
12812,130113.4899,129361.6861,751.8037,0.0000,6.03195,134657.5
12813,130113.4899,129361.6861,751.8037,0.0000,6.03195,134668.2
12814,130113.4899,129361.6861,751.8037,0.0000,6.03195,134679.0
12815,130113.4899,129361.6861,751.8037,0.0185,6.0664,134689.6
12816,130113.4899,129361.6861,751.8037,0.0000,6.0664,134700.5
12817,130113.4899,129361.6861,751.8037,0.0000,6.0664,134711.0
12818,130113.4899,129361.6861,751.8037,0.0000,6.0664,134722.0
12819,130113.4899,129361.6861,751.8037,0.0000,6.0664,134732.3
12820,130113.4899,129361.6861,751.8037,0.0000,6.0664,134743.3
12821,130113.4899,129361.6861,751.8037,0.0000,6.0664,134754.2
12822,130113.4899,129361.6861,751.8037,0.0000,6.0664,134765.1
12823,130113.4899,129361.6861,751.8037,0.0000,6.0664,134775.6
12824,130113.4899,129361.6861,751.8037,0.0185,6.07062,134786.1
12825,130113.4899,129361.6861,751.8037,0.0000,6.07062,134796.8
12826,130113.4899,129361.6861,751.8037,0.0000,6.07062,134808.2
12827,130113.4899,129361.6861,751.8037,0.0000,6.07062,134818.9
12828,130113.4899,129361.6861,751.8037,0.0000,6.07062,134829.8
12829,130113.4899,129361.6861,751.8037,0.0000,6.07062,134840.8
12830,130113.4899,129361.6861,751.8037,0.0000,6.07062,134851.3
12831,130113.4899,129361.6861,751.8037,0.0000,6.07062,134862.2
12832,130113.4899,129361.6861,751.8037,0.0000,6.07062,134873.5
12833,130113.4899,129361.6861,751.8037,0.0000,6.07062,134884.2
12834,130113.4899,129361.6861,751.8037,0.0000,6.07062,134895.1
12835,130113.4899,129361.6861,751.8037,0.0000,6.07062,134905.6
12836,130113.4899,129361.6861,751.8037,0.0000,6.07062,134916.4
12837,130113.4899,129361.6861,751.8037,0.0000,6.07062,134926.9
12838,130113.4899,129361.6861,751.8037,0.0000,6.07062,134938.1
12839,130113.4899,129361.6861,751.8037,0.0000,6.07062,134949.2
12840,130113.4899,129361.6861,751.8037,0.0000,6.07062,134960.2
12841,130113.4899,129361.6861,751.8037,0.0000,6.07062,134971.1
12842,130113.4899,129361.6861,751.8037,0.0000,6.07062,134982.1
12843,130113.4899,129361.6861,751.8037,0.0000,6.07062,134993.2
12844,130113.4899,129361.6861,751.8037,0.0000,6.07062,135003.7
12845,130113.4899,129361.6861,751.8037,0.0000,6.07062,135014.7
12846,130113.4899,129361.6861,751.8037,0.0000,6.07062,135025.3
12847,130113.4899,129361.6861,751.8037,0.0000,6.07062,135035.7
12848,130113.4899,129361.6861,751.8037,0.0000,6.07062,135046.6
12849,130113.4899,129361.6861,751.8037,0.0000,6.07062,135057.8
12850,130113.4899,129361.6861,751.8037,0.0000,6.07062,135068.7
12851,130113.4899,129361.6861,751.8037,0.0000,6.07062,135079.7
12852,130113.4899,129361.6861,751.8037,0.0000,6.07062,135090.4
12853,130113.4899,129361.6861,751.8037,0.0000,6.07062,135101.4
12854,130113.4899,129361.6861,751.8037,0.0000,6.07062,135112.3
12855,130113.4899,129361.6861,751.8037,0.0000,6.07062,135123.2
12856,130113.4899,129361.6861,751.8037,0.0000,6.07062,135134.2
12857,130113.4899,129361.6861,751.8037,0.0000,6.07062,135144.9
12858,130113.4899,129361.6861,751.8037,0.0000,6.07062,135156.2
12859,130113.4899,129361.6861,751.8037,0.0000,6.07062,135166.7
12860,130113.4899,129361.6861,751.8037,0.0000,6.07062,135177.6
12861,130113.4899,129361.6861,751.8037,0.0000,6.07062,135188.5
12862,130113.4899,129361.6861,751.8037,0.0000,6.07062,135198.9
12863,130113.4899,129361.6861,751.8037,0.0000,6.07062,135209.6
12864,130113.4899,129361.6861,751.8037,0.0000,6.07062,135220.8
12865,130113.4899,129361.6861,751.8037,0.0000,6.07062,135231.7
12866,130113.4899,129361.6861,751.8037,0.0000,6.07062,135242.6
12867,130113.4899,129361.6861,751.8037,0.0000,6.07062,135253.3
12868,130113.4899,129361.6861,751.8037,0.0000,6.07062,135263.9
12869,130113.4899,129361.6861,751.8037,0.0000,6.07062,135274.4
12870,130113.4899,129361.6861,751.8037,0.0000,6.07062,135285.4
12871,130113.4899,129361.6861,751.8037,0.0000,6.07062,135296.3
12872,130113.4899,129361.6861,751.8037,0.0000,6.07062,135307.0
12873,130113.4899,129361.6861,751.8037,0.0000,6.07062,135317.7
12874,130113.4899,129361.6861,751.8037,0.0000,6.07062,135328.8
12875,130113.4899,129361.6861,751.8037,0.0000,6.07062,135339.7
12876,130113.4899,129361.6861,751.8037,0.0000,6.07062,135350.3
12877,130113.4899,129361.6861,751.8037,0.0000,6.07062,135361.1
12878,130113.4899,129361.6861,751.8037,0.0000,6.07062,135371.9
12879,130113.4899,129361.6861,751.8037,0.0000,6.07062,135382.9
12880,130113.4899,129361.6861,751.8037,0.0000,6.07062,135393.3
12881,130113.4899,129361.6861,751.8037,0.0000,6.07062,135404.1
12882,130113.4899,129361.6861,751.8037,0.0000,6.07062,135414.9
12883,130113.4899,129361.6861,751.8037,0.0000,6.07062,135425.6
12884,130113.4899,129361.6861,751.8037,0.0185,6.0742,135437.2
12885,130113.4899,129361.6861,751.8037,0.0000,6.0742,135448.1
12886,130113.4899,129361.6861,751.8037,0.0185,6.0272,135458.7
12887,130113.4899,129361.6861,751.8037,0.0000,6.0272,135469.6
12888,130113.4899,129361.6861,751.8037,0.0000,6.0272,135479.9
12889,130113.4899,129361.6861,751.8037,0.0000,6.0272,135490.6
12890,130113.4899,129361.6861,751.8037,0.0000,6.0272,135501.9
12891,130113.4899,129361.6861,751.8037,0.0000,6.0272,135513.1
12892,130113.4899,129361.6861,751.8037,0.0000,6.0272,135524.2
12893,130113.4899,129361.6861,751.8037,0.0000,6.0272,135535.6
12894,130113.4899,129361.6861,751.8037,0.0000,6.0272,135546.5
12895,130113.4899,129361.6861,751.8037,0.0000,6.0272,135557.3
12896,130113.4899,129361.6861,751.8037,0.0000,6.0272,135568.0
12897,130113.4899,129361.6861,751.8037,0.0000,6.0272,135579.0
12898,130113.4899,129361.6861,751.8037,0.0000,6.0272,135589.7
12899,130113.4899,129361.6861,751.8037,0.0000,6.0272,135600.7
12900,130113.4899,129361.6861,751.8037,0.0000,6.0272,135611.9
12901,130113.4899,129361.6861,751.8037,0.0000,6.0272,135622.7
12902,130113.4899,129361.6861,751.8037,0.0000,6.0272,135633.8
12903,130113.4899,129361.6861,751.8037,0.0000,6.0272,135644.5
12904,130113.4899,129361.6861,751.8037,0.0000,6.0272,135655.4
12905,130113.4899,129361.6861,751.8037,0.0000,6.0272,135666.4
12906,130113.4899,129361.6861,751.8037,0.0000,6.0272,135677.3
12907,130113.4899,129361.6861,751.8037,0.0000,6.0272,135688.2
12908,130113.4899,129361.6861,751.8037,0.0000,6.0272,135698.9
12909,130113.4899,129361.6861,751.8037,0.0000,6.0272,135709.7
12910,130113.4899,129361.6861,751.8037,0.0185,5.99601,135720.3
12911,130113.4899,129361.6861,751.8037,0.0000,5.99601,135731.1
12912,130113.4899,129361.6861,751.8037,0.0000,5.99601,135741.7
12913,130113.4899,129361.6861,751.8037,0.0000,5.99601,135752.3
12914,130113.4899,129361.6861,751.8037,0.0000,5.99601,135763.3
12915,130113.4899,129361.6861,751.8037,0.0000,5.99601,135774.1
12916,130113.4899,129361.6861,751.8037,0.0000,5.99601,135784.9
12917,130113.4899,129361.6861,751.8037,0.0000,5.99601,135796.0
12918,130113.4899,129361.6861,751.8037,0.0000,5.99601,135806.8
12919,130113.4899,129361.6861,751.8037,0.0000,5.99601,135818.4
12920,130113.4899,129361.6861,751.8037,0.0000,5.99601,135829.2
12921,130113.4899,129361.6861,751.8037,0.0185,6.02398,135841.0
12922,130113.4899,129361.6861,751.8037,0.0000,6.02398,135852.4
12923,130113.4899,129361.6861,751.8037,0.0000,6.02398,135863.5
12924,130113.4899,129361.6861,751.8037,0.0000,6.02398,135874.2
12925,130113.4899,129361.6861,751.8037,0.0000,6.02398,135885.3
12926,130113.4899,129361.6861,751.8037,0.0000,6.02398,135896.3
12927,130113.4899,129361.6861,751.8037,0.0000,6.02398,135906.7
12928,130113.4899,129361.6861,751.8037,0.0000,6.02398,135917.5
12929,130113.4899,129361.6861,751.8037,0.0000,6.02398,135928.9
12930,130113.4899,129361.6861,751.8037,0.0000,6.02398,135940.1
12931,130113.4899,129361.6861,751.8037,0.0000,6.02398,135951.1
12932,130113.4899,129361.6861,751.8037,0.0000,6.02398,135961.7
12933,130113.4899,129361.6861,751.8037,0.0000,6.02398,135973.1
12934,130113.4899,129361.6861,751.8037,0.0000,6.02398,135984.1
12935,130113.4899,129361.6861,751.8037,0.0000,6.02398,135995.0
12936,130113.4899,129361.6861,751.8037,0.0000,6.02398,136006.4
12937,130113.4899,129361.6861,751.8037,0.0000,6.02398,136017.3
12938,130113.4899,129361.6861,751.8037,0.0000,6.02398,136028.2
12939,130113.4899,129361.6861,751.8037,0.0000,6.02398,136039.2
12940,130113.4899,129361.6861,751.8037,0.0000,6.02398,136049.9
12941,130113.4899,129361.6861,751.8037,0.0000,6.02398,136061.1
12942,130113.4899,129361.6861,751.8037,0.0000,6.02398,136072.5
12943,130113.4899,129361.6861,751.8037,0.0000,6.02398,136083.1
12944,130113.4899,129361.6861,751.8037,0.0000,6.02398,136094.1
12945,130113.4899,129361.6861,751.8037,0.0000,6.02398,136104.6
12946,130113.4899,129361.6861,751.8037,0.0000,6.02398,136115.5
12947,130113.4899,129361.6861,751.8037,0.0000,6.02398,136126.7
12948,130113.4899,129361.6861,751.8037,0.0000,6.02398,136137.5
12949,130113.4899,129361.6861,751.8037,0.0000,6.02398,136148.5
12950,130113.4899,129361.6861,751.8037,0.0000,6.02398,136159.3
12951,130113.4899,129361.6861,751.8037,0.0000,6.02398,136169.9
12952,130113.4899,129361.6861,751.8037,0.0000,6.02398,136180.9
12953,130113.4899,129361.6861,751.8037,0.0000,6.02398,136191.8
12954,130113.4899,129361.6861,751.8037,0.0000,6.02398,136202.6
12955,130113.4899,129361.6861,751.8037,0.0000,6.02398,136213.0
12956,130113.4899,129361.6861,751.8037,0.0000,6.02398,136223.6
12957,130113.4899,129361.6861,751.8037,0.0000,6.02398,136234.3
12958,130113.4899,129361.6861,751.8037,0.0000,6.02398,136244.7
12959,130113.4899,129361.6861,751.8037,0.0000,6.02398,136255.9
12960,130113.4899,129361.6861,751.8037,0.0000,6.02398,136267.0
12961,130113.4899,129361.6861,751.8037,0.0000,6.02398,136277.5
12962,130113.4899,129361.6861,751.8037,0.0000,6.02398,136288.4
12963,130113.4899,129361.6861,751.8037,0.0000,6.02398,136299.0
12964,130113.4899,129361.6861,751.8037,0.0000,6.02398,136309.1
12965,130113.4899,129361.6861,751.8037,0.0000,6.02398,136319.9
12966,130113.4899,129361.6861,751.8037,0.0000,6.02398,136330.4
12967,130113.4899,129361.6861,751.8037,0.0185,5.98416,136341.2
12968,130113.4899,129361.6861,751.8037,0.0000,5.98416,136351.7
12969,130113.4899,129361.6861,751.8037,0.0000,5.98416,136362.3
12970,130113.4899,129361.6861,751.8037,0.0000,5.98416,136373.4
12971,130113.4899,129361.6861,751.8037,0.0000,5.98416,136384.1
12972,130113.4899,129361.6861,751.8037,0.0000,5.98416,136394.8
12973,130113.4899,129361.6861,751.8037,0.0000,5.98416,136405.7
12974,130113.4899,129361.6861,751.8037,0.0000,5.98416,136416.7
12975,130113.4899,129361.6861,751.8037,0.0000,5.98416,136427.9
12976,130113.4899,129361.6861,751.8037,0.0000,5.98416,136438.8
12977,130113.4899,129361.6861,751.8037,0.0000,5.98416,136449.7
12978,130113.4899,129361.6861,751.8037,0.0185,5.9636,136460.7
12979,130113.4899,129361.6861,751.8037,0.0185,5.96215,136471.6
12980,130113.4899,129361.6861,751.8037,0.0000,5.96215,136482.5
12981,130113.4899,129361.6861,751.8037,0.0000,5.96215,136493.6
12982,130113.4899,129361.6861,751.8037,0.0000,5.96215,136505.0
12983,130113.4899,129361.6861,751.8037,0.0000,5.96215,136515.4
12984,130113.4899,129361.6861,751.8037,0.0000,5.96215,136526.3
12985,130113.4899,129361.6861,751.8037,0.0000,5.96215,136537.3
12986,130113.4899,129361.6861,751.8037,0.0000,5.96215,136547.9
12987,130113.4899,129361.6861,751.8037,0.0000,5.96215,136558.6
12988,130113.4899,129361.6861,751.8037,0.0000,5.96215,136569.7
12989,130113.4899,129361.6861,751.8037,0.0000,5.96215,136580.5
12990,130113.4899,129361.6861,751.8037,0.0000,5.96215,136591.2
12991,130113.4899,129361.6861,751.8037,0.0000,5.96215,136602.0
12992,130113.4899,129361.6861,751.8037,0.0000,5.96215,136612.8
12993,130113.4899,129361.6861,751.8037,0.0000,5.96215,136624.2
12994,130113.4899,129361.6861,751.8037,0.0000,5.96215,136635.0
12995,130113.4899,129361.6861,751.8037,0.0000,5.96215,136645.9
12996,130113.4899,129361.6861,751.8037,0.0000,5.96215,136656.9
12997,130113.4899,129361.6861,751.8037,0.0000,5.96215,136667.9
12998,130113.4899,129361.6861,751.8037,0.0000,5.96215,136678.9
12999,130113.4899,129361.6861,751.8037,0.0000,5.96215,136689.8
13000,130113.4899,129361.6861,751.8037,0.0000,5.96215,136700.4
13001,130113.4899,129361.6861,751.8037,0.0000,5.96215,136711.2
13002,130113.4899,129361.6861,751.8037,0.0000,5.96215,136722.0
13003,130113.4899,129361.6861,751.8037,0.0000,5.96215,136732.9
13004,130113.4899,129361.6861,751.8037,0.0185,5.96713,136743.6
13005,130113.4899,129361.6861,751.8037,0.0000,5.96713,136754.5
13006,130113.4899,129361.6861,751.8037,0.0185,6.01941,136765.7
13007,130113.4899,129361.6861,751.8037,0.0000,6.01941,136776.4
13008,130113.4899,129361.6861,751.8037,0.0000,6.01941,136787.2
13009,130113.4899,129361.6861,751.8037,0.0000,6.01941,136798.2
13010,130113.4899,129361.6861,751.8037,0.0000,6.01941,136808.7
13011,130113.4899,129361.6861,751.8037,0.0000,6.01941,136819.5
13012,130113.4899,129361.6861,751.8037,0.0000,6.01941,136830.3
13013,130113.4899,129361.6861,751.8037,0.0000,6.01941,136840.8
13014,130113.4899,129361.6861,751.8037,0.0000,6.01941,136851.5
13015,130113.4899,129361.6861,751.8037,0.0000,6.01941,136862.2
13016,130113.4899,129361.6861,751.8037,0.0185,6.02084,136872.8
13017,130113.4899,129361.6861,751.8037,0.0000,6.02084,136884.1
13018,130113.4899,129361.6861,751.8037,0.0000,6.02084,136895.0
13019,130113.4899,129361.6861,751.8037,0.0000,6.02084,136906.3
13020,130113.4899,129361.6861,751.8037,0.0000,6.02084,136917.4
13021,130113.4899,129361.6861,751.8037,0.0000,6.02084,136928.2
13022,130113.4899,129361.6861,751.8037,0.0000,6.02084,136939.1
13023,130113.4899,129361.6861,751.8037,0.0000,6.02084,136950.1
13024,130113.4899,129361.6861,751.8037,0.0000,6.02084,136961.3
13025,130113.4899,129361.6861,751.8037,0.0185,6.00595,136971.9
13026,130113.4899,129361.6861,751.8037,0.0000,6.00595,136983.1
13027,130113.4899,129361.6861,751.8037,0.0000,6.00595,136993.4
13028,130113.4899,129361.6861,751.8037,0.0000,6.00595,137004.3
13029,130113.4899,129361.6861,751.8037,0.0000,6.00595,137015.0
13030,130113.4899,129361.6861,751.8037,0.0000,6.00595,137025.6
13031,130113.4899,129361.6861,751.8037,0.0000,6.00595,137036.6
13032,130113.4899,129361.6861,751.8037,0.0000,6.00595,137047.1
13033,130113.4899,129361.6861,751.8037,0.0000,6.00595,137057.8
13034,130113.4899,129361.6861,751.8037,0.0000,6.00595,137068.5
13035,130113.4899,129361.6861,751.8037,0.0000,6.00595,137079.2
13036,130113.4899,129361.6861,751.8037,0.0000,6.00595,137090.1
13037,130113.4899,129361.6861,751.8037,0.0000,6.00595,137100.8
13038,130113.4899,129361.6861,751.8037,0.0000,6.00595,137111.4
13039,130113.4899,129361.6861,751.8037,0.0000,6.00595,137121.8
13040,130113.4899,129361.6861,751.8037,0.0000,6.00595,137133.0
13041,130113.4899,129361.6861,751.8037,0.0000,6.00595,137143.9
13042,130113.4899,129361.6861,751.8037,0.0000,6.00595,137154.2
13043,130113.4899,129361.6861,751.8037,0.0000,6.00595,137165.4
13044,130113.4899,129361.6861,751.8037,0.0000,6.00595,137176.4
13045,130113.4899,129361.6861,751.8037,0.0000,6.00595,137186.9
13046,130113.4899,129361.6861,751.8037,0.0000,6.00595,137197.9
13047,130113.4899,129361.6861,751.8037,0.0000,6.00595,137209.0
13048,130113.4899,129361.6861,751.8037,0.0000,6.00595,137220.0
13049,130113.4899,129361.6861,751.8037,0.0000,6.00595,137230.8
13050,130113.4899,129361.6861,751.8037,0.0000,6.00595,137241.9
13051,130113.4899,129361.6861,751.8037,0.0000,6.00595,137252.8
13052,130113.4899,129361.6861,751.8037,0.0000,6.00595,137263.7
13053,130113.4899,129361.6861,751.8037,0.0000,6.00595,137274.7
13054,130113.4899,129361.6861,751.8037,0.0000,6.00595,137285.4
13055,130113.4899,129361.6861,751.8037,0.0000,6.00595,137296.4
13056,130113.4899,129361.6861,751.8037,0.0000,6.00595,137307.3
13057,130113.4899,129361.6861,751.8037,0.0000,6.00595,137318.5
13058,130113.4899,129361.6861,751.8037,0.0185,5.98335,137329.3
13059,130113.4899,129361.6861,751.8037,0.0000,5.98335,137340.4
13060,130113.4899,129361.6861,751.8037,0.0000,5.98335,137351.0
13061,130113.4899,129361.6861,751.8037,0.0000,5.98335,137361.5
13062,130113.4899,129361.6861,751.8037,0.0000,5.98335,137372.4
13063,130113.4899,129361.6861,751.8037,0.0000,5.98335,137383.0
13064,130113.4899,129361.6861,751.8037,0.0000,5.98335,137393.7
13065,130113.4899,129366.4599,747.0300,0.0185,5.98039,137404.6
13066,130113.4899,129366.4599,747.0300,0.0000,5.98039,137415.4
13067,130113.4899,129366.4599,747.0300,0.0000,5.98039,137426.5
13068,130113.4899,129366.4599,747.0300,0.0000,5.98039,137437.1
13069,130113.4899,129366.4599,747.0300,0.0000,5.98039,137448.1
13070,130113.4899,129366.4599,747.0300,0.0000,5.98039,137458.7
13071,130113.4899,129366.4599,747.0300,0.0000,5.98039,137469.3
13072,130113.4899,129366.4599,747.0300,0.0000,5.98039,137480.2
13073,130113.4899,129366.4599,747.0300,0.0000,5.98039,137490.8
13074,130113.4899,129366.4599,747.0300,0.0000,5.98039,137501.4
13075,130113.4899,129366.4599,747.0300,0.0000,5.98039,137512.4
13076,130113.4899,129366.4599,747.0300,0.0000,5.98039,137523.0
13077,130113.4899,129366.4599,747.0300,0.0000,5.98039,137533.7
13078,130113.4899,129366.4599,747.0300,0.0000,5.98039,137544.3
13079,130113.4899,129366.4599,747.0300,0.0000,5.98039,137555.1
13080,130113.4899,129366.4599,747.0300,0.0000,5.98039,137565.5
13081,130113.4899,129366.4599,747.0300,0.0000,5.98039,137576.3
13082,130113.4899,129366.4599,747.0300,0.0000,5.98039,137586.9
13083,130113.4899,129366.4599,747.0300,0.0000,5.98039,137598.0
13084,130113.4899,129366.4599,747.0300,0.0000,5.98039,137608.9
13085,130113.4899,129366.4599,747.0300,0.0000,5.98039,137619.8
13086,130113.4899,129366.4599,747.0300,0.0000,5.98039,137630.4
13087,130113.4899,129366.4599,747.0300,0.0000,5.98039,137640.9
13088,130113.4899,129366.4599,747.0300,0.0000,5.98039,137651.6
13089,130113.4899,129366.4599,747.0300,0.0000,5.98039,137662.3
13090,130113.4899,129366.4599,747.0300,0.0000,5.98039,137672.8
13091,130113.4899,129366.4599,747.0300,0.0000,5.98039,137683.3
13092,130113.4899,129366.4599,747.0300,0.0000,5.98039,137694.2
13093,130113.4899,129366.4599,747.0300,0.0000,5.98039,137705.2
13094,130113.4899,129366.4599,747.0300,0.0000,5.98039,137715.9
13095,130113.4899,129366.4599,747.0300,0.0000,5.98039,137727.1
13096,130113.4899,129366.4599,747.0300,0.0000,5.98039,137737.8
13097,130113.4899,129366.4599,747.0300,0.0000,5.98039,137748.8
13098,130113.4899,129366.4599,747.0300,0.0000,5.98039,137759.2
13099,130113.4899,129366.4599,747.0300,0.0000,5.98039,137770.6
13100,130113.4899,129366.4599,747.0300,0.0000,5.98039,137781.7
13101,130113.4899,129366.4599,747.0300,0.0000,5.98039,137792.9
13102,130113.4899,129366.4599,747.0300,0.0000,5.98039,137803.7
13103,130113.4899,129366.4599,747.0300,0.0000,5.98039,137814.8
13104,130113.4899,129366.4599,747.0300,0.0000,5.98039,137825.2
13105,130113.4899,129366.4599,747.0300,0.0000,5.98039,137835.9
13106,130113.4899,129366.4599,747.0300,0.0000,5.98039,137846.8
13107,130113.4899,129366.4599,747.0300,0.0000,5.98039,137857.6
13108,130113.4899,129366.4599,747.0300,0.0000,5.98039,137868.3
13109,130113.4899,129366.4599,747.0300,0.0000,5.98039,137879.2
13110,130113.4899,129366.4599,747.0300,0.0000,5.98039,137889.9
13111,130113.4899,129366.4599,747.0300,0.0000,5.98039,137900.5
13112,130113.4899,129366.4599,747.0300,0.0000,5.98039,137911.3
13113,130113.4899,129366.4599,747.0300,0.0000,5.98039,137921.9
13114,130113.4899,129366.4599,747.0300,0.0000,5.98039,137932.7
13115,130113.4899,129366.4599,747.0300,0.0000,5.98039,137943.8
13116,130113.4899,129366.4599,747.0300,0.0000,5.98039,137954.2
13117,130113.4899,129366.4599,747.0300,0.0185,5.98001,137965.0
13118,130113.4899,129366.4599,747.0300,0.0000,5.98001,137976.2
13119,130113.4899,129366.4599,747.0300,0.0000,5.98001,137987.4
13120,130113.4899,129366.4599,747.0300,0.0000,5.98001,137998.3
13121,130113.4899,129366.4599,747.0300,0.0000,5.98001,138009.5
13122,130113.4899,129366.4599,747.0300,0.0000,5.98001,138020.6
13123,130113.4899,129366.4599,747.0300,0.0000,5.98001,138031.7
13124,130113.4899,129366.4599,747.0300,0.0000,5.98001,138042.9
13125,130113.4899,129366.4599,747.0300,0.0000,5.98001,138053.5
13126,130113.4899,129366.4599,747.0300,0.0000,5.98001,138064.1
13127,130113.4899,129366.4599,747.0300,0.0000,5.98001,138074.7
13128,130113.4899,129366.4599,747.0300,0.0000,5.98001,138085.2
13129,130113.4899,129366.4599,747.0300,0.0000,5.98001,138096.1
13130,130113.4899,129366.4599,747.0300,0.0000,5.98001,138107.6
13131,130113.4899,129366.4599,747.0300,0.0000,5.98001,138118.5
13132,130113.4899,129366.4599,747.0300,0.0000,5.98001,138129.4
13133,130113.4899,129366.4599,747.0300,0.0000,5.98001,138140.5
13134,130113.4899,129366.4599,747.0300,0.0000,5.98001,138151.2
13135,130113.4899,129366.4599,747.0300,0.0000,5.98001,138161.8
13136,130113.4899,129366.4599,747.0300,0.0000,5.98001,138173.1
13137,130113.4899,129366.4599,747.0300,0.0000,5.98001,138183.8
13138,130113.4899,129366.4599,747.0300,0.0000,5.98001,138195.1
13139,130113.4899,129366.4599,747.0300,0.0000,5.98001,138206.1
13140,130113.4899,129366.4599,747.0300,0.0000,5.98001,138216.8
13141,130113.4899,129366.4599,747.0300,0.0000,5.98001,138227.3
13142,130113.4899,129366.4599,747.0300,0.0000,5.98001,138237.8
13143,130113.4899,129366.4599,747.0300,0.0000,5.98001,138248.4
13144,130113.4899,129366.4599,747.0300,0.0000,5.98001,138259.2
13145,130113.4899,129366.4599,747.0300,0.0000,5.98001,138270.4
13146,130113.4899,129366.4599,747.0300,0.0000,5.98001,138281.3
13147,130113.4899,129366.4599,747.0300,0.0000,5.98001,138292.2
13148,130113.4899,129366.4599,747.0300,0.0000,5.98001,138303.1
13149,130113.4899,129366.4599,747.0300,0.0000,5.98001,138314.2
13150,130113.4899,129366.4599,747.0300,0.0000,5.98001,138325.5
13151,130113.4899,129366.4599,747.0300,0.0000,5.98001,138336.2
13152,130113.4899,129366.4599,747.0300,0.0000,5.98001,138347.3
13153,130113.4899,129366.4599,747.0300,0.0000,5.98001,138358.0
13154,130113.4899,129366.4599,747.0300,0.0000,5.98001,138368.6
13155,130113.4899,129366.4599,747.0300,0.0000,5.98001,138379.5
13156,130113.4899,129366.4599,747.0300,0.0000,5.98001,138390.3
13157,130113.4899,129366.4599,747.0300,0.0000,5.98001,138401.1
13158,130113.4899,129366.4599,747.0300,0.0000,5.98001,138412.7
13159,130113.4899,129366.4599,747.0300,0.0000,5.98001,138423.3
13160,130113.4899,129366.4599,747.0300,0.0000,5.98001,138433.6
13161,130113.4899,129366.4599,747.0300,0.0000,5.98001,138444.4
13162,130113.4899,129366.4599,747.0300,0.0000,5.98001,138455.5
13163,130113.4899,129366.4599,747.0300,0.0000,5.98001,138466.0
13164,130113.4899,129366.4599,747.0300,0.0000,5.98001,138477.3
13165,130113.4899,129366.4599,747.0300,0.0000,5.98001,138487.9
13166,130113.4899,129366.4599,747.0300,0.0000,5.98001,138498.5
13167,130113.4899,129366.4599,747.0300,0.0000,5.98001,138509.4
13168,130113.4899,129366.4599,747.0300,0.0000,5.98001,138520.6
13169,130113.4899,129366.4599,747.0300,0.0000,5.98001,138531.9
13170,130113.4899,129366.4599,747.0300,0.0000,5.98001,138542.7
13171,130113.4899,129366.4599,747.0300,0.0000,5.98001,138553.5
13172,130113.4899,129366.4599,747.0300,0.0000,5.98001,138564.4
13173,130113.4899,129366.4599,747.0300,0.0000,5.98001,138575.2
13174,130113.4899,129366.4599,747.0300,0.0000,5.98001,138586.1
13175,130113.4899,129366.4599,747.0300,0.0000,5.98001,138597.2
13176,130113.4899,129366.4599,747.0300,0.0000,5.98001,138607.9
13177,130113.4899,129366.4599,747.0300,0.0000,5.98001,138618.7
13178,130113.4899,129366.4599,747.0300,0.0000,5.98001,138630.1
13179,130113.4899,129366.4599,747.0300,0.0000,5.98001,138641.4
13180,130113.4899,129366.4599,747.0300,0.0000,5.98001,138652.7
13181,130113.4899,129366.4599,747.0300,0.0000,5.98001,138663.6
13182,130113.4899,129366.4599,747.0300,0.0000,5.98001,138674.7
13183,130113.4899,129366.4599,747.0300,0.0000,5.98001,138685.4
13184,130113.4899,129366.4599,747.0300,0.0000,5.98001,138696.1
13185,130113.4899,129366.4599,747.0300,0.0000,5.98001,138707.5
13186,130113.4899,129366.4599,747.0300,0.0000,5.98001,138718.1
13187,130113.4899,129366.4599,747.0300,0.0000,5.98001,138729.2
13188,130113.4899,129366.4599,747.0300,0.0000,5.98001,138740.1
13189,130113.4899,129366.4599,747.0300,0.0000,5.98001,138750.7
13190,130113.4899,129366.4599,747.0300,0.0000,5.98001,138761.8
13191,130113.4899,129366.4599,747.0300,0.0000,5.98001,138772.7
13192,130113.4899,129366.4599,747.0300,0.0000,5.98001,138783.4
13193,130113.4899,129366.4599,747.0300,0.0000,5.98001,138794.6
13194,130113.4899,129366.4599,747.0300,0.0000,5.98001,138805.7
13195,130113.4899,129366.4599,747.0300,0.0000,5.98001,138816.6
13196,130113.4899,129366.4599,747.0300,0.0000,5.98001,138827.5
13197,130113.4899,129366.4599,747.0300,0.0000,5.98001,138838.6
13198,130113.4899,129366.4599,747.0300,0.0000,5.98001,138849.6
13199,130113.4899,129366.4599,747.0300,0.0000,5.98001,138860.9
13200,130113.4899,129366.4599,747.0300,0.0000,5.98001,138871.9
13201,130113.4899,129366.4599,747.0300,0.0000,5.98001,138882.8
13202,130113.4899,129366.4599,747.0300,0.0000,5.98001,138893.6
13203,130113.4899,129366.4599,747.0300,0.0000,5.98001,138904.7
13204,130113.4899,129366.4599,747.0300,0.0000,5.98001,138915.5
13205,130113.4899,129366.4599,747.0300,0.0000,5.98001,138926.1
13206,130113.4899,129366.4599,747.0300,0.0000,5.98001,138937.1
13207,130113.4899,129366.4599,747.0300,0.0000,5.98001,138948.1
13208,130113.4899,129366.4599,747.0300,0.0000,5.98001,138959.0
13209,130113.4899,129366.4599,747.0300,0.0000,5.98001,138969.8
13210,130113.4899,129366.4599,747.0300,0.0000,5.98001,138980.6
13211,130113.4899,129366.4599,747.0300,0.0000,5.98001,138991.3
13212,130113.4899,129366.4599,747.0300,0.0000,5.98001,139002.4
13213,130113.4899,129366.4599,747.0300,0.0000,5.98001,139013.3
13214,130113.4899,129366.4599,747.0300,0.0000,5.98001,139024.1
13215,130113.4899,129366.4599,747.0300,0.0000,5.98001,139035.4
13216,130113.4899,129366.4599,747.0300,0.0000,5.98001,139046.4
13217,130113.4899,129366.4599,747.0300,0.0000,5.98001,139057.1
13218,130113.4899,129366.4599,747.0300,0.0000,5.98001,139067.7
13219,130113.4899,129366.4599,747.0300,0.0000,5.98001,139078.2
13220,130113.4899,129366.4599,747.0300,0.0000,5.98001,139088.9
13221,130113.4899,129366.4599,747.0300,0.0000,5.98001,139099.8
13222,130113.4899,129366.4599,747.0300,0.0000,5.98001,139110.6
13223,130113.4899,129366.4599,747.0300,0.0000,5.98001,139121.6
13224,130113.4899,129366.4599,747.0300,0.0000,5.98001,139132.7
13225,130113.4899,129366.4599,747.0300,0.0000,5.98001,139143.1
13226,130113.4899,129366.4599,747.0300,0.0185,5.97298,139153.7
13227,130113.4899,129366.4599,747.0300,0.0000,5.97298,139164.2
13228,130113.4899,129366.4599,747.0300,0.0000,5.97298,139175.3
13229,130113.4899,129366.4599,747.0300,0.0000,5.97298,139186.0
13230,130113.4899,129366.4599,747.0300,0.0000,5.97298,139196.7
13231,130113.4899,129366.4599,747.0300,0.0000,5.97298,139207.8
13232,130113.4899,129366.4599,747.0300,0.0000,5.97298,139218.6
13233,130113.4899,129366.4599,747.0300,0.0000,5.97298,139229.3
13234,130113.4899,129366.4599,747.0300,0.0000,5.97298,139240.1
13235,130113.4899,129366.4599,747.0300,0.0000,5.97298,139250.9
13236,130113.4899,129366.4599,747.0300,0.0000,5.97298,139262.0
13237,130113.4899,129366.4599,747.0300,0.0000,5.97298,139272.8
13238,130113.4899,129366.4599,747.0300,0.0000,5.97298,139283.6
13239,130113.4899,129366.4599,747.0300,0.0000,5.97298,139294.2
13240,130113.4899,129366.4599,747.0300,0.0000,5.97298,139305.2
13241,130113.4899,129366.4599,747.0300,0.0000,5.97298,139316.1
13242,130113.4899,129366.4599,747.0300,0.0000,5.97298,139326.8
13243,130113.4899,129366.4599,747.0300,0.0000,5.97298,139337.1
13244,130113.4899,129366.4599,747.0300,0.0000,5.97298,139347.7
13245,130113.4899,129366.4599,747.0300,0.0000,5.97298,139358.8
13246,130113.4899,129366.4599,747.0300,0.0000,5.97298,139369.9
13247,130113.4899,129366.4599,747.0300,0.0000,5.97298,139380.9
13248,130113.4899,129366.4599,747.0300,0.0000,5.97298,139391.6
13249,130113.4899,129366.4599,747.0300,0.0000,5.97298,139402.3
13250,130113.4899,129366.4599,747.0300,0.0000,5.97298,139412.8
13251,130113.4899,129366.4599,747.0300,0.0000,5.97298,139423.8
13252,130113.4899,129366.4599,747.0300,0.0000,5.97298,139434.7
13253,130113.4899,129366.4599,747.0300,0.0000,5.97298,139445.5
13254,130113.4899,129366.4599,747.0300,0.0000,5.97298,139456.5
13255,130113.4899,129366.4599,747.0300,0.0000,5.97298,139467.5
13256,130113.4899,129366.4599,747.0300,0.0000,5.97298,139478.8
13257,130113.4899,129366.4599,747.0300,0.0185,5.96817,139489.4
13258,130113.4899,129366.4599,747.0300,0.0000,5.96817,139500.5
13259,130113.4899,129366.4599,747.0300,0.0000,5.96817,139511.8
13260,130113.4899,129366.4599,747.0300,0.0000,5.96817,139522.5
13261,130113.4899,129366.4599,747.0300,0.0185,5.98392,139533.4
13262,130113.4899,129366.4599,747.0300,0.0000,5.98392,139544.1
13263,130113.4899,129366.4599,747.0300,0.0000,5.98392,139555.0
13264,130113.4899,129366.4599,747.0300,0.0000,5.98392,139565.5
13265,130113.4899,129366.4599,747.0300,0.0000,5.98392,139576.5
13266,130113.4899,129366.4599,747.0300,0.0000,5.98392,139586.8
13267,130113.4899,129366.4599,747.0300,0.0000,5.98392,139597.7
13268,130113.4899,129366.4599,747.0300,0.0000,5.98392,139608.3
13269,130113.4899,129366.4599,747.0300,0.0000,5.98392,139619.1
13270,130113.4899,129366.4599,747.0300,0.0000,5.98392,139629.6
13271,130113.4899,129366.4599,747.0300,0.0000,5.98392,139640.3
13272,130113.4899,129366.4599,747.0300,0.0000,5.98392,139651.2
13273,130113.4899,129366.4599,747.0300,0.0000,5.98392,139662.3
13274,130113.4899,129366.4599,747.0300,0.0000,5.98392,139672.9
13275,130113.4899,129366.4599,747.0300,0.0000,5.98392,139684.1
13276,130113.4899,129366.4599,747.0300,0.0000,5.98392,139694.9
13277,130113.4899,129366.4599,747.0300,0.0000,5.98392,139706.0
13278,130113.4899,129366.4599,747.0300,0.0000,5.98392,139716.8
13279,130113.4899,129366.4599,747.0300,0.0000,5.98392,139727.7
13280,130113.4899,129366.4599,747.0300,0.0000,5.98392,139738.6
13281,130113.4899,129366.4599,747.0300,0.0000,5.98392,139749.5
13282,130113.4899,129366.4599,747.0300,0.0000,5.98392,139760.3
13283,130113.4899,129366.4599,747.0300,0.0000,5.98392,139771.0
13284,130113.4899,129366.4599,747.0300,0.0000,5.98392,139781.5
13285,130113.4899,129366.4599,747.0300,0.0185,6.02155,139791.9
13286,130113.4899,129366.4599,747.0300,0.0000,6.02155,139802.5
13287,130113.4899,129366.4599,747.0300,0.0000,6.02155,139812.8
13288,130113.4899,129366.4599,747.0300,0.0000,6.02155,139823.6
13289,130113.4899,129366.4599,747.0300,0.0000,6.02155,139834.5
13290,130113.4899,129366.4599,747.0300,0.0000,6.02155,139845.4
13291,130113.4899,129366.4599,747.0300,0.0000,6.02155,139856.4
13292,130113.4899,129366.4599,747.0300,0.0000,6.02155,139867.4
13293,130113.4899,129366.4599,747.0300,0.0000,6.02155,139877.9
13294,130113.4899,129366.4599,747.0300,0.0000,6.02155,139889.3
13295,130113.4899,129366.4599,747.0300,0.0000,6.02155,139899.8
13296,130113.4899,129366.4599,747.0300,0.0000,6.02155,139910.6
13297,130113.4899,129366.4599,747.0300,0.0000,6.02155,139921.6
13298,130113.4899,129366.4599,747.0300,0.0000,6.02155,139932.4
13299,130113.4899,129366.4599,747.0300,0.0000,6.02155,139943.1
13300,130113.4899,129366.4599,747.0300,0.0000,6.02155,139954.1
13301,130113.4899,129366.4599,747.0300,0.0000,6.02155,139964.7
13302,130113.4899,129366.4599,747.0300,0.0000,6.02155,139975.3
13303,130113.4899,129366.4599,747.0300,0.0000,6.02155,139986.2
13304,130113.4899,129366.4599,747.0300,0.0000,6.02155,139997.1
13305,130113.4899,129366.4599,747.0300,0.0000,6.02155,140008.1
13306,130113.4899,129366.4599,747.0300,0.0000,6.02155,140018.8
13307,130113.4899,129366.4599,747.0300,0.0000,6.02155,140029.7
13308,130113.4899,129366.4599,747.0300,0.0000,6.02155,140040.2
13309,130113.4899,129366.4599,747.0300,0.0000,6.02155,140051.0
13310,130113.4899,129366.4599,747.0300,0.0000,6.02155,140061.8
13311,130113.4899,129366.4599,747.0300,0.0000,6.02155,140072.6
13312,130113.4899,129366.4599,747.0300,0.0000,6.02155,140083.5
13313,130113.4899,129366.4599,747.0300,0.0000,6.02155,140094.2
13314,130113.4899,129366.4599,747.0300,0.0000,6.02155,140105.3
13315,130113.4899,129366.4599,747.0300,0.0000,6.02155,140116.2
13316,130113.4899,129367.4391,746.0508,0.0185,6.04696,140127.2
13317,130113.4899,129367.4391,746.0508,0.0000,6.04696,140137.9
13318,130113.4899,129367.4391,746.0508,0.0185,6.04106,140148.7
13319,130113.4899,129367.4391,746.0508,0.0000,6.04106,140159.3
13320,130113.4899,129367.4391,746.0508,0.0185,6.04492,140170.2
13321,130113.4899,129367.4391,746.0508,0.0000,6.04492,140180.9
13322,130113.4899,129367.4391,746.0508,0.0000,6.04492,140191.1
13323,130113.4899,129367.4391,746.0508,0.0000,6.04492,140202.2
13324,130113.4899,129367.4391,746.0508,0.0000,6.04492,140213.0
13325,130113.4899,129367.4391,746.0508,0.0000,6.04492,140223.6
13326,130113.4899,129367.4391,746.0508,0.0000,6.04492,140234.7
13327,130113.4899,129367.4391,746.0508,0.0000,6.04492,140245.7
13328,130113.4899,129367.4391,746.0508,0.0000,6.04492,140256.4
13329,130113.4899,129367.4391,746.0508,0.0000,6.04492,140266.9
13330,130113.4899,129367.4391,746.0508,0.0000,6.04492,140277.8
13331,130113.4899,129367.4391,746.0508,0.0000,6.04492,140288.5
13332,130113.4899,129367.4391,746.0508,0.0000,6.04492,140299.5
13333,130113.4899,129367.4391,746.0508,0.0000,6.04492,140310.2
13334,130113.4899,129367.4391,746.0508,0.0000,6.04492,140321.3
13335,130113.4899,129367.4391,746.0508,0.0000,6.04492,140332.1
13336,130113.4899,129367.4391,746.0508,0.0000,6.04492,140342.8
13337,130113.4899,129367.4391,746.0508,0.0000,6.04492,140353.8
13338,130113.4899,129367.4391,746.0508,0.0000,6.04492,140364.9
13339,130113.4899,129367.4391,746.0508,0.0000,6.04492,140375.9
13340,130113.4899,129367.4391,746.0508,0.0000,6.04492,140386.5
13341,130113.4899,129367.4391,746.0508,0.0000,6.04492,140397.6
13342,130113.4899,129367.4391,746.0508,0.0000,6.04492,140408.5
13343,130113.4899,129367.4391,746.0508,0.0000,6.04492,140419.8
13344,130113.4899,129367.4391,746.0508,0.0000,6.04492,140430.6
13345,130113.4899,129367.4391,746.0508,0.0000,6.04492,140441.8
13346,130113.4899,129367.4391,746.0508,0.0000,6.04492,140452.6
13347,130113.4899,129367.4391,746.0508,0.0000,6.04492,140463.8
13348,130113.4899,129367.4391,746.0508,0.0000,6.04492,140474.5
13349,130113.4899,129367.4391,746.0508,0.0000,6.04492,140485.4
13350,130113.4899,129367.4391,746.0508,0.0000,6.04492,140496.6
13351,130113.4899,129367.4391,746.0508,0.0000,6.04492,140507.2
13352,130113.4899,129367.4391,746.0508,0.0000,6.04492,140518.4
13353,130113.4899,129367.4391,746.0508,0.0000,6.04492,140529.1
13354,130113.4899,129367.4391,746.0508,0.0000,6.04492,140539.8
13355,130113.4899,129367.4391,746.0508,0.0000,6.04492,140550.9
13356,130113.4899,129367.4391,746.0508,0.0000,6.04492,140561.8
13357,130113.4899,129367.4391,746.0508,0.0000,6.04492,140572.9
13358,130113.4899,129367.4391,746.0508,0.0000,6.04492,140583.8
13359,130113.4899,129367.4391,746.0508,0.0000,6.04492,140595.0
13360,130113.4899,129367.4391,746.0508,0.0000,6.04492,140605.8
13361,130113.4899,129367.4391,746.0508,0.0000,6.04492,140616.9
13362,130113.4899,129367.4391,746.0508,0.0000,6.04492,140627.9
13363,130113.4899,129367.4391,746.0508,0.0000,6.04492,140638.8
13364,130113.4899,129367.4391,746.0508,0.0000,6.04492,140649.8
13365,130113.4899,129367.4391,746.0508,0.0000,6.04492,140660.7
13366,130113.4899,129367.4391,746.0508,0.0000,6.04492,140672.1
13367,130113.4899,129367.4391,746.0508,0.0000,6.04492,140683.1
13368,130113.4899,129367.4391,746.0508,0.0000,6.04492,140694.1
13369,130113.4899,129367.4391,746.0508,0.0000,6.04492,140705.3
13370,130113.4899,129367.4391,746.0508,0.0000,6.04492,140716.0
13371,130113.4899,129367.4391,746.0508,0.0000,6.04492,140727.3
13372,130113.4899,129367.4391,746.0508,0.0000,6.04492,140738.2
13373,130113.4899,129367.4391,746.0508,0.0000,6.04492,140748.8
13374,130113.4899,129367.4391,746.0508,0.0000,6.04492,140759.7
13375,130113.4899,129367.4391,746.0508,0.0000,6.04492,140770.4
13376,130113.4899,129367.4391,746.0508,0.0000,6.04492,140780.9
13377,130113.4899,129367.4391,746.0508,0.0000,6.04492,140791.5
13378,130113.4899,129367.4391,746.0508,0.0000,6.04492,140802.2
13379,130113.4899,129367.4391,746.0508,0.0000,6.04492,140813.1
13380,130113.4899,129367.4391,746.0508,0.0000,6.04492,140823.7
13381,130113.4899,129367.4391,746.0508,0.0000,6.04492,140834.5
13382,130113.4899,129367.4391,746.0508,0.0000,6.04492,140845.2
13383,130113.4899,129367.4391,746.0508,0.0000,6.04492,140856.0
13384,130113.4899,129367.4391,746.0508,0.0000,6.04492,140866.9
13385,130113.4899,129367.4391,746.0508,0.0000,6.04492,140877.8
13386,130113.4899,129367.4391,746.0508,0.0000,6.04492,140888.6
13387,130113.4899,129367.4391,746.0508,0.0000,6.04492,140899.5
13388,130113.4899,129367.4391,746.0508,0.0000,6.04492,140910.5
13389,130113.4899,129367.4391,746.0508,0.0000,6.04492,140921.4
13390,130113.4899,129367.4391,746.0508,0.0000,6.04492,140932.4
13391,130113.4899,129367.4391,746.0508,0.0000,6.04492,140942.9
13392,130113.4899,129367.4391,746.0508,0.0000,6.04492,140953.5
13393,130113.4899,129367.4391,746.0508,0.0000,6.04492,140964.4
13394,130113.4899,129367.4391,746.0508,0.0000,6.04492,140975.7
13395,130113.4899,129367.4391,746.0508,0.0000,6.04492,140986.5
13396,130113.4899,129367.4391,746.0508,0.0000,6.04492,140997.2
13397,130113.4899,129367.4391,746.0508,0.0000,6.04492,141008.2
13398,130113.4899,129367.4391,746.0508,0.0000,6.04492,141018.9
13399,130113.4899,129367.4391,746.0508,0.0000,6.04492,141030.1
13400,130113.4899,129367.4391,746.0508,0.0000,6.04492,141041.1
13401,130113.4899,129367.4391,746.0508,0.0000,6.04492,141051.9
13402,130113.4899,129367.4391,746.0508,0.0000,6.04492,141062.8
13403,130113.4899,129367.4391,746.0508,0.0000,6.04492,141073.4
13404,130113.4899,129367.4391,746.0508,0.0000,6.04492,141083.9
13405,130113.4899,129367.4391,746.0508,0.0000,6.04492,141094.7
13406,130113.4899,129367.4391,746.0508,0.0000,6.04492,141105.6
13407,130113.4899,129367.4391,746.0508,0.0000,6.04492,141116.6
13408,130113.4899,129367.4391,746.0508,0.0000,6.04492,141127.6
13409,130113.4899,129367.4391,746.0508,0.0000,6.04492,141138.2
13410,130113.4899,129367.4391,746.0508,0.0000,6.04492,141148.8
13411,130113.4899,129367.4391,746.0508,0.0000,6.04492,141159.4
13412,130113.4899,129367.4391,746.0508,0.0000,6.04492,141170.0
13413,130113.4899,129367.4391,746.0508,0.0000,6.04492,141180.8
13414,130113.4899,129367.4391,746.0508,0.0185,5.96807,141191.9
13415,130113.4899,129367.4391,746.0508,0.0000,5.96807,141202.7
13416,130113.4899,129367.4391,746.0508,0.0000,5.96807,141213.6
13417,130113.4899,129367.4391,746.0508,0.0000,5.96807,141224.4
13418,130113.4899,129367.4391,746.0508,0.0000,5.96807,141235.3
13419,130113.4899,129367.4391,746.0508,0.0000,5.96807,141246.0
13420,130113.4899,129367.4391,746.0508,0.0000,5.96807,141256.8
13421,130113.4899,129367.4391,746.0508,0.0000,5.96807,141267.7
13422,130113.4899,129367.4391,746.0508,0.0000,5.96807,141278.7
13423,130113.4899,129367.4391,746.0508,0.0000,5.96807,141289.7
13424,130113.4899,129367.4391,746.0508,0.0000,5.96807,141300.8
13425,130113.4899,129367.4391,746.0508,0.0000,5.96807,141311.9
13426,130113.4899,129367.4391,746.0508,0.0000,5.96807,141322.3
13427,130113.4899,129367.4391,746.0508,0.0000,5.96807,141333.6
13428,130113.4899,129367.4391,746.0508,0.0000,5.96807,141344.7
13429,130113.4899,129367.4391,746.0508,0.0000,5.96807,141355.4
13430,130113.4899,129367.4391,746.0508,0.0370,6.01697,141366.7
13431,130113.4899,129367.4391,746.0508,0.0000,6.01697,141377.4
13432,130113.4899,129367.4391,746.0508,0.0000,6.01697,141388.4
13433,130113.4899,129367.4391,746.0508,0.0000,6.01697,141398.7
13434,130113.4899,129367.4391,746.0508,0.0000,6.01697,141409.8
13435,130113.4899,129367.4391,746.0508,0.0000,6.01697,141420.7
13436,130113.4899,129367.4391,746.0508,0.0000,6.01697,141431.3
13437,130113.4899,129367.4391,746.0508,0.0185,6.02557,141442.0
13438,130113.4899,129367.4391,746.0508,0.0000,6.02557,141452.9
13439,130113.4899,129367.4391,746.0508,0.0000,6.02557,141464.1
13440,130113.4899,129367.4391,746.0508,0.0000,6.02557,141474.8
13441,130113.4899,129367.4391,746.0508,0.0000,6.02557,141485.7
13442,130113.4899,129367.4391,746.0508,0.0000,6.02557,141496.7
13443,130113.4899,129367.4391,746.0508,0.0000,6.02557,141507.9
13444,130113.4899,129367.4391,746.0508,0.0000,6.02557,141518.4
13445,130113.4899,129367.4391,746.0508,0.0000,6.02557,141529.1
13446,130113.4899,129367.4391,746.0508,0.0185,6.02329,141539.9
13447,130113.4899,129367.4391,746.0508,0.0000,6.02329,141550.5
13448,130113.4899,129367.4391,746.0508,0.0000,6.02329,141561.6
13449,130113.4899,129367.4391,746.0508,0.0000,6.02329,141572.5
13450,130113.4899,129367.4391,746.0508,0.0000,6.02329,141583.4
13451,130113.4899,129367.4391,746.0508,0.0000,6.02329,141594.3
13452,130113.4899,129367.4391,746.0508,0.0000,6.02329,141605.2
13453,130113.4899,129367.4391,746.0508,0.0000,6.02329,141616.2
13454,130113.4899,129367.4391,746.0508,0.0000,6.02329,141627.2
13455,130113.4899,129367.4391,746.0508,0.0000,6.02329,141637.9
13456,130113.4899,129367.4391,746.0508,0.0000,6.02329,141648.6
13457,130113.4899,129367.4391,746.0508,0.0000,6.02329,141659.0
13458,130113.4899,129367.4391,746.0508,0.0000,6.02329,141670.5
13459,130113.4899,129367.4391,746.0508,0.0000,6.02329,141681.3
13460,130113.4899,129367.4391,746.0508,0.0000,6.02329,141692.1
13461,130113.4899,129367.4391,746.0508,0.0000,6.02329,141703.1
13462,130113.4899,129367.4391,746.0508,0.0000,6.02329,141714.0
13463,130113.4899,129367.4391,746.0508,0.0000,6.02329,141725.0
13464,130113.4899,129367.4391,746.0508,0.0000,6.02329,141736.0
13465,130113.4899,129367.4391,746.0508,0.0000,6.02329,141746.8
13466,130113.4899,129367.4391,746.0508,0.0000,6.02329,141757.9
13467,130113.4899,129367.4391,746.0508,0.0000,6.02329,141769.0
13468,130113.4899,129367.4391,746.0508,0.0000,6.02329,141779.7
13469,130113.4899,129367.4391,746.0508,0.0000,6.02329,141790.3
13470,130113.4899,129367.4391,746.0508,0.0000,6.02329,141801.6
13471,130113.4899,129367.4391,746.0508,0.0000,6.02329,141812.5
13472,130113.4899,129367.4391,746.0508,0.0000,6.02329,141823.3
13473,130113.4899,129367.4391,746.0508,0.0000,6.02329,141834.0
13474,130113.4899,129367.4391,746.0508,0.0000,6.02329,141844.7
13475,130113.4899,129367.4391,746.0508,0.0000,6.02329,141855.2
13476,130113.4899,129367.4391,746.0508,0.0000,6.02329,141865.9
13477,130113.4899,129367.4391,746.0508,0.0000,6.02329,141876.8
13478,130113.4899,129367.4391,746.0508,0.0185,6.01818,141887.7
13479,130113.4899,129367.4391,746.0508,0.0000,6.01818,141898.5
13480,130113.4899,129367.4391,746.0508,0.0000,6.01818,141909.3
13481,130113.4899,129367.4391,746.0508,0.0000,6.01818,141920.1
13482,130113.4899,129367.4391,746.0508,0.0000,6.01818,141930.9
13483,130113.4899,129367.4391,746.0508,0.0000,6.01818,141941.8
13484,130113.4899,129367.4391,746.0508,0.0000,6.01818,141952.8
13485,130113.4899,129367.4391,746.0508,0.0000,6.01818,141963.4
13486,130113.4899,129367.4391,746.0508,0.0000,6.01818,141974.4
13487,130113.4899,129367.4391,746.0508,0.0000,6.01818,141985.2
13488,130113.4899,129367.4391,746.0508,0.0000,6.01818,141996.0
13489,130113.4899,129367.4391,746.0508,0.0000,6.01818,142007.0
13490,130113.4899,129367.4391,746.0508,0.0000,6.01818,142017.9
13491,130113.4899,129367.4391,746.0508,0.0000,6.01818,142028.6
13492,130113.4899,129367.4391,746.0508,0.0185,6.03048,142039.4
13493,130113.4899,129367.4391,746.0508,0.0000,6.03048,142050.1
13494,130113.4899,129367.4391,746.0508,0.0000,6.03048,142061.3
13495,130113.4899,129367.4391,746.0508,0.0000,6.03048,142072.3
13496,130113.4899,129367.4391,746.0508,0.0000,6.03048,142083.4
13497,130113.4899,129367.4391,746.0508,0.0000,6.03048,142094.4
13498,130113.4899,129367.4391,746.0508,0.0000,6.03048,142105.4
13499,130113.4899,129367.4391,746.0508,0.0000,6.03048,142116.2
13500,130113.4899,129367.4391,746.0508,0.0000,6.03048,142126.8
13501,130113.4899,129367.4391,746.0508,0.0000,6.03048,142137.9
13502,130113.4899,129367.4391,746.0508,0.0000,6.03048,142149.1
13503,130113.4899,129367.4391,746.0508,0.0000,6.03048,142160.5
13504,130113.4899,129367.4391,746.0508,0.0000,6.03048,142171.4
13505,130113.4899,129367.4391,746.0508,0.0000,6.03048,142182.2
13506,130113.4899,129367.4391,746.0508,0.0185,6.04068,142193.0
13507,130113.4899,129367.4391,746.0508,0.0000,6.04068,142203.7
13508,130113.4899,129367.4391,746.0508,0.0000,6.04068,142214.6
13509,130113.4899,129367.4391,746.0508,0.0000,6.04068,142225.9
13510,130113.4899,129367.4391,746.0508,0.0000,6.04068,142237.0
13511,130113.4899,129367.4391,746.0508,0.0000,6.04068,142248.0
13512,130113.4899,129367.4391,746.0508,0.0000,6.04068,142259.0
13513,130113.4899,129367.4391,746.0508,0.0000,6.04068,142269.9
13514,130113.4899,129367.4391,746.0508,0.0000,6.04068,142281.3
13515,130113.4899,129367.4391,746.0508,0.0000,6.04068,142291.8
13516,130113.4899,129367.4391,746.0508,0.0000,6.04068,142303.0
13517,130113.4899,129367.4391,746.0508,0.0000,6.04068,142314.2
13518,130113.4899,129367.4391,746.0508,0.0000,6.04068,142325.0
13519,130113.4899,129367.4391,746.0508,0.0000,6.04068,142335.9
13520,130113.4899,129367.4391,746.0508,0.0000,6.04068,142346.6
13521,130113.4899,129367.4391,746.0508,0.0000,6.04068,142357.4
13522,130113.4899,129367.4391,746.0508,0.0000,6.04068,142368.3
13523,130113.4899,129367.4391,746.0508,0.0000,6.04068,142379.0
13524,130113.4899,129367.4391,746.0508,0.0000,6.04068,142389.9
13525,130113.4899,129367.4391,746.0508,0.0000,6.04068,142401.0
13526,130113.4899,129367.4391,746.0508,0.0000,6.04068,142411.7
13527,130113.4899,129367.4391,746.0508,0.0000,6.04068,142422.7
13528,130113.4899,129367.4391,746.0508,0.0000,6.04068,142433.7
13529,130113.4899,129367.4391,746.0508,0.0000,6.04068,142444.4
13530,130113.4899,129367.4391,746.0508,0.0000,6.04068,142455.5
13531,130113.4899,129367.4391,746.0508,0.0000,6.04068,142466.2
13532,130113.4899,129367.4391,746.0508,0.0000,6.04068,142476.8
13533,130113.4899,129367.4391,746.0508,0.0000,6.04068,142487.7
13534,130113.4899,129367.4391,746.0508,0.0000,6.04068,142498.0
13535,130113.4899,129367.4391,746.0508,0.0000,6.04068,142508.5
13536,130113.4899,129367.4391,746.0508,0.0000,6.04068,142519.5
13537,130113.4899,129367.4391,746.0508,0.0000,6.04068,142530.8
13538,130113.4899,129367.4391,746.0508,0.0000,6.04068,142541.7
13539,130113.4899,129367.4391,746.0508,0.0000,6.04068,142552.9
13540,130113.4899,129367.4391,746.0508,0.0000,6.04068,142563.6
13541,130113.4899,129367.4391,746.0508,0.0000,6.04068,142574.7
13542,130113.4899,129367.4391,746.0508,0.0000,6.04068,142585.2
13543,130113.4899,129367.4391,746.0508,0.0000,6.04068,142596.1
13544,130113.4899,129367.4391,746.0508,0.0000,6.04068,142607.0
13545,130113.4899,129367.4391,746.0508,0.0000,6.04068,142617.7
13546,130113.4899,129367.4391,746.0508,0.0000,6.04068,142628.5
13547,130113.4899,129367.4391,746.0508,0.0000,6.04068,142639.2
13548,130113.4899,129367.4391,746.0508,0.0000,6.04068,142650.0
13549,130113.4899,129367.4391,746.0508,0.0000,6.04068,142660.9
13550,130113.4899,129367.4391,746.0508,0.0000,6.04068,142671.4
13551,130113.4899,129367.4391,746.0508,0.0000,6.04068,142682.5
13552,130113.4899,129367.4391,746.0508,0.0000,6.04068,142693.3
13553,130113.4899,129367.4391,746.0508,0.0000,6.04068,142704.0
13554,130113.4899,129367.4391,746.0508,0.0000,6.04068,142714.6
13555,130113.4899,129367.4391,746.0508,0.0000,6.04068,142725.2
13556,130113.4899,129367.4391,746.0508,0.0000,6.04068,142736.1
13557,130113.4899,129367.4391,746.0508,0.0000,6.04068,142746.9
13558,130113.4899,129367.4391,746.0508,0.0000,6.04068,142757.8
13559,130113.4899,129367.4391,746.0508,0.0000,6.04068,142768.7
13560,130113.4899,129367.4391,746.0508,0.0000,6.04068,142779.4
13561,130113.4899,129367.4391,746.0508,0.0000,6.04068,142790.9
13562,130113.4899,129367.4391,746.0508,0.0000,6.04068,142801.7
13563,130113.4899,129367.4391,746.0508,0.0000,6.04068,142812.6
13564,130113.4899,129367.4391,746.0508,0.0000,6.04068,142823.3
13565,130113.4899,129367.4391,746.0508,0.0000,6.04068,142834.0
13566,130113.4899,129367.4391,746.0508,0.0000,6.04068,142844.9
13567,130113.4899,129367.4391,746.0508,0.0000,6.04068,142856.0
13568,130113.4899,129367.4391,746.0508,0.0000,6.04068,142867.1
13569,130113.4899,129367.4391,746.0508,0.0000,6.04068,142878.4
13570,130113.4899,129367.4391,746.0508,0.0000,6.04068,142888.9
13571,130113.4899,129367.4391,746.0508,0.0000,6.04068,142899.5
13572,130113.4899,129367.4391,746.0508,0.0000,6.04068,142910.6
13573,130113.4899,129367.4391,746.0508,0.0000,6.04068,142921.3
13574,130113.4899,129367.4391,746.0508,0.0185,6.01009,142932.1
13575,130113.4899,129367.4391,746.0508,0.0000,6.01009,142942.5
13576,130113.4899,129367.4391,746.0508,0.0000,6.01009,142953.0
13577,130113.4899,129367.4391,746.0508,0.0000,6.01009,142963.9
13578,130113.4899,129367.4391,746.0508,0.0000,6.01009,142974.9
13579,130113.4899,129367.4391,746.0508,0.0000,6.01009,142985.7
13580,130113.4899,129367.4391,746.0508,0.0000,6.01009,142996.6
13581,130113.4899,129367.4391,746.0508,0.0000,6.01009,143007.3
13582,130113.4899,129367.4391,746.0508,0.0000,6.01009,143018.5
13583,130113.4899,129367.4391,746.0508,0.0000,6.01009,143029.1
13584,130113.4899,129367.4391,746.0508,0.0000,6.01009,143040.5
13585,130113.4899,129367.4391,746.0508,0.0000,6.01009,143051.4
13586,130113.4899,129367.4391,746.0508,0.0185,6.00605,143062.2
13587,130113.4899,129367.4391,746.0508,0.0000,6.00605,143073.1
13588,130113.4899,129367.4391,746.0508,0.0000,6.00605,143083.9
13589,130113.4899,129367.4391,746.0508,0.0000,6.00605,143095.1
13590,130113.4899,129367.4391,746.0508,0.0000,6.00605,143106.4
13591,130113.4899,129367.4391,746.0508,0.0000,6.00605,143116.9
13592,130113.4899,129367.4391,746.0508,0.0000,6.00605,143127.6
13593,130113.4899,129367.4391,746.0508,0.0000,6.00605,143138.3
13594,130113.4899,129367.4391,746.0508,0.0000,6.00605,143149.0
13595,130113.4899,129367.4391,746.0508,0.0185,6.01153,143160.1
13596,130113.4899,129367.4391,746.0508,0.0000,6.01153,143171.2
13597,130113.4899,129367.4391,746.0508,0.0000,6.01153,143182.2
13598,130113.4899,129367.4391,746.0508,0.0000,6.01153,143193.1
13599,130113.4899,129367.4391,746.0508,0.0000,6.01153,143203.7
13600,130113.4899,129367.4391,746.0508,0.0000,6.01153,143214.5
13601,130113.4899,129367.4391,746.0508,0.0000,6.01153,143225.4
13602,130113.4899,129367.4391,746.0508,0.0000,6.01153,143236.4
13603,130113.4899,129367.4391,746.0508,0.0000,6.01153,143247.3
13604,130113.4899,129367.4391,746.0508,0.0000,6.01153,143257.9
13605,130113.4899,129367.4391,746.0508,0.0000,6.01153,143269.3
13606,130113.4899,129367.4391,746.0508,0.0000,6.01153,143280.3
13607,130113.4899,129367.4391,746.0508,0.0185,6.01705,143291.1
13608,130113.4899,129367.4391,746.0508,0.0000,6.01705,143301.8
13609,130113.4899,129367.4391,746.0508,0.0000,6.01705,143312.8
13610,130113.4899,129367.4391,746.0508,0.0000,6.01705,143323.9
13611,130113.4899,129367.4391,746.0508,0.0000,6.01705,143335.0
13612,130113.4899,129367.4391,746.0508,0.0000,6.01705,143345.9
13613,130113.4899,129367.4391,746.0508,0.0000,6.01705,143356.7
13614,130113.4899,129367.4391,746.0508,0.0000,6.01705,143368.0
13615,130113.4899,129367.4391,746.0508,0.0000,6.01705,143378.7
13616,130113.4899,129367.4391,746.0508,0.0000,6.01705,143389.8
13617,130113.4899,129367.4391,746.0508,0.0000,6.01705,143400.4
13618,130113.4899,129367.4391,746.0508,0.0000,6.01705,143411.4
13619,130113.4899,129367.4391,746.0508,0.0000,6.01705,143421.9
13620,130113.4899,129367.4391,746.0508,0.0000,6.01705,143432.4
13621,130113.4899,129367.4391,746.0508,0.0000,6.01705,143443.5
13622,130113.4899,129367.4391,746.0508,0.0000,6.01705,143454.4
13623,130113.4899,129367.4391,746.0508,0.0000,6.01705,143465.2
13624,130113.4899,129367.4391,746.0508,0.0000,6.01705,143476.4
13625,130113.4899,129367.4391,746.0508,0.0000,6.01705,143487.2
13626,130113.4899,129367.4391,746.0508,0.0000,6.01705,143497.8
13627,130113.4899,129367.4391,746.0508,0.0000,6.01705,143508.8
13628,130113.4899,129367.4391,746.0508,0.0000,6.01705,143519.6
13629,130113.4899,129367.4391,746.0508,0.0000,6.01705,143531.0
13630,130113.4899,129367.4391,746.0508,0.0000,6.01705,143541.7
13631,130113.4899,129367.4391,746.0508,0.0000,6.01705,143552.3
13632,130113.4899,129367.4391,746.0508,0.0000,6.01705,143563.4
13633,130113.4899,129367.4391,746.0508,0.0000,6.01705,143574.6
13634,130113.4899,129367.4391,746.0508,0.0000,6.01705,143585.4
13635,130113.4899,129367.4391,746.0508,0.0000,6.01705,143596.2
13636,130113.4899,129367.4391,746.0508,0.0000,6.01705,143607.3
13637,130113.4899,129367.4391,746.0508,0.0000,6.01705,143617.8
13638,130113.4899,129367.4391,746.0508,0.0000,6.01705,143628.8
13639,130113.4899,129367.4391,746.0508,0.0000,6.01705,143639.5
13640,130113.4899,129367.4391,746.0508,0.0000,6.01705,143650.5
13641,130113.4899,129367.4391,746.0508,0.0000,6.01705,143661.9
13642,130113.4899,129367.4391,746.0508,0.0000,6.01705,143672.8
13643,130113.4899,129367.4391,746.0508,0.0000,6.01705,143683.4
13644,130113.4899,129367.4391,746.0508,0.0000,6.01705,143694.4
13645,130113.4899,129367.4391,746.0508,0.0000,6.01705,143705.0
13646,130113.4899,129367.4391,746.0508,0.0000,6.01705,143716.3
13647,130113.4899,129367.4391,746.0508,0.0000,6.01705,143727.2
13648,130113.4899,129367.4391,746.0508,0.0000,6.01705,143737.5
13649,130113.4899,129367.4391,746.0508,0.0000,6.01705,143748.3
13650,130113.4899,129367.4391,746.0508,0.0000,6.01705,143759.3
13651,130113.4899,129367.4391,746.0508,0.0000,6.01705,143770.3
13652,130113.4899,129367.4391,746.0508,0.0000,6.01705,143781.3
13653,130113.4899,129367.4391,746.0508,0.0000,6.01705,143792.2
13654,130113.4899,129367.4391,746.0508,0.0000,6.01705,143802.9
13655,130113.4899,129367.4391,746.0508,0.0000,6.01705,143813.6
13656,130113.4899,129367.4391,746.0508,0.0000,6.01705,143824.4
13657,130113.4899,129367.4391,746.0508,0.0185,6.04939,143835.5
13658,130113.4899,129367.4391,746.0508,0.0000,6.04939,143846.3
13659,130113.4899,129367.4391,746.0508,0.0000,6.04939,143856.9
13660,130113.4899,129367.4391,746.0508,0.0000,6.04939,143867.8
13661,130113.4899,129367.4391,746.0508,0.0000,6.04939,143878.6
13662,130113.4899,129367.4391,746.0508,0.0000,6.04939,143889.6
13663,130113.4899,129367.4391,746.0508,0.0000,6.04939,143900.7
13664,130113.4899,129367.4391,746.0508,0.0000,6.04939,143911.7
13665,130113.4899,129367.4391,746.0508,0.0000,6.04939,143922.9
13666,130113.4899,129367.4391,746.0508,0.0000,6.04939,143933.4
13667,130113.4899,129367.4391,746.0508,0.0000,6.04939,143944.3
13668,130113.4899,129367.4391,746.0508,0.0000,6.04939,143955.1
13669,130113.4899,129367.4391,746.0508,0.0000,6.04939,143966.2
13670,130113.4899,129367.4391,746.0508,0.0000,6.04939,143977.1
13671,130113.4899,129367.4391,746.0508,0.0000,6.04939,143988.4
13672,130113.4899,129367.4391,746.0508,0.0000,6.04939,143999.1
13673,130113.4899,129367.4391,746.0508,0.0000,6.04939,144009.8
13674,130113.4899,129367.4391,746.0508,0.0000,6.04939,144020.3
13675,130113.4899,129367.4391,746.0508,0.0000,6.04939,144031.3
13676,130113.4899,129367.4391,746.0508,0.0000,6.04939,144042.2
13677,130113.4899,129367.4391,746.0508,0.0000,6.04939,144052.8
13678,130113.4899,129367.4391,746.0508,0.0000,6.04939,144063.9
13679,130113.4899,129367.4391,746.0508,0.0000,6.04939,144075.1
13680,130113.4899,129367.4391,746.0508,0.0000,6.04939,144086.0
13681,130113.4899,129367.4391,746.0508,0.0000,6.04939,144097.1
13682,130113.4899,129367.4391,746.0508,0.0000,6.04939,144107.9
13683,130113.4899,129367.4391,746.0508,0.0000,6.04939,144119.1
13684,130113.4899,129367.4391,746.0508,0.0185,6.03107,144130.2
13685,130113.4899,129367.4391,746.0508,0.0000,6.03107,144141.0
13686,130113.4899,129367.4391,746.0508,0.0000,6.03107,144152.0
13687,130113.4899,129367.4391,746.0508,0.0000,6.03107,144162.8
13688,130113.4899,129367.4391,746.0508,0.0000,6.03107,144173.6
13689,130113.4899,129367.4391,746.0508,0.0000,6.03107,144184.2
13690,130113.4899,129367.4391,746.0508,0.0000,6.03107,144194.8
13691,130113.4899,129367.4391,746.0508,0.0000,6.03107,144205.6
13692,130113.4899,129367.4391,746.0508,0.0000,6.03107,144216.7
13693,130113.4899,129367.4391,746.0508,0.0000,6.03107,144227.6
13694,130113.4899,129367.4391,746.0508,0.0000,6.03107,144238.4
13695,130113.4899,129367.4391,746.0508,0.0000,6.03107,144249.4
13696,130113.4899,129367.4391,746.0508,0.0000,6.03107,144260.3
13697,130113.4899,129367.4391,746.0508,0.0000,6.03107,144270.9
13698,130113.4899,129367.4391,746.0508,0.0000,6.03107,144281.7
13699,130113.4899,129367.4391,746.0508,0.0000,6.03107,144292.4
13700,130113.4899,129367.4391,746.0508,0.0000,6.03107,144303.5
13701,130113.4899,129367.4391,746.0508,0.0000,6.03107,144314.1
13702,130113.4899,129367.4391,746.0508,0.0000,6.03107,144325.0
13703,130113.4899,129367.4391,746.0508,0.0000,6.03107,144335.7
13704,130113.4899,129367.4391,746.0508,0.0000,6.03107,144346.8
13705,130113.4899,129367.4391,746.0508,0.0000,6.03107,144357.3
13706,130113.4899,129367.4391,746.0508,0.0000,6.03107,144368.3
13707,130113.4899,129367.4391,746.0508,0.0000,6.03107,144379.2
13708,130113.4899,129367.4391,746.0508,0.0000,6.03107,144389.7
13709,130113.4899,129367.4391,746.0508,0.0000,6.03107,144400.7
13710,130113.4899,129367.4391,746.0508,0.0000,6.03107,144411.8
13711,130113.4899,129367.4391,746.0508,0.0000,6.03107,144422.9
13712,130113.4899,129367.4391,746.0508,0.0000,6.03107,144433.6
13713,130113.4899,129367.4391,746.0508,0.0000,6.03107,144444.4
13714,130113.4899,129367.4391,746.0508,0.0000,6.03107,144455.7
13715,130113.4899,129367.4391,746.0508,0.0000,6.03107,144466.4
13716,130113.4899,129367.4391,746.0508,0.0000,6.03107,144477.1
13717,130113.4899,129367.4391,746.0508,0.0000,6.03107,144487.9
13718,130113.4899,129367.4391,746.0508,0.0000,6.03107,144498.4
13719,130113.4899,129367.4391,746.0508,0.0000,6.03107,144509.4
13720,130113.4899,129367.4391,746.0508,0.0000,6.03107,144520.1
13721,130113.4899,129367.4391,746.0508,0.0000,6.03107,144531.1
13722,130113.4899,129367.4391,746.0508,0.0000,6.03107,144541.6
13723,130113.4899,129367.4391,746.0508,0.0000,6.03107,144552.4
13724,130113.4899,129367.4391,746.0508,0.0000,6.03107,144563.7
13725,130113.4899,129367.4391,746.0508,0.0000,6.03107,144574.5
13726,130113.4899,129367.4391,746.0508,0.0000,6.03107,144585.6
13727,130113.4899,129367.4391,746.0508,0.0000,6.03107,144596.8
13728,130113.4899,129367.4391,746.0508,0.0000,6.03107,144607.3
13729,130113.4899,129367.4391,746.0508,0.0000,6.03107,144618.0
13730,130113.4899,129367.4391,746.0508,0.0000,6.03107,144628.8
13731,130113.4899,129367.4391,746.0508,0.0000,6.03107,144639.7
13732,130113.4899,129367.4391,746.0508,0.0000,6.03107,144650.3
13733,130113.4899,129367.4391,746.0508,0.0000,6.03107,144661.5
13734,130113.4899,129367.4391,746.0508,0.0000,6.03107,144672.3
13735,130113.4899,129367.4391,746.0508,0.0000,6.03107,144683.2
13736,130113.4899,129367.4391,746.0508,0.0185,6.03688,144693.7
13737,130113.4899,129367.4391,746.0508,0.0000,6.03688,144704.2
13738,130113.4899,129367.4391,746.0508,0.0000,6.03688,144715.1
13739,130113.4899,129367.4391,746.0508,0.0000,6.03688,144726.6
13740,130113.4899,129367.4391,746.0508,0.0000,6.03688,144737.3
13741,130113.4899,129367.4391,746.0508,0.0000,6.03688,144748.2
13742,130113.4899,129367.4391,746.0508,0.0000,6.03688,144759.4
13743,130113.4899,129367.4391,746.0508,0.0000,6.03688,144770.0
13744,130113.4899,129367.4391,746.0508,0.0000,6.03688,144780.7
13745,130113.4899,129367.4391,746.0508,0.0000,6.03688,144791.9
13746,130113.4899,129367.4391,746.0508,0.0000,6.03688,144803.0
13747,130113.4899,129367.4391,746.0508,0.0000,6.03688,144814.1
13748,130113.4899,129367.4391,746.0508,0.0000,6.03688,144825.1
13749,130113.4899,129367.4391,746.0508,0.0000,6.03688,144835.9
13750,130113.4899,129367.4391,746.0508,0.0000,6.03688,144847.2
13751,130113.4899,129367.4391,746.0508,0.0000,6.03688,144858.3
13752,130113.4899,129367.4391,746.0508,0.0000,6.03688,144869.2
13753,130113.4899,129367.4391,746.0508,0.0000,6.03688,144880.2
13754,130113.4899,129367.4391,746.0508,0.0000,6.03688,144890.8
13755,130113.4899,129367.4391,746.0508,0.0000,6.03688,144902.0
13756,130113.4899,129367.4391,746.0508,0.0000,6.03688,144912.4
13757,130113.4899,129367.4391,746.0508,0.0000,6.03688,144923.6
13758,130113.4899,129367.4391,746.0508,0.0000,6.03688,144934.3
13759,130113.4899,129367.4391,746.0508,0.0000,6.03688,144945.0
13760,130113.4899,129367.4391,746.0508,0.0000,6.03688,144955.4
13761,130113.4899,129367.4391,746.0508,0.0000,6.03688,144966.3
13762,130113.4899,129367.4391,746.0508,0.0000,6.03688,144976.9
13763,130113.4899,129367.4391,746.0508,0.0000,6.03688,144987.8
13764,130113.4899,129367.4391,746.0508,0.0000,6.03688,144998.9
13765,130113.4899,129367.4391,746.0508,0.0000,6.03688,145010.1
13766,130113.4899,129367.4391,746.0508,0.0000,6.03688,145021.0
13767,130113.4899,129367.4391,746.0508,0.0000,6.03688,145032.1
13768,130113.4899,129367.4391,746.0508,0.0000,6.03688,145042.7
13769,130113.4899,129367.4391,746.0508,0.0000,6.03688,145053.5
13770,130113.4899,129367.4391,746.0508,0.0000,6.03688,145064.4
13771,130113.4899,129367.4391,746.0508,0.0000,6.03688,145075.5
13772,130113.4899,129367.4391,746.0508,0.0000,6.03688,145086.8
13773,130113.4899,129367.4391,746.0508,0.0000,6.03688,145097.5
13774,130113.4899,129367.4391,746.0508,0.0000,6.03688,145108.0
13775,130113.4899,129367.4391,746.0508,0.0000,6.03688,145118.8
13776,130113.4899,129367.4391,746.0508,0.0000,6.03688,145129.3
13777,130113.4899,129367.4391,746.0508,0.0000,6.03688,145140.1
13778,130113.4899,129367.4391,746.0508,0.0000,6.03688,145151.0
13779,130113.4899,129367.4391,746.0508,0.0000,6.03688,145162.0
13780,130113.4899,129367.4391,746.0508,0.0000,6.03688,145173.5
13781,130113.4899,129367.4391,746.0508,0.0000,6.03688,145184.4
13782,130113.4899,129367.4391,746.0508,0.0000,6.03688,145195.5
13783,130113.4899,129367.4391,746.0508,0.0185,6.06416,145206.3
13784,130113.4899,129367.4391,746.0508,0.0000,6.06416,145217.2
13785,130113.4899,129367.4391,746.0508,0.0000,6.06416,145228.3
13786,130113.4899,129367.4391,746.0508,0.0000,6.06416,145239.4
13787,130113.4899,129367.4391,746.0508,0.0000,6.06416,145250.8
13788,130113.4899,129367.4391,746.0508,0.0000,6.06416,145261.5
13789,130113.4899,129367.4391,746.0508,0.0000,6.06416,145272.8
13790,130113.4899,129367.4391,746.0508,0.0000,6.06416,145283.3
13791,130113.4899,129367.4391,746.0508,0.0000,6.06416,145294.1
13792,130113.4899,129367.4391,746.0508,0.0000,6.06416,145305.0
13793,130113.4899,129367.4391,746.0508,0.0000,6.06416,145315.9
13794,130113.4899,129367.4391,746.0508,0.0000,6.06416,145326.5
13795,130113.4899,129367.4391,746.0508,0.0000,6.06416,145337.4
13796,130113.4899,129367.4391,746.0508,0.0000,6.06416,145348.2
13797,130113.4899,129367.4391,746.0508,0.0000,6.06416,145358.8
13798,130113.4899,129367.4391,746.0508,0.0000,6.06416,145370.0
13799,130113.4899,129367.4391,746.0508,0.0000,6.06416,145380.8
13800,130113.4899,129367.4391,746.0508,0.0000,6.06416,145391.7
13801,130113.4899,129367.4391,746.0508,0.0000,6.06416,145402.6
13802,130113.4899,129367.4391,746.0508,0.0000,6.06416,145413.6
13803,130113.4899,129367.4391,746.0508,0.0000,6.06416,145424.8
13804,130113.4899,129367.4391,746.0508,0.0000,6.06416,145436.0
13805,130113.4899,129367.4391,746.0508,0.0000,6.06416,145446.7
13806,130113.4899,129367.4391,746.0508,0.0000,6.06416,145457.4
13807,130113.4899,129367.4391,746.0508,0.0000,6.06416,145468.4
13808,130113.4899,129367.4391,746.0508,0.0000,6.06416,145479.3
13809,130113.4899,129367.4391,746.0508,0.0185,6.06594,145490.1
13810,130113.4899,129367.4391,746.0508,0.0000,6.06594,145500.6
13811,130113.4899,129367.4391,746.0508,0.0000,6.06594,145511.8
13812,130113.4899,129367.4391,746.0508,0.0000,6.06594,145522.9
13813,130113.4899,129367.4391,746.0508,0.0000,6.06594,145533.9
13814,130113.4899,129367.4391,746.0508,0.0000,6.06594,145544.3
13815,130113.4899,129367.4391,746.0508,0.0000,6.06594,145555.2
13816,130113.4899,129367.4391,746.0508,0.0000,6.06594,145565.9
13817,130113.4899,129367.4391,746.0508,0.0000,6.06594,145576.6
13818,130113.4899,129367.4391,746.0508,0.0000,6.06594,145588.0
13819,130113.4899,129367.4391,746.0508,0.0000,6.06594,145598.7
13820,130113.4899,129367.4391,746.0508,0.0000,6.06594,145609.8
13821,130113.4899,129367.4391,746.0508,0.0000,6.06594,145620.8
13822,130113.4899,129367.4391,746.0508,0.0000,6.06594,145631.5
13823,130113.4899,129367.4391,746.0508,0.0000,6.06594,145642.6
13824,130113.4899,129367.4391,746.0508,0.0000,6.06594,145653.5
13825,130113.4899,129367.4391,746.0508,0.0000,6.06594,145664.3
13826,130113.4899,129367.4391,746.0508,0.0000,6.06594,145674.8
13827,130113.4899,129367.4391,746.0508,0.0000,6.06594,145685.9
13828,130113.4899,129367.4391,746.0508,0.0185,6.06393,145696.5
13829,130113.4899,129367.4391,746.0508,0.0000,6.06393,145707.8
13830,130113.4899,129367.4391,746.0508,0.0000,6.06393,145718.7
13831,130113.4899,129367.4391,746.0508,0.0000,6.06393,145729.2
13832,130113.4899,129367.4391,746.0508,0.0000,6.06393,145740.2
13833,130113.4899,129367.4391,746.0508,0.0000,6.06393,145750.9
13834,130113.4899,129367.4391,746.0508,0.0000,6.06393,145761.7
13835,130113.4899,129367.4391,746.0508,0.0000,6.06393,145772.7
13836,130113.4899,129367.4391,746.0508,0.0185,6.06345,145783.9
13837,130113.4899,129367.4391,746.0508,0.0000,6.06345,145795.1
13838,130113.4899,129367.4391,746.0508,0.0000,6.06345,145806.4
13839,130113.4899,129367.4391,746.0508,0.0000,6.06345,145817.6
13840,130113.4899,129367.4391,746.0508,0.0000,6.06345,145828.5
13841,130113.4899,129367.4391,746.0508,0.0000,6.06345,145839.8
13842,130113.4899,129367.4391,746.0508,0.0000,6.06345,145850.3
13843,130113.4899,129367.4391,746.0508,0.0000,6.06345,145861.2
13844,130113.4899,129367.4391,746.0508,0.0000,6.06345,145871.9
13845,130113.4899,129367.4391,746.0508,0.0000,6.06345,145882.7
13846,130113.4899,129367.4391,746.0508,0.0000,6.06345,145893.8
13847,130113.4899,129367.4391,746.0508,0.0000,6.06345,145904.8
13848,130113.4899,129367.4391,746.0508,0.0000,6.06345,145915.7
13849,130113.4899,129367.4391,746.0508,0.0000,6.06345,145926.7
13850,130113.4899,129367.4391,746.0508,0.0000,6.06345,145937.9
13851,130113.4899,129367.4391,746.0508,0.0000,6.06345,145948.8
13852,130113.4899,129367.4391,746.0508,0.0000,6.06345,145959.7
13853,130113.4899,129367.4391,746.0508,0.0185,6.11599,145970.7
13854,130113.4899,129367.4391,746.0508,0.0000,6.11599,145981.6
13855,130113.4899,129367.4391,746.0508,0.0000,6.11599,145992.2
13856,130113.4899,129367.4391,746.0508,0.0000,6.11599,146003.3
13857,130113.4899,129367.4391,746.0508,0.0000,6.11599,146013.9
13858,130113.4899,129367.4391,746.0508,0.0000,6.11599,146024.6
13859,130113.4899,129367.4391,746.0508,0.0000,6.11599,146035.1
13860,130113.4899,129367.4391,746.0508,0.0000,6.11599,146046.2
13861,130113.4899,129367.4391,746.0508,0.0000,6.11599,146057.1
13862,130113.4899,129367.4391,746.0508,0.0000,6.11599,146068.0
13863,130113.4899,129367.4391,746.0508,0.0000,6.11599,146078.8
13864,130113.4899,129367.4391,746.0508,0.0000,6.11599,146090.0
13865,130113.4899,129367.4391,746.0508,0.0000,6.11599,146100.6
13866,130113.4899,129367.4391,746.0508,0.0000,6.11599,146110.9
13867,130113.4899,129367.4391,746.0508,0.0000,6.11599,146121.4
13868,130113.4899,129367.4391,746.0508,0.0000,6.11599,146132.5
13869,130113.4899,129367.4391,746.0508,0.0000,6.11599,146143.3
13870,130113.4899,129367.4391,746.0508,0.0000,6.11599,146153.9
13871,130113.4899,129367.4391,746.0508,0.0000,6.11599,146164.4
13872,130113.4899,129367.4391,746.0508,0.0000,6.11599,146175.3
13873,130113.4899,129367.4391,746.0508,0.0000,6.11599,146186.2
13874,130113.4899,129367.4391,746.0508,0.0000,6.11599,146197.0
13875,130113.4899,129367.4391,746.0508,0.0000,6.11599,146207.9
13876,130113.4899,129367.4391,746.0508,0.0000,6.11599,146218.6
13877,130113.4899,129367.4391,746.0508,0.0000,6.11599,146229.1
13878,130113.4899,129367.4391,746.0508,0.0000,6.11599,146240.2
13879,130113.4899,129367.4391,746.0508,0.0000,6.11599,146251.2
13880,130113.4899,129367.4391,746.0508,0.0000,6.11599,146262.0
13881,130113.4899,129367.4391,746.0508,0.0000,6.11599,146273.3
13882,130113.4899,129367.4391,746.0508,0.0000,6.11599,146284.1
13883,130113.4899,129367.4391,746.0508,0.0000,6.11599,146295.4
13884,130113.4899,129367.4391,746.0508,0.0000,6.11599,146306.7
13885,130113.4899,129367.4391,746.0508,0.0000,6.11599,146318.2
13886,130113.4899,129367.4391,746.0508,0.0000,6.11599,146328.9
13887,130113.4899,129367.4391,746.0508,0.0000,6.11599,146339.5
13888,130113.4899,129367.4391,746.0508,0.0000,6.11599,146350.6
13889,130113.4899,129367.4391,746.0508,0.0000,6.11599,146361.6
13890,130113.4899,129367.4391,746.0508,0.0000,6.11599,146372.4
13891,130113.4899,129367.4391,746.0508,0.0000,6.11599,146383.1
13892,130113.4899,129367.4391,746.0508,0.0000,6.11599,146394.0
13893,130113.4899,129367.4391,746.0508,0.0185,6.16714,146404.7
13894,130113.4899,129367.4391,746.0508,0.0000,6.16714,146415.6
13895,130113.4899,129367.4391,746.0508,0.0000,6.16714,146426.7
13896,130113.4899,129367.4391,746.0508,0.0185,6.17867,146437.7
13897,130113.4899,129367.4391,746.0508,0.0000,6.17867,146448.7
13898,130113.4899,129367.4391,746.0508,0.0000,6.17867,146459.6
13899,130113.4899,129367.4391,746.0508,0.0000,6.17867,146471.0
13900,130113.4899,129367.4391,746.0508,0.0000,6.17867,146481.7
13901,130113.4899,129367.4391,746.0508,0.0000,6.17867,146492.4
13902,130113.4899,129367.4391,746.0508,0.0000,6.17867,146503.6
13903,130113.4899,129367.4391,746.0508,0.0000,6.17867,146514.4
13904,130113.4899,129367.4391,746.0508,0.0000,6.17867,146525.4
13905,130113.4899,129367.4391,746.0508,0.0000,6.17867,146536.3
13906,130113.4899,129367.4391,746.0508,0.0000,6.17867,146547.5
13907,130113.4899,129367.4391,746.0508,0.0000,6.17867,146558.2
13908,130113.4899,129367.4391,746.0508,0.0000,6.17867,146569.5
13909,130113.4899,129367.4391,746.0508,0.0000,6.17867,146580.1
13910,130113.4899,129367.4391,746.0508,0.0000,6.17867,146591.0
13911,130113.4899,129367.4391,746.0508,0.0000,6.17867,146602.0
13912,130113.4899,129367.4391,746.0508,0.0000,6.17867,146612.7
13913,130113.4899,129367.4391,746.0508,0.0000,6.17867,146623.4
13914,130113.4899,129367.4391,746.0508,0.0000,6.17867,146634.1
13915,130113.4899,129367.4391,746.0508,0.0000,6.17867,146645.0
13916,130113.4899,129367.4391,746.0508,0.0000,6.17867,146656.0
13917,130113.4899,129367.4391,746.0508,0.0000,6.17867,146667.2
13918,130113.4899,129367.4391,746.0508,0.0000,6.17867,146678.3
13919,130113.4899,129367.4391,746.0508,0.0000,6.17867,146689.4
13920,130113.4899,129367.4391,746.0508,0.0000,6.17867,146700.3
13921,130113.4899,129367.4391,746.0508,0.0000,6.17867,146710.8
13922,130113.4899,129367.4391,746.0508,0.0000,6.17867,146721.2
13923,130113.4899,129367.4391,746.0508,0.0000,6.17867,146731.7
13924,130113.4899,129367.4391,746.0508,0.0000,6.17867,146742.7
13925,130113.4899,129367.4391,746.0508,0.0000,6.17867,146753.7
13926,130113.4899,129367.4391,746.0508,0.0185,6.21883,146764.6
13927,130113.4899,129367.4391,746.0508,0.0000,6.21883,146775.3
13928,130113.4899,129367.4391,746.0508,0.0000,6.21883,146785.7
13929,130113.4899,129367.4391,746.0508,0.0000,6.21883,146796.3
13930,130113.4899,129367.4391,746.0508,0.0000,6.21883,146807.7
13931,130113.4899,129367.4391,746.0508,0.0000,6.21883,146819.3
13932,130113.4899,129367.4391,746.0508,0.0000,6.21883,146830.3
13933,130113.4899,129367.4391,746.0508,0.0000,6.21883,146841.4
13934,130113.4899,129367.4391,746.0508,0.0000,6.21883,146852.1
13935,130113.4899,129367.4391,746.0508,0.0000,6.21883,146862.9
13936,130113.4899,129367.4391,746.0508,0.0000,6.21883,146873.7
13937,130113.4899,129367.4391,746.0508,0.0000,6.21883,146885.0
13938,130113.4899,129367.4391,746.0508,0.0000,6.21883,146896.5
13939,130113.4899,129367.4391,746.0508,0.0000,6.21883,146907.5
13940,130113.4899,129367.4391,746.0508,0.0000,6.21883,146918.6
13941,130113.4899,129367.4391,746.0508,0.0000,6.21883,146929.1
13942,130113.4899,129367.4391,746.0508,0.0000,6.21883,146940.1
13943,130113.4899,129367.4391,746.0508,0.0185,6.21849,146950.9
13944,130113.4899,129367.4391,746.0508,0.0000,6.21849,146962.0
13945,130113.4899,129367.4391,746.0508,0.0000,6.21849,146972.7
13946,130113.4899,129367.4391,746.0508,0.0000,6.21849,146983.5
13947,130113.4899,129367.4391,746.0508,0.0000,6.21849,146994.4
13948,130113.4899,129367.4391,746.0508,0.0000,6.21849,147005.0
13949,130113.4899,129367.4391,746.0508,0.0000,6.21849,147015.7
13950,130113.4899,129367.4391,746.0508,0.0000,6.21849,147026.4
13951,130113.4899,129367.4391,746.0508,0.0000,6.21849,147037.2
13952,130113.4899,129367.4391,746.0508,0.0000,6.21849,147048.0
13953,130113.4899,129367.4391,746.0508,0.0000,6.21849,147058.8
13954,130113.4899,129367.4391,746.0508,0.0000,6.21849,147069.6
13955,130113.4899,129367.4391,746.0508,0.0000,6.21849,147080.7
13956,130113.4899,129367.4391,746.0508,0.0000,6.21849,147091.9
13957,130113.4899,129367.4391,746.0508,0.0000,6.21849,147103.0
13958,130113.4899,129367.4391,746.0508,0.0185,6.20825,147114.1
13959,130113.4899,129367.4391,746.0508,0.0000,6.20825,147125.4
13960,130113.4899,129367.4391,746.0508,0.0000,6.20825,147136.0
13961,130113.4899,129367.4391,746.0508,0.0000,6.20825,147146.7
13962,130113.4899,129367.4391,746.0508,0.0000,6.20825,147157.5
13963,130113.4899,129367.4391,746.0508,0.0000,6.20825,147168.4
13964,130113.4899,129367.4391,746.0508,0.0000,6.20825,147179.5
13965,130113.4899,129367.4391,746.0508,0.0000,6.20825,147190.3
13966,130113.4899,129367.4391,746.0508,0.0000,6.20825,147201.7
13967,130113.4899,129367.4391,746.0508,0.0000,6.20825,147212.8
13968,130113.4899,129367.4391,746.0508,0.0000,6.20825,147223.7
13969,130113.4899,129367.4391,746.0508,0.0000,6.20825,147234.3
13970,130113.4899,129367.4391,746.0508,0.0000,6.20825,147245.1
13971,130113.4899,129367.4391,746.0508,0.0000,6.20825,147255.7
13972,130113.4899,129367.4391,746.0508,0.0000,6.20825,147266.8
13973,130113.4899,129367.4391,746.0508,0.0000,6.20825,147278.1
13974,130113.4899,129367.4391,746.0508,0.0000,6.20825,147288.9
13975,130113.4899,129367.4391,746.0508,0.0000,6.20825,147299.8
13976,130113.4899,129367.4391,746.0508,0.0000,6.20825,147310.6
13977,130113.4899,129367.4391,746.0508,0.0000,6.20825,147321.3
13978,130113.4899,129367.4391,746.0508,0.0000,6.20825,147332.5
13979,130113.4899,129367.4391,746.0508,0.0000,6.20825,147343.6
13980,130113.4899,129367.4391,746.0508,0.0000,6.20825,147354.8
13981,130113.4899,129367.4391,746.0508,0.0000,6.20825,147365.6
13982,130113.4899,129367.4391,746.0508,0.0000,6.20825,147376.5
13983,130113.4899,129367.4391,746.0508,0.0000,6.20825,147387.4
13984,130113.4899,129367.4391,746.0508,0.0000,6.20825,147398.1
13985,130113.4899,129367.4391,746.0508,0.0000,6.20825,147408.9
13986,130113.4899,129367.4391,746.0508,0.0000,6.20825,147419.6
13987,130113.4899,129367.4391,746.0508,0.0000,6.20825,147430.5
13988,130113.4899,129367.4391,746.0508,0.0000,6.20825,147441.0
13989,130113.4899,129367.4391,746.0508,0.0000,6.20825,147452.1
13990,130113.4899,129367.4391,746.0508,0.0000,6.20825,147462.9
13991,130113.4899,129367.4391,746.0508,0.0000,6.20825,147473.8
13992,130113.4899,129367.4391,746.0508,0.0000,6.20825,147484.7
13993,130113.4899,129367.4391,746.0508,0.0000,6.20825,147495.3
13994,130113.4899,129367.4391,746.0508,0.0000,6.20825,147505.9
13995,130113.4899,129367.4391,746.0508,0.0000,6.20825,147516.8
13996,130113.4899,129367.4391,746.0508,0.0000,6.20825,147527.5
13997,130113.4899,129367.4391,746.0508,0.0000,6.20825,147538.1
13998,130113.4899,129367.4391,746.0508,0.0000,6.20825,147548.7
13999,130113.4899,129367.4391,746.0508,0.0000,6.20825,147559.3
14000,130113.4899,129367.4391,746.0508,0.0000,6.20825,147570.0
14001,130113.4899,129367.4391,746.0508,0.0000,6.20825,147580.8
14002,130113.4899,129367.4391,746.0508,0.0000,6.20825,147592.0
14003,130113.4899,129367.4391,746.0508,0.0000,6.20825,147603.2
14004,130113.4899,129367.4391,746.0508,0.0000,6.20825,147614.4
14005,130113.4899,129367.4391,746.0508,0.0000,6.20825,147625.6
14006,130113.4899,129367.4391,746.0508,0.0000,6.20825,147636.7
14007,130113.4899,129367.4391,746.0508,0.0000,6.20825,147647.5
14008,130113.4899,129367.4391,746.0508,0.0000,6.20825,147658.5
14009,130113.4899,129367.4391,746.0508,0.0000,6.20825,147669.0
14010,130113.4899,129367.4391,746.0508,0.0000,6.20825,147679.8
14011,130113.4899,129367.4391,746.0508,0.0000,6.20825,147690.6
14012,130113.4899,129367.4391,746.0508,0.0000,6.20825,147701.7
14013,130113.4899,129367.4391,746.0508,0.0000,6.20825,147712.7
14014,130113.4899,129367.4391,746.0508,0.0000,6.20825,147723.8
14015,130113.4899,129367.4391,746.0508,0.0000,6.20825,147734.4
14016,130113.4899,129367.4391,746.0508,0.0000,6.20825,147745.2
14017,130113.4899,129367.4391,746.0508,0.0000,6.20825,147755.9
14018,130113.4899,129367.4391,746.0508,0.0000,6.20825,147766.9
14019,130113.4899,129367.4391,746.0508,0.0000,6.20825,147778.3
14020,130113.4899,129367.4391,746.0508,0.0000,6.20825,147789.3
14021,130113.4899,129367.4391,746.0508,0.0000,6.20825,147800.2
14022,130113.4899,129367.4391,746.0508,0.0000,6.20825,147810.9
14023,130113.4899,129367.4391,746.0508,0.0000,6.20825,147821.7
14024,130113.4899,129367.4391,746.0508,0.0000,6.20825,147832.5
14025,130113.4899,129367.4391,746.0508,0.0000,6.20825,147843.4
14026,130113.4899,129367.4391,746.0508,0.0000,6.20825,147854.3
14027,130113.4899,129367.4391,746.0508,0.0000,6.20825,147864.9
14028,130113.4899,129367.4391,746.0508,0.0000,6.20825,147875.9
14029,130113.4899,129367.4391,746.0508,0.0000,6.20825,147887.1
14030,130113.4899,129367.4391,746.0508,0.0000,6.20825,147897.9
14031,130113.4899,129367.4391,746.0508,0.0000,6.20825,147908.3
14032,130113.4899,129367.4391,746.0508,0.0000,6.20825,147919.1
14033,130113.4899,129367.4391,746.0508,0.0000,6.20825,147929.8
14034,130113.4899,129367.4391,746.0508,0.0000,6.20825,147940.8
14035,130113.4899,129367.4391,746.0508,0.0000,6.20825,147951.7
14036,130113.4899,129367.4391,746.0508,0.0000,6.20825,147962.4
14037,130113.4899,129367.4391,746.0508,0.0000,6.20825,147973.1
14038,130113.4899,129367.4391,746.0508,0.0000,6.20825,147984.4
14039,130113.4899,129367.4391,746.0508,0.0000,6.20825,147995.2
14040,130113.4899,129367.4391,746.0508,0.0000,6.20825,148006.4
14041,130113.4899,129367.4391,746.0508,0.0185,6.21511,148017.1
14042,130113.4899,129367.4391,746.0508,0.0000,6.21511,148028.1
14043,130113.4899,129367.4391,746.0508,0.0000,6.21511,148039.1
14044,130113.4899,129367.4391,746.0508,0.0000,6.21511,148050.0
14045,130113.4899,129367.4391,746.0508,0.0000,6.21511,148060.9
14046,130113.4899,129367.4391,746.0508,0.0000,6.21511,148071.9
14047,130113.4899,129367.4391,746.0508,0.0000,6.21511,148083.0
14048,130113.4899,129367.4391,746.0508,0.0000,6.21511,148093.8
14049,130113.4899,129367.4391,746.0508,0.0000,6.21511,148104.5
14050,130113.4899,129367.4391,746.0508,0.0000,6.21511,148115.2
14051,130113.4899,129367.4391,746.0508,0.0000,6.21511,148126.1
14052,130113.4899,129367.4391,746.0508,0.0000,6.21511,148137.0
14053,130113.4899,129367.4391,746.0508,0.0000,6.21511,148147.9
14054,130113.4899,129367.4391,746.0508,0.0000,6.21511,148158.5
14055,130113.4899,129367.4391,746.0508,0.0000,6.21511,148169.4
14056,130113.4899,129367.4391,746.0508,0.0000,6.21511,148180.2
14057,130113.4899,129367.4391,746.0508,0.0000,6.21511,148190.5
14058,130113.4899,129367.4391,746.0508,0.0000,6.21511,148201.0
14059,130113.4899,129367.4391,746.0508,0.0000,6.21511,148212.3
14060,130113.4899,129367.4391,746.0508,0.0000,6.21511,148222.9
14061,130113.4899,129367.4391,746.0508,0.0000,6.21511,148233.8
14062,130113.4899,129367.4391,746.0508,0.0000,6.21511,148244.3
14063,130113.4899,129367.4391,746.0508,0.0000,6.21511,148254.8
14064,130113.4899,129367.4391,746.0508,0.0000,6.21511,148265.8
14065,130113.4899,129367.4391,746.0508,0.0000,6.21511,148276.4
14066,130113.4899,129367.4391,746.0508,0.0000,6.21511,148287.1
14067,130113.4899,129367.4391,746.0508,0.0000,6.21511,148297.5
14068,130113.4899,129367.4391,746.0508,0.0000,6.21511,148308.8
14069,130113.4899,129367.4391,746.0508,0.0000,6.21511,148319.6
14070,130113.4899,129367.4391,746.0508,0.0000,6.21511,148330.2
14071,130113.4899,129367.4391,746.0508,0.0000,6.21511,148340.8
14072,130113.4899,129367.4391,746.0508,0.0000,6.21511,148351.9
14073,130113.4899,129367.4391,746.0508,0.0000,6.21511,148363.0
14074,130113.4899,129367.4391,746.0508,0.0000,6.21511,148374.1
14075,130113.4899,129367.4391,746.0508,0.0000,6.21511,148385.0
14076,130113.4899,129367.4391,746.0508,0.0000,6.21511,148395.6
14077,130113.4899,129367.4391,746.0508,0.0185,6.17536,148406.3
14078,130113.4899,129367.4391,746.0508,0.0000,6.17536,148416.9
14079,130113.4899,129367.4391,746.0508,0.0000,6.17536,148427.8
14080,130113.4899,129367.4391,746.0508,0.0000,6.17536,148438.8
14081,130113.4899,129367.4391,746.0508,0.0000,6.17536,148449.6
14082,130113.4899,129367.4391,746.0508,0.0000,6.17536,148460.4
14083,130113.4899,129367.4391,746.0508,0.0000,6.17536,148471.6
14084,130113.4899,129367.4391,746.0508,0.0000,6.17536,148482.2
14085,130113.4899,129367.4391,746.0508,0.0000,6.17536,148493.3
14086,130113.4899,129367.4391,746.0508,0.0000,6.17536,148504.3
14087,130113.4899,129367.4391,746.0508,0.0000,6.17536,148515.0
14088,130113.4899,129367.4391,746.0508,0.0000,6.17536,148525.8
14089,130113.4899,129367.4391,746.0508,0.0000,6.17536,148536.4
14090,130113.4899,129367.4391,746.0508,0.0000,6.17536,148547.0
14091,130113.4899,129367.4391,746.0508,0.0000,6.17536,148557.7
14092,130113.4899,129367.4391,746.0508,0.0000,6.17536,148568.6
14093,130113.4899,129367.4391,746.0508,0.0000,6.17536,148579.5
14094,130113.4899,129367.4391,746.0508,0.0000,6.17536,148590.4
14095,130113.4899,129367.4391,746.0508,0.0000,6.17536,148601.4
14096,130113.4899,129367.4391,746.0508,0.0000,6.17536,148612.2
14097,130113.4899,129367.4391,746.0508,0.0000,6.17536,148623.3
14098,130113.4899,129367.4391,746.0508,0.0000,6.17536,148634.0
14099,130113.4899,129367.4391,746.0508,0.0000,6.17536,148645.0
14100,130113.4899,129367.4391,746.0508,0.0000,6.17536,148655.6
14101,130113.4899,129367.4391,746.0508,0.0000,6.17536,148666.4
14102,130113.4899,129367.4391,746.0508,0.0000,6.17536,148677.2
14103,130113.4899,129367.4391,746.0508,0.0000,6.17536,148687.9
14104,130113.4899,129367.4391,746.0508,0.0000,6.17536,148698.8
14105,130113.4899,129367.4391,746.0508,0.0000,6.17536,148709.5
14106,130113.4899,129367.4391,746.0508,0.0000,6.17536,148720.1
14107,130113.4899,129367.4391,746.0508,0.0000,6.17536,148730.6
14108,130113.4899,129367.4391,746.0508,0.0000,6.17536,148741.2
14109,130113.4899,129367.4391,746.0508,0.0000,6.17536,148752.7
14110,130113.4899,129367.4391,746.0508,0.0000,6.17536,148764.0
14111,130113.4899,129367.4391,746.0508,0.0000,6.17536,148774.9
14112,130113.4899,129367.4391,746.0508,0.0000,6.17536,148785.8
14113,130113.4899,129367.4391,746.0508,0.0000,6.17536,148796.8
14114,130113.4899,129367.4391,746.0508,0.0000,6.17536,148807.5
14115,130113.4899,129367.4391,746.0508,0.0000,6.17536,148818.2
14116,130113.4899,129367.4391,746.0508,0.0000,6.17536,148829.0
14117,130113.4899,129367.4391,746.0508,0.0000,6.17536,148839.8
14118,130113.4899,129367.4391,746.0508,0.0000,6.17536,148850.4
14119,130113.4899,129367.4391,746.0508,0.0000,6.17536,148861.3
14120,130113.4899,129367.4391,746.0508,0.0000,6.17536,148872.1
14121,130113.4899,129367.4391,746.0508,0.0000,6.17536,148883.0
14122,130113.4899,129367.4391,746.0508,0.0000,6.17536,148894.3
14123,130113.4899,129367.4391,746.0508,0.0000,6.17536,148905.7
14124,130113.4899,129367.4391,746.0508,0.0000,6.17536,148916.8
14125,130113.4899,129367.4391,746.0508,0.0000,6.17536,148927.6
14126,130113.4899,129367.4391,746.0508,0.0000,6.17536,148938.6
14127,130113.4899,129367.4391,746.0508,0.0000,6.17536,148949.2
14128,130113.4899,129367.4391,746.0508,0.0000,6.17536,148960.6
14129,130113.4899,129367.4391,746.0508,0.0000,6.17536,148971.5
14130,130113.4899,129367.4391,746.0508,0.0000,6.17536,148982.0
14131,130113.4899,129367.4391,746.0508,0.0000,6.17536,148992.7
14132,130113.4899,129367.4391,746.0508,0.0000,6.17536,149003.4
14133,130113.4899,129367.4391,746.0508,0.0185,6.19411,149014.4
14134,130113.4899,129367.4391,746.0508,0.0000,6.19411,149025.0
14135,130113.4899,129367.4391,746.0508,0.0000,6.19411,149036.0
14136,130113.4899,129367.4391,746.0508,0.0000,6.19411,149046.9
14137,130113.4899,129367.4391,746.0508,0.0000,6.19411,149057.9
14138,130113.4899,129367.4391,746.0508,0.0000,6.19411,149068.8
14139,130113.4899,129367.4391,746.0508,0.0000,6.19411,149079.9
14140,130113.4899,129367.4391,746.0508,0.0000,6.19411,149090.9
14141,130113.4899,129367.4391,746.0508,0.0000,6.19411,149102.1
14142,130113.4899,129367.4391,746.0508,0.0000,6.19411,149113.1
14143,130113.4899,129367.4391,746.0508,0.0000,6.19411,149124.2
14144,130113.4899,129367.4391,746.0508,0.0000,6.19411,149134.7
14145,130113.4899,129367.4391,746.0508,0.0000,6.19411,149145.6
14146,130113.4899,129367.4391,746.0508,0.0185,6.22595,149156.4
14147,130113.4899,129367.4391,746.0508,0.0000,6.22595,149167.2
14148,130113.4899,129367.4391,746.0508,0.0000,6.22595,149178.7
14149,130113.4899,129367.4391,746.0508,0.0000,6.22595,149189.7
14150,130113.4899,129367.4391,746.0508,0.0000,6.22595,149200.3
14151,130113.4899,129367.4391,746.0508,0.0000,6.22595,149211.2
14152,130113.4899,129367.4391,746.0508,0.0000,6.22595,149222.2
14153,130113.4899,129367.4391,746.0508,0.0000,6.22595,149232.9
14154,130113.4899,129367.4391,746.0508,0.0000,6.22595,149243.8
14155,130113.4899,129367.4391,746.0508,0.0000,6.22595,149254.6
14156,130113.4899,129367.4391,746.0508,0.0000,6.22595,149265.6
14157,130113.4899,129367.4391,746.0508,0.0000,6.22595,149276.7
14158,130113.4899,129367.4391,746.0508,0.0000,6.22595,149287.7
14159,130113.4899,129367.4391,746.0508,0.0000,6.22595,149298.4
14160,130113.4899,129367.4391,746.0508,0.0000,6.22595,149309.3
14161,130113.4899,129367.4391,746.0508,0.0000,6.22595,149320.1
14162,130113.4899,129367.4391,746.0508,0.0000,6.22595,149330.9
14163,130113.4899,129367.4391,746.0508,0.0000,6.22595,149341.6
14164,130113.4899,129367.4391,746.0508,0.0000,6.22595,149352.5
14165,130113.4899,129367.4391,746.0508,0.0000,6.22595,149363.1
14166,130113.4899,129367.4391,746.0508,0.0000,6.22595,149373.8
14167,130113.4899,129367.4391,746.0508,0.0000,6.22595,149384.6
14168,130113.4899,129367.4391,746.0508,0.0000,6.22595,149395.8
14169,130113.4899,129367.4391,746.0508,0.0000,6.22595,149406.6
14170,130113.4899,129367.4391,746.0508,0.0000,6.22595,149417.6
14171,130113.4899,129367.4391,746.0508,0.0000,6.22595,149428.5
14172,130113.4899,129367.4391,746.0508,0.0000,6.22595,149439.8
14173,130113.4899,129367.4391,746.0508,0.0370,6.24188,149450.7
14174,130113.4899,129367.4391,746.0508,0.0000,6.24188,149461.6
14175,130113.4899,129367.4391,746.0508,0.0000,6.24188,149472.2
14176,130113.4899,129367.4391,746.0508,0.0000,6.24188,149483.3
14177,130113.4899,129367.4391,746.0508,0.0000,6.24188,149494.3
14178,130113.4899,129367.4391,746.0508,0.0000,6.24188,149505.3
14179,130113.4899,129367.4391,746.0508,0.0000,6.24188,149516.0
14180,130113.4899,129367.4391,746.0508,0.0000,6.24188,149526.9
14181,130113.4899,129367.4391,746.0508,0.0000,6.24188,149537.7
14182,130113.4899,129367.4391,746.0508,0.0000,6.24188,149548.7
14183,130113.4899,129367.4391,746.0508,0.0000,6.24188,149559.5
14184,130113.4899,129367.4391,746.0508,0.0000,6.24188,149570.1
14185,130113.4899,129367.4391,746.0508,0.0000,6.24188,149580.4
14186,130113.4899,129367.4391,746.0508,0.0000,6.24188,149591.0
14187,130113.4899,129367.4391,746.0508,0.0000,6.24188,149602.0
14188,130113.4899,129367.4391,746.0508,0.0185,6.23599,149613.0
14189,130113.4899,129367.4391,746.0508,0.0000,6.23599,149623.9
14190,130113.4899,129367.4391,746.0508,0.0000,6.23599,149634.7
14191,130113.4899,129367.4391,746.0508,0.0000,6.23599,149645.4
14192,130113.4899,129367.4391,746.0508,0.0000,6.23599,149656.1
14193,130113.4899,129367.4391,746.0508,0.0000,6.23599,149667.4
14194,130113.4899,129367.4391,746.0508,0.0000,6.23599,149678.0
14195,130113.4899,129367.4391,746.0508,0.0000,6.23599,149689.0
14196,130113.4899,129367.4391,746.0508,0.0000,6.23599,149700.1
14197,130113.4899,129367.4391,746.0508,0.0000,6.23599,149711.1
14198,130113.4899,129367.4391,746.0508,0.0000,6.23599,149721.9
14199,130113.4899,129367.4391,746.0508,0.0000,6.23599,149732.6
14200,130113.4899,129367.4391,746.0508,0.0000,6.23599,149743.8
14201,130113.4899,129367.4391,746.0508,0.0000,6.23599,149755.2
14202,130113.4899,129367.4391,746.0508,0.0000,6.23599,149765.8
14203,130113.4899,129367.4391,746.0508,0.0000,6.23599,149776.6
14204,130113.4899,129367.4391,746.0508,0.0000,6.23599,149787.5
14205,130113.4899,129367.4391,746.0508,0.0000,6.23599,149798.1
14206,130113.4899,129367.4391,746.0508,0.0000,6.23599,149808.9
14207,130113.4899,129367.4391,746.0508,0.0000,6.23599,149820.1
14208,130113.4899,129367.4391,746.0508,0.0185,6.20624,149831.0
14209,130113.4899,129367.4391,746.0508,0.0000,6.20624,149841.4
14210,130113.4899,129367.4391,746.0508,0.0000,6.20624,149852.5
14211,130113.4899,129367.4391,746.0508,0.0000,6.20624,149863.1
14212,130113.4899,129367.4391,746.0508,0.0000,6.20624,149874.0
14213,130113.4899,129367.4391,746.0508,0.0185,6.2017,149884.4
14214,130113.4899,129367.4391,746.0508,0.0000,6.2017,149895.1
14215,130113.4899,129367.4391,746.0508,0.0000,6.2017,149906.0
14216,130113.4899,129367.4391,746.0508,0.0000,6.2017,149916.7
14217,130113.4899,129367.4391,746.0508,0.0000,6.2017,149927.8
14218,130113.4899,129367.4391,746.0508,0.0000,6.2017,149938.5
14219,130113.4899,129367.4391,746.0508,0.0000,6.2017,149949.5
14220,130113.4899,129367.4391,746.0508,0.0000,6.2017,149960.0
14221,130113.4899,129367.4391,746.0508,0.0000,6.2017,149970.9
14222,130113.4899,129367.4391,746.0508,0.0000,6.2017,149981.6
14223,130113.4899,129367.4391,746.0508,0.0000,6.2017,149991.9
14224,130113.4899,129367.4391,746.0508,0.0185,6.18985,150003.2
14225,130113.4899,129367.4391,746.0508,0.0000,6.18985,150014.3
14226,130113.4899,129367.4391,746.0508,0.0000,6.18985,150025.3
14227,130113.4899,129367.4391,746.0508,0.0185,6.20462,150036.5
14228,130113.4899,129367.4391,746.0508,0.0000,6.20462,150047.1
14229,130113.4899,129367.4391,746.0508,0.0000,6.20462,150058.0
14230,130113.4899,129367.4391,746.0508,0.0000,6.20462,150068.6
14231,130113.4899,129367.4391,746.0508,0.0000,6.20462,150079.2
14232,130113.4899,129367.4391,746.0508,0.0000,6.20462,150090.3
14233,130113.4899,129367.4391,746.0508,0.0000,6.20462,150101.1
14234,130113.4899,129367.4391,746.0508,0.0000,6.20462,150111.8
14235,130113.4899,129367.4391,746.0508,0.0000,6.20462,150122.7
14236,130113.4899,129367.4391,746.0508,0.0000,6.20462,150133.6
14237,130113.4899,129367.4391,746.0508,0.0000,6.20462,150144.4
14238,130113.4899,129367.4391,746.0508,0.0000,6.20462,150154.9
14239,130113.4899,129367.4391,746.0508,0.0000,6.20462,150165.5
14240,130113.4899,129367.4391,746.0508,0.0000,6.20462,150176.8
14241,130113.4899,129367.4391,746.0508,0.0000,6.20462,150187.5
14242,130113.4899,129367.4391,746.0508,0.0000,6.20462,150198.5
14243,130113.4899,129367.4391,746.0508,0.0000,6.20462,150209.1
14244,130113.4899,129367.4391,746.0508,0.0000,6.20462,150219.9
14245,130113.4899,129367.4391,746.0508,0.0000,6.20462,150230.4
14246,130113.4899,129367.4391,746.0508,0.0000,6.20462,150241.5
14247,130113.4899,129367.4391,746.0508,0.0000,6.20462,150251.8
14248,130113.4899,129367.4391,746.0508,0.0000,6.20462,150262.6
14249,130113.4899,129367.4391,746.0508,0.0000,6.20462,150273.5
14250,130113.4899,129367.4391,746.0508,0.0000,6.20462,150284.3
14251,130113.4899,129367.4391,746.0508,0.0000,6.20462,150295.1
14252,130113.4899,129367.4391,746.0508,0.0000,6.20462,150305.9
14253,130113.4899,129367.4391,746.0508,0.0000,6.20462,150316.7
14254,130113.4899,129367.4391,746.0508,0.0000,6.20462,150327.5
14255,130113.4899,129367.4391,746.0508,0.0000,6.20462,150338.1
14256,130113.4899,129367.4391,746.0508,0.0000,6.20462,150348.7
14257,130113.4899,129367.4391,746.0508,0.0000,6.20462,150359.7
14258,130113.4899,129367.4391,746.0508,0.0000,6.20462,150370.3
14259,130113.4899,129367.4391,746.0508,0.0000,6.20462,150381.0
14260,130113.4899,129367.4391,746.0508,0.0000,6.20462,150391.7
14261,130113.4899,129367.4391,746.0508,0.0000,6.20462,150402.8
14262,130113.4899,129367.4391,746.0508,0.0000,6.20462,150413.4
14263,130113.4899,129367.4391,746.0508,0.0000,6.20462,150424.3
14264,130113.4899,129367.4391,746.0508,0.0000,6.20462,150435.0
14265,130113.4899,129367.4391,746.0508,0.0000,6.20462,150445.7
14266,130113.4899,129367.4391,746.0508,0.0000,6.20462,150456.2
14267,130113.4899,129367.4391,746.0508,0.0000,6.20462,150466.8
14268,130113.4899,129367.4391,746.0508,0.0000,6.20462,150477.4
14269,130113.4899,129367.4391,746.0508,0.0000,6.20462,150488.3
14270,130113.4899,129367.4391,746.0508,0.0000,6.20462,150499.2
14271,130113.4899,129367.4391,746.0508,0.0000,6.20462,150509.8
14272,130113.4899,129367.4391,746.0508,0.0000,6.20462,150520.7
14273,130113.4899,129367.4391,746.0508,0.0000,6.20462,150531.8
14274,130113.4899,129367.4391,746.0508,0.0000,6.20462,150542.8
14275,130113.4899,129367.4391,746.0508,0.0000,6.20462,150553.2
14276,130113.4899,129367.4391,746.0508,0.0000,6.20462,150564.3
14277,130113.4899,129367.4391,746.0508,0.0000,6.20462,150575.3
14278,130113.4899,129367.4391,746.0508,0.0000,6.20462,150585.9
14279,130113.4899,129367.4391,746.0508,0.0000,6.20462,150596.5
14280,130113.4899,129367.4391,746.0508,0.0185,6.21595,150607.3
14281,130113.4899,129367.4391,746.0508,0.0000,6.21595,150617.9
14282,130113.4899,129367.4391,746.0508,0.0185,6.22995,150629.1
14283,130113.4899,129367.4391,746.0508,0.0000,6.22995,150639.9
14284,130113.4899,129367.4391,746.0508,0.0000,6.22995,150650.5
14285,130113.4899,129367.4391,746.0508,0.0000,6.22995,150661.5
14286,130113.4899,129367.4391,746.0508,0.0000,6.22995,150673.0
14287,130113.4899,129367.4391,746.0508,0.0000,6.22995,150683.5
14288,130113.4899,129367.4391,746.0508,0.0000,6.22995,150694.0
14289,130113.4899,129367.4391,746.0508,0.0000,6.22995,150704.5
14290,130113.4899,129367.4391,746.0508,0.0000,6.22995,150715.7
14291,130113.4899,129367.4391,746.0508,0.0000,6.22995,150726.3
14292,130113.4899,129367.4391,746.0508,0.0000,6.22995,150736.9
14293,130113.4899,129367.4391,746.0508,0.0000,6.22995,150747.8
14294,130113.4899,129367.4391,746.0508,0.0185,6.232,150759.1
14295,130113.4899,129367.4391,746.0508,0.0000,6.232,150770.4
14296,130113.4899,129367.4391,746.0508,0.0000,6.232,150781.3
14297,130113.4899,129367.4391,746.0508,0.0000,6.232,150792.3
14298,130113.4899,129367.4391,746.0508,0.0000,6.232,150803.1
14299,130113.4899,129367.4391,746.0508,0.0000,6.232,150813.6
14300,130113.4899,129367.4391,746.0508,0.0000,6.232,150824.6
14301,130113.4899,129367.4391,746.0508,0.0000,6.232,150835.2
14302,130113.4899,129367.4391,746.0508,0.0000,6.232,150845.8
14303,130113.4899,129367.4391,746.0508,0.0000,6.232,150856.6
14304,130113.4899,129367.4391,746.0508,0.0000,6.232,150867.3
14305,130113.4899,129367.4391,746.0508,0.0000,6.232,150877.8
14306,130113.4899,129367.4391,746.0508,0.0185,6.26408,150888.7
14307,130113.4899,129367.4391,746.0508,0.0000,6.26408,150899.8
14308,130113.4899,129367.4391,746.0508,0.0000,6.26408,150910.8
14309,130113.4899,129367.4391,746.0508,0.0000,6.26408,150921.7
14310,130113.4899,129367.4391,746.0508,0.0000,6.26408,150932.4
14311,130113.4899,129367.4391,746.0508,0.0000,6.26408,150943.4
14312,130113.4899,129367.4391,746.0508,0.0000,6.26408,150954.0
14313,130113.4899,129367.4391,746.0508,0.0000,6.26408,150964.5
14314,130113.4899,129367.4391,746.0508,0.0000,6.26408,150975.6
14315,130113.4899,129367.4391,746.0508,0.0000,6.26408,150986.5
14316,130113.4899,129367.4391,746.0508,0.0000,6.26408,150997.5
14317,130113.4899,129367.4391,746.0508,0.0000,6.26408,151008.2
14318,130113.4899,129367.4391,746.0508,0.0000,6.26408,151018.9
14319,130113.4899,129367.4391,746.0508,0.0000,6.26408,151030.0
14320,130113.4899,129367.4391,746.0508,0.0000,6.26408,151041.0
14321,130113.4899,129367.4391,746.0508,0.0000,6.26408,151051.9
14322,130113.4899,129367.4391,746.0508,0.0000,6.26408,151062.8
14323,130113.4899,129367.4391,746.0508,0.0000,6.26408,151073.3
14324,130113.4899,129367.4391,746.0508,0.0000,6.26408,151084.4
14325,130113.4899,129367.4391,746.0508,0.0000,6.26408,151095.4
14326,130113.4899,129367.4391,746.0508,0.0000,6.26408,151105.9
14327,130113.4899,129367.4391,746.0508,0.0000,6.26408,151116.5
14328,130113.4899,129367.4391,746.0508,0.0000,6.26408,151127.3
14329,130113.4899,129367.4391,746.0508,0.0000,6.26408,151138.3
14330,130113.4899,129367.4391,746.0508,0.0000,6.26408,151148.8
14331,130113.4899,129367.4391,746.0508,0.0000,6.26408,151159.3
14332,130113.4899,129367.4391,746.0508,0.0000,6.26408,151170.6
14333,130113.4899,129367.4391,746.0508,0.0185,6.25115,151181.8
14334,130113.4899,129367.4391,746.0508,0.0000,6.25115,151192.5
14335,130113.4899,129367.4391,746.0508,0.0000,6.25115,151203.7
14336,130113.4899,129367.4391,746.0508,0.0000,6.25115,151214.6
14337,130113.4899,129367.4391,746.0508,0.0000,6.25115,151225.5
14338,130113.4899,129367.4391,746.0508,0.0000,6.25115,151236.3
14339,130113.4899,129367.4391,746.0508,0.0000,6.25115,151247.0
14340,130113.4899,129367.4391,746.0508,0.0000,6.25115,151258.0
14341,130113.4899,129367.4391,746.0508,0.0000,6.25115,151269.0
14342,130113.4899,129367.4391,746.0508,0.0000,6.25115,151279.8
14343,130113.4899,129367.4391,746.0508,0.0000,6.25115,151290.6
14344,130113.4899,129367.4391,746.0508,0.0000,6.25115,151301.7
14345,130113.4899,129367.4391,746.0508,0.0000,6.25115,151312.6
14346,130113.4899,129367.4391,746.0508,0.0000,6.25115,151323.6
14347,130113.4899,129367.4391,746.0508,0.0000,6.25115,151334.7
14348,130113.4899,129367.4391,746.0508,0.0000,6.25115,151345.3
14349,130113.4899,129367.4391,746.0508,0.0000,6.25115,151356.0
14350,130113.4899,129367.4391,746.0508,0.0000,6.25115,151366.7
14351,130113.4899,129367.4391,746.0508,0.0000,6.25115,151377.7
14352,130113.4899,129367.4391,746.0508,0.0000,6.25115,151388.4
14353,130113.4899,129367.4391,746.0508,0.0000,6.25115,151399.5
14354,130113.4899,129367.4391,746.0508,0.0000,6.25115,151410.0
14355,130113.4899,129367.4391,746.0508,0.0000,6.25115,151420.8
14356,130113.4899,129367.4391,746.0508,0.0000,6.25115,151431.8
14357,130113.4899,129367.4391,746.0508,0.0000,6.25115,151442.9
14358,130113.4899,129367.4391,746.0508,0.0000,6.25115,151453.9
14359,130113.4899,129367.4391,746.0508,0.0000,6.25115,151464.8
14360,130113.4899,129367.4391,746.0508,0.0000,6.25115,151475.2
14361,130113.4899,129367.4391,746.0508,0.0000,6.25115,151486.0
14362,130113.4899,129367.4391,746.0508,0.0185,6.26552,151496.8
14363,130113.4899,129367.4391,746.0508,0.0000,6.26552,151507.4
14364,130113.4899,129367.4391,746.0508,0.0000,6.26552,151517.9
14365,130113.4899,129367.4391,746.0508,0.0000,6.26552,151529.0
14366,130113.4899,129367.4391,746.0508,0.0000,6.26552,151539.8
14367,130113.4899,129367.4391,746.0508,0.0000,6.26552,151550.6
14368,130113.4899,129367.4391,746.0508,0.0000,6.26552,151561.5
14369,130113.4899,129367.4391,746.0508,0.0000,6.26552,151572.2
14370,130113.4899,129367.4391,746.0508,0.0000,6.26552,151583.6
14371,130113.4899,129367.4391,746.0508,0.0000,6.26552,151594.4
14372,130113.4899,129367.4391,746.0508,0.0000,6.26552,151605.6
14373,130113.4899,129367.4391,746.0508,0.0000,6.26552,151616.3
14374,130113.4899,129367.4391,746.0508,0.0000,6.26552,151626.7
14375,130113.4899,129367.4391,746.0508,0.0000,6.26552,151637.4
14376,130113.4899,129367.4391,746.0508,0.0000,6.26552,151648.3
14377,130113.4899,129367.4391,746.0508,0.0000,6.26552,151658.9
14378,130113.4899,129367.4391,746.0508,0.0000,6.26552,151669.7
14379,130113.4899,129367.4391,746.0508,0.0000,6.26552,151680.3
14380,130113.4899,129367.4391,746.0508,0.0000,6.26552,151691.5
14381,130113.4899,129367.4391,746.0508,0.0000,6.26552,151702.2
14382,130113.4899,129367.4391,746.0508,0.0000,6.26552,151713.3
14383,130113.4899,129367.4391,746.0508,0.0000,6.26552,151724.1
14384,130113.4899,129367.4391,746.0508,0.0000,6.26552,151735.2
14385,130113.4899,129367.4391,746.0508,0.0000,6.26552,151745.9
14386,130113.4899,129367.4391,746.0508,0.0000,6.26552,151756.6
14387,130113.4899,129367.4391,746.0508,0.0000,6.26552,151767.4
14388,130113.4899,129367.4391,746.0508,0.0185,6.29249,151777.9
14389,130113.4899,129367.4391,746.0508,0.0000,6.29249,151788.4
14390,130113.4899,129367.4391,746.0508,0.0000,6.29249,151799.6
14391,130113.4899,129367.4391,746.0508,0.0000,6.29249,151810.0
14392,130113.4899,129367.4391,746.0508,0.0000,6.29249,151820.9
14393,130113.4899,129367.4391,746.0508,0.0000,6.29249,151831.4
14394,130113.4899,129367.4391,746.0508,0.0000,6.29249,151842.5
14395,130113.4899,129367.4391,746.0508,0.0000,6.29249,151854.0
14396,130113.4899,129367.4391,746.0508,0.0000,6.29249,151864.8
14397,130113.4899,129367.4391,746.0508,0.0000,6.29249,151875.8
14398,130113.4899,129367.4391,746.0508,0.0000,6.29249,151886.7
14399,130113.4899,129367.4391,746.0508,0.0000,6.29249,151897.6
14400,130113.4899,129367.4391,746.0508,0.0000,6.29249,151908.5
14401,130113.4899,129367.4391,746.0508,0.0000,6.29249,151919.6
14402,130113.4899,129367.4391,746.0508,0.0000,6.29249,151930.3
14403,130113.4899,129367.4391,746.0508,0.0185,6.31628,151940.7
14404,130113.4899,129367.4391,746.0508,0.0000,6.31628,151951.4
14405,130113.4899,129367.4391,746.0508,0.0000,6.31628,151962.4
14406,130113.4899,129367.4391,746.0508,0.0185,6.32678,151973.0
14407,130113.4899,129367.4391,746.0508,0.0000,6.32678,151983.5
14408,130113.4899,129367.4391,746.0508,0.0000,6.32678,151994.2
14409,130113.4899,129367.4391,746.0508,0.0000,6.32678,152005.0
14410,130113.4899,129367.4391,746.0508,0.0000,6.32678,152016.0
14411,130113.4899,129367.4391,746.0508,0.0000,6.32678,152027.0
14412,130113.4899,129367.4391,746.0508,0.0000,6.32678,152038.1
14413,130113.4899,129367.4391,746.0508,0.0000,6.32678,152048.8
14414,130113.4899,129367.4391,746.0508,0.0000,6.32678,152059.7
14415,130113.4899,129367.4391,746.0508,0.0000,6.32678,152070.5
14416,130113.4899,129367.4391,746.0508,0.0000,6.32678,152081.3
14417,130113.4899,129367.4391,746.0508,0.0000,6.32678,152092.0
14418,130113.4899,129367.4391,746.0508,0.0000,6.32678,152102.6
14419,130113.4899,129367.4391,746.0508,0.0000,6.32678,152113.3
14420,130113.4899,129367.4391,746.0508,0.0000,6.32678,152124.5
14421,130113.4899,129367.4391,746.0508,0.0000,6.32678,152135.4
14422,130113.4899,129367.4391,746.0508,0.0000,6.32678,152146.2
14423,130113.4899,129367.4391,746.0508,0.0000,6.32678,152157.0
14424,130113.4899,129367.4391,746.0508,0.0000,6.32678,152167.5
14425,130113.4899,129367.4391,746.0508,0.0000,6.32678,152178.2
14426,130113.4899,129367.4391,746.0508,0.0000,6.32678,152188.8
14427,130113.4899,129367.4391,746.0508,0.0000,6.32678,152199.6
14428,130113.4899,129367.4391,746.0508,0.0000,6.32678,152210.3
14429,130113.4899,129367.4391,746.0508,0.0000,6.32678,152221.1
14430,130113.4899,129367.4391,746.0508,0.0000,6.32678,152231.6
14431,130113.4899,129367.4391,746.0508,0.0000,6.32678,152242.9
14432,130113.4899,129367.4391,746.0508,0.0000,6.32678,152253.6
14433,130113.4899,129367.4391,746.0508,0.0000,6.32678,152264.7
14434,130113.4899,129367.4391,746.0508,0.0000,6.32678,152275.5
14435,130113.4899,129367.4391,746.0508,0.0000,6.32678,152285.9
14436,130113.4899,129367.4391,746.0508,0.0000,6.32678,152296.8
14437,130113.4899,129367.4391,746.0508,0.0000,6.32678,152307.7
14438,130113.4899,129367.4391,746.0508,0.0000,6.32678,152318.4
14439,130113.4899,129367.4391,746.0508,0.0000,6.32678,152329.4
14440,130113.4899,129367.4391,746.0508,0.0000,6.32678,152340.1
14441,130113.4899,129367.4391,746.0508,0.0000,6.32678,152351.2
14442,130113.4899,129367.4391,746.0508,0.0000,6.32678,152362.2
14443,130113.4899,129367.4391,746.0508,0.0000,6.32678,152372.9
14444,130113.4899,129367.4391,746.0508,0.0000,6.32678,152383.7
14445,130113.4899,129367.4391,746.0508,0.0000,6.32678,152394.5
14446,130113.4899,129367.4391,746.0508,0.0000,6.32678,152405.1
14447,130113.4899,129367.4391,746.0508,0.0000,6.32678,152415.9
14448,130113.4899,129367.4391,746.0508,0.0000,6.32678,152427.0
14449,130113.4899,129367.4391,746.0508,0.0000,6.32678,152438.0
14450,130113.4899,129367.4391,746.0508,0.0000,6.32678,152448.5
14451,130113.4899,129367.4391,746.0508,0.0000,6.32678,152459.5
14452,130113.4899,129367.4391,746.0508,0.0000,6.32678,152470.6
14453,130113.4899,129367.4391,746.0508,0.0000,6.32678,152481.6
14454,130113.4899,129367.4391,746.0508,0.0000,6.32678,152492.3
14455,130113.4899,129367.4391,746.0508,0.0000,6.32678,152502.8
14456,130113.4899,129367.4391,746.0508,0.0000,6.32678,152513.3
14457,130113.4899,129367.4391,746.0508,0.0000,6.32678,152524.3
14458,130113.4899,129367.4391,746.0508,0.0000,6.32678,152535.1
14459,130113.4899,129367.4391,746.0508,0.0000,6.32678,152545.5
14460,130113.4899,129367.4391,746.0508,0.0000,6.32678,152556.6
14461,130113.4899,129367.4391,746.0508,0.0000,6.32678,152567.4
14462,130113.4899,129367.4391,746.0508,0.0000,6.32678,152578.1
14463,130113.4899,129367.4391,746.0508,0.0000,6.32678,152589.1
14464,130113.4899,129367.4391,746.0508,0.0000,6.32678,152599.6
14465,130113.4899,129367.4391,746.0508,0.0000,6.32678,152610.6
14466,130113.4899,129367.4391,746.0508,0.0000,6.32678,152621.4
14467,130113.4899,129367.4391,746.0508,0.0000,6.32678,152632.0
14468,130113.4899,129367.4391,746.0508,0.0000,6.32678,152642.9
14469,130113.4899,129367.4391,746.0508,0.0000,6.32678,152653.7
14470,130113.4899,129367.4391,746.0508,0.0000,6.32678,152664.4
14471,130113.4899,129367.4391,746.0508,0.0000,6.32678,152675.2
14472,130113.4899,129367.4391,746.0508,0.0000,6.32678,152686.2
14473,130113.4899,129367.4391,746.0508,0.0185,6.35629,152697.0
14474,130113.4899,129367.4391,746.0508,0.0000,6.35629,152707.8
14475,130113.4899,129367.4391,746.0508,0.0185,6.35634,152719.0
14476,130113.4899,129367.4391,746.0508,0.0000,6.35634,152730.3
14477,130113.4899,129367.4391,746.0508,0.0000,6.35634,152740.8
14478,130113.4899,129367.4391,746.0508,0.0000,6.35634,152752.0
14479,130113.4899,129367.4391,746.0508,0.0000,6.35634,152763.0
14480,130113.4899,129367.4391,746.0508,0.0000,6.35634,152774.0
14481,130113.4899,129367.4391,746.0508,0.0000,6.35634,152784.7
14482,130113.4899,129367.4391,746.0508,0.0000,6.35634,152795.5
14483,130113.4899,129367.4391,746.0508,0.0000,6.35634,152806.3
14484,130113.4899,129367.4391,746.0508,0.0000,6.35634,152817.2
14485,130113.4899,129367.4391,746.0508,0.0000,6.35634,152827.8
14486,130113.4899,129367.4391,746.0508,0.0000,6.35634,152838.4
14487,130113.4899,129367.4391,746.0508,0.0000,6.35634,152849.1
14488,130113.4899,129367.4391,746.0508,0.0000,6.35634,152859.8
14489,130113.4899,129367.4391,746.0508,0.0000,6.35634,152870.4
14490,130113.4899,129367.4391,746.0508,0.0000,6.35634,152881.5
14491,130113.4899,129367.4391,746.0508,0.0000,6.35634,152892.4
14492,130113.4899,129367.4391,746.0508,0.0000,6.35634,152903.1
14493,130113.4899,129367.4391,746.0508,0.0000,6.35634,152914.5
14494,130113.4899,129367.4391,746.0508,0.0000,6.35634,152925.5
14495,130113.4899,129367.4391,746.0508,0.0000,6.35634,152936.2
14496,130113.4899,129367.4391,746.0508,0.0000,6.35634,152947.0
14497,130113.4899,129367.4391,746.0508,0.0000,6.35634,152957.7
14498,130113.4899,129367.4391,746.0508,0.0000,6.35634,152968.4
14499,130113.4899,129367.4391,746.0508,0.0000,6.35634,152979.1
14500,130113.4899,129367.4391,746.0508,0.0000,6.35634,152990.1
14501,130113.4899,129367.4391,746.0508,0.0000,6.35634,153001.1
14502,130113.4899,129367.4391,746.0508,0.0000,6.35634,153012.4
14503,130113.4899,129367.4391,746.0508,0.0000,6.35634,153023.5
14504,130113.4899,129367.4391,746.0508,0.0000,6.35634,153034.6
14505,130113.4899,129367.4391,746.0508,0.0000,6.35634,153045.4
14506,130113.4899,129367.4391,746.0508,0.0000,6.35634,153056.1
14507,130113.4899,129367.4391,746.0508,0.0000,6.35634,153066.8
14508,130113.4899,129367.4391,746.0508,0.0000,6.35634,153077.3
14509,130113.4899,129367.4391,746.0508,0.0000,6.35634,153088.1
14510,130113.4899,129367.4391,746.0508,0.0000,6.35634,153098.8
14511,130113.4899,129367.4391,746.0508,0.0000,6.35634,153109.8
14512,130113.4899,129367.4391,746.0508,0.0000,6.35634,153120.5
14513,130113.4899,129367.4391,746.0508,0.0000,6.35634,153130.8
14514,130113.4899,129367.4391,746.0508,0.0000,6.35634,153141.8
14515,130113.4899,129367.4391,746.0508,0.0000,6.35634,153152.5
14516,130113.4899,129367.4391,746.0508,0.0000,6.35634,153163.2
14517,130113.4899,129367.4391,746.0508,0.0000,6.35634,153174.1
14518,130113.4899,129367.4391,746.0508,0.0000,6.35634,153184.8
14519,130113.4899,129367.4391,746.0508,0.0000,6.35634,153195.9
14520,130113.4899,129367.4391,746.0508,0.0000,6.35634,153206.8
14521,130113.4899,129367.4391,746.0508,0.0000,6.35634,153218.2
14522,130113.4899,129367.4391,746.0508,0.0000,6.35634,153228.9
14523,130113.4899,129367.4391,746.0508,0.0000,6.35634,153239.4
14524,130113.4899,129367.4391,746.0508,0.0000,6.35634,153250.4
14525,130113.4899,129367.4391,746.0508,0.0000,6.35634,153261.6
14526,130113.4899,129367.4391,746.0508,0.0000,6.35634,153273.0
14527,130113.4899,129367.4391,746.0508,0.0000,6.35634,153284.1
14528,130113.4899,129367.4391,746.0508,0.0000,6.35634,153295.2
14529,130113.4899,129367.4391,746.0508,0.0000,6.35634,153305.8
14530,130113.4899,129367.4391,746.0508,0.0000,6.35634,153316.6
14531,130113.4899,129367.4391,746.0508,0.0000,6.35634,153327.8
14532,130113.4899,129367.4391,746.0508,0.0000,6.35634,153338.7
14533,130113.4899,129367.4391,746.0508,0.0000,6.35634,153349.5
14534,130113.4899,129367.4391,746.0508,0.0000,6.35634,153360.7
14535,130113.4899,129367.4391,746.0508,0.0000,6.35634,153371.5
14536,130113.4899,129367.4391,746.0508,0.0000,6.35634,153383.0
14537,130113.4899,129367.4391,746.0508,0.0000,6.35634,153393.8
14538,130113.4899,129367.4391,746.0508,0.0185,6.3833,153404.5
14539,130113.4899,129367.4391,746.0508,0.0000,6.3833,153415.5
14540,130113.4899,129367.4391,746.0508,0.0000,6.3833,153426.0
14541,130113.4899,129367.4391,746.0508,0.0000,6.3833,153436.9
14542,130113.4899,129367.4391,746.0508,0.0000,6.3833,153447.8
14543,130113.4899,129367.4391,746.0508,0.0000,6.3833,153458.7
14544,130113.4899,129367.4391,746.0508,0.0000,6.3833,153469.5
14545,130113.4899,129367.4391,746.0508,0.0000,6.3833,153480.5
14546,130113.4899,129367.4391,746.0508,0.0000,6.3833,153491.6
14547,130113.4899,129367.4391,746.0508,0.0000,6.3833,153502.7
14548,130113.4899,129367.4391,746.0508,0.0185,6.38608,153513.4
14549,130113.4899,129367.4391,746.0508,0.0000,6.38608,153524.4
14550,130113.4899,129367.4391,746.0508,0.0000,6.38608,153535.7
14551,130113.4899,129367.4391,746.0508,0.0000,6.38608,153546.8
14552,130113.4899,129367.4391,746.0508,0.0000,6.38608,153557.9
14553,130113.4899,129367.4391,746.0508,0.0000,6.38608,153568.5
14554,130113.4899,129367.4391,746.0508,0.0000,6.38608,153579.2
14555,130113.4899,129367.4391,746.0508,0.0000,6.38608,153589.8
14556,130113.4899,129367.4391,746.0508,0.0000,6.38608,153600.7
14557,130113.4899,129367.4391,746.0508,0.0000,6.38608,153611.5
14558,130113.4899,129367.4391,746.0508,0.0000,6.38608,153622.2
14559,130113.4899,129367.4391,746.0508,0.0000,6.38608,153632.8
14560,130113.4899,129367.4391,746.0508,0.0000,6.38608,153643.4
14561,130113.4899,129367.4391,746.0508,0.0000,6.38608,153654.1
14562,130113.4899,129367.4391,746.0508,0.0000,6.38608,153664.9
14563,130113.4899,129367.4391,746.0508,0.0000,6.38608,153675.6
14564,130113.4899,129367.4391,746.0508,0.0000,6.38608,153686.6
14565,130113.4899,129367.4391,746.0508,0.0000,6.38608,153697.5
14566,130113.4899,129367.4391,746.0508,0.0000,6.38608,153708.5
14567,130113.4899,129367.4391,746.0508,0.0000,6.38608,153719.2
14568,130113.4899,129367.4391,746.0508,0.0000,6.38608,153729.9
14569,130113.4899,129367.4391,746.0508,0.0000,6.38608,153740.7
14570,130113.4899,129367.4391,746.0508,0.0000,6.38608,153751.6
14571,130113.4899,129367.4391,746.0508,0.0000,6.38608,153762.4
14572,130113.4899,129367.4391,746.0508,0.0000,6.38608,153773.1
14573,130113.4899,129367.4391,746.0508,0.0000,6.38608,153784.1
14574,130113.4899,129367.4391,746.0508,0.0000,6.38608,153794.8
14575,130113.4899,129367.4391,746.0508,0.0000,6.38608,153806.0
14576,130113.4899,129367.4391,746.0508,0.0000,6.38608,153817.0
14577,130113.4899,129367.4391,746.0508,0.0000,6.38608,153828.2
14578,130113.4899,129367.4391,746.0508,0.0000,6.38608,153839.0
14579,130113.4899,129367.4391,746.0508,0.0000,6.38608,153850.2
14580,130113.4899,129367.4391,746.0508,0.0000,6.38608,153861.1
14581,130113.4899,129374.7881,738.7017,0.0185,6.36318,153871.7
14582,130113.4899,129374.7881,738.7017,0.0000,6.36318,153882.9
14583,130113.4899,129374.7881,738.7017,0.0000,6.36318,153894.1
14584,130113.4899,129374.7881,738.7017,0.0000,6.36318,153904.9
14585,130113.4899,129377.2430,736.2469,0.0185,6.38077,153915.6
14586,130113.4899,129377.2430,736.2469,0.0000,6.38077,153926.7
14587,130113.4899,129377.2430,736.2469,0.0000,6.38077,153937.2
14588,130113.4899,129377.2430,736.2469,0.0000,6.38077,153948.0
14589,130113.4899,129377.2430,736.2469,0.0000,6.38077,153958.5
14590,130113.4899,129377.2430,736.2469,0.0000,6.38077,153969.7
14591,130113.4899,129377.2430,736.2469,0.0000,6.38077,153980.5
14592,130113.4899,129377.2430,736.2469,0.0000,6.38077,153991.4
14593,130113.4899,129377.2430,736.2469,0.0000,6.38077,154002.3
14594,130113.4899,129377.2430,736.2469,0.0000,6.38077,154013.0
14595,130113.4899,129377.2430,736.2469,0.0000,6.38077,154023.5
14596,130113.4899,129377.2430,736.2469,0.0000,6.38077,154034.2
14597,130113.4899,129377.2430,736.2469,0.0000,6.38077,154045.1
14598,130113.4899,129377.2430,736.2469,0.0000,6.38077,154056.3
14599,130113.4899,129377.2430,736.2469,0.0000,6.38077,154068.1
14600,130113.4899,129377.2430,736.2469,0.0000,6.38077,154078.8
14601,130113.4899,129377.2430,736.2469,0.0000,6.38077,154089.9
14602,130113.4899,129377.2430,736.2469,0.0000,6.38077,154100.5
14603,130113.4899,129377.2430,736.2469,0.0000,6.38077,154111.2
14604,130113.4899,129377.2430,736.2469,0.0000,6.38077,154122.2
14605,130113.4899,129377.2430,736.2469,0.0000,6.38077,154133.0
14606,130113.4899,129377.2430,736.2469,0.0000,6.38077,154144.3
14607,130113.4899,129377.2430,736.2469,0.0000,6.38077,154155.1
14608,130113.4899,129377.2430,736.2469,0.0000,6.38077,154165.6
14609,130113.4899,129377.2430,736.2469,0.0000,6.38077,154176.9
14610,130113.4899,129377.2430,736.2469,0.0000,6.38077,154188.0
14611,130113.4899,129377.2430,736.2469,0.0000,6.38077,154199.3
14612,130113.4899,129377.2430,736.2469,0.0000,6.38077,154209.9
14613,130113.4899,129377.2430,736.2469,0.0000,6.38077,154220.9
14614,130113.4899,129377.2430,736.2469,0.0000,6.38077,154231.6
14615,130113.4899,129377.2430,736.2469,0.0000,6.38077,154242.8
14616,130113.4899,129377.2430,736.2469,0.0000,6.38077,154253.7
14617,130113.4899,129377.2430,736.2469,0.0000,6.38077,154265.0
14618,130113.4899,129377.2430,736.2469,0.0000,6.38077,154275.8
14619,130113.4899,129377.2430,736.2469,0.0000,6.38077,154286.5
14620,130113.4899,129377.2430,736.2469,0.0000,6.38077,154297.7
14621,130113.4899,129377.2430,736.2469,0.0000,6.38077,154308.6
14622,130113.4899,129377.2430,736.2469,0.0000,6.38077,154319.1
14623,130113.4899,129377.2430,736.2469,0.0000,6.38077,154330.1
14624,130113.4899,129377.2430,736.2469,0.0000,6.38077,154341.0
14625,130113.4899,129377.2430,736.2469,0.0000,6.38077,154352.0
14626,130113.4899,129377.2430,736.2469,0.0000,6.38077,154362.9
14627,130113.4899,129377.2430,736.2469,0.0000,6.38077,154373.7
14628,130113.4899,129377.2430,736.2469,0.0000,6.38077,154384.5
14629,130113.4899,129377.2430,736.2469,0.0000,6.38077,154395.0
14630,130113.4899,129377.2430,736.2469,0.0000,6.38077,154405.8
14631,130113.4899,129377.2430,736.2469,0.0000,6.38077,154417.0
14632,130113.4899,129377.2430,736.2469,0.0000,6.38077,154427.8
14633,130113.4899,129377.2430,736.2469,0.0000,6.38077,154438.5
14634,130113.4899,129377.2430,736.2469,0.0000,6.38077,154449.7
14635,130113.4899,129377.2430,736.2469,0.0000,6.38077,154460.8
14636,130113.4899,129377.2430,736.2469,0.0000,6.38077,154472.0
14637,130113.4899,129377.2430,736.2469,0.0000,6.38077,154483.0
14638,130113.4899,129377.2430,736.2469,0.0000,6.38077,154494.0
14639,130113.4899,129377.2430,736.2469,0.0000,6.38077,154505.3
14640,130113.4899,129377.2430,736.2469,0.0000,6.38077,154515.9
14641,130113.4899,129377.2430,736.2469,0.0000,6.38077,154527.1
14642,130113.4899,129377.2430,736.2469,0.0000,6.38077,154538.0
14643,130113.4899,129377.2430,736.2469,0.0000,6.38077,154548.5
14644,130113.4899,129377.2430,736.2469,0.0000,6.38077,154559.0
14645,130113.4899,129377.2430,736.2469,0.0000,6.38077,154569.6
14646,130113.4899,129377.2430,736.2469,0.0000,6.38077,154580.5
14647,130113.4899,129377.2430,736.2469,0.0000,6.38077,154591.4
14648,130113.4899,129377.2430,736.2469,0.0000,6.38077,154602.3
14649,130113.4899,129377.2430,736.2469,0.0000,6.38077,154613.3
14650,130113.4899,129377.2430,736.2469,0.0000,6.38077,154624.4
14651,130113.4899,129377.2430,736.2469,0.0000,6.38077,154635.4
14652,130113.4899,129377.2430,736.2469,0.0000,6.38077,154646.2
14653,130113.4899,129377.2430,736.2469,0.0000,6.38077,154656.8
14654,130113.4899,129377.2430,736.2469,0.0000,6.38077,154667.6
14655,130113.4899,129377.2430,736.2469,0.0000,6.38077,154678.1
14656,130113.4899,129377.2430,736.2469,0.0000,6.38077,154689.2
14657,130113.4899,129377.2430,736.2469,0.0000,6.38077,154700.4
14658,130113.4899,129377.2430,736.2469,0.0000,6.38077,154711.0
14659,130113.4899,129377.2430,736.2469,0.0000,6.38077,154721.4
14660,130113.4899,129377.2430,736.2469,0.0185,6.37394,154732.5
14661,130113.4899,129377.2430,736.2469,0.0000,6.37394,154743.0
14662,130113.4899,129377.2430,736.2469,0.0000,6.37394,154753.7
14663,130113.4899,129377.2430,736.2469,0.0000,6.37394,154764.4
14664,130113.4899,129377.2430,736.2469,0.0000,6.37394,154775.2
14665,130113.4899,129377.2430,736.2469,0.0185,6.39956,154786.1
14666,130113.4899,129377.2430,736.2469,0.0000,6.39956,154796.8
14667,130113.4899,129377.2430,736.2469,0.0000,6.39956,154807.4
14668,130113.4899,129377.2430,736.2469,0.0000,6.39956,154818.4
14669,130113.4899,129377.2430,736.2469,0.0000,6.39956,154828.9
14670,130113.4899,129377.2430,736.2469,0.0000,6.39956,154839.6
14671,130113.4899,129377.2430,736.2469,0.0000,6.39956,154850.3
14672,130113.4899,129377.2430,736.2469,0.0000,6.39956,154860.7
14673,130113.4899,129377.2430,736.2469,0.0000,6.39956,154871.1
14674,130113.4899,129377.2430,736.2469,0.0000,6.39956,154881.9
14675,130113.4899,129377.2430,736.2469,0.0000,6.39956,154892.5
14676,130113.4899,129377.2430,736.2469,0.0185,6.41572,154903.3
14677,130113.4899,129377.2430,736.2469,0.0000,6.41572,154913.9
14678,130113.4899,129377.2430,736.2469,0.0000,6.41572,154925.1
14679,130113.4899,129377.2430,736.2469,0.0000,6.41572,154936.0
14680,130113.4899,129377.2430,736.2469,0.0000,6.41572,154946.5
14681,130113.4899,129377.2430,736.2469,0.0185,6.42898,154957.5
14682,130113.4899,129377.2430,736.2469,0.0000,6.42898,154968.3
14683,130113.4899,129377.2430,736.2469,0.0000,6.42898,154979.0
14684,130113.4899,129377.2430,736.2469,0.0000,6.42898,154989.7
14685,130113.4899,129377.2430,736.2469,0.0000,6.42898,155000.6
14686,130113.4899,129377.2430,736.2469,0.0000,6.42898,155011.3
14687,130113.4899,129377.2430,736.2469,0.0000,6.42898,155022.2
14688,130113.4899,129377.2430,736.2469,0.0000,6.42898,155033.1
14689,130113.4899,129377.2430,736.2469,0.0000,6.42898,155044.2
14690,130113.4899,129377.2430,736.2469,0.0000,6.42898,155055.2
14691,130113.4899,129377.2430,736.2469,0.0000,6.42898,155066.8
14692,130113.4899,129377.2430,736.2469,0.0000,6.42898,155077.4
14693,130113.4899,129377.2430,736.2469,0.0000,6.42898,155088.4
14694,130113.4899,129377.2430,736.2469,0.0000,6.42898,155099.4
14695,130113.4899,129377.2430,736.2469,0.0000,6.42898,155110.2
14696,130113.4899,129377.2430,736.2469,0.0000,6.42898,155120.8
14697,130113.4899,129377.2430,736.2469,0.0000,6.42898,155131.7
14698,130113.4899,129377.2430,736.2469,0.0000,6.42898,155142.9
14699,130113.4899,129377.2430,736.2469,0.0000,6.42898,155153.7
14700,130113.4899,129377.2430,736.2469,0.0000,6.42898,155164.3
14701,130113.4899,129377.2430,736.2469,0.0000,6.42898,155175.1
14702,130113.4899,129377.2430,736.2469,0.0000,6.42898,155186.0
14703,130113.4899,129377.2430,736.2469,0.0000,6.42898,155197.2
14704,130113.4899,129377.2430,736.2469,0.0000,6.42898,155208.3
14705,130113.4899,129377.2430,736.2469,0.0000,6.42898,155219.1
14706,130113.4899,129377.2430,736.2469,0.0000,6.42898,155229.9
14707,130113.4899,129377.2430,736.2469,0.0000,6.42898,155240.9
14708,130113.4899,129377.2430,736.2469,0.0000,6.42898,155251.8
14709,130113.4899,129377.2430,736.2469,0.0000,6.42898,155262.5
14710,130113.4899,129377.2430,736.2469,0.0000,6.42898,155273.0
14711,130113.4899,129377.2430,736.2469,0.0000,6.42898,155283.7
14712,130113.4899,129377.2430,736.2469,0.0000,6.42898,155294.9
14713,130113.4899,129377.2430,736.2469,0.0000,6.42898,155305.6
14714,130113.4899,129377.2430,736.2469,0.0000,6.42898,155316.6
14715,130113.4899,129377.2430,736.2469,0.0000,6.42898,155327.4
14716,130113.4899,129377.2430,736.2469,0.0000,6.42898,155338.1
14717,130113.4899,129377.2430,736.2469,0.0000,6.42898,155349.0
14718,130113.4899,129377.2430,736.2469,0.0000,6.42898,155359.7
14719,130113.4899,129377.2430,736.2469,0.0000,6.42898,155371.0
14720,130113.4899,129377.2430,736.2469,0.0000,6.42898,155381.6
14721,130113.4899,129377.2430,736.2469,0.0000,6.42898,155392.5
14722,130113.4899,129377.2430,736.2469,0.0000,6.42898,155403.6
14723,130113.4899,129377.2430,736.2469,0.0000,6.42898,155414.3
14724,130113.4899,129377.2430,736.2469,0.0000,6.42898,155425.0
14725,130113.4899,129377.2430,736.2469,0.0000,6.42898,155435.9
14726,130113.4899,129377.2430,736.2469,0.0000,6.42898,155447.0
14727,130113.4899,129377.2430,736.2469,0.0000,6.42898,155457.7
14728,130113.4899,129377.2430,736.2469,0.0000,6.42898,155468.9
14729,130113.4899,129377.2430,736.2469,0.0000,6.42898,155479.6
14730,130113.4899,129377.2430,736.2469,0.0185,6.45537,155490.4
14731,130113.4899,129377.2430,736.2469,0.0000,6.45537,155501.8
14732,130113.4899,129377.2430,736.2469,0.0000,6.45537,155512.8
14733,130113.4899,129377.2430,736.2469,0.0000,6.45537,155524.0
14734,130113.4899,129377.2430,736.2469,0.0000,6.45537,155535.2
14735,130113.4899,129377.2430,736.2469,0.0000,6.45537,155545.6
14736,130113.4899,129377.2430,736.2469,0.0000,6.45537,155556.5
14737,130113.4899,129377.2430,736.2469,0.0000,6.45537,155567.4
14738,130113.4899,129377.2430,736.2469,0.0000,6.45537,155577.6
14739,130113.4899,129377.2430,736.2469,0.0000,6.45537,155588.0
14740,130113.4899,129377.2430,736.2469,0.0000,6.45537,155599.2
14741,130113.4899,129377.2430,736.2469,0.0000,6.45537,155610.2
14742,130113.4899,129377.2430,736.2469,0.0000,6.45537,155621.2
14743,130113.4899,129377.2430,736.2469,0.0000,6.45537,155631.9
14744,130113.4899,129377.2430,736.2469,0.0000,6.45537,155642.5
14745,130113.4899,129377.2430,736.2469,0.0000,6.45537,155653.0
14746,130113.4899,129377.2430,736.2469,0.0000,6.45537,155663.9
14747,130113.4899,129377.2430,736.2469,0.0000,6.45537,155674.7
14748,130113.4899,129377.2430,736.2469,0.0000,6.45537,155686.1
14749,130113.4899,129377.2430,736.2469,0.0000,6.45537,155696.9
14750,130113.4899,129377.2430,736.2469,0.0185,6.46389,155708.3
14751,130113.4899,129377.2430,736.2469,0.0000,6.46389,155719.7
14752,130113.4899,129377.2430,736.2469,0.0000,6.46389,155730.7
14753,130113.4899,129377.2430,736.2469,0.0000,6.46389,155741.7
14754,130113.4899,129377.2430,736.2469,0.0000,6.46389,155752.8
14755,130113.4899,129377.2430,736.2469,0.0000,6.46389,155763.7
14756,130113.4899,129377.2430,736.2469,0.0000,6.46389,155774.5
14757,130113.4899,129377.2430,736.2469,0.0000,6.46389,155785.5
14758,130113.4899,129377.2430,736.2469,0.0000,6.46389,155795.8
14759,130113.4899,129377.2430,736.2469,0.0000,6.46389,155807.0
14760,130113.4899,129377.2430,736.2469,0.0000,6.46389,155818.2
14761,130113.4899,129377.2430,736.2469,0.0185,6.4618,155828.9
14762,130113.4899,129377.2430,736.2469,0.0000,6.4618,155840.1
14763,130113.4899,129377.2430,736.2469,0.0000,6.4618,155850.8
14764,130113.4899,129377.2430,736.2469,0.0000,6.4618,155861.8
14765,130113.4899,129377.2430,736.2469,0.0000,6.4618,155872.6
14766,130113.4899,129377.2430,736.2469,0.0000,6.4618,155883.6
14767,130113.4899,129377.2430,736.2469,0.0000,6.4618,155894.7
14768,130113.4899,129377.2430,736.2469,0.0000,6.4618,155905.4
14769,130113.4899,129377.2430,736.2469,0.0000,6.4618,155916.3
14770,130113.4899,129377.2430,736.2469,0.0000,6.4618,155927.2
14771,130113.4899,129377.2430,736.2469,0.0000,6.4618,155937.8
14772,130113.4899,129377.2430,736.2469,0.0000,6.4618,155948.4
14773,130113.4899,129377.2430,736.2469,0.0000,6.4618,155959.5
14774,130113.4899,129377.2430,736.2469,0.0000,6.4618,155970.0
14775,130113.4899,129377.2430,736.2469,0.0000,6.4618,155981.0
14776,130113.4899,129377.2430,736.2469,0.0000,6.4618,155992.1
14777,130113.4899,129377.2430,736.2469,0.0000,6.4618,156003.0
14778,130113.4899,129377.2430,736.2469,0.0000,6.4618,156013.7
14779,130113.4899,129377.2430,736.2469,0.0000,6.4618,156024.3
14780,130113.4899,129377.2430,736.2469,0.0000,6.4618,156035.2
14781,130113.4899,129377.2430,736.2469,0.0000,6.4618,156046.0
14782,130113.4899,129377.2430,736.2469,0.0000,6.4618,156056.9
14783,130113.4899,129377.2430,736.2469,0.0000,6.4618,156067.8
14784,130113.4899,129377.2430,736.2469,0.0000,6.4618,156078.4
14785,130113.4899,129377.2430,736.2469,0.0000,6.4618,156089.5
14786,130113.4899,129377.2430,736.2469,0.0000,6.4618,156100.4
14787,130113.4899,129377.2430,736.2469,0.0000,6.4618,156111.3
14788,130113.4899,129377.2430,736.2469,0.0000,6.4618,156122.5
14789,130113.4899,129377.2430,736.2469,0.0000,6.4618,156133.7
14790,130113.4899,129377.2430,736.2469,0.0000,6.4618,156144.7
14791,130113.4899,129377.2430,736.2469,0.0000,6.4618,156155.5
14792,130113.4899,129377.2430,736.2469,0.0000,6.4618,156166.5
14793,130113.4899,129377.2430,736.2469,0.0000,6.4618,156177.2
14794,130113.4899,129377.2430,736.2469,0.0000,6.4618,156188.0
14795,130113.4899,129377.2430,736.2469,0.0000,6.4618,156199.1
14796,130113.4899,129377.2430,736.2469,0.0000,6.4618,156209.6
14797,130113.4899,129377.2430,736.2469,0.0000,6.4618,156220.3
14798,130113.4899,129377.2430,736.2469,0.0000,6.4618,156231.5
14799,130113.4899,129377.2430,736.2469,0.0000,6.4618,156242.3
14800,130113.4899,129377.2430,736.2469,0.0000,6.4618,156253.5
14801,130113.4899,129377.2430,736.2469,0.0000,6.4618,156264.3
14802,130113.4899,129377.2430,736.2469,0.0000,6.4618,156275.3
14803,130113.4899,129377.2430,736.2469,0.0000,6.4618,156286.3
14804,130113.4899,129377.2430,736.2469,0.0000,6.4618,156297.1
14805,130113.4899,129377.2430,736.2469,0.0000,6.4618,156308.5
14806,130113.4899,129377.2430,736.2469,0.0185,6.51222,156319.3
14807,130113.4899,129377.2430,736.2469,0.0000,6.51222,156330.1
14808,130113.4899,129377.2430,736.2469,0.0000,6.51222,156341.0
14809,130113.4899,129377.2430,736.2469,0.0000,6.51222,156352.3
14810,130113.4899,129377.2430,736.2469,0.0000,6.51222,156362.9
14811,130113.4899,129377.2430,736.2469,0.0000,6.51222,156374.0
14812,130113.4899,129377.2430,736.2469,0.0000,6.51222,156384.8
14813,130113.4899,129377.2430,736.2469,0.0000,6.51222,156396.0
14814,130113.4899,129377.2430,736.2469,0.0000,6.51222,156406.6
14815,130113.4899,129377.2430,736.2469,0.0000,6.51222,156417.6
14816,130113.4899,129377.2430,736.2469,0.0000,6.51222,156428.3
14817,130113.4899,129377.2430,736.2469,0.0000,6.51222,156439.2
14818,130113.4899,129377.2430,736.2469,0.0000,6.51222,156450.1
14819,130113.4899,129377.2430,736.2469,0.0000,6.51222,156460.8
14820,130113.4899,129377.2430,736.2469,0.0000,6.51222,156471.7
14821,130113.4899,129377.2430,736.2469,0.0000,6.51222,156482.4
14822,130113.4899,129377.2430,736.2469,0.0000,6.51222,156493.6
14823,130113.4899,129377.2430,736.2469,0.0000,6.51222,156504.7
14824,130113.4899,129377.2430,736.2469,0.0000,6.51222,156515.2
14825,130113.4899,129377.2430,736.2469,0.0000,6.51222,156526.2
14826,130113.4899,129377.2430,736.2469,0.0000,6.51222,156536.7
14827,130113.4899,129377.2430,736.2469,0.0000,6.51222,156547.6
14828,130113.4899,129377.2430,736.2469,0.0000,6.51222,156558.7
14829,130113.4899,129377.2430,736.2469,0.0000,6.51222,156569.7
14830,130113.4899,129377.2430,736.2469,0.0000,6.51222,156580.3
14831,130113.4899,129377.2430,736.2469,0.0000,6.51222,156591.1
14832,130113.4899,129377.2430,736.2469,0.0000,6.51222,156601.9
14833,130113.4899,129377.2430,736.2469,0.0000,6.51222,156612.7
14834,130113.4899,129377.2430,736.2469,0.0000,6.51222,156623.5
14835,130113.4899,129377.2430,736.2469,0.0000,6.51222,156634.3
14836,130113.4899,129377.2430,736.2469,0.0000,6.51222,156645.1
14837,130113.4899,129377.2430,736.2469,0.0000,6.51222,156657.0
14838,130113.4899,129377.2430,736.2469,0.0000,6.51222,156667.9
14839,130113.4899,129377.2430,736.2469,0.0000,6.51222,156679.1
14840,130113.4899,129377.2430,736.2469,0.0000,6.51222,156690.4
14841,130113.4899,129377.2430,736.2469,0.0185,6.51504,156701.1
14842,130113.4899,129377.2430,736.2469,0.0000,6.51504,156711.6
14843,130113.4899,129377.2430,736.2469,0.0000,6.51504,156722.7
14844,130113.4899,129377.2430,736.2469,0.0000,6.51504,156733.3
14845,130113.4899,129377.2430,736.2469,0.0000,6.51504,156744.4
14846,130113.4899,129377.2430,736.2469,0.0000,6.51504,156755.6
14847,130113.4899,129377.2430,736.2469,0.0000,6.51504,156766.3
14848,130113.4899,129377.2430,736.2469,0.0000,6.51504,156777.3
14849,130113.4899,129377.2430,736.2469,0.0000,6.51504,156788.2
14850,130113.4899,129377.2430,736.2469,0.0000,6.51504,156798.7
14851,130113.4899,129377.2430,736.2469,0.0000,6.51504,156809.9
14852,130113.4899,129377.2430,736.2469,0.0185,6.51046,156820.9
14853,130113.4899,129377.2430,736.2469,0.0000,6.51046,156831.7
14854,130113.4899,129377.2430,736.2469,0.0000,6.51046,156842.5
14855,130113.4899,129377.2430,736.2469,0.0000,6.51046,156853.3
14856,130113.4899,129377.2430,736.2469,0.0000,6.51046,156863.9
14857,130113.4899,129377.2430,736.2469,0.0000,6.51046,156875.0
14858,130113.4899,129377.2430,736.2469,0.0000,6.51046,156885.4
14859,130113.4899,129377.2430,736.2469,0.0000,6.51046,156896.5
14860,130113.4899,129377.2430,736.2469,0.0000,6.51046,156907.5
14861,130113.4899,129377.2430,736.2469,0.0000,6.51046,156918.4
14862,130113.4899,129377.2430,736.2469,0.0000,6.51046,156929.1
14863,130113.4899,129377.2430,736.2469,0.0000,6.51046,156940.1
14864,130113.4899,129377.2430,736.2469,0.0000,6.51046,156951.0
14865,130113.4899,129377.2430,736.2469,0.0000,6.51046,156961.8
14866,130113.4899,129377.2430,736.2469,0.0000,6.51046,156972.8
14867,130113.4899,129377.2430,736.2469,0.0000,6.51046,156983.8
14868,130113.4899,129377.2430,736.2469,0.0000,6.51046,156994.5
14869,130113.4899,129377.2430,736.2469,0.0000,6.51046,157005.0
14870,130113.4899,129377.2430,736.2469,0.0000,6.51046,157015.5
14871,130113.4899,129377.2430,736.2469,0.0000,6.51046,157026.3
14872,130113.4899,129377.2430,736.2469,0.0000,6.51046,157037.1
14873,130113.4899,129377.2430,736.2469,0.0000,6.51046,157047.7
14874,130113.4899,129377.2430,736.2469,0.0000,6.51046,157058.2
14875,130113.4899,129377.2430,736.2469,0.0000,6.51046,157069.2
14876,130113.4899,129377.2430,736.2469,0.0000,6.51046,157080.0
14877,130113.4899,129377.2430,736.2469,0.0000,6.51046,157091.0
14878,130113.4899,129377.2430,736.2469,0.0000,6.51046,157101.7
14879,130113.4899,129377.2430,736.2469,0.0000,6.51046,157112.6
14880,130113.4899,129377.2430,736.2469,0.0000,6.51046,157123.5
14881,130113.4899,129377.2430,736.2469,0.0000,6.51046,157134.4
14882,130113.4899,129377.2430,736.2469,0.0000,6.51046,157145.3
14883,130113.4899,129377.2430,736.2469,0.0000,6.51046,157156.1
14884,130113.4899,129377.2430,736.2469,0.0000,6.51046,157166.9
14885,130113.4899,129377.2430,736.2469,0.0000,6.51046,157177.7
14886,130113.4899,129377.2430,736.2469,0.0000,6.51046,157188.1
14887,130113.4899,129377.2430,736.2469,0.0000,6.51046,157198.7
14888,130113.4899,129377.2430,736.2469,0.0000,6.51046,157210.0
14889,130113.4899,129377.2430,736.2469,0.0000,6.51046,157221.1
14890,130113.4899,129377.2430,736.2469,0.0185,6.50964,157232.0
14891,130113.4899,129377.2430,736.2469,0.0000,6.50964,157242.8
14892,130113.4899,129377.2430,736.2469,0.0000,6.50964,157253.4
14893,130113.4899,129377.2430,736.2469,0.0000,6.50964,157264.8
14894,130113.4899,129377.2430,736.2469,0.0000,6.50964,157275.6
14895,130113.4899,129377.2430,736.2469,0.0000,6.50964,157286.6
14896,130113.4899,129377.2430,736.2469,0.0000,6.50964,157297.2
14897,130113.4899,129377.2430,736.2469,0.0000,6.50964,157307.7
14898,130113.4899,129377.2430,736.2469,0.0000,6.50964,157318.3
14899,130113.4899,129377.2430,736.2469,0.0000,6.50964,157328.8
14900,130113.4899,129377.2430,736.2469,0.0000,6.50964,157339.2
14901,130113.4899,129377.2430,736.2469,0.0000,6.50964,157349.9
14902,130113.4899,129377.2430,736.2469,0.0000,6.50964,157360.8
14903,130113.4899,129377.2430,736.2469,0.0000,6.50964,157371.5
14904,130113.4899,129377.2430,736.2469,0.0185,6.51876,157382.6
14905,130113.4899,129377.2430,736.2469,0.0000,6.51876,157393.5
14906,130113.4899,129377.2430,736.2469,0.0000,6.51876,157404.8
14907,130113.4899,129377.2430,736.2469,0.0000,6.51876,157415.4
14908,130113.4899,129377.2430,736.2469,0.0000,6.51876,157426.2
14909,130113.4899,129377.2430,736.2469,0.0000,6.51876,157437.0
14910,130113.4899,129377.2430,736.2469,0.0000,6.51876,157448.0
14911,130113.4899,129377.2430,736.2469,0.0000,6.51876,157458.7
14912,130113.4899,129377.2430,736.2469,0.0000,6.51876,157469.8
14913,130113.4899,129377.2430,736.2469,0.0000,6.51876,157480.7
14914,130113.4899,129377.2430,736.2469,0.0000,6.51876,157491.5
14915,130113.4899,129377.2430,736.2469,0.0000,6.51876,157502.0
14916,130113.4899,129377.2430,736.2469,0.0000,6.51876,157512.7
14917,130113.4899,129377.2430,736.2469,0.0000,6.51876,157523.4
14918,130113.4899,129377.2430,736.2469,0.0000,6.51876,157534.0
14919,130113.4899,129377.2430,736.2469,0.0000,6.51876,157544.2
14920,130113.4899,129377.2430,736.2469,0.0000,6.51876,157555.4
14921,130113.4899,129377.2430,736.2469,0.0000,6.51876,157566.5
14922,130113.4899,129377.2430,736.2469,0.0000,6.51876,157577.0
14923,130113.4899,129377.2430,736.2469,0.0000,6.51876,157587.4
14924,130113.4899,129377.2430,736.2469,0.0000,6.51876,157598.5
14925,130113.4899,129377.2430,736.2469,0.0000,6.51876,157609.6
14926,130113.4899,129377.2430,736.2469,0.0000,6.51876,157620.3
14927,130113.4899,129377.2430,736.2469,0.0000,6.51876,157631.0
14928,130113.4899,129377.2430,736.2469,0.0185,6.63437,157641.7
14929,130113.4899,129377.2430,736.2469,0.0000,6.63437,157652.4
14930,130113.4899,129377.2430,736.2469,0.0000,6.63437,157663.4
14931,130113.4899,129377.2430,736.2469,0.0000,6.63437,157674.2
14932,130113.4899,129377.2430,736.2469,0.0000,6.63437,157685.3
14933,130113.4899,129377.2430,736.2469,0.0185,6.64463,157696.2
14934,130113.4899,129377.2430,736.2469,0.0000,6.64463,157707.2
14935,130113.4899,129377.2430,736.2469,0.0000,6.64463,157718.1
14936,130113.4899,129377.2430,736.2469,0.0000,6.64463,157729.3
14937,130113.4899,129377.2430,736.2469,0.0000,6.64463,157740.1
14938,130113.4899,129377.2430,736.2469,0.0000,6.64463,157751.6
14939,130113.4899,129377.2430,736.2469,0.0000,6.64463,157762.4
14940,130113.4899,129377.2430,736.2469,0.0000,6.64463,157773.5
14941,130113.4899,129377.2430,736.2469,0.0000,6.64463,157784.1
14942,130113.4899,129377.2430,736.2469,0.0000,6.64463,157795.1
14943,130113.4899,129377.2430,736.2469,0.0000,6.64463,157805.9
14944,130113.4899,129377.2430,736.2469,0.0000,6.64463,157816.5
14945,130113.4899,129377.2430,736.2469,0.0000,6.64463,157827.6
14946,130113.4899,129377.2430,736.2469,0.0000,6.64463,157838.1
14947,130113.4899,129377.2430,736.2469,0.0000,6.64463,157849.0
14948,130113.4899,129377.2430,736.2469,0.0000,6.64463,157859.8
14949,130113.4899,129377.2430,736.2469,0.0000,6.64463,157870.6
14950,130113.4899,129377.2430,736.2469,0.0000,6.64463,157881.2
14951,130113.4899,129377.2430,736.2469,0.0000,6.64463,157892.0
14952,130113.4899,129377.2430,736.2469,0.0000,6.64463,157903.1
14953,130113.4899,129377.2430,736.2469,0.0000,6.64463,157913.9
14954,130113.4899,129377.2430,736.2469,0.0000,6.64463,157925.5
14955,130113.4899,129377.2430,736.2469,0.0000,6.64463,157936.2
14956,130113.4899,129377.2430,736.2469,0.0000,6.64463,157946.5
14957,130113.4899,129377.2430,736.2469,0.0000,6.64463,157957.2
14958,130113.4899,129377.2430,736.2469,0.0000,6.64463,157968.4
14959,130113.4899,129377.2430,736.2469,0.0000,6.64463,157979.2
14960,130113.4899,129377.2430,736.2469,0.0000,6.64463,157990.1
14961,130113.4899,129377.2430,736.2469,0.0000,6.64463,158000.8
14962,130113.4899,129379.1906,734.2993,0.0185,6.67224,158011.5
14963,130113.4899,129379.1906,734.2993,0.0000,6.67224,158022.1
14964,130113.4899,129379.1906,734.2993,0.0185,6.65828,158033.1
14965,130113.4899,129379.1906,734.2993,0.0000,6.65828,158043.6
14966,130113.4899,129379.1906,734.2993,0.0000,6.65828,158054.7
14967,130113.4899,129379.1906,734.2993,0.0000,6.65828,158065.7
14968,130113.4899,129379.1906,734.2993,0.0000,6.65828,158076.6
14969,130113.4899,129379.1906,734.2993,0.0000,6.65828,158087.9
14970,130113.4899,129379.1906,734.2993,0.0000,6.65828,158098.7
14971,130113.4899,129379.1906,734.2993,0.0000,6.65828,158109.4
14972,130113.4899,129379.1906,734.2993,0.0000,6.65828,158120.2
14973,130113.4899,129379.1906,734.2993,0.0000,6.65828,158131.1
14974,130113.4899,129379.1906,734.2993,0.0000,6.65828,158141.7
14975,130113.4899,129379.1906,734.2993,0.0000,6.65828,158152.8
14976,130113.4899,129379.1906,734.2993,0.0000,6.65828,158163.8
14977,130113.4899,129379.1906,734.2993,0.0000,6.65828,158174.9
14978,130113.4899,129379.1906,734.2993,0.0000,6.65828,158185.4
14979,130113.4899,129379.1906,734.2993,0.0000,6.65828,158196.0
14980,130113.4899,129379.1906,734.2993,0.0000,6.65828,158206.8
14981,130113.4899,129379.1906,734.2993,0.0000,6.65828,158217.1
14982,130113.4899,129380.2780,733.2119,0.0185,6.66692,158227.7
14983,130113.4899,129380.2780,733.2119,0.0000,6.66692,158238.4
14984,130113.4899,129380.2780,733.2119,0.0000,6.66692,158249.8
14985,130113.4899,129380.2780,733.2119,0.0000,6.66692,158260.6
14986,130113.4899,129380.2780,733.2119,0.0000,6.66692,158271.8
14987,130113.4899,129380.2780,733.2119,0.0000,6.66692,158282.7
14988,130113.4899,129380.2780,733.2119,0.0000,6.66692,158293.4
14989,130113.4899,129380.2780,733.2119,0.0000,6.66692,158304.0
14990,130113.4899,129380.2780,733.2119,0.0000,6.66692,158314.7
14991,130113.4899,129380.2780,733.2119,0.0000,6.66692,158325.7
14992,130113.4899,129380.2780,733.2119,0.0000,6.66692,158336.6
14993,130113.4899,129380.2780,733.2119,0.0000,6.66692,158347.1
14994,130113.4899,129380.2780,733.2119,0.0000,6.66692,158357.5
14995,130113.4899,129380.2780,733.2119,0.0000,6.66692,158368.6
14996,130113.4899,129380.2780,733.2119,0.0000,6.66692,158379.5
14997,130113.4899,129380.2780,733.2119,0.0000,6.66692,158390.3
14998,130113.4899,129380.2780,733.2119,0.0000,6.66692,158400.9
14999,130113.4899,129380.2780,733.2119,0.0000,6.66692,158411.6
15000,130113.4899,129380.2780,733.2119,0.0000,6.66692,158422.4
