{
  "fits": [
    {
      "parameters": {
        "t_0": 2458554.8942479477,
        "u_0": 0.14297468021568843,
        "t_E": 18.170375381657287,
        "s": 0.9787522244966123,
        "alpha": -52.15111097728343,
        "rho": 0.005383637054018747,
        "q": 0.0011057682760074801
      },
      "sigmas": {
        "t_0": 0.020027119433507323,
        "u_0": 0.003767232890661512,
        "t_E": 0.31212458712283286,
        "log_rho": 1.5291088368072279,
        "log_s": 0.0007013184265513856,
        "log_q": 0.011216061632755903,
        "alpha": 0.5472813114829904
      }
    },
    {
      "parameters": {
        "t_0": 2458554.87715006,
        "u_0": 0.13554065909076227,
        "t_E": 18.706477356717777,
        "s": 0.8537343113508357,
        "alpha": -51.34370652476003,
        "rho": 1.838858150677374e-07,
        "q": 0.0010699972272902956
      },
      "sigmas": {
        "t_0": 0.0009431564249098301,
        "u_0": 0.0002466495065637925,
        "t_E": 0.023827167703345253,
        "log_rho": 2.341018989439989,
        "log_s": 0.00010846891176499729,
        "log_q": 0.0017649750743551351,
        "alpha": 0.02367499450877375
      }
    }
  ],
  "errfacs": {},
  "mag_methods": [
    2458535.660763293,
    "point_source",
    2458553.485638,
    "hexadecapole",
    2458555.191993,
    "VBBL",
    2458558.604703,
    "hexadecapole",
    2458560.3110579997,
    "point_source",
    2458573.9869036176
  ]
}